Debate_ID,ISBN-13,Title,Annotation_Type,Consensus_Path,Support_Count,Models_For,Filtered_Tags
9780060269364__genre__Fiction / Literary Fiction / Short Form Literary Fiction / Short Fiction,9780060269364,Early sorrow,Genre,Fiction / Literary Fiction / Short Form Literary Fiction / Short Fiction,3,"[""qwen_groq"", ""gpt_oss_groq"", ""gpt_oss_20b""]","[""Short stories"", ""Fiction"", ""Literature & Fiction"", ""Short stories, American."", ""Short stories, English."", ""Youth -- Fiction."", ""Youth -- Social life and customs -- Fiction."", ""Teen & Young Adult"", ""English Short stories""]"
9780060269364__metadata__Audience / Age_Group / Young_Adult / Young Adult Audience,9780060269364,Early sorrow,Metadata,Audience / Age_Group / Young_Adult / Young Adult Audience,3,"[""qwen_groq"", ""gpt_oss_groq"", ""gpt_oss_20b""]","[""Short stories"", ""Fiction"", ""Literature & Fiction"", ""Short stories, American."", ""Short stories, English."", ""Youth -- Fiction."", ""Youth -- Social life and customs -- Fiction."", ""Teen & Young Adult"", ""English Short stories""]"
9780060269364__metadata__Book_Format_and_Form / Textual_Form / Short_Form / Short Story,9780060269364,Early sorrow,Metadata,Book_Format_and_Form / Textual_Form / Short_Form / Short Story,3,"[""qwen_groq"", ""gpt_oss_groq"", ""gpt_oss_20b""]","[""Short stories"", ""Fiction"", ""Literature & Fiction"", ""Short stories, American."", ""Short stories, English."", ""Youth -- Fiction."", ""Youth -- Social life and customs -- Fiction."", ""Teen & Young Adult"", ""English Short stories""]"
9780060269364__metadata__Language_and_Textual_Context / Language / Single_Language / English,9780060269364,Early sorrow,Metadata,Language_and_Textual_Context / Language / Single_Language / English,3,"[""qwen_groq"", ""gpt_oss_groq"", ""gpt_oss_20b""]","[""Short stories"", ""Fiction"", ""Literature & Fiction"", ""Short stories, American."", ""Short stories, English."", ""Youth -- Fiction."", ""Youth -- Social life and customs -- Fiction."", ""Teen & Young Adult"", ""English Short stories""]"
9780060992309__genre__Fiction / Thriller / Political and Espionage Thriller / Espionage Thriller,9780060992309,The last raven,Genre,Fiction / Thriller / Political and Espionage Thriller / Espionage Thriller,3,"[""qwen_groq"", ""gpt_oss_groq"", ""gpt_oss_20b""]","[""English fiction"", ""Fiction, general"", ""Fiction"", ""Thriller"", ""Espionage"", ""Mystery Thriller"", ""Mystery, Thriller & Suspense"", ""Thrillers & Suspense"", ""Spies & Politics"", ""Political""]"
9780060992309__metadata__Language_and_Textual_Context / Language / Single_Language / English,9780060992309,The last raven,Metadata,Language_and_Textual_Context / Language / Single_Language / English,3,"[""qwen_groq"", ""gpt_oss_groq"", ""gpt_oss_20b""]","[""English fiction"", ""Fiction, general"", ""Fiction"", ""Thriller"", ""Espionage"", ""Mystery Thriller"", ""Mystery, Thriller & Suspense"", ""Thrillers & Suspense"", ""Spies & Politics"", ""Political""]"
9780061000546__genre__Fiction / Action Fiction / Western Fiction / Western,9780061000546,Spirit's gold,Genre,Fiction / Action Fiction / Western Fiction / Western,3,"[""qwen_groq"", ""gpt_oss_groq"", ""gpt_oss_20b""]","[""Western"", ""Fiction, general"", ""Genre Fiction"", ""Westerns""]"
9780061000751__genre__Fiction,9780061000751,Aspen Affair,Genre,Fiction,3,"[""qwen_groq"", ""gpt_oss_groq"", ""gpt_oss_20b""]","[""Fiction, general"", ""Modern fiction"", ""General"", ""Fiction - General"", ""Fiction"", ""Literature & Fiction""]"
9780061000751__metadata__Temporal_Context / Historical_Period / Modern,9780061000751,Aspen Affair,Metadata,Temporal_Context / Historical_Period / Modern,3,"[""qwen_groq"", ""gpt_oss_groq"", ""gpt_oss_20b""]","[""Fiction, general"", ""Modern fiction"", ""General"", ""Fiction - General"", ""Fiction"", ""Literature & Fiction""]"
9780061001444__genre__Fiction,9780061001444,This I promise you,Genre,Fiction,3,"[""qwen_groq"", ""gpt_oss_groq"", ""gpt_oss_20b""]","[""Fiction"", ""Fiction, general"", ""Baden-Baden (Germany) -- Fiction.""]"
9780061006319__genre__Fiction / Action Fiction / Western Fiction / Western,9780061006319,Mountain Thunder (Mountain Country),Genre,Fiction / Action Fiction / Western Fiction / Western,3,"[""qwen_groq"", ""gpt_oss_groq"", ""gpt_oss_20b""]","[""Fiction - Western"", ""Westerns""]"
9780061006487__genre__Fiction,9780061006487,Ice Wolf,Genre,Fiction,3,"[""qwen_groq"", ""gpt_oss_groq"", ""gpt_oss_20b""]","[""Fiction"", ""Fiction, general""]"
9780061007941__genre__Fiction / Historical Fiction,9780061007941,Cottonwood Station,Genre,Fiction / Historical Fiction,3,"[""qwen_groq"", ""gpt_oss_groq"", ""gpt_oss_20b""]","[""Fiction, westerns"", ""Indians of north america, fiction"", ""Fiction, historical, general"", ""West (u.s.), fiction"", ""Fiction"", ""Westerns""]"
9780061007941__metadata__Geographical_Context / World_Region / North_America,9780061007941,Cottonwood Station,Metadata,Geographical_Context / World_Region / North_America,3,"[""qwen_groq"", ""gpt_oss_groq"", ""gpt_oss_20b""]","[""Fiction, westerns"", ""Indians of north america, fiction"", ""Fiction, historical, general"", ""West (u.s.), fiction"", ""Fiction"", ""Westerns""]"
9780061009457__genre__Fiction / Historical Fiction,9780061009457,The soldiers.,Genre,Fiction / Historical Fiction,3,"[""qwen_groq"", ""gpt_oss_groq"", ""gpt_oss_20b""]","[""Fiction, historical, general"", ""Historical"", ""Literature & Fiction""]"
9780061009624__genre__Fiction / Action Fiction / Western Fiction / Western,9780061009624,Buckskin Vengeance,Genre,Fiction / Action Fiction / Western Fiction / Western,3,"[""qwen_groq"", ""gpt_oss_groq"", ""gpt_oss_20b""]","[""Fiction, westerns"", ""Adventure / thriller"", ""Westerns"", ""Fiction - Western""]"
9780061009624__genre__Fiction / Thriller,9780061009624,Buckskin Vengeance,Genre,Fiction / Thriller,3,"[""qwen_groq"", ""gpt_oss_groq"", ""gpt_oss_20b""]","[""Fiction, westerns"", ""Adventure / thriller"", ""Westerns"", ""Fiction - Western""]"
9780061010033__genre__Fiction,9780061010033,Long Drift,Genre,Fiction,3,"[""qwen_groq"", ""gpt_oss_groq"", ""gpt_oss_20b""]","[""Westerns"", ""Texas, fiction""]"
9780061011610__genre__Fiction / Action Fiction / Western Fiction / Western,9780061011610,Burn the Breeze,Genre,Fiction / Action Fiction / Western Fiction / Western,3,"[""qwen_groq"", ""gpt_oss_groq"", ""gpt_oss_20b""]","[""Fiction"", ""Veterans"", ""Ranchers"", ""History"", ""Fiction, westerns"", ""Fiction - Western"", ""Westerns"", ""Literature & Fiction"", ""Genre Fiction""]"
9780061012723__genre__Nonfiction,9780061012723,Heaven's Gate,Genre,Nonfiction,3,"[""qwen_groq"", ""gpt_oss_groq"", ""gpt_oss_20b""]","[""Cults"", ""Unidentified flying object cults"", ""True Crime"", ""Nonfiction""]"
9780061012723__metadata__Thematic_Metadata / Conflict_and_Event_Themes / Crime_and_Justice / Crime,9780061012723,Heaven's Gate,Metadata,Thematic_Metadata / Conflict_and_Event_Themes / Crime_and_Justice / Crime,3,"[""qwen_groq"", ""gpt_oss_groq"", ""gpt_oss_20b""]","[""Cults"", ""Unidentified flying object cults"", ""True Crime"", ""Nonfiction""]"
9780061013850__genre__Nonfiction / Medicine and Health / Health and Wellness / Health,9780061013850,The Complete Herbal Companion,Genre,Nonfiction / Medicine and Health / Health and Wellness / Health,3,"[""qwen_groq"", ""gpt_oss_groq"", ""gpt_oss_20b""]","[""Herbs, therapeutic use"", ""Health"", ""Health, Fitness & Dieting""]"
9780061054716__genre__Fiction / Fantasy,9780061054716,Conspicuous Consumption (The World of Darkness : Werewolf),Genre,Fiction / Fantasy,3,"[""qwen_groq"", ""gpt_oss_groq"", ""gpt_oss_20b""]","[""Werewolves"", ""Fiction"", ""Horror"", ""Fantasy"", ""World Of Darkness"", ""Science Fiction & Fantasy""]"
9780061060281__genre__Fiction / Literary Fiction / Family and Relationship Fiction / Friendship Fiction,9780061060281,The secret notebook,Genre,Fiction / Literary Fiction / Family and Relationship Fiction / Friendship Fiction,3,"[""qwen_groq"", ""gpt_oss_groq"", ""gpt_oss_20b""]","[""Fiction"", ""Young readers"", ""Children's fiction"", ""Schools in fiction"", ""Behavior in fiction"", ""Growing Up & Facts of Life"", ""Friendship, Social Skills & School Life"", ""Friendship""]"
9780061060281__metadata__Thematic_Metadata / Relationship_and_Social_Themes / Friendship / Friendship,9780061060281,The secret notebook,Metadata,Thematic_Metadata / Relationship_and_Social_Themes / Friendship / Friendship,3,"[""qwen_groq"", ""gpt_oss_groq"", ""gpt_oss_20b""]","[""Fiction"", ""Young readers"", ""Children's fiction"", ""Schools in fiction"", ""Behavior in fiction"", ""Growing Up & Facts of Life"", ""Friendship, Social Skills & School Life"", ""Friendship""]"
9780061060397__metadata__Thematic_Metadata / Conflict_and_Event_Themes / Survival_and_Risk / Survival,9780061060397,"Mutiny! (Escape from Lost Island, No 3)",Metadata,Thematic_Metadata / Conflict_and_Event_Themes / Survival_and_Risk / Survival,3,"[""qwen_groq"", ""gpt_oss_groq"", ""gpt_oss_20b""]","[""Children's fiction"", ""Adventure and adventurers, fiction"", ""Survival"", ""Juvenile fiction"", ""Adventure stories"", ""Children's Books/Ages 9-12 Fiction"", ""Fiction"", ""Islands"", ""Action & Adventure"", ""Survival Stories""]"
9780061060472__genre__Fiction / Adventure / Survival and Exploration Fiction / Survival Fiction,9780061060472,"Revenge! (Escape from Lost Island, No 5)",Genre,Fiction / Adventure / Survival and Exploration Fiction / Survival Fiction,3,"[""qwen_groq"", ""gpt_oss_groq"", ""gpt_oss_20b""]","[""Survival"", ""Juvenile fiction"", ""Adventure stories"", ""Fiction, general"", ""Children's Books - Young Adult Fiction"", ""Adventure and adventurers"", ""Fiction"", ""Survival (after airplane accidents, shipwrecks, etc.)"", ""Children: Grades 4-6"", ""Action & Adventure"", ""Survival Stories""]"
9780061060472__metadata__Thematic_Metadata / Conflict_and_Event_Themes / Survival_and_Risk / Survival,9780061060472,"Revenge! (Escape from Lost Island, No 5)",Metadata,Thematic_Metadata / Conflict_and_Event_Themes / Survival_and_Risk / Survival,3,"[""qwen_groq"", ""gpt_oss_groq"", ""gpt_oss_20b""]","[""Survival"", ""Juvenile fiction"", ""Adventure stories"", ""Fiction, general"", ""Children's Books - Young Adult Fiction"", ""Adventure and adventurers"", ""Fiction"", ""Survival (after airplane accidents, shipwrecks, etc.)"", ""Children: Grades 4-6"", ""Action & Adventure"", ""Survival Stories""]"
9780061060540__genre__Fiction / Adventure / Survival and Exploration Fiction / Survival Fiction,9780061060540,"Escape! (Escape from Lost Island, No 6)",Genre,Fiction / Adventure / Survival and Exploration Fiction / Survival Fiction,3,"[""qwen_groq"", ""gpt_oss_groq"", ""gpt_oss_20b""]","[""Fiction, general"", ""Children's Books - Young Adult Fiction"", ""Adventure and adventurers"", ""Fiction"", ""Survival"", ""Survival Stories"", ""Children: Grades 4-6"", ""Action & Adventure""]"
9780061060540__metadata__Thematic_Metadata / Conflict_and_Event_Themes / Survival_and_Risk / Survival,9780061060540,"Escape! (Escape from Lost Island, No 6)",Metadata,Thematic_Metadata / Conflict_and_Event_Themes / Survival_and_Risk / Survival,3,"[""qwen_groq"", ""gpt_oss_groq"", ""gpt_oss_20b""]","[""Fiction, general"", ""Children's Books - Young Adult Fiction"", ""Adventure and adventurers"", ""Fiction"", ""Survival"", ""Survival Stories"", ""Children: Grades 4-6"", ""Action & Adventure""]"
9780061060694__genre__Fiction,9780061060694,Sneaking Around (Pizza Paradise),Genre,Fiction,3,"[""qwen_groq"", ""gpt_oss_groq"", ""gpt_oss_20b""]","[""Children's fiction"", ""Schools, fiction"", ""Teen & Young Adult""]"
9780061061523__genre__Fiction,9780061061523,Along the dangerous trail,Genre,Fiction,3,"[""qwen_groq"", ""gpt_oss_groq"", ""gpt_oss_20b""]","[""Juvenile fiction"", ""Frontier and pioneer life"", ""Fiction, general""]"
9780061061998__metadata__Audience / Educational_Stage / College_Level,9780061061998,Freshman Beach Party (Freshman Dorm Super),Metadata,Audience / Educational_Stage / College_Level,3,"[""qwen_groq"", ""gpt_oss_groq"", ""gpt_oss_20b""]","[""College students"", ""Friendship"", ""Fiction"", ""Fiction, general"", ""Teen & Young Adult""]"
9780061062049__genre__Fiction,9780061062049,The Most Beautiful Horse in the World,Genre,Fiction,3,"[""qwen_groq"", ""gpt_oss_groq"", ""gpt_oss_20b""]","[""Horses"", ""Juvenile fiction"", ""Horsemanship"", ""Fiction"", ""Fiction, general"", ""Readers - Beginner"", ""Children's Books - Young Adult Fiction"", ""Show jumping"", ""Children: Grades 3-4"", ""Animals"", ""Children's Books""]"
9780061062049__metadata__Audience / Reading_Level / Beginner / Beginner Reader,9780061062049,The Most Beautiful Horse in the World,Metadata,Audience / Reading_Level / Beginner / Beginner Reader,3,"[""qwen_groq"", ""gpt_oss_groq"", ""gpt_oss_20b""]","[""Horses"", ""Juvenile fiction"", ""Horsemanship"", ""Fiction"", ""Fiction, general"", ""Readers - Beginner"", ""Children's Books - Young Adult Fiction"", ""Show jumping"", ""Children: Grades 3-4"", ""Animals"", ""Children's Books""]"
9780061062049__metadata__Thematic_Metadata / Nature_and_Environment_Themes / Animals,9780061062049,The Most Beautiful Horse in the World,Metadata,Thematic_Metadata / Nature_and_Environment_Themes / Animals,3,"[""qwen_groq"", ""gpt_oss_groq"", ""gpt_oss_20b""]","[""Horses"", ""Juvenile fiction"", ""Horsemanship"", ""Fiction"", ""Fiction, general"", ""Readers - Beginner"", ""Children's Books - Young Adult Fiction"", ""Show jumping"", ""Children: Grades 3-4"", ""Animals"", ""Children's Books""]"
9780061062384__genre__Fiction,9780061062384,"Harry Goes to Camp (Monsterkids, No 3)",Genre,Fiction,3,"[""qwen_groq"", ""gpt_oss_groq"", ""gpt_oss_20b""]","[""Werewolves"", ""Juvenile fiction"", ""Camps"", ""Monsters"", ""Children's fiction"", ""Camping, fiction"", ""Children's Books/Ages 9-12 Fiction"", ""Fiction""]"
9780061064340__genre__Fiction,9780061064340,"The Hunchback of Notre Dame (Enchanted Tales, No 3)",Genre,Fiction,3,"[""qwen_groq"", ""gpt_oss_groq"", ""gpt_oss_20b""]","[""Notre-Dame de Paris (Cathedral)"", ""Juvenile fiction"", ""People with disabilities"", ""France, fiction"", ""Paris (france), fiction"", ""Quasimodo (fictitious character), fiction"", ""Fiction, general"", ""Children's 4-8 - Literature / Classics"", ""Children: Young Adult (Gr. 7-9)""]"
9780061064340__metadata__Audience / Age_Group / Young_Adult,9780061064340,"The Hunchback of Notre Dame (Enchanted Tales, No 3)",Metadata,Audience / Age_Group / Young_Adult,3,"[""qwen_groq"", ""gpt_oss_groq"", ""gpt_oss_20b""]","[""Notre-Dame de Paris (Cathedral)"", ""Juvenile fiction"", ""People with disabilities"", ""France, fiction"", ""Paris (france), fiction"", ""Quasimodo (fictitious character), fiction"", ""Fiction, general"", ""Children's 4-8 - Literature / Classics"", ""Children: Young Adult (Gr. 7-9)""]"
9780061064746__genre__Fiction / Horror / Supernatural Horror / Ghost Story,9780061064746,Romeo and Ghouliette (BC 23) (Bone Chillers),Genre,Fiction / Horror / Supernatural Horror / Ghost Story,3,"[""qwen_groq"", ""gpt_oss_groq"", ""gpt_oss_20b""]","[""Horror tales"", ""Juvenile fiction"", ""Horror stories"", ""Children's fiction"", ""Juvenile Fiction / Horror & Ghost Stories"", ""Horror & Ghost Stories"", ""Children's 9-12 - Fiction - Horror"", ""Fiction"", ""Horror fiction"", ""Children: Young Adult (Gr. 7-9)"", ""Horror"", ""Novels"", ""Children's Books"", ""Spine-Chilling Horror""]"
9780061065293__metadata__Audience / Age_Group / Middle_Grade,9780061065293,Christina's courage,Metadata,Audience / Age_Group / Middle_Grade,3,"[""qwen_groq"", ""gpt_oss_groq"", ""gpt_oss_20b""]","[""Horses"", ""Juvenile fiction"", ""Children's fiction"", ""Behavior, fiction"", ""Horses, fiction"", ""Young Adult"", ""Middle Grade"", ""Animals"", ""Contemporary""]"
9780061065293__metadata__Temporal_Context / Historical_Period / Contemporary,9780061065293,Christina's courage,Metadata,Temporal_Context / Historical_Period / Contemporary,3,"[""qwen_groq"", ""gpt_oss_groq"", ""gpt_oss_20b""]","[""Horses"", ""Juvenile fiction"", ""Children's fiction"", ""Behavior, fiction"", ""Horses, fiction"", ""Young Adult"", ""Middle Grade"", ""Animals"", ""Contemporary""]"
9780061065293__metadata__Thematic_Metadata / Nature_and_Environment_Themes / Animals,9780061065293,Christina's courage,Metadata,Thematic_Metadata / Nature_and_Environment_Themes / Animals,3,"[""qwen_groq"", ""gpt_oss_groq"", ""gpt_oss_20b""]","[""Horses"", ""Juvenile fiction"", ""Children's fiction"", ""Behavior, fiction"", ""Horses, fiction"", ""Young Adult"", ""Middle Grade"", ""Animals"", ""Contemporary""]"
9780061067266__genre__Fiction / Romance / General Romance / Love Story,9780061067266,Boardwalk,Genre,Fiction / Romance / General Romance / Love Story,3,"[""qwen_groq"", ""gpt_oss_groq"", ""gpt_oss_20b""]","[""Love"", ""Love stories"", ""Fiction, general"", ""Young Adult"", ""Romance""]"
9780061067266__metadata__Thematic_Metadata / Relationship_and_Social_Themes / Love_and_Intimacy / Love,9780061067266,Boardwalk,Metadata,Thematic_Metadata / Relationship_and_Social_Themes / Love_and_Intimacy / Love,3,"[""qwen_groq"", ""gpt_oss_groq"", ""gpt_oss_20b""]","[""Love"", ""Love stories"", ""Fiction, general"", ""Young Adult"", ""Romance""]"
9780061081446__genre__Fiction / Historical Fiction,9780061081446,Vows made in wine,Genre,Fiction / Historical Fiction,3,"[""qwen_groq"", ""gpt_oss_groq"", ""gpt_oss_20b""]","[""Fiction"", ""Fiction, general"", ""Historical Romance"", ""Fiction, romance, historical"", ""Romance"", ""Historical"", ""Historical Fiction"", ""Tudor Period"", ""Fiction, romance, historical, general""]"
9780061082214__genre__Fiction / Historical Fiction,9780061082214,Simply Heaven,Genre,Fiction / Historical Fiction,3,"[""qwen_groq"", ""gpt_oss_groq"", ""gpt_oss_20b""]","[""Fiction"", ""Romance"", ""Historical Romance"", ""Historical Fiction"", ""Mixed descent"", ""Native American"", ""Fiction, romance, contemporary"", ""Fiction, romance, general"", ""Historical""]"
9780061082214__genre__Fiction / Romance / General Romance / Romance,9780061082214,Simply Heaven,Genre,Fiction / Romance / General Romance / Romance,3,"[""qwen_groq"", ""gpt_oss_groq"", ""gpt_oss_20b""]","[""Fiction"", ""Romance"", ""Historical Romance"", ""Historical Fiction"", ""Mixed descent"", ""Native American"", ""Fiction, romance, contemporary"", ""Fiction, romance, general"", ""Historical""]"
9780061082214__metadata__Temporal_Context / Historical_Period / Contemporary,9780061082214,Simply Heaven,Metadata,Temporal_Context / Historical_Period / Contemporary,3,"[""qwen_groq"", ""gpt_oss_groq"", ""gpt_oss_20b""]","[""Fiction"", ""Romance"", ""Historical Romance"", ""Historical Fiction"", ""Mixed descent"", ""Native American"", ""Fiction, romance, contemporary"", ""Fiction, romance, general"", ""Historical""]"
9780061090585__metadata__Thematic_Metadata / Conflict_and_Event_Themes / Crime_and_Justice / Crime,9780061090585,Quitting the Mob,Metadata,Thematic_Metadata / Conflict_and_Event_Themes / Crime_and_Justice / Crime,3,"[""qwen_groq"", ""gpt_oss_groq"", ""gpt_oss_20b""]","[""Mafia"", ""Organized crime"", ""Murder"", ""True Crime"", ""Biography"", ""Nonfiction"", ""Crime""]"
9780061094330__genre__Fiction / Historical Fiction,9780061094330,A Respectable Trade,Genre,Fiction / Historical Fiction,3,"[""qwen_groq"", ""gpt_oss_groq"", ""gpt_oss_20b""]","[""Fiction"", ""History"", ""Historical Fiction"", ""Historical"", ""18th Century"", ""British Literature"", ""Man-woman relationships"", ""Married women"", ""Slave trade"", ""Slaves"", ""England"", ""Bristol (England) -- History -- Fiction."", ""Man-woman relationships -- England -- Bristol -- History -- 18th century -- Fiction."", ""Slave trade -- England -- Bristol -- History -- 18th century -- Fiction."", ""Africans -- England -- Bristol -- History -- 18th century -- Fiction."", ""Married women -- England -- Bristol -- Fiction."", ""Slaves -- England -- Bristol -- Fiction."", ""Fiction, historical, general"", ""Man-woman relationships, fiction"", ""England, fiction"", ""Married people, fiction"", ""Literature & Fiction"", ""Genre Fiction"", ""Romance"", ""Historical Romance"", ""Africans"", ""Slave-trade""]"
9780061094330__metadata__Geographical_Context / Country_or_National_Context / Country_Based_Context / British Context,9780061094330,A Respectable Trade,Metadata,Geographical_Context / Country_or_National_Context / Country_Based_Context / British Context,3,"[""qwen_groq"", ""gpt_oss_groq"", ""gpt_oss_20b""]","[""Fiction"", ""History"", ""Historical Fiction"", ""Historical"", ""18th Century"", ""British Literature"", ""Man-woman relationships"", ""Married women"", ""Slave trade"", ""Slaves"", ""England"", ""Bristol (England) -- History -- Fiction."", ""Man-woman relationships -- England -- Bristol -- History -- 18th century -- Fiction."", ""Slave trade -- England -- Bristol -- History -- 18th century -- Fiction."", ""Africans -- England -- Bristol -- History -- 18th century -- Fiction."", ""Married women -- England -- Bristol -- Fiction."", ""Slaves -- England -- Bristol -- Fiction."", ""Fiction, historical, general"", ""Man-woman relationships, fiction"", ""England, fiction"", ""Married people, fiction"", ""Literature & Fiction"", ""Genre Fiction"", ""Romance"", ""Historical Romance"", ""Africans"", ""Slave-trade""]"
9780061094330__metadata__Temporal_Context / Historical_Period,9780061094330,A Respectable Trade,Metadata,Temporal_Context / Historical_Period,3,"[""qwen_groq"", ""gpt_oss_groq"", ""gpt_oss_20b""]","[""Fiction"", ""History"", ""Historical Fiction"", ""Historical"", ""18th Century"", ""British Literature"", ""Man-woman relationships"", ""Married women"", ""Slave trade"", ""Slaves"", ""England"", ""Bristol (England) -- History -- Fiction."", ""Man-woman relationships -- England -- Bristol -- History -- 18th century -- Fiction."", ""Slave trade -- England -- Bristol -- History -- 18th century -- Fiction."", ""Africans -- England -- Bristol -- History -- 18th century -- Fiction."", ""Married women -- England -- Bristol -- Fiction."", ""Slaves -- England -- Bristol -- Fiction."", ""Fiction, historical, general"", ""Man-woman relationships, fiction"", ""England, fiction"", ""Married people, fiction"", ""Literature & Fiction"", ""Genre Fiction"", ""Romance"", ""Historical Romance"", ""Africans"", ""Slave-trade""]"
9780064401319__genre__Fiction / Animal Fiction / Animal Fiction / Wildlife Fiction,9780064401319,Cry of the Crow,Genre,Fiction / Animal Fiction / Animal Fiction / Wildlife Fiction,3,"[""qwen_groq"", ""gpt_oss_groq"", ""gpt_oss_20b""]","[""Wildlife rescue"", ""Fiction"", ""Crows"", ""Crows, fiction"", ""Animals"", ""Young Adult"", ""Children's fiction"", ""Family life, fiction"", ""Nature"", ""Adventure"", ""Birds""]"
9780064401319__metadata__Thematic_Metadata / Nature_and_Environment_Themes / Animals / Wildlife,9780064401319,Cry of the Crow,Metadata,Thematic_Metadata / Nature_and_Environment_Themes / Animals / Wildlife,3,"[""qwen_groq"", ""gpt_oss_groq"", ""gpt_oss_20b""]","[""Wildlife rescue"", ""Fiction"", ""Crows"", ""Crows, fiction"", ""Animals"", ""Young Adult"", ""Children's fiction"", ""Family life, fiction"", ""Nature"", ""Adventure"", ""Birds""]"
9780064401319__metadata__Thematic_Metadata / Relationship_and_Social_Themes / Family,9780064401319,Cry of the Crow,Metadata,Thematic_Metadata / Relationship_and_Social_Themes / Family,3,"[""qwen_groq"", ""gpt_oss_groq"", ""gpt_oss_20b""]","[""Wildlife rescue"", ""Fiction"", ""Crows"", ""Crows, fiction"", ""Animals"", ""Young Adult"", ""Children's fiction"", ""Family life, fiction"", ""Nature"", ""Adventure"", ""Birds""]"
9780064403511__genre__Fiction / Literary Fiction / Family and Relationship Fiction / Friendship Fiction,9780064403511,Chasing After Annie,Genre,Fiction / Literary Fiction / Family and Relationship Fiction / Friendship Fiction,3,"[""qwen_groq"", ""gpt_oss_groq"", ""gpt_oss_20b""]","[""Friendship"", ""Dogs"", ""Diaries"", ""Fiction"", ""Juvenile fiction"", ""Children's fiction"", ""Girls, fiction"", ""Dogs, fiction"", ""General"", ""Children's Books/Ages 4-8 Fiction"", ""Children: Grades 2-3""]"
9780064403627__genre__Fiction / Humor and Satire / Humorous Fiction,9780064403627,My brother Louis measures worms and other Louis stories,Genre,Fiction / Humor and Satire / Humorous Fiction,3,"[""qwen_groq"", ""gpt_oss_groq"", ""gpt_oss_20b""]","[""Family life"", ""Fiction"", ""Children's fiction"", ""Humorous stories"", ""Short Stories"", ""Family life, fiction""]"
9780064403627__genre__Fiction / Literary Fiction / Short Form Literary Fiction / Short Fiction,9780064403627,My brother Louis measures worms and other Louis stories,Genre,Fiction / Literary Fiction / Short Form Literary Fiction / Short Fiction,3,"[""qwen_groq"", ""gpt_oss_groq"", ""gpt_oss_20b""]","[""Family life"", ""Fiction"", ""Children's fiction"", ""Humorous stories"", ""Short Stories"", ""Family life, fiction""]"
9780064403627__metadata__Book_Format_and_Form / Textual_Form / Short_Form / Short Story,9780064403627,My brother Louis measures worms and other Louis stories,Metadata,Book_Format_and_Form / Textual_Form / Short_Form / Short Story,3,"[""qwen_groq"", ""gpt_oss_groq"", ""gpt_oss_20b""]","[""Family life"", ""Fiction"", ""Children's fiction"", ""Humorous stories"", ""Short Stories"", ""Family life, fiction""]"
9780064403627__metadata__Narrative_and_Stylistic_Metadata / Tone / Comic / Humorous,9780064403627,My brother Louis measures worms and other Louis stories,Metadata,Narrative_and_Stylistic_Metadata / Tone / Comic / Humorous,3,"[""qwen_groq"", ""gpt_oss_groq"", ""gpt_oss_20b""]","[""Family life"", ""Fiction"", ""Children's fiction"", ""Humorous stories"", ""Short Stories"", ""Family life, fiction""]"
9780064403627__metadata__Thematic_Metadata / Relationship_and_Social_Themes / Family,9780064403627,My brother Louis measures worms and other Louis stories,Metadata,Thematic_Metadata / Relationship_and_Social_Themes / Family,3,"[""qwen_groq"", ""gpt_oss_groq"", ""gpt_oss_20b""]","[""Family life"", ""Fiction"", ""Children's fiction"", ""Humorous stories"", ""Short Stories"", ""Family life, fiction""]"
9780064404938__genre__Fiction / Horror / Supernatural Horror / Occult Horror,9780064404938,The Chilling Hour,Genre,Fiction / Horror / Supernatural Horror / Occult Horror,3,"[""qwen_groq"", ""gpt_oss_groq"", ""gpt_oss_20b""]","[""Horror stories"", ""Horror tales, American"", ""Short stories"", ""Supernatural"", ""Occult fiction"", ""Fiction"", ""Supernatural, fiction"", ""Horror tales""]"
9780064405126__genre__Fiction,9780064405126,Coco Grimes,Genre,Fiction,3,"[""qwen_groq"", ""gpt_oss_groq"", ""gpt_oss_20b""]","[""African Americans"", ""Juvenile fiction"", ""Fiction"", ""Grandfathers"", ""Baseball"", ""Children's fiction"", ""Baseball, fiction"", ""Grandparents, fiction"", ""Florida, fiction""]"
9780064405577__genre__Fiction / Horror / Supernatural Horror / Ghost Story,9780064405577,My Brother the Ghost,Genre,Fiction / Horror / Supernatural Horror / Ghost Story,3,"[""qwen_groq"", ""gpt_oss_groq"", ""gpt_oss_20b""]","[""Ghosts"", ""Horror stories"", ""Ghost stories"", ""Children's fiction"", ""Children's Books/Ages 9-12 Fiction"", ""Fiction"", ""Horror"", ""Children: Grades 3-4"", ""Juvenile"", ""Children's Books"", ""Literature & Fiction"", ""Horror tales""]"
9780064407267__genre__Fiction,9780064407267,Reed,Genre,Fiction,3,"[""qwen_groq"", ""gpt_oss_groq"", ""gpt_oss_20b""]","[""Fiction"", ""Children's fiction"", ""Hockey"", ""Hockey, fiction"", ""Sports, fiction"", ""Hockey -- Fiction."", ""Sportsmanship"", ""Sportsmanship -- Fiction.""]"
9780064420013__metadata__Audience / Reading_Level / Beginner / Beginner Reader,9780064420013,Jason and the Escape from Bat Planet/a Trophy Chapter Book,Metadata,Audience / Reading_Level / Beginner / Beginner Reader,3,"[""qwen_groq"", ""gpt_oss_groq"", ""gpt_oss_20b""]","[""Children's fiction"", ""Science fiction"", ""Readers - Beginner"", ""Children's 9-12 - Fiction - General"", ""Adventure and adventurers"", ""Extraterrestrial beings"", ""Fiction"", ""Children: Grades 2-3""]"
9780064420655__genre__Fiction / Horror / Supernatural Horror / Ghost Story,9780064420655,The revenge of the pirate ghost,Genre,Fiction / Horror / Supernatural Horror / Ghost Story,3,"[""qwen_groq"", ""gpt_oss_groq"", ""gpt_oss_20b""]","[""Ghosts"", ""Pirates"", ""Fiction"", ""Ghost stories"", ""Juvenile fiction"", ""Children's fiction"", ""Pirates, fiction"", ""Ghosts -- Fiction"", ""Pirates -- Fiction"", ""Children's Books""]"
9780070242708__metadata__Thematic_Metadata / Relationship_and_Social_Themes / Family,9780070242708,Personal relationships,Metadata,Thematic_Metadata / Relationship_and_Social_Themes / Family,3,"[""qwen_groq"", ""gpt_oss_groq"", ""gpt_oss_20b""]","[""Family life education"", ""Interpersonal Relations"", ""Family"", ""Politics & Social Sciences"", ""Social Sciences""]"
9780070423749__metadata__Geographical_Context / World_Region / North_America / United States,9780070423749,Almost like a song,Metadata,Geographical_Context / World_Region / North_America / United States,3,"[""qwen_groq"", ""gpt_oss_groq"", ""gpt_oss_20b""]","[""Biography"", ""Country musicians"", ""Country musicians -- United States -- Biography."", ""Music""]"
9780070826717__genre__Nonfiction / History / Social and Cultural History / Economic History,9780070826717,Democracy and discontent,Genre,Nonfiction / History / Social and Cultural History / Economic History,3,"[""qwen_groq"", ""gpt_oss_groq"", ""gpt_oss_20b""]","[""Canada"", ""Economic conditions"", ""History"", ""Political parties"", ""Politics and government"", ""Partis politiques"", ""Conditions économiques"", ""Politique et gouvernement"", ""Economic history"", ""Political parties -- Canada."", ""Canada -- Economic conditions.""]"
9780070826717__metadata__Geographical_Context / World_Region / North_America / Canada,9780070826717,Democracy and discontent,Metadata,Geographical_Context / World_Region / North_America / Canada,3,"[""qwen_groq"", ""gpt_oss_groq"", ""gpt_oss_20b""]","[""Canada"", ""Economic conditions"", ""History"", ""Political parties"", ""Politics and government"", ""Partis politiques"", ""Conditions économiques"", ""Politique et gouvernement"", ""Economic history"", ""Political parties -- Canada."", ""Canada -- Economic conditions.""]"
9780091706005__genre__Fiction / Historical Fiction,9780091706005,The ladies of Missalonghi,Genre,Fiction / Historical Fiction,3,"[""qwen_groq"", ""gpt_oss_groq"", ""gpt_oss_20b""]","[""Women"", ""Fiction"", ""Romance fiction"", ""Man-woman relationships"", ""Social life and customs"", ""Manners and customs"", ""Fiction, historical, general"", ""Australia, fiction"", ""Women -- Australia -- Fiction."", ""Historical Fiction"", ""Romance"", ""Australia"", ""Historical"", ""Historical Romance"", ""Literature & Fiction"", ""Genre Fiction""]"
9780091706005__metadata__Character_and_Representation_Metadata / Identity_Representation / Gender_Representation / Women-Centered,9780091706005,The ladies of Missalonghi,Metadata,Character_and_Representation_Metadata / Identity_Representation / Gender_Representation / Women-Centered,3,"[""qwen_groq"", ""gpt_oss_groq"", ""gpt_oss_20b""]","[""Women"", ""Fiction"", ""Romance fiction"", ""Man-woman relationships"", ""Social life and customs"", ""Manners and customs"", ""Fiction, historical, general"", ""Australia, fiction"", ""Women -- Australia -- Fiction."", ""Historical Fiction"", ""Romance"", ""Australia"", ""Historical"", ""Historical Romance"", ""Literature & Fiction"", ""Genre Fiction""]"
9780091706005__metadata__Geographical_Context / World_Region / Oceania / Australia,9780091706005,The ladies of Missalonghi,Metadata,Geographical_Context / World_Region / Oceania / Australia,3,"[""qwen_groq"", ""gpt_oss_groq"", ""gpt_oss_20b""]","[""Women"", ""Fiction"", ""Romance fiction"", ""Man-woman relationships"", ""Social life and customs"", ""Manners and customs"", ""Fiction, historical, general"", ""Australia, fiction"", ""Women -- Australia -- Fiction."", ""Historical Fiction"", ""Romance"", ""Australia"", ""Historical"", ""Historical Romance"", ""Literature & Fiction"", ""Genre Fiction""]"
9780091706005__metadata__Thematic_Metadata / Relationship_and_Social_Themes,9780091706005,The ladies of Missalonghi,Metadata,Thematic_Metadata / Relationship_and_Social_Themes,3,"[""qwen_groq"", ""gpt_oss_groq"", ""gpt_oss_20b""]","[""Women"", ""Fiction"", ""Romance fiction"", ""Man-woman relationships"", ""Social life and customs"", ""Manners and customs"", ""Fiction, historical, general"", ""Australia, fiction"", ""Women -- Australia -- Fiction."", ""Historical Fiction"", ""Romance"", ""Australia"", ""Historical"", ""Historical Romance"", ""Literature & Fiction"", ""Genre Fiction""]"
9780130555410__genre__Fiction,9780130555410,Bad luck Tony,Genre,Fiction,3,"[""qwen_groq"", ""gpt_oss_groq"", ""gpt_oss_20b""]","[""Grandfathers in fiction"", ""Fiction"", ""Grandfathers -- Fiction.""]"
9780133851625__genre__Nonfiction / Science / Cognitive and Behavioral Sciences / Psychology,9780133851625,Heartmates,Genre,Nonfiction / Science / Cognitive and Behavioral Sciences / Psychology,3,"[""qwen_groq"", ""gpt_oss_groq"", ""gpt_oss_20b""]","[""Family relationships"", ""Myocardial infarction"", ""Patients"", ""Wives"", ""Psychology"", ""Family Relations"", ""Popular Works"", ""Heart Diseases"", ""Sick, family relationships"", ""Myocardial infarction -- Patients -- Family relationships."", ""Wives.""]"
9780133851625__metadata__Thematic_Metadata / Relationship_and_Social_Themes / Family,9780133851625,Heartmates,Metadata,Thematic_Metadata / Relationship_and_Social_Themes / Family,3,"[""qwen_groq"", ""gpt_oss_groq"", ""gpt_oss_20b""]","[""Family relationships"", ""Myocardial infarction"", ""Patients"", ""Wives"", ""Psychology"", ""Family Relations"", ""Popular Works"", ""Heart Diseases"", ""Sick, family relationships"", ""Myocardial infarction -- Patients -- Family relationships."", ""Wives.""]"
9780140060584__genre__Fiction / Mystery / Detective Mystery / Private Investigator Mystery,9780140060584,The Margery Allingham omnibus.,Genre,Fiction / Mystery / Detective Mystery / Private Investigator Mystery,3,"[""qwen_groq"", ""gpt_oss_groq"", ""gpt_oss_20b""]","[""Fiction"", ""Private investigators"", ""English Detective and mystery stories"", ""Albert Campion (Fictitious character)"", ""Campion, albert (fictitious character), fiction"", ""England, fiction"", ""Fiction, mystery & detective, traditional"", ""Campion, Albert (Fictitious character) -- Fiction."", ""Private investigators -- England -- Fiction."", ""Detective and mystery stories, English."", ""Mystery"", ""Crime""]"
9780140060584__metadata__Character_and_Representation_Metadata / Protagonist_Profile / Role_Profile / Detective,9780140060584,The Margery Allingham omnibus.,Metadata,Character_and_Representation_Metadata / Protagonist_Profile / Role_Profile / Detective,3,"[""qwen_groq"", ""gpt_oss_groq"", ""gpt_oss_20b""]","[""Fiction"", ""Private investigators"", ""English Detective and mystery stories"", ""Albert Campion (Fictitious character)"", ""Campion, albert (fictitious character), fiction"", ""England, fiction"", ""Fiction, mystery & detective, traditional"", ""Campion, Albert (Fictitious character) -- Fiction."", ""Private investigators -- England -- Fiction."", ""Detective and mystery stories, English."", ""Mystery"", ""Crime""]"
9780140097986__metadata__Thematic_Metadata / Conflict_and_Event_Themes / Survival_and_Risk / Survival,9780140097986,The survival of Jan Little,Metadata,Thematic_Metadata / Conflict_and_Event_Themes / Survival_and_Risk / Survival,3,"[""qwen_groq"", ""gpt_oss_groq"", ""gpt_oss_20b""]","[""Biography"", ""Blind-deaf"", ""Wilderness survival"", ""Deafblind people"", ""Brazil"", ""Amazon river and valley"", ""Nonfiction"", ""Survival"", ""Adventure""]"
9780140112511__genre__Fiction / Historical Fiction,9780140112511,Libra,Genre,Fiction / Historical Fiction,3,"[""qwen_groq"", ""gpt_oss_groq"", ""gpt_oss_20b""]","[""Fiction"", ""Assassination"", ""Presidents"", ""Literature"", ""Roman américain"", ""Présidents"", ""Assassinat"", ""Romans, nouvelles"", ""Fiction, historical"", ""Presidents, united states, fiction"", ""American fiction (fictional works by one author)"", ""Oswald, lee harvey"", ""Roman"", ""Fiction, general"", ""American literature"", ""Historical Fiction"", ""Novels"", ""American"", ""Thriller""]"
9780140112511__genre__Fiction / Thriller,9780140112511,Libra,Genre,Fiction / Thriller,3,"[""qwen_groq"", ""gpt_oss_groq"", ""gpt_oss_20b""]","[""Fiction"", ""Assassination"", ""Presidents"", ""Literature"", ""Roman américain"", ""Présidents"", ""Assassinat"", ""Romans, nouvelles"", ""Fiction, historical"", ""Presidents, united states, fiction"", ""American fiction (fictional works by one author)"", ""Oswald, lee harvey"", ""Roman"", ""Fiction, general"", ""American literature"", ""Historical Fiction"", ""Novels"", ""American"", ""Thriller""]"
9780140112511__metadata__Geographical_Context / Country_or_National_Context / Country_Based_Context / American Context,9780140112511,Libra,Metadata,Geographical_Context / Country_or_National_Context / Country_Based_Context / American Context,3,"[""qwen_groq"", ""gpt_oss_groq"", ""gpt_oss_20b""]","[""Fiction"", ""Assassination"", ""Presidents"", ""Literature"", ""Roman américain"", ""Présidents"", ""Assassinat"", ""Romans, nouvelles"", ""Fiction, historical"", ""Presidents, united states, fiction"", ""American fiction (fictional works by one author)"", ""Oswald, lee harvey"", ""Roman"", ""Fiction, general"", ""American literature"", ""Historical Fiction"", ""Novels"", ""American"", ""Thriller""]"
9780140329124__metadata__Character_and_Representation_Metadata / Identity_Representation / Gender_Representation / Men-Centered,9780140329124,Shot from midfield,Metadata,Character_and_Representation_Metadata / Identity_Representation / Gender_Representation / Men-Centered,3,"[""qwen_groq"", ""gpt_oss_groq"", ""gpt_oss_20b""]","[""Fiction"", ""Soccer"", ""Children's fiction"", ""Soccer, fiction"", ""Growing Up & Facts of Life"", ""Friendship, Social Skills & School Life"", ""Boys & Men""]"
9780140329513__metadata__Character_and_Representation_Metadata / Protagonist_Profile / Group_Profile / Family-Centered,9780140329513,The rabbi's girls,Metadata,Character_and_Representation_Metadata / Protagonist_Profile / Group_Profile / Family-Centered,3,"[""qwen_groq"", ""gpt_oss_groq"", ""gpt_oss_20b""]","[""Fiction"", ""Family life"", ""Twenties (20th century)"", ""New baby in family"", ""Juvenile fiction"", ""Rabbis"", ""Jewish American families"", ""Eleven-year-old girls"", ""Jewish American girls"", ""Moving to a new city"", ""Children's fiction"", ""Family life, fiction"", ""Jews, fiction"", ""Families"", ""Family life -- Fiction"", ""Jews -- United States -- Fiction"", ""Jewish"", ""Growing Up & Facts of Life"", ""Multigenerational"", ""Jews"", ""Children's Books""]"
9780140329513__metadata__Thematic_Metadata / Relationship_and_Social_Themes / Family,9780140329513,The rabbi's girls,Metadata,Thematic_Metadata / Relationship_and_Social_Themes / Family,3,"[""qwen_groq"", ""gpt_oss_groq"", ""gpt_oss_20b""]","[""Fiction"", ""Family life"", ""Twenties (20th century)"", ""New baby in family"", ""Juvenile fiction"", ""Rabbis"", ""Jewish American families"", ""Eleven-year-old girls"", ""Jewish American girls"", ""Moving to a new city"", ""Children's fiction"", ""Family life, fiction"", ""Jews, fiction"", ""Families"", ""Family life -- Fiction"", ""Jews -- United States -- Fiction"", ""Jewish"", ""Growing Up & Facts of Life"", ""Multigenerational"", ""Jews"", ""Children's Books""]"
9780140341171__genre__Fiction,9780140341171,Winning kicker,Genre,Fiction,3,"[""qwen_groq"", ""gpt_oss_groq"", ""gpt_oss_20b""]","[""Football"", ""Fiction"", ""Football stories"", ""Sports"", ""Teen & Young Adult"", ""Literature & Fiction""]"
9780140341171__metadata__Audience / Age_Group / Teen / Teen Audience,9780140341171,Winning kicker,Metadata,Audience / Age_Group / Teen / Teen Audience,3,"[""qwen_groq"", ""gpt_oss_groq"", ""gpt_oss_20b""]","[""Football"", ""Fiction"", ""Football stories"", ""Sports"", ""Teen & Young Adult"", ""Literature & Fiction""]"
9780140341171__metadata__Audience / Age_Group / Young_Adult / Young Adult Audience,9780140341171,Winning kicker,Metadata,Audience / Age_Group / Young_Adult / Young Adult Audience,3,"[""qwen_groq"", ""gpt_oss_groq"", ""gpt_oss_20b""]","[""Football"", ""Fiction"", ""Football stories"", ""Sports"", ""Teen & Young Adult"", ""Literature & Fiction""]"
9780140346695__genre__Fiction,9780140346695,Marcia,Genre,Fiction,3,"[""qwen_groq"", ""gpt_oss_groq"", ""gpt_oss_20b""]","[""Fiction"", ""Youth"", ""City and town life"", ""Juvenile fiction""]"
9780140351026__genre__Fiction / Historical Fiction,9780140351026,Tale of Troy.,Genre,Fiction / Historical Fiction,3,"[""qwen_groq"", ""gpt_oss_groq"", ""gpt_oss_20b""]","[""Odysseus (Greek mythology)"", ""Legends"", ""Greek Mythology"", ""Trojan War"", ""Juvenile literature"", ""Classical mythology"", ""Children's fiction"", ""Troy (extinct city), fiction"", ""Troy (extinct city), legends"", ""Fiction"", ""Mythology"", ""Classics"", ""Historical Fiction""]"
9780140360233__genre__Fiction / Mystery / Traditional Mystery / Childrens Adventure and Mystery,9780140360233,Cam Jansen and the mystery at the monkey house,Genre,Fiction / Mystery / Traditional Mystery / Childrens Adventure and Mystery,3,"[""qwen_groq"", ""gpt_oss_groq"", ""gpt_oss_20b""]","[""Mystery and detective stories"", ""Fiction"", ""Juvenile Fiction"", ""Mystery"", ""Children's fiction"", ""Chapter Books"", ""Juvenile"", ""Adventure"", ""School""]"
9780140361551__genre__Fiction,9780140361551,"Lights, camera, attitude!",Genre,Fiction,3,"[""qwen_groq"", ""gpt_oss_groq"", ""gpt_oss_20b""]","[""Fiction"", ""Television"", ""Children's fiction"", ""Television -- Production and direction -- Fiction.""]"
9780140363111__genre__Fiction,9780140363111,Gopher Takes Heart,Genre,Fiction,3,"[""qwen_groq"", ""gpt_oss_groq"", ""gpt_oss_20b""]","[""Fiction"", ""Schools"", ""Bullies"", ""Valentine's Day"", ""Self-esteem"", ""Bullying"", ""Juvenile fiction"", ""Children's fiction""]"
9780140364477__genre__Fiction / Literary Fiction / Family and Relationship Fiction / Friendship Fiction,9780140364477,Tell Me Your Best Thing,Genre,Fiction / Literary Fiction / Family and Relationship Fiction / Friendship Fiction,3,"[""qwen_groq"", ""gpt_oss_groq"", ""gpt_oss_20b""]","[""Fiction"", ""Juvenile fiction"", ""Children's fiction"", ""Friendship"", ""Bullies""]"
9780140366440__metadata__Content_Suitability_Metadata / Reader_Advisory / Sensitive_Content / Grief,9780140366440,"Life's a funny proposition, Horatio",Metadata,Content_Suitability_Metadata / Reader_Advisory / Sensitive_Content / Grief,3,"[""qwen_groq"", ""gpt_oss_groq"", ""gpt_oss_20b""]","[""Conduct of life"", ""Death"", ""Fiction"", ""Grandfathers"", ""Grief"", ""Death, fiction"", ""Grandparents, fiction"", ""Grief -- Fiction."", ""Grandfathers -- Fiction."", ""Conduct of life -- Fiction."", ""Juvenile"", ""Literature & Fiction"", ""Chapter Books & Readers"", ""Chapter Books"", ""Death -- Fiction.""]"
9780140366440__metadata__Thematic_Metadata / Knowledge_and_Idea_Themes / Ethics_and_Philosophy / Meaning of Life,9780140366440,"Life's a funny proposition, Horatio",Metadata,Thematic_Metadata / Knowledge_and_Idea_Themes / Ethics_and_Philosophy / Meaning of Life,3,"[""qwen_groq"", ""gpt_oss_groq"", ""gpt_oss_20b""]","[""Conduct of life"", ""Death"", ""Fiction"", ""Grandfathers"", ""Grief"", ""Death, fiction"", ""Grandparents, fiction"", ""Grief -- Fiction."", ""Grandfathers -- Fiction."", ""Conduct of life -- Fiction."", ""Juvenile"", ""Literature & Fiction"", ""Chapter Books & Readers"", ""Chapter Books"", ""Death -- Fiction.""]"
9780140366631__genre__Fiction,9780140366631,Tug-of-war,Genre,Fiction,3,"[""qwen_groq"", ""gpt_oss_groq"", ""gpt_oss_20b""]","[""Fiction"", ""Children's fiction"", ""Schools"", ""Adirondack mountains (n.y.), fiction"", ""Schools, fiction"", ""Adirondack Mountains (N.Y.) -- Fiction.""]"
9780140368697__genre__Fiction / Mystery / Detective Mystery,9780140368697,Underrunners,Genre,Fiction / Mystery / Detective Mystery,3,"[""qwen_groq"", ""gpt_oss_groq"", ""gpt_oss_20b""]","[""Fiction"", ""Family relationships"", ""Family problems"", ""Kidnapping"", ""Imaginary playmates"", ""Detective and mystery stories"", ""Mystery and detective stories"", ""Child and youth fiction"", ""Adventure and adventurers, fiction"", ""Children's fiction"", ""Young Adult"", ""Literature & Fiction""]"
9780140368697__metadata__Audience / Age_Group / Young_Adult / Young Adult Audience,9780140368697,Underrunners,Metadata,Audience / Age_Group / Young_Adult / Young Adult Audience,3,"[""qwen_groq"", ""gpt_oss_groq"", ""gpt_oss_20b""]","[""Fiction"", ""Family relationships"", ""Family problems"", ""Kidnapping"", ""Imaginary playmates"", ""Detective and mystery stories"", ""Mystery and detective stories"", ""Child and youth fiction"", ""Adventure and adventurers, fiction"", ""Children's fiction"", ""Young Adult"", ""Literature & Fiction""]"
9780140368697__metadata__Thematic_Metadata / Relationship_and_Social_Themes / Family,9780140368697,Underrunners,Metadata,Thematic_Metadata / Relationship_and_Social_Themes / Family,3,"[""qwen_groq"", ""gpt_oss_groq"", ""gpt_oss_20b""]","[""Fiction"", ""Family relationships"", ""Family problems"", ""Kidnapping"", ""Imaginary playmates"", ""Detective and mystery stories"", ""Mystery and detective stories"", ""Child and youth fiction"", ""Adventure and adventurers, fiction"", ""Children's fiction"", ""Young Adult"", ""Literature & Fiction""]"
9780140369373__genre__Fiction,9780140369373,The Raid,Genre,Fiction,3,"[""qwen_groq"", ""gpt_oss_groq"", ""gpt_oss_20b""]","[""Fiction"", ""Frontier and pioneer life"", ""Indian captivities"", ""Comanche Indians""]"
9780140369441__metadata__Thematic_Metadata / Relationship_and_Social_Themes / Family,9780140369441,What My Sister Remembered,Metadata,Thematic_Metadata / Relationship_and_Social_Themes / Family,3,"[""qwen_groq"", ""gpt_oss_groq"", ""gpt_oss_20b""]","[""Children's fiction"", ""Sisters, fiction"", ""Siblings, fiction"", ""Family, fiction"", ""Emotions, fiction"", ""Adoption, fiction"", ""Young Adult"", ""Fiction""]"
9780140377415__genre__Fiction / Humor and Satire / Humorous Fiction / Humor Fiction,9780140377415,I Hate Company,Genre,Fiction / Humor and Satire / Humorous Fiction / Humor Fiction,3,"[""qwen_groq"", ""gpt_oss_groq"", ""gpt_oss_20b""]","[""Fiction"", ""Behavior"", ""Humor""]"
9780140388008__metadata__Audience / Age_Group / Middle_Grade,9780140388008,"Cam Jansen and the Mystery of the Television Dog (Cam Jansen Adventure, Book 4)",Metadata,Audience / Age_Group / Middle_Grade,3,"[""qwen_groq"", ""gpt_oss_groq"", ""gpt_oss_20b""]","[""Detective and mystery stories"", ""Mystery and detective stories"", ""Fiction"", ""Juvenile fiction"", ""Cam Jansen (Fictitious character)"", ""Dogs"", ""Mystery"", ""Children's fiction"", ""Dogs, fiction"", ""Adventure and adventurers, fiction"", ""Child and youth fiction"", ""Chapter Books"", ""Realistic Fiction"", ""Middle Grade"", ""Juvenile"", ""Chapter Books & Readers""]"
9780151847556__genre__Fiction / Historical Fiction,9780151847556,Spirit wrestler,Genre,Fiction / Historical Fiction,3,"[""qwen_groq"", ""gpt_oss_groq"", ""gpt_oss_20b""]","[""Fiction"", ""Juvenile fiction"", ""Shamans"", ""Fiction in English"", ""Historical Fiction"", ""Literature & Fiction""]"
9780151847556__metadata__Language_and_Textual_Context / Language / Single_Language / English,9780151847556,Spirit wrestler,Metadata,Language_and_Textual_Context / Language / Single_Language / English,3,"[""qwen_groq"", ""gpt_oss_groq"", ""gpt_oss_20b""]","[""Fiction"", ""Juvenile fiction"", ""Shamans"", ""Fiction in English"", ""Historical Fiction"", ""Literature & Fiction""]"
9780151913206__genre__Fiction / Fantasy,9780151913206,The truth about dragons,Genre,Fiction / Fantasy,3,"[""qwen_groq"", ""gpt_oss_groq"", ""gpt_oss_20b""]","[""Dragons"", ""Fiction"", ""Fantasy""]"
9780155161023__genre__Nonfiction / Politics and Law / Politics,9780155161023,Criminal justice,Genre,Nonfiction / Politics and Law / Politics,3,"[""qwen_groq"", ""gpt_oss_groq"", ""gpt_oss_20b""]","[""Administration of Criminal justice"", ""Criminal justice, administration of"", ""Textbooks"", ""Politics & Social Sciences"", ""Social Sciences"", ""Criminology""]"
9780192713377__genre__Fiction,9780192713377,Anna,Genre,Fiction,3,"[""qwen_groq"", ""gpt_oss_groq"", ""gpt_oss_20b""]","[""Juvenile fiction"", ""Children's Books""]"
9780192829542__genre__Nonfiction / Philosophy / Core Philosophy / Political Philosophy,9780192829542,The Communist manifesto,Genre,Nonfiction / Philosophy / Core Philosophy / Political Philosophy,3,"[""qwen_groq"", ""gpt_oss_groq"", ""gpt_oss_20b""]","[""Communism"", ""Sources"", ""Capitalism"", ""Socialism"", ""Social conflict"", ""Marxism"", ""History"", ""Long Now Manual for Civilization"", ""Social justice"", ""Prolétariat"", ""Nonfiction"", ""Politics"", ""Classic Literature"", ""Social contract"", ""Political science"", ""Economics"", ""Capital"", ""Philosophy and ethics"", ""Communisme"", ""Socialisme"", ""Communism."", ""Marxisme"", ""Histoire"", ""Mouvement ouvrier"", ""Marx, karl, 1818-1883"", ""Communism, germany"", ""France, history, february revolution, 1848"", ""Politics and Social Sciences"", ""Ideologies and Doctrines"", ""Communism and Socialism"", ""Politics and government"", ""Biography"", ""Engels, friedrich, 1820-1895"", ""Political and diplomatic history"", ""Political parties"", ""Socialism. Communism. Anarchism"", ""Political Ideologies"", ""Communism & Socialism"", ""Communistisch manifest (Marx)"", ""Manifest der Kommunistischen Partei (Marx, Karl)"", ""Literary collections"", ""Hx39.5.a523 m364 2011"", ""335.4/22"", ""General"", ""Hx276 .m3 1948a"", ""World history"", ""Communist parties"", ""Communism, history"", ""Congresses"", ""Comunismo"", ""Socialismo"", ""Capitalismo"", ""Filosofía marxista"", ""Philosophy"", ""Classics"", ""Sociology""]"
9780192829542__metadata__Thematic_Metadata / Relationship_and_Social_Themes / Social_Issues / Social Justice,9780192829542,The Communist manifesto,Metadata,Thematic_Metadata / Relationship_and_Social_Themes / Social_Issues / Social Justice,3,"[""qwen_groq"", ""gpt_oss_groq"", ""gpt_oss_20b""]","[""Communism"", ""Sources"", ""Capitalism"", ""Socialism"", ""Social conflict"", ""Marxism"", ""History"", ""Long Now Manual for Civilization"", ""Social justice"", ""Prolétariat"", ""Nonfiction"", ""Politics"", ""Classic Literature"", ""Social contract"", ""Political science"", ""Economics"", ""Capital"", ""Philosophy and ethics"", ""Communisme"", ""Socialisme"", ""Communism."", ""Marxisme"", ""Histoire"", ""Mouvement ouvrier"", ""Marx, karl, 1818-1883"", ""Communism, germany"", ""France, history, february revolution, 1848"", ""Politics and Social Sciences"", ""Ideologies and Doctrines"", ""Communism and Socialism"", ""Politics and government"", ""Biography"", ""Engels, friedrich, 1820-1895"", ""Political and diplomatic history"", ""Political parties"", ""Socialism. Communism. Anarchism"", ""Political Ideologies"", ""Communism & Socialism"", ""Communistisch manifest (Marx)"", ""Manifest der Kommunistischen Partei (Marx, Karl)"", ""Literary collections"", ""Hx39.5.a523 m364 2011"", ""335.4/22"", ""General"", ""Hx276 .m3 1948a"", ""World history"", ""Communist parties"", ""Communism, history"", ""Congresses"", ""Comunismo"", ""Socialismo"", ""Capitalismo"", ""Filosofía marxista"", ""Philosophy"", ""Classics"", ""Sociology""]"
9780195016161__genre__Nonfiction / Reference and Knowledge Organization / Reference,9780195016161,Victorian Prose and Poetry,Genre,Nonfiction / Reference and Knowledge Organization / Reference,3,"[""qwen_groq"", ""gpt_oss_groq"", ""gpt_oss_20b""]","[""English poetry (collections), 19th century"", ""English prose literature"", ""English poetry"", ""English literature"", ""Anthologies"", ""Poetry"", ""Nonfiction"", ""Literature"", ""19th Century"", ""Reference"", ""Classics"", ""History & Criticism"", ""British & Irish""]"
9780195016161__metadata__Geographical_Context / Country_or_National_Context / Country_Based_Context / British Context,9780195016161,Victorian Prose and Poetry,Metadata,Geographical_Context / Country_or_National_Context / Country_Based_Context / British Context,3,"[""qwen_groq"", ""gpt_oss_groq"", ""gpt_oss_20b""]","[""English poetry (collections), 19th century"", ""English prose literature"", ""English poetry"", ""English literature"", ""Anthologies"", ""Poetry"", ""Nonfiction"", ""Literature"", ""19th Century"", ""Reference"", ""Classics"", ""History & Criticism"", ""British & Irish""]"
9780195016161__metadata__Language_and_Textual_Context / Language / Single_Language / English,9780195016161,Victorian Prose and Poetry,Metadata,Language_and_Textual_Context / Language / Single_Language / English,3,"[""qwen_groq"", ""gpt_oss_groq"", ""gpt_oss_20b""]","[""English poetry (collections), 19th century"", ""English prose literature"", ""English poetry"", ""English literature"", ""Anthologies"", ""Poetry"", ""Nonfiction"", ""Literature"", ""19th Century"", ""Reference"", ""Classics"", ""History & Criticism"", ""British & Irish""]"
9780195016161__metadata__Temporal_Context / Historical_Period / Modern / Nineteenth Century,9780195016161,Victorian Prose and Poetry,Metadata,Temporal_Context / Historical_Period / Modern / Nineteenth Century,3,"[""qwen_groq"", ""gpt_oss_groq"", ""gpt_oss_20b""]","[""English poetry (collections), 19th century"", ""English prose literature"", ""English poetry"", ""English literature"", ""Anthologies"", ""Poetry"", ""Nonfiction"", ""Literature"", ""19th Century"", ""Reference"", ""Classics"", ""History & Criticism"", ""British & Irish""]"
9780195402865__genre__Nonfiction / Arts and Culture / Photography / Landscape Photography,9780195402865,The Okanagan,Genre,Nonfiction / Arts and Culture / Photography / Landscape Photography,3,"[""qwen_groq"", ""gpt_oss_groq"", ""gpt_oss_20b""]","[""Pictorial works"", ""British columbia, description and travel"", ""Landscape photography"", ""Okanagan River Valley (B.C. and Wash.) -- Pictorial works"", ""Arts & Photography"", ""Photography & Video""]"
9780297817734__genre__Nonfiction / Arts and Culture / Arts,9780297817734,"To hell with Picasso, and other essays",Genre,Nonfiction / Arts and Culture / Arts,3,"[""qwen_groq"", ""gpt_oss_groq"", ""gpt_oss_20b""]","[""Miscellanea"", ""History"", ""Essays (single author)"", ""Nonfiction"", ""Essays"", ""Arts & Literature""]"
9780297817734__metadata__Series_and_Publication_Metadata / Authorship_Metadata / Single_Author / Single Author,9780297817734,"To hell with Picasso, and other essays",Metadata,Series_and_Publication_Metadata / Authorship_Metadata / Single_Author / Single Author,3,"[""qwen_groq"", ""gpt_oss_groq"", ""gpt_oss_20b""]","[""Miscellanea"", ""History"", ""Essays (single author)"", ""Nonfiction"", ""Essays"", ""Arts & Literature""]"
9780300036558__genre__Nonfiction / Reference and Knowledge Organization / Reference,9780300036558,French in action,Genre,Nonfiction / Reference and Knowledge Organization / Reference,3,"[""qwen_groq"", ""gpt_oss_groq"", ""gpt_oss_20b""]","[""Conversation and phrase books"", ""French language"", ""Textbooks for foreign speakers"", ""French language, textbooks for foreign speakers"", ""French language, conversation and phrase books"", ""Français (Langue)"", ""Manuels pour anglophones"", ""Spoken French"", ""Self-instruction"", ""Study and teaching"", ""Foreign language study"", ""Language study"", ""French"", ""French language -- Textbooks for foreign speakers -- English."", ""French language -- Conversation and phrase books."", ""Reference"", ""Nonfiction""]"
9780300036558__metadata__Book_Format_and_Form / Textual_Form / Reference_Form,9780300036558,French in action,Metadata,Book_Format_and_Form / Textual_Form / Reference_Form,3,"[""qwen_groq"", ""gpt_oss_groq"", ""gpt_oss_20b""]","[""Conversation and phrase books"", ""French language"", ""Textbooks for foreign speakers"", ""French language, textbooks for foreign speakers"", ""French language, conversation and phrase books"", ""Français (Langue)"", ""Manuels pour anglophones"", ""Spoken French"", ""Self-instruction"", ""Study and teaching"", ""Foreign language study"", ""Language study"", ""French"", ""French language -- Textbooks for foreign speakers -- English."", ""French language -- Conversation and phrase books."", ""Reference"", ""Nonfiction""]"
9780300036558__metadata__Language_and_Textual_Context / Language / Single_Language / French,9780300036558,French in action,Metadata,Language_and_Textual_Context / Language / Single_Language / French,3,"[""qwen_groq"", ""gpt_oss_groq"", ""gpt_oss_20b""]","[""Conversation and phrase books"", ""French language"", ""Textbooks for foreign speakers"", ""French language, textbooks for foreign speakers"", ""French language, conversation and phrase books"", ""Français (Langue)"", ""Manuels pour anglophones"", ""Spoken French"", ""Self-instruction"", ""Study and teaching"", ""Foreign language study"", ""Language study"", ""French"", ""French language -- Textbooks for foreign speakers -- English."", ""French language -- Conversation and phrase books."", ""Reference"", ""Nonfiction""]"
9780304297252__genre__Fiction / Historical Fiction,9780304297252,Mistress of darkness,Genre,Fiction / Historical Fiction,3,"[""qwen_groq"", ""gpt_oss_groq"", ""gpt_oss_20b""]","[""Fiction"", ""Historical Fiction"", ""Plantation life"", ""Caribbean Area -- Fiction."", ""Historical""]"
9780307061348__genre__Fiction,9780307061348,Shapes And Colors,Genre,Fiction,3,"[""qwen_groq"", ""gpt_oss_groq"", ""gpt_oss_20b""]","[""Geometry"", ""Color"", ""Colors"", ""Juvenile literature"", ""Shape"", ""Picture books"", ""Preschool Picture Story Books"", ""Children's Books/Baby-Preschool"", ""Children: Babies & Toddlers"", ""Geometry - General"", ""Juvenile Fiction / General"", ""Children's Books""]"
9780307061348__metadata__Audience / Age_Group / Early_Childhood / Preschool Audience,9780307061348,Shapes And Colors,Metadata,Audience / Age_Group / Early_Childhood / Preschool Audience,3,"[""qwen_groq"", ""gpt_oss_groq"", ""gpt_oss_20b""]","[""Geometry"", ""Color"", ""Colors"", ""Juvenile literature"", ""Shape"", ""Picture books"", ""Preschool Picture Story Books"", ""Children's Books/Baby-Preschool"", ""Children: Babies & Toddlers"", ""Geometry - General"", ""Juvenile Fiction / General"", ""Children's Books""]"
9780307125873__genre__Fiction,9780307125873,M.B. Panda Club Look Look Bk,Genre,Fiction,3,"[""qwen_groq"", ""gpt_oss_groq"", ""gpt_oss_20b""]","[""Juvenile Fiction / General"", ""Children's 4-8"", ""Fiction"", ""Pandas"", ""Pets"", ""Responsibility"", ""Children: Grades 1-2""]"
9780307220158__genre__Fiction,9780307220158,On the air,Genre,Fiction,3,"[""qwen_groq"", ""gpt_oss_groq"", ""gpt_oss_20b""]","[""Fiction"", ""Young Adult"", ""Teen & Young Adult"", ""Literature & Fiction""]"
9780307220158__metadata__Audience / Age_Group / Teen / Teen Audience,9780307220158,On the air,Metadata,Audience / Age_Group / Teen / Teen Audience,3,"[""qwen_groq"", ""gpt_oss_groq"", ""gpt_oss_20b""]","[""Fiction"", ""Young Adult"", ""Teen & Young Adult"", ""Literature & Fiction""]"
9780307220158__metadata__Audience / Age_Group / Young_Adult / Young Adult Audience,9780307220158,On the air,Metadata,Audience / Age_Group / Young_Adult / Young Adult Audience,3,"[""qwen_groq"", ""gpt_oss_groq"", ""gpt_oss_20b""]","[""Fiction"", ""Young Adult"", ""Teen & Young Adult"", ""Literature & Fiction""]"
9780307247087__genre__Fiction / Horror / Supernatural Horror / Ghost Story,9780307247087,No Answer,Genre,Fiction / Horror / Supernatural Horror / Ghost Story,3,"[""qwen_groq"", ""gpt_oss_groq"", ""gpt_oss_20b""]","[""Horror & ghost stories, chillers"", ""Horror & Ghost Stories"", ""Horror stories"", ""Horror"", ""Young Adult"", ""Teen"", ""Thriller"", ""Horror Thriller"", ""Sisters"", ""Telephone"", ""Mystery""]"
9780307247087__genre__Fiction / Mystery,9780307247087,No Answer,Genre,Fiction / Mystery,3,"[""qwen_groq"", ""gpt_oss_groq"", ""gpt_oss_20b""]","[""Horror & ghost stories, chillers"", ""Horror & Ghost Stories"", ""Horror stories"", ""Horror"", ""Young Adult"", ""Teen"", ""Thriller"", ""Horror Thriller"", ""Sisters"", ""Telephone"", ""Mystery""]"
9780307247087__genre__Fiction / Thriller,9780307247087,No Answer,Genre,Fiction / Thriller,3,"[""qwen_groq"", ""gpt_oss_groq"", ""gpt_oss_20b""]","[""Horror & ghost stories, chillers"", ""Horror & Ghost Stories"", ""Horror stories"", ""Horror"", ""Young Adult"", ""Teen"", ""Thriller"", ""Horror Thriller"", ""Sisters"", ""Telephone"", ""Mystery""]"
9780307247087__metadata__Audience / Age_Group / Teen / Teen Audience,9780307247087,No Answer,Metadata,Audience / Age_Group / Teen / Teen Audience,3,"[""qwen_groq"", ""gpt_oss_groq"", ""gpt_oss_20b""]","[""Horror & ghost stories, chillers"", ""Horror & Ghost Stories"", ""Horror stories"", ""Horror"", ""Young Adult"", ""Teen"", ""Thriller"", ""Horror Thriller"", ""Sisters"", ""Telephone"", ""Mystery""]"
9780307247087__metadata__Audience / Age_Group / Young_Adult / Young Adult Audience,9780307247087,No Answer,Metadata,Audience / Age_Group / Young_Adult / Young Adult Audience,3,"[""qwen_groq"", ""gpt_oss_groq"", ""gpt_oss_20b""]","[""Horror & ghost stories, chillers"", ""Horror & Ghost Stories"", ""Horror stories"", ""Horror"", ""Young Adult"", ""Teen"", ""Thriller"", ""Horror Thriller"", ""Sisters"", ""Telephone"", ""Mystery""]"
9780307249036__genre__Fiction / Science Fiction,9780307249036,Caution: Aliens at Work,Genre,Fiction / Science Fiction,3,"[""qwen_groq"", ""gpt_oss_groq"", ""gpt_oss_20b""]","[""Juvenile Fiction"", ""Children's 9-12 - Fiction - Horror"", ""Children: Grades 4-6"", ""Horror & ghost stories, chillers"", ""Horror & Ghost Stories"", ""Extraterrestrial beings"", ""Fiction"", ""Science fiction"", ""Supernatural"", ""Horror"", ""Young Adult"", ""Childrens"", ""Children's Books"", ""Science Fiction & Fantasy""]"
9780307606310__genre__Fiction,9780307606310,A fox jumped up one winter's night,Genre,Fiction,3,"[""qwen_groq"", ""gpt_oss_groq"", ""gpt_oss_20b""]","[""Children's poetry"", ""Nursery rhymes"", ""Children's poetry."", ""Childrens"", ""Children's Books""]"
9780307988133__genre__Fiction,9780307988133,The School Play,Genre,Fiction,3,"[""qwen_groq"", ""gpt_oss_groq"", ""gpt_oss_20b""]","[""Fiction"", ""Schools"", ""Theater"", ""Stage fright"", ""Children's fiction"", ""Children's literature"", ""Juvenile fiction"", ""Juvenile Fiction / General"", ""Picture Books""]"
9780312032753__genre__Fiction,9780312032753,Hartman's game,Genre,Fiction,3,"[""qwen_groq"", ""gpt_oss_groq"", ""gpt_oss_20b""]","[""Fiction, general""]"
9780312033224__genre__Fiction / Mystery / Procedural Mystery / Police Procedural,9780312033224,Death of a perfect wife,Genre,Fiction / Mystery / Procedural Mystery / Police Procedural,3,"[""qwen_groq"", ""gpt_oss_groq"", ""gpt_oss_20b""]","[""Fiction"", ""Police"", ""Fiction, mystery & detective, general"", ""Fiction, mystery & detective, traditional"", ""Mystery"", ""Cozy Mystery"", ""Crime"", ""Scotland"", ""Cozy"", ""Mystery, Thriller & Suspense"", ""Police Procedurals""]"
9780312033224__genre__Fiction / Mystery / Traditional Mystery / Cozy Mystery,9780312033224,Death of a perfect wife,Genre,Fiction / Mystery / Traditional Mystery / Cozy Mystery,3,"[""qwen_groq"", ""gpt_oss_groq"", ""gpt_oss_20b""]","[""Fiction"", ""Police"", ""Fiction, mystery & detective, general"", ""Fiction, mystery & detective, traditional"", ""Mystery"", ""Cozy Mystery"", ""Crime"", ""Scotland"", ""Cozy"", ""Mystery, Thriller & Suspense"", ""Police Procedurals""]"
9780312033224__metadata__Thematic_Metadata / Conflict_and_Event_Themes / Crime_and_Justice / Crime,9780312033224,Death of a perfect wife,Metadata,Thematic_Metadata / Conflict_and_Event_Themes / Crime_and_Justice / Crime,3,"[""qwen_groq"", ""gpt_oss_groq"", ""gpt_oss_20b""]","[""Fiction"", ""Police"", ""Fiction, mystery & detective, general"", ""Fiction, mystery & detective, traditional"", ""Mystery"", ""Cozy Mystery"", ""Crime"", ""Scotland"", ""Cozy"", ""Mystery, Thriller & Suspense"", ""Police Procedurals""]"
9780312050658__genre__Fiction / Action Fiction / Military and Combat Fiction / War Fiction,9780312050658,Convoy of fear,Genre,Fiction / Action Fiction / Military and Combat Fiction / War Fiction,3,"[""qwen_groq"", ""gpt_oss_groq"", ""gpt_oss_20b""]","[""Fiction"", ""World War, 1939-1945"", ""Fiction, war & military"", ""Historical Fiction"", ""Literature & Fiction"", ""Great britain, fiction"", ""World War, 1939-1945 -- Naval operations, British -- Fiction"", ""Great Britain -- History, Naval -- 20th century -- Fiction"", ""John Mason Kemp (Fictitious character)""]"
9780312050658__genre__Fiction / Historical Fiction,9780312050658,Convoy of fear,Genre,Fiction / Historical Fiction,3,"[""qwen_groq"", ""gpt_oss_groq"", ""gpt_oss_20b""]","[""Fiction"", ""World War, 1939-1945"", ""Fiction, war & military"", ""Historical Fiction"", ""Literature & Fiction"", ""Great britain, fiction"", ""World War, 1939-1945 -- Naval operations, British -- Fiction"", ""Great Britain -- History, Naval -- 20th century -- Fiction"", ""John Mason Kemp (Fictitious character)""]"
9780312050658__metadata__Temporal_Context / Historical_Period,9780312050658,Convoy of fear,Metadata,Temporal_Context / Historical_Period,3,"[""qwen_groq"", ""gpt_oss_groq"", ""gpt_oss_20b""]","[""Fiction"", ""World War, 1939-1945"", ""Fiction, war & military"", ""Historical Fiction"", ""Literature & Fiction"", ""Great britain, fiction"", ""World War, 1939-1945 -- Naval operations, British -- Fiction"", ""Great Britain -- History, Naval -- 20th century -- Fiction"", ""John Mason Kemp (Fictitious character)""]"
9780312050658__metadata__Thematic_Metadata / Conflict_and_Event_Themes / War_and_Conflict / War,9780312050658,Convoy of fear,Metadata,Thematic_Metadata / Conflict_and_Event_Themes / War_and_Conflict / War,3,"[""qwen_groq"", ""gpt_oss_groq"", ""gpt_oss_20b""]","[""Fiction"", ""World War, 1939-1945"", ""Fiction, war & military"", ""Historical Fiction"", ""Literature & Fiction"", ""Great britain, fiction"", ""World War, 1939-1945 -- Naval operations, British -- Fiction"", ""Great Britain -- History, Naval -- 20th century -- Fiction"", ""John Mason Kemp (Fictitious character)""]"
9780312054021__genre__Fiction,9780312054021,A flash of diamonds,Genre,Fiction,3,"[""qwen_groq"", ""gpt_oss_groq"", ""gpt_oss_20b""]","[""Fiction, general""]"
9780312118112__genre__Fiction / Historical Fiction,9780312118112,An easy day for a lady,Genre,Fiction / Historical Fiction,3,"[""qwen_groq"", ""gpt_oss_groq"", ""gpt_oss_20b""]","[""Fiction"", ""Nell Bray (Fictitious character)"", ""Suffragists"", ""Women detectives"", ""England, fiction"", ""Fiction, historical, general"", ""Fiction, mystery & detective, women sleuths"", ""Women detectives -- England -- Fiction"", ""Suffragists -- Fiction"", ""England -- Fiction"", ""Literature & Fiction""]"
9780312118112__metadata__Character_and_Representation_Metadata / Identity_Representation / Gender_Representation / Women-Centered,9780312118112,An easy day for a lady,Metadata,Character_and_Representation_Metadata / Identity_Representation / Gender_Representation / Women-Centered,3,"[""qwen_groq"", ""gpt_oss_groq"", ""gpt_oss_20b""]","[""Fiction"", ""Nell Bray (Fictitious character)"", ""Suffragists"", ""Women detectives"", ""England, fiction"", ""Fiction, historical, general"", ""Fiction, mystery & detective, women sleuths"", ""Women detectives -- England -- Fiction"", ""Suffragists -- Fiction"", ""England -- Fiction"", ""Literature & Fiction""]"
9780312125394__metadata__Character_and_Representation_Metadata / Identity_Representation / Gender_Representation / Women-Centered,9780312125394,The cavalier in white,Metadata,Character_and_Representation_Metadata / Identity_Representation / Gender_Representation / Women-Centered,3,"[""qwen_groq"", ""gpt_oss_groq"", ""gpt_oss_20b""]","[""Fiction"", ""Mystery"", ""Crime"", ""Mystery, Thriller & Suspense"", ""Women Sleuths"", ""San francisco (calif.), fiction"", ""California, fiction""]"
9780312139223__genre__Fiction / Mystery / Procedural Mystery / Police Procedural,9780312139223,An Arcadian death,Genre,Fiction / Mystery / Procedural Mystery / Police Procedural,3,"[""qwen_groq"", ""gpt_oss_groq"", ""gpt_oss_20b""]","[""Fiction"", ""Mystery"", ""Police"", ""Fiction, mystery & detective, police procedural"", ""Spain, fiction"", ""Majorca (Spain) -- Fiction."", ""Police -- Spain -- Majorca -- Fiction.""]"
9780312209087__genre__Fiction / Thriller,9780312209087,Sea trials,Genre,Fiction / Thriller,3,"[""qwen_groq"", ""gpt_oss_groq"", ""gpt_oss_20b""]","[""Fiction"", ""Submarines (Ships) -- Fiction."", ""Atlantic Ocean -- Fiction."", ""Mystery, Thriller & Suspense"", ""Thrillers & Suspense""]"
9780312254735__genre__Fiction / Science Fiction / Space Science Fiction / Colonization Fiction,9780312254735,"White Mars, or, The mind set free",Genre,Fiction / Science Fiction / Space Science Fiction / Colonization Fiction,3,"[""qwen_groq"", ""gpt_oss_groq"", ""gpt_oss_20b""]","[""Utopias"", ""Colonization"", ""Science fiction"", ""Twenty-first century"", ""Fiction"", ""Utopias -- Fiction"", ""Mars (Planet) -- Fiction"", ""Near Future"", ""Space"", ""Planets"", ""Science Fiction & Fantasy""]"
9780312254735__metadata__Temporal_Context / Historical_Period / Contemporary / Twenty First Century,9780312254735,"White Mars, or, The mind set free",Metadata,Temporal_Context / Historical_Period / Contemporary / Twenty First Century,3,"[""qwen_groq"", ""gpt_oss_groq"", ""gpt_oss_20b""]","[""Utopias"", ""Colonization"", ""Science fiction"", ""Twenty-first century"", ""Fiction"", ""Utopias -- Fiction"", ""Mars (Planet) -- Fiction"", ""Near Future"", ""Space"", ""Planets"", ""Science Fiction & Fantasy""]"
9780312395643__metadata__Character_and_Representation_Metadata / Identity_Representation / Gender_Representation / Women-Centered,9780312395643,Weight Without Losing Your Looks--Or Health,Metadata,Character_and_Representation_Metadata / Identity_Representation / Gender_Representation / Women-Centered,3,"[""qwen_groq"", ""gpt_oss_groq"", ""gpt_oss_20b""]","[""Health and hygiene"", ""Women"", ""Weight loss"", ""Physiological aspects""]"
9780312441449__genre__Fiction / Humor and Satire / Humorous Fiction / Humor Fiction,9780312441449,"Jeeves, a gentleman's personal gentleman",Genre,Fiction / Humor and Satire / Humorous Fiction / Humor Fiction,3,"[""qwen_groq"", ""gpt_oss_groq"", ""gpt_oss_20b""]","[""Bertie Wooster (Fictitious character)"", ""Fiction"", ""Jeeves (Fictitious character)"", ""Humor"", ""Literature & Fiction"", ""England, fiction"", ""Jeeves (Fictitious character) -- Fiction"", ""Wooster, Bertie (Fictitious character) -- Fiction""]"
9780312549022__genre__Fiction / Literary Fiction / General Literary Fiction / Contemporary Fiction,9780312549022,Moscow requiem,Genre,Fiction / Literary Fiction / General Literary Fiction / Contemporary Fiction,3,"[""qwen_groq"", ""gpt_oss_groq"", ""gpt_oss_20b""]","[""English literature"", ""Literature & Fiction"", ""Contemporary""]"
9780312549022__metadata__Language_and_Textual_Context / Language / Single_Language / English,9780312549022,Moscow requiem,Metadata,Language_and_Textual_Context / Language / Single_Language / English,3,"[""qwen_groq"", ""gpt_oss_groq"", ""gpt_oss_20b""]","[""English literature"", ""Literature & Fiction"", ""Contemporary""]"
9780312549022__metadata__Temporal_Context / Historical_Period / Contemporary,9780312549022,Moscow requiem,Metadata,Temporal_Context / Historical_Period / Contemporary,3,"[""qwen_groq"", ""gpt_oss_groq"", ""gpt_oss_20b""]","[""English literature"", ""Literature & Fiction"", ""Contemporary""]"
9780312836078__metadata__Geographical_Context / Country_or_National_Context / Country_Based_Context / American Context,9780312836078,The Valkyrie Project,Metadata,Geographical_Context / Country_or_National_Context / Country_Based_Context / American Context,3,"[""qwen_groq"", ""gpt_oss_groq"", ""gpt_oss_20b""]","[""American literature""]"
9780312850036__genre__Fiction / Literary Fiction / General Literary Fiction / Contemporary Fiction,9780312850036,All about women,Genre,Fiction / Literary Fiction / General Literary Fiction / Contemporary Fiction,3,"[""qwen_groq"", ""gpt_oss_groq"", ""gpt_oss_20b""]","[""Fiction, general"", ""Fiction, short stories (single author)"", ""Contemporary Fiction"", ""Short Stories""]"
9780312850036__genre__Fiction / Literary Fiction / Short Form Literary Fiction / Short Fiction,9780312850036,All about women,Genre,Fiction / Literary Fiction / Short Form Literary Fiction / Short Fiction,3,"[""qwen_groq"", ""gpt_oss_groq"", ""gpt_oss_20b""]","[""Fiction, general"", ""Fiction, short stories (single author)"", ""Contemporary Fiction"", ""Short Stories""]"
9780312850036__metadata__Book_Format_and_Form / Textual_Form / Short_Form / Short Story,9780312850036,All about women,Metadata,Book_Format_and_Form / Textual_Form / Short_Form / Short Story,3,"[""qwen_groq"", ""gpt_oss_groq"", ""gpt_oss_20b""]","[""Fiction, general"", ""Fiction, short stories (single author)"", ""Contemporary Fiction"", ""Short Stories""]"
9780312850036__metadata__Series_and_Publication_Metadata / Authorship_Metadata / Single_Author / Single Author,9780312850036,All about women,Metadata,Series_and_Publication_Metadata / Authorship_Metadata / Single_Author / Single Author,3,"[""qwen_groq"", ""gpt_oss_groq"", ""gpt_oss_20b""]","[""Fiction, general"", ""Fiction, short stories (single author)"", ""Contemporary Fiction"", ""Short Stories""]"
9780312860769__genre__Fiction / Historical Fiction,9780312860769,The pumpkin rollers,Genre,Fiction / Historical Fiction,3,"[""qwen_groq"", ""gpt_oss_groq"", ""gpt_oss_20b""]","[""Fiction"", ""Texas, fiction"", ""Fiction, westerns"", ""Cattle drives -- Fiction"", ""Texas -- Fiction"", ""Westerns"", ""Historical Fiction"", ""Genre Fiction""]"
9780312884185__genre__Fiction / Historical Fiction,9780312884185,The wishing tree,Genre,Fiction / Historical Fiction,3,"[""qwen_groq"", ""gpt_oss_groq"", ""gpt_oss_20b""]","[""Fiction, general"", ""Historical Fiction"", ""Historical""]"
9780312886448__genre__Fiction / Romance / General Romance / Love Story,9780312886448,Woman wanted,Genre,Fiction / Romance / General Romance / Love Story,3,"[""qwen_groq"", ""gpt_oss_groq"", ""gpt_oss_20b""]","[""Fiction"", ""Fiction, general"", ""Literature & Fiction"", ""American Love stories"", ""Triangles (Interpersonal relations)""]"
9780312886448__metadata__Geographical_Context / Country_or_National_Context / Country_Based_Context / American Context,9780312886448,Woman wanted,Metadata,Geographical_Context / Country_or_National_Context / Country_Based_Context / American Context,3,"[""qwen_groq"", ""gpt_oss_groq"", ""gpt_oss_20b""]","[""Fiction"", ""Fiction, general"", ""Literature & Fiction"", ""American Love stories"", ""Triangles (Interpersonal relations)""]"
9780312886448__metadata__Thematic_Metadata / Relationship_and_Social_Themes / Love_and_Intimacy / Love,9780312886448,Woman wanted,Metadata,Thematic_Metadata / Relationship_and_Social_Themes / Love_and_Intimacy / Love,3,"[""qwen_groq"", ""gpt_oss_groq"", ""gpt_oss_20b""]","[""Fiction"", ""Fiction, general"", ""Literature & Fiction"", ""American Love stories"", ""Triangles (Interpersonal relations)""]"
9780312925475__genre__Fiction / Historical Fiction,9780312925475,The mummy case,Genre,Fiction / Historical Fiction,3,"[""qwen_groq"", ""gpt_oss_groq"", ""gpt_oss_20b""]","[""Amelia Peabody (Fictitious character)"", ""Fiction"", ""Women archaeologists"", ""Mystery and detective stories"", ""Mystery"", ""Peabody, amelia (fictitious character), fiction"", ""Egypt, fiction"", ""Fiction, mystery & detective, women sleuths"", ""Fiction, historical, general"", ""Women archaeologists, fiction"", ""Mystery fiction"", ""Women detectives"", ""Excavations (Archaeology)"", ""Fiction, historical"", ""Fiction, mystery & detective, general"", ""Peabody, Amelia (Fictitious character) -- Fiction"", ""Women archaeologists -- Fiction"", ""Egypt -- Fiction"", ""Historical Fiction"", ""Historical"", ""Egypt"", ""Historical Mystery"", ""Victorian""]"
9780312925475__metadata__Character_and_Representation_Metadata / Identity_Representation / Gender_Representation / Women-Centered,9780312925475,The mummy case,Metadata,Character_and_Representation_Metadata / Identity_Representation / Gender_Representation / Women-Centered,3,"[""qwen_groq"", ""gpt_oss_groq"", ""gpt_oss_20b""]","[""Amelia Peabody (Fictitious character)"", ""Fiction"", ""Women archaeologists"", ""Mystery and detective stories"", ""Mystery"", ""Peabody, amelia (fictitious character), fiction"", ""Egypt, fiction"", ""Fiction, mystery & detective, women sleuths"", ""Fiction, historical, general"", ""Women archaeologists, fiction"", ""Mystery fiction"", ""Women detectives"", ""Excavations (Archaeology)"", ""Fiction, historical"", ""Fiction, mystery & detective, general"", ""Peabody, Amelia (Fictitious character) -- Fiction"", ""Women archaeologists -- Fiction"", ""Egypt -- Fiction"", ""Historical Fiction"", ""Historical"", ""Egypt"", ""Historical Mystery"", ""Victorian""]"
9780312925475__metadata__Character_and_Representation_Metadata / Protagonist_Profile / Role_Profile / Detective,9780312925475,The mummy case,Metadata,Character_and_Representation_Metadata / Protagonist_Profile / Role_Profile / Detective,3,"[""qwen_groq"", ""gpt_oss_groq"", ""gpt_oss_20b""]","[""Amelia Peabody (Fictitious character)"", ""Fiction"", ""Women archaeologists"", ""Mystery and detective stories"", ""Mystery"", ""Peabody, amelia (fictitious character), fiction"", ""Egypt, fiction"", ""Fiction, mystery & detective, women sleuths"", ""Fiction, historical, general"", ""Women archaeologists, fiction"", ""Mystery fiction"", ""Women detectives"", ""Excavations (Archaeology)"", ""Fiction, historical"", ""Fiction, mystery & detective, general"", ""Peabody, Amelia (Fictitious character) -- Fiction"", ""Women archaeologists -- Fiction"", ""Egypt -- Fiction"", ""Historical Fiction"", ""Historical"", ""Egypt"", ""Historical Mystery"", ""Victorian""]"
9780312953621__genre__Fiction / Humor and Satire / Humorous Fiction / Humor Fiction,9780312953621,Star Wreck VII,Genre,Fiction / Humor and Satire / Humorous Fiction / Humor Fiction,3,"[""qwen_groq"", ""gpt_oss_groq"", ""gpt_oss_20b""]","[""Fiction, science fiction, general"", ""Comics & Graphic Novels"", ""Fiction - Science Fiction"", ""Humor"", ""Science Fiction - General"", ""Fiction / Science Fiction / General"", ""Parodies, imitations, etc"", ""Science Fiction""]"
9780312954475__genre__Fiction / Action Fiction / Western Fiction / Western,9780312954475,"Blood at Fort Bridger (Forts of Freedom, Vol 4)",Genre,Fiction / Action Fiction / Western Fiction / Western,3,"[""qwen_groq"", ""gpt_oss_groq"", ""gpt_oss_20b""]","[""Fiction"", ""History"", ""Shoshoni Indians"", ""Fiction, westerns"", ""Fiction - Western"", ""Westerns"", ""Genre Fiction""]"
9780312956929__genre__Fiction / Mystery / Procedural Mystery / Police Procedural,9780312956929,The Dead File,Genre,Fiction / Mystery / Procedural Mystery / Police Procedural,3,"[""qwen_groq"", ""gpt_oss_groq"", ""gpt_oss_20b""]","[""Fiction, mystery & detective, general"", ""Mystery & Detective - General"", ""Psychological"", ""Fiction - Psychological Suspense"", ""Mystery fiction"", ""Fiction"", ""Mystery, Thriller & Suspense"", ""Mystery"", ""Police Procedurals""]"
9780312956929__genre__Fiction / Thriller / Psychological Thriller,9780312956929,The Dead File,Genre,Fiction / Thriller / Psychological Thriller,3,"[""qwen_groq"", ""gpt_oss_groq"", ""gpt_oss_20b""]","[""Fiction, mystery & detective, general"", ""Mystery & Detective - General"", ""Psychological"", ""Fiction - Psychological Suspense"", ""Mystery fiction"", ""Fiction"", ""Mystery, Thriller & Suspense"", ""Mystery"", ""Police Procedurals""]"
9780312958398__genre__Fiction / Action Fiction / Western Fiction / Western,9780312958398,Bloody Hand,Genre,Fiction / Action Fiction / Western Fiction / Western,3,"[""qwen_groq"", ""gpt_oss_groq"", ""gpt_oss_20b""]","[""Fiction / Westerns"", ""Westerns"", ""Fiction - Western"", ""Westerns - General"", ""Fiction, westerns""]"
9780312965112__genre__Fiction / Historical Fiction,9780312965112,Ashes of heaven,Genre,Fiction / Historical Fiction,3,"[""qwen_groq"", ""gpt_oss_groq"", ""gpt_oss_20b""]","[""Fiction"", ""Historical Fiction"", ""Westerns"", ""Historical"", ""Literature & Fiction"", ""Genre Fiction"", ""Fiction, historical, general""]"
9780312966089__genre__Nonfiction / Biography / Biography / Artistic Biography,9780312966089,Lorrie Morgan,Genre,Nonfiction / Biography / Biography / Artistic Biography,3,"[""qwen_groq"", ""gpt_oss_groq"", ""gpt_oss_20b""]","[""Biography"", ""Women musicians"", ""Country musicians"", ""Country musicians -- United States -- Biography."", ""Country""]"
9780312966089__metadata__Character_and_Representation_Metadata / Identity_Representation / Gender_Representation / Women-Centered,9780312966089,Lorrie Morgan,Metadata,Character_and_Representation_Metadata / Identity_Representation / Gender_Representation / Women-Centered,3,"[""qwen_groq"", ""gpt_oss_groq"", ""gpt_oss_20b""]","[""Biography"", ""Women musicians"", ""Country musicians"", ""Country musicians -- United States -- Biography."", ""Country""]"
9780312966089__metadata__Geographical_Context / World_Region / North_America / United States,9780312966089,Lorrie Morgan,Metadata,Geographical_Context / World_Region / North_America / United States,3,"[""qwen_groq"", ""gpt_oss_groq"", ""gpt_oss_20b""]","[""Biography"", ""Women musicians"", ""Country musicians"", ""Country musicians -- United States -- Biography."", ""Country""]"
9780312968182__genre__Fiction / Mystery / Procedural Mystery / Police Procedural,9780312968182,See No Evil (A Marti MacAlister Mystery),Genre,Fiction / Mystery / Procedural Mystery / Police Procedural,3,"[""qwen_groq"", ""gpt_oss_groq"", ""gpt_oss_20b""]","[""Fiction, mystery & detective, women sleuths"", ""Policewomen, fiction"", ""Mystery & Detective - Police Procedural"", ""Mystery & Detective - Series"", ""Mystery & Detective - Women Sleuths"", ""Fiction / Mystery & Detective / General"", ""Mystery & Detective - General"", ""Fiction"", ""Fiction - Mystery/ Detective"", ""Mystery/Suspense"", ""Mystery"", ""Crime""]"
9780312968182__metadata__Character_and_Representation_Metadata / Protagonist_Profile / Role_Profile / Detective,9780312968182,See No Evil (A Marti MacAlister Mystery),Metadata,Character_and_Representation_Metadata / Protagonist_Profile / Role_Profile / Detective,3,"[""qwen_groq"", ""gpt_oss_groq"", ""gpt_oss_20b""]","[""Fiction, mystery & detective, women sleuths"", ""Policewomen, fiction"", ""Mystery & Detective - Police Procedural"", ""Mystery & Detective - Series"", ""Mystery & Detective - Women Sleuths"", ""Fiction / Mystery & Detective / General"", ""Mystery & Detective - General"", ""Fiction"", ""Fiction - Mystery/ Detective"", ""Mystery/Suspense"", ""Mystery"", ""Crime""]"
9780312968182__metadata__Series_and_Publication_Metadata / Series_Status / Series,9780312968182,See No Evil (A Marti MacAlister Mystery),Metadata,Series_and_Publication_Metadata / Series_Status / Series,3,"[""qwen_groq"", ""gpt_oss_groq"", ""gpt_oss_20b""]","[""Fiction, mystery & detective, women sleuths"", ""Policewomen, fiction"", ""Mystery & Detective - Police Procedural"", ""Mystery & Detective - Series"", ""Mystery & Detective - Women Sleuths"", ""Fiction / Mystery & Detective / General"", ""Mystery & Detective - General"", ""Fiction"", ""Fiction - Mystery/ Detective"", ""Mystery/Suspense"", ""Mystery"", ""Crime""]"
9780312968274__genre__Fiction / Action Fiction / Western Fiction / Western,9780312968274,Gentleman Rogue,Genre,Fiction / Action Fiction / Western Fiction / Western,3,"[""qwen_groq"", ""gpt_oss_groq"", ""gpt_oss_20b""]","[""Fiction"", ""Fiction, general"", ""Westerns"", ""Fiction / Westerns"", ""Genre Fiction"", ""Fiction - Western""]"
9780312969950__genre__Fiction / Action Fiction / Western Fiction / Western,9780312969950,Devil Wire,Genre,Fiction / Action Fiction / Western Fiction / Western,3,"[""qwen_groq"", ""gpt_oss_groq"", ""gpt_oss_20b""]","[""Westerns"", ""Fiction / Westerns"", ""Fiction - Western"", ""Genre Fiction""]"
9780312970932__genre__Fiction / Action Fiction / Western Fiction / Western,9780312970932,Indian Territory,Genre,Fiction / Action Fiction / Western Fiction / Western,3,"[""qwen_groq"", ""gpt_oss_groq"", ""gpt_oss_20b""]","[""Railroad stories"", ""Fiction"", ""Fiction, historical"", ""Westerns"", ""Westerns - General"", ""Fiction - Western"", ""Historical""]"
9780312970932__genre__Fiction / Historical Fiction,9780312970932,Indian Territory,Genre,Fiction / Historical Fiction,3,"[""qwen_groq"", ""gpt_oss_groq"", ""gpt_oss_20b""]","[""Railroad stories"", ""Fiction"", ""Fiction, historical"", ""Westerns"", ""Westerns - General"", ""Fiction - Western"", ""Historical""]"
9780312971007__genre__Nonfiction,9780312971007,How to win at Sony Playstation games,Genre,Nonfiction,3,"[""qwen_groq"", ""gpt_oss_groq"", ""gpt_oss_20b""]","[""Sony video games"", ""Handbooks, manuals"", ""Video games"", ""Sony video games -- Handbooks, manuals, etc."", ""Games & Strategy Guides""]"
9780316092814__genre__Nonfiction / History / Social and Cultural History / Diplomatic History,9780316092814,At the highest levels,Genre,Nonfiction / History / Social and Cultural History / Diplomatic History,3,"[""qwen_groq"", ""gpt_oss_groq"", ""gpt_oss_20b""]","[""Foreign relations"", ""Cold War"", ""United states, foreign relations, soviet union"", ""Soviet union, foreign relations, united states"", ""United states, foreign relations, 1989-1993"", ""Soviet union, foreign relations, 1985-1991"", ""Bush, george, 1924-2018"", ""Gorbachev, mikhail sergeevich, 1931-2022"", ""Bush, George, 1924-"", ""Gorbachev, Mikhail Sergeevich, 1931-"", ""United States -- Foreign relations -- Soviet Union"", ""Soviet Union -- Foreign relations -- United States"", ""United States -- Foreign relations -- 1989-1993"", ""Soviet Union -- Foreign relations -- 1985-1991"", ""History"", ""Nonfiction"", ""Russia"", ""Politics"", ""American History"", ""Russian History"", ""20th Century"", ""Biographies & Memoirs"", ""Leaders & Notable People"", ""Presidents & Heads of State"", ""US Presidents""]"
9780316092814__metadata__Geographical_Context / Country_or_National_Context / Country_Based_Context / American Context,9780316092814,At the highest levels,Metadata,Geographical_Context / Country_or_National_Context / Country_Based_Context / American Context,3,"[""qwen_groq"", ""gpt_oss_groq"", ""gpt_oss_20b""]","[""Foreign relations"", ""Cold War"", ""United states, foreign relations, soviet union"", ""Soviet union, foreign relations, united states"", ""United states, foreign relations, 1989-1993"", ""Soviet union, foreign relations, 1985-1991"", ""Bush, george, 1924-2018"", ""Gorbachev, mikhail sergeevich, 1931-2022"", ""Bush, George, 1924-"", ""Gorbachev, Mikhail Sergeevich, 1931-"", ""United States -- Foreign relations -- Soviet Union"", ""Soviet Union -- Foreign relations -- United States"", ""United States -- Foreign relations -- 1989-1993"", ""Soviet Union -- Foreign relations -- 1985-1991"", ""History"", ""Nonfiction"", ""Russia"", ""Politics"", ""American History"", ""Russian History"", ""20th Century"", ""Biographies & Memoirs"", ""Leaders & Notable People"", ""Presidents & Heads of State"", ""US Presidents""]"
9780316092814__metadata__Geographical_Context / Country_or_National_Context / Country_Based_Context / Russian Context,9780316092814,At the highest levels,Metadata,Geographical_Context / Country_or_National_Context / Country_Based_Context / Russian Context,3,"[""qwen_groq"", ""gpt_oss_groq"", ""gpt_oss_20b""]","[""Foreign relations"", ""Cold War"", ""United states, foreign relations, soviet union"", ""Soviet union, foreign relations, united states"", ""United states, foreign relations, 1989-1993"", ""Soviet union, foreign relations, 1985-1991"", ""Bush, george, 1924-2018"", ""Gorbachev, mikhail sergeevich, 1931-2022"", ""Bush, George, 1924-"", ""Gorbachev, Mikhail Sergeevich, 1931-"", ""United States -- Foreign relations -- Soviet Union"", ""Soviet Union -- Foreign relations -- United States"", ""United States -- Foreign relations -- 1989-1993"", ""Soviet Union -- Foreign relations -- 1985-1991"", ""History"", ""Nonfiction"", ""Russia"", ""Politics"", ""American History"", ""Russian History"", ""20th Century"", ""Biographies & Memoirs"", ""Leaders & Notable People"", ""Presidents & Heads of State"", ""US Presidents""]"
9780316170925__genre__Fiction / Romance / General Romance / Romance,9780316170925,Heiress,Genre,Fiction / Romance / General Romance / Romance,3,"[""qwen_groq"", ""gpt_oss_groq"", ""gpt_oss_20b""]","[""Fiction"", ""Inheritance and succession"", ""Romance"", ""Sisters"", ""Contemporary Romance"", ""Contemporary"", ""Adult Fiction""]"
9780316170925__metadata__Temporal_Context / Historical_Period / Contemporary,9780316170925,Heiress,Metadata,Temporal_Context / Historical_Period / Contemporary,3,"[""qwen_groq"", ""gpt_oss_groq"", ""gpt_oss_20b""]","[""Fiction"", ""Inheritance and succession"", ""Romance"", ""Sisters"", ""Contemporary Romance"", ""Contemporary"", ""Adult Fiction""]"
9780316243001__genre__Fiction,9780316243001,Santa and Alex,Genre,Fiction,3,"[""qwen_groq"", ""gpt_oss_groq"", ""gpt_oss_20b""]","[""Christmas"", ""Santa Claus"", ""Fiction"", ""Picture books"", ""Children's fiction""]"
9780316279185__metadata__Geographical_Context / World_Region / North_America / United States,9780316279185,Tales out of school,Metadata,Geographical_Context / World_Region / North_America / United States,3,"[""qwen_groq"", ""gpt_oss_groq"", ""gpt_oss_20b""]","[""Educational change"", ""Public schools"", ""Education"", ""Aims and objectives"", ""School management and organization"", ""Education, united states"", ""Public schools, united states"", ""Education & Teaching"", ""Schools & Teaching"", ""Education, aims and objectives"", ""Fernández, Joseph A.""]"
9780316698399__genre__Nonfiction / Biography / Biography / Scientific Biography,9780316698399,No man alone,Genre,Nonfiction / Biography / Biography / Scientific Biography,3,"[""qwen_groq"", ""gpt_oss_groq"", ""gpt_oss_20b""]","[""Biography"", ""History"", ""Neurosurgeons"", ""Surgeons, biography"", ""Neurosurgery"", ""Personal narratives"", ""Penfield, Wilder, 1891-"", ""Montreal Neurological Institute -- History"", ""Psychology"", ""Nonfiction"", ""Biographies & Memoirs"", ""Professionals & Academics"", ""Medical"", ""Montreal Neurological Institute"", ""Neurosurgeons -- Québec (Province) -- Biography""]"
9780316698399__genre__Nonfiction / History / History of Science / History of Medicine,9780316698399,No man alone,Genre,Nonfiction / History / History of Science / History of Medicine,3,"[""qwen_groq"", ""gpt_oss_groq"", ""gpt_oss_20b""]","[""Biography"", ""History"", ""Neurosurgeons"", ""Surgeons, biography"", ""Neurosurgery"", ""Personal narratives"", ""Penfield, Wilder, 1891-"", ""Montreal Neurological Institute -- History"", ""Psychology"", ""Nonfiction"", ""Biographies & Memoirs"", ""Professionals & Academics"", ""Medical"", ""Montreal Neurological Institute"", ""Neurosurgeons -- Québec (Province) -- Biography""]"
9780316698399__genre__Nonfiction / Science / Cognitive and Behavioral Sciences / Psychology,9780316698399,No man alone,Genre,Nonfiction / Science / Cognitive and Behavioral Sciences / Psychology,3,"[""qwen_groq"", ""gpt_oss_groq"", ""gpt_oss_20b""]","[""Biography"", ""History"", ""Neurosurgeons"", ""Surgeons, biography"", ""Neurosurgery"", ""Personal narratives"", ""Penfield, Wilder, 1891-"", ""Montreal Neurological Institute -- History"", ""Psychology"", ""Nonfiction"", ""Biographies & Memoirs"", ""Professionals & Academics"", ""Medical"", ""Montreal Neurological Institute"", ""Neurosurgeons -- Québec (Province) -- Biography""]"
9780316723893__genre__Fiction,9780316723893,Lucy's birthday,Genre,Fiction,3,"[""qwen_groq"", ""gpt_oss_groq"", ""gpt_oss_20b""]","[""Fiction"", ""Children's fiction"", ""Birthdays, fiction"", ""Color"", ""Shape"", ""Counting"", ""Toy and movable books"", ""Children's Books""]"
9780330306997__metadata__Language_and_Textual_Context / Language / Single_Language / English,9780330306997,The Obstacle Race (Read Together),Metadata,Language_and_Textual_Context / Language / Single_Language / English,3,"[""qwen_groq"", ""gpt_oss_groq"", ""gpt_oss_20b""]","[""Study guides, home study & revision notes"", ""English language readers""]"
9780330342018__genre__Fiction / Animal Fiction / Animal Fiction / Animal Story,9780330342018,Running Wild (Hollywell Stables),Genre,Fiction / Animal Fiction / Animal Fiction / Animal Story,3,"[""qwen_groq"", ""gpt_oss_groq"", ""gpt_oss_20b""]","[""Animal stories""]"
9780340550823__genre__Fiction,9780340550823,Secret Seven Fireworks / Good Old Secret Seven,Genre,Fiction,3,"[""qwen_groq"", ""gpt_oss_groq"", ""gpt_oss_20b""]","[""Fiction"", ""Literature & Fiction""]"
9780345285423__genre__Nonfiction / Self Help and Personal Development / Self Help / Self Help,9780345285423,How to get whatever you want out of life,Genre,Nonfiction / Self Help and Personal Development / Self Help / Self Help,3,"[""qwen_groq"", ""gpt_oss_groq"", ""gpt_oss_20b""]","[""Success"", ""Self Help""]"
9780345353016__genre__Fiction / Science Fiction / Space Science Fiction / Space Opera,9780345353016,"Robotech : The Sentinels, Dark Powers",Genre,Fiction / Science Fiction / Space Science Fiction / Space Opera,3,"[""qwen_groq"", ""gpt_oss_groq"", ""gpt_oss_20b""]","[""Science Fiction"", ""Media Tie In"", ""Space Opera"", ""Military Fiction"", ""Science Fiction & Fantasy""]"
9780345353818__genre__Nonfiction / History / Social and Cultural History / Political History,9780345353818,Fall from grace,Genre,Nonfiction / History / Social and Cultural History / Political History,3,"[""qwen_groq"", ""gpt_oss_groq"", ""gpt_oss_20b""]","[""Politics and government"", ""Scandals"", ""Political corruption"", ""Sex scandals"", ""History"", ""Political corruption -- United States -- History"", ""Scandals -- United States -- History"", ""United States -- Politics and government"", ""United States""]"
9780345353818__genre__Nonfiction / Politics and Law / Politics / Political Nonfiction,9780345353818,Fall from grace,Genre,Nonfiction / Politics and Law / Politics / Political Nonfiction,3,"[""qwen_groq"", ""gpt_oss_groq"", ""gpt_oss_20b""]","[""Politics and government"", ""Scandals"", ""Political corruption"", ""Sex scandals"", ""History"", ""Political corruption -- United States -- History"", ""Scandals -- United States -- History"", ""United States -- Politics and government"", ""United States""]"
9780345353818__metadata__Geographical_Context / World_Region / North_America / United States,9780345353818,Fall from grace,Metadata,Geographical_Context / World_Region / North_America / United States,3,"[""qwen_groq"", ""gpt_oss_groq"", ""gpt_oss_20b""]","[""Politics and government"", ""Scandals"", ""Political corruption"", ""Sex scandals"", ""History"", ""Political corruption -- United States -- History"", ""Scandals -- United States -- History"", ""United States -- Politics and government"", ""United States""]"
9780345356284__genre__Fiction,9780345356284,Richard Lamb,Genre,Fiction,3,"[""qwen_groq"", ""gpt_oss_groq"", ""gpt_oss_20b""]","[""Westerns"", ""Literature & Fiction"", ""Genre Fiction""]"
9780345380487__genre__Fiction / Historical Fiction / Historical Speculative Fiction / Alternate History,9780345380487,Hammer and anvil,Genre,Fiction / Historical Fiction / Historical Speculative Fiction / Alternate History,3,"[""qwen_groq"", ""gpt_oss_groq"", ""gpt_oss_20b""]","[""Science fiction"", ""Alternate History"", ""Fiction"", ""Literature & Fiction""]"
9780345386830__genre__Fiction / Thriller / Legal and Forensic Thriller / Legal Thriller,9780345386830,Double jeopardy,Genre,Fiction / Thriller / Legal and Forensic Thriller / Legal Thriller,3,"[""qwen_groq"", ""gpt_oss_groq"", ""gpt_oss_20b""]","[""Fiction, mystery & detective, general"", ""Lawyers, fiction"", ""Fiction, legal"", ""Mystery"", ""Legal Thriller"", ""Thriller"", ""Mystery Thriller"", ""Crime"", ""Mystery, Thriller & Suspense"", ""Thrillers & Suspense"", ""Kidnapping"", ""Fiction"", ""Legal""]"
9780345386830__metadata__Thematic_Metadata / Conflict_and_Event_Themes / Crime_and_Justice / Crime,9780345386830,Double jeopardy,Metadata,Thematic_Metadata / Conflict_and_Event_Themes / Crime_and_Justice / Crime,3,"[""qwen_groq"", ""gpt_oss_groq"", ""gpt_oss_20b""]","[""Fiction, mystery & detective, general"", ""Lawyers, fiction"", ""Fiction, legal"", ""Mystery"", ""Legal Thriller"", ""Thriller"", ""Mystery Thriller"", ""Crime"", ""Mystery, Thriller & Suspense"", ""Thrillers & Suspense"", ""Kidnapping"", ""Fiction"", ""Legal""]"
9780345387325__genre__Fiction / Fantasy / Epic and High Fantasy / High Fantasy,9780345387325,Kingdoms Of The Night,Genre,Fiction / Fantasy / Epic and High Fantasy / High Fantasy,3,"[""qwen_groq"", ""gpt_oss_groq"", ""gpt_oss_20b""]","[""Fiction"", ""Fantasy"", ""High Fantasy"", ""Science Fiction & Fantasy"", ""Epic""]"
9780345402967__genre__Fiction / Science Fiction / Hard and Soft Science Fiction / Hard Science Fiction,9780345402967,The Moreau Factor,Genre,Fiction / Science Fiction / Hard and Soft Science Fiction / Hard Science Fiction,3,"[""qwen_groq"", ""gpt_oss_groq"", ""gpt_oss_20b""]","[""Genetic engineering"", ""Conspiracies"", ""Fiction"", ""Fiction - Science Fiction"", ""Science Fiction - General"", ""Fiction / Science Fiction / General"", ""Science Fiction"", ""Science Fiction & Fantasy"", ""Hard Science Fiction""]"
9780345402967__metadata__Thematic_Metadata / Knowledge_and_Idea_Themes / Science_and_Technology,9780345402967,The Moreau Factor,Metadata,Thematic_Metadata / Knowledge_and_Idea_Themes / Science_and_Technology,3,"[""qwen_groq"", ""gpt_oss_groq"", ""gpt_oss_20b""]","[""Genetic engineering"", ""Conspiracies"", ""Fiction"", ""Fiction - Science Fiction"", ""Science Fiction - General"", ""Fiction / Science Fiction / General"", ""Science Fiction"", ""Science Fiction & Fantasy"", ""Hard Science Fiction""]"
9780345418067__genre__Fiction / Thriller / Legal and Forensic Thriller / Legal Thriller,9780345418067,Blind Justice,Genre,Fiction / Thriller / Legal and Forensic Thriller / Legal Thriller,3,"[""qwen_groq"", ""gpt_oss_groq"", ""gpt_oss_20b""]","[""Ben Kincaid (Fictitious character)"", ""Fiction"", ""Fiction, suspense"", ""Legal"", ""Mystery & Detective - General"", ""Mystery"", ""Legal Thriller"", ""Thriller"", ""Crime"", ""Mystery, Thriller & Suspense"", ""Thrillers & Suspense""]"
9780356178981__genre__Fiction / Historical Fiction,9780356178981,Eve's Apples,Genre,Fiction / Historical Fiction,3,"[""qwen_groq"", ""gpt_oss_groq"", ""gpt_oss_20b""]","[""Fiction, romance, historical"", ""Fiction, romance, historical, general"", ""Romance: historical"", ""Historical Fiction"", ""Fiction"", ""Literature & Fiction"", ""Literary Fiction"", ""British & Irish""]"
9780356178981__genre__Fiction / Romance,9780356178981,Eve's Apples,Genre,Fiction / Romance,3,"[""qwen_groq"", ""gpt_oss_groq"", ""gpt_oss_20b""]","[""Fiction, romance, historical"", ""Fiction, romance, historical, general"", ""Romance: historical"", ""Historical Fiction"", ""Fiction"", ""Literature & Fiction"", ""Literary Fiction"", ""British & Irish""]"
9780356178981__metadata__Geographical_Context / Country_or_National_Context / Country_Based_Context / British Context,9780356178981,Eve's Apples,Metadata,Geographical_Context / Country_or_National_Context / Country_Based_Context / British Context,3,"[""qwen_groq"", ""gpt_oss_groq"", ""gpt_oss_20b""]","[""Fiction, romance, historical"", ""Fiction, romance, historical, general"", ""Romance: historical"", ""Historical Fiction"", ""Fiction"", ""Literature & Fiction"", ""Literary Fiction"", ""British & Irish""]"
9780373035380__metadata__Thematic_Metadata / Relationship_and_Social_Themes / Family,9780373035380,Make Believe Mother (Kids & Kisses),Metadata,Thematic_Metadata / Relationship_and_Social_Themes / Family,3,"[""qwen_groq"", ""gpt_oss_groq"", ""gpt_oss_20b""]","[""Romance - Contemporary"", ""Fiction - Romance"", ""Family Life"", ""Parenthood & Children""]"
9780373035397__metadata__Temporal_Context / Historical_Period / Contemporary,9780373035397,Bachelor Available (Texas Grooms Wanted),Metadata,Temporal_Context / Historical_Period / Contemporary,3,"[""qwen_groq"", ""gpt_oss_groq"", ""gpt_oss_20b""]","[""Romance - Contemporary"", ""Romance"", ""Contemporary"", ""Fiction - Romance"", ""Fiction""]"
9780373035458__metadata__Temporal_Context / Historical_Period / Contemporary,9780373035458,Undercover Fiancee (Love Undercover),Metadata,Temporal_Context / Historical_Period / Contemporary,3,"[""qwen_groq"", ""gpt_oss_groq"", ""gpt_oss_20b""]","[""Romance - General"", ""Romance - Contemporary"", ""Fiction - Romance"", ""Romance"", ""Contemporary""]"
9780373035809__genre__Fiction / Romance / General Romance / Romance,9780373035809,"A Husband For Christmas (Daddy Boom) (Harlequin Romance, 3580)",Genre,Fiction / Romance / General Romance / Romance,3,"[""qwen_groq"", ""gpt_oss_groq"", ""gpt_oss_20b""]","[""Fiction, romance, general"", ""Romance - Contemporary"", ""Romance - General"", ""Fiction - Romance"", ""Fiction"", ""Romance"", ""Christmas"", ""Contemporary""]"
9780373035809__metadata__Temporal_Context / Historical_Period / Contemporary,9780373035809,"A Husband For Christmas (Daddy Boom) (Harlequin Romance, 3580)",Metadata,Temporal_Context / Historical_Period / Contemporary,3,"[""qwen_groq"", ""gpt_oss_groq"", ""gpt_oss_20b""]","[""Fiction, romance, general"", ""Romance - Contemporary"", ""Romance - General"", ""Fiction - Romance"", ""Fiction"", ""Romance"", ""Christmas"", ""Contemporary""]"
9780373035823__genre__Fiction / Romance / General Romance / Romance,9780373035823,Resolution,Genre,Fiction / Romance / General Romance / Romance,3,"[""qwen_groq"", ""gpt_oss_groq"", ""gpt_oss_20b""]","[""Fiction, romance, general"", ""Romance - Contemporary"", ""Romance - General"", ""Fiction - Romance"", ""Fiction""]"
9780373035823__metadata__Temporal_Context / Historical_Period / Contemporary,9780373035823,Resolution,Metadata,Temporal_Context / Historical_Period / Contemporary,3,"[""qwen_groq"", ""gpt_oss_groq"", ""gpt_oss_20b""]","[""Fiction, romance, general"", ""Romance - Contemporary"", ""Romance - General"", ""Fiction - Romance"", ""Fiction""]"
9780373036509__metadata__Temporal_Context / Historical_Period / Contemporary,9780373036509,A Child in Need,Metadata,Temporal_Context / Historical_Period / Contemporary,3,"[""qwen_groq"", ""gpt_oss_groq"", ""gpt_oss_20b""]","[""Fiction, Romance, Contemporary"", ""Romance - Contemporary"", ""Fiction - Romance"", ""Romance: Modern"", ""Literature & Fiction"", ""Genre Fiction"", ""Family Life"", ""Parenthood & Children""]"
9780373036509__metadata__Thematic_Metadata / Relationship_and_Social_Themes / Family,9780373036509,A Child in Need,Metadata,Thematic_Metadata / Relationship_and_Social_Themes / Family,3,"[""qwen_groq"", ""gpt_oss_groq"", ""gpt_oss_20b""]","[""Fiction, Romance, Contemporary"", ""Romance - Contemporary"", ""Fiction - Romance"", ""Romance: Modern"", ""Literature & Fiction"", ""Genre Fiction"", ""Family Life"", ""Parenthood & Children""]"
9780373053759__genre__Fiction / Romance / General Romance / Romance,9780373053759,Gift Of Love,Genre,Fiction / Romance / General Romance / Romance,3,"[""qwen_groq"", ""gpt_oss_groq"", ""gpt_oss_20b""]","[""Romance - Contemporary"", ""Fiction"", ""Romance: Modern"", ""Romance"", ""Literature & Fiction"", ""Genre Fiction"", ""Family Life""]"
9780373053759__metadata__Temporal_Context / Historical_Period / Contemporary,9780373053759,Gift Of Love,Metadata,Temporal_Context / Historical_Period / Contemporary,3,"[""qwen_groq"", ""gpt_oss_groq"", ""gpt_oss_20b""]","[""Romance - Contemporary"", ""Fiction"", ""Romance: Modern"", ""Romance"", ""Literature & Fiction"", ""Genre Fiction"", ""Family Life""]"
9780373053759__metadata__Thematic_Metadata / Relationship_and_Social_Themes / Family,9780373053759,Gift Of Love,Metadata,Thematic_Metadata / Relationship_and_Social_Themes / Family,3,"[""qwen_groq"", ""gpt_oss_groq"", ""gpt_oss_20b""]","[""Romance - Contemporary"", ""Fiction"", ""Romance: Modern"", ""Romance"", ""Literature & Fiction"", ""Genre Fiction"", ""Family Life""]"
9780373057764__metadata__Temporal_Context / Historical_Period / Contemporary,9780373057764,"Good Golly, Miss Molly",Metadata,Temporal_Context / Historical_Period / Contemporary,3,"[""qwen_groq"", ""gpt_oss_groq"", ""gpt_oss_20b""]","[""Romance"", ""Contemporary"", ""Fiction""]"
9780373076895__genre__Fiction / Romance / General Romance / Romance,9780373076895,Roughneck,Genre,Fiction / Romance / General Romance / Romance,3,"[""qwen_groq"", ""gpt_oss_groq"", ""gpt_oss_20b""]","[""Fiction, general"", ""Romance - Contemporary"", ""Romance - General"", ""Fiction"", ""Fiction - Romance"", ""Romance: Modern"", ""Literature & Fiction"", ""Contemporary Fiction"", ""Romance""]"
9780373076895__metadata__Temporal_Context / Historical_Period / Contemporary,9780373076895,Roughneck,Metadata,Temporal_Context / Historical_Period / Contemporary,3,"[""qwen_groq"", ""gpt_oss_groq"", ""gpt_oss_20b""]","[""Fiction, general"", ""Romance - Contemporary"", ""Romance - General"", ""Fiction"", ""Fiction - Romance"", ""Romance: Modern"", ""Literature & Fiction"", ""Contemporary Fiction"", ""Romance""]"
9780373086870__metadata__Temporal_Context / Historical_Period / Contemporary,9780373086870,Finally Home,Metadata,Temporal_Context / Historical_Period / Contemporary,3,"[""qwen_groq"", ""gpt_oss_groq"", ""gpt_oss_20b""]","[""Fiction, general"", ""Romance - General"", ""Romance"", ""Contemporary""]"
9780373093595__genre__Fiction / Romance / General Romance / Romance,9780373093595,Something Worth Keeping,Genre,Fiction / Romance / General Romance / Romance,3,"[""qwen_groq"", ""gpt_oss_groq"", ""gpt_oss_20b""]","[""Fiction"", ""Romance"", ""Contemporary"", ""Romance - Contemporary"", ""Romance: Modern""]"
9780373093595__metadata__Temporal_Context / Historical_Period / Contemporary,9780373093595,Something Worth Keeping,Metadata,Temporal_Context / Historical_Period / Contemporary,3,"[""qwen_groq"", ""gpt_oss_groq"", ""gpt_oss_20b""]","[""Fiction"", ""Romance"", ""Contemporary"", ""Romance - Contemporary"", ""Romance: Modern""]"
9780373093762__genre__Fiction / Romance / General Romance / Romance,9780373093762,Renegade Son,Genre,Fiction / Romance / General Romance / Romance,3,"[""qwen_groq"", ""gpt_oss_groq"", ""gpt_oss_20b""]","[""Fiction"", ""Romance - Contemporary"", ""Romance""]"
9780373093762__metadata__Temporal_Context / Historical_Period / Contemporary,9780373093762,Renegade Son,Metadata,Temporal_Context / Historical_Period / Contemporary,3,"[""qwen_groq"", ""gpt_oss_groq"", ""gpt_oss_20b""]","[""Fiction"", ""Romance - Contemporary"", ""Romance""]"
9780373093861__metadata__Temporal_Context / Historical_Period / Contemporary,9780373093861,Mandrego,Metadata,Temporal_Context / Historical_Period / Contemporary,3,"[""qwen_groq"", ""gpt_oss_groq"", ""gpt_oss_20b""]","[""Romance - Contemporary"", ""Fiction"", ""Romance: Modern"", ""Romance"", ""Contemporary""]"
9780373099498__genre__Fiction / Romance / General Romance / Romance,9780373099498,Where Dreams Have Been...(That Special Woman!),Genre,Fiction / Romance / General Romance / Romance,3,"[""qwen_groq"", ""gpt_oss_groq"", ""gpt_oss_20b""]","[""Romance"", ""Fiction"", ""Fiction - Romance"", ""Romance - General"", ""Contemporary""]"
9780373099498__metadata__Temporal_Context / Historical_Period / Contemporary,9780373099498,Where Dreams Have Been...(That Special Woman!),Metadata,Temporal_Context / Historical_Period / Contemporary,3,"[""qwen_groq"", ""gpt_oss_groq"", ""gpt_oss_20b""]","[""Romance"", ""Fiction"", ""Fiction - Romance"", ""Romance - General"", ""Contemporary""]"
9780373108770__metadata__Character_and_Representation_Metadata / Identity_Representation / Gender_Representation / Women-Centered,9780373108770,Knight's Possession,Metadata,Character_and_Representation_Metadata / Identity_Representation / Gender_Representation / Women-Centered,3,"[""qwen_groq"", ""gpt_oss_groq"", ""gpt_oss_20b""]","[""Romance"", ""Contemporary Romance"", ""M F Romance"", ""Contemporary"", ""Women's Fiction""]"
9780373108770__metadata__Temporal_Context / Historical_Period / Contemporary,9780373108770,Knight's Possession,Metadata,Temporal_Context / Historical_Period / Contemporary,3,"[""qwen_groq"", ""gpt_oss_groq"", ""gpt_oss_20b""]","[""Romance"", ""Contemporary Romance"", ""M F Romance"", ""Contemporary"", ""Women's Fiction""]"
9780373111954__genre__Fiction / Romance / General Romance / Romance,9780373111954,Sweet Captivity,Genre,Fiction / Romance / General Romance / Romance,3,"[""qwen_groq"", ""gpt_oss_groq"", ""gpt_oss_20b""]","[""Fiction, general"", ""Romance - General"", ""Romance"", ""Literature & Fiction""]"
9780373113392__metadata__Temporal_Context / Historical_Period / Contemporary,9780373113392,Time For Trust,Metadata,Temporal_Context / Historical_Period / Contemporary,3,"[""qwen_groq"", ""gpt_oss_groq"", ""gpt_oss_20b""]","[""Fiction, Romance, Contemporary"", ""Families, fiction"", ""Man-woman relationships, fiction"", ""Romance - General"", ""Fiction"", ""Romance"", ""Category Romance""]"
9780373117796__genre__Fiction / Romance / Relationship Trope Romance / Second Chance Romance,9780373117796,Unfaithful Wife (Presents Plus),Genre,Fiction / Romance / Relationship Trope Romance / Second Chance Romance,3,"[""qwen_groq"", ""gpt_oss_groq"", ""gpt_oss_20b""]","[""Fiction, general"", ""Fiction, Romance, Contemporary"", ""Fiction"", ""Fiction, romance, general"", ""Fiction - Romance"", ""Romance - General"", ""Romance"", ""Contemporary Romance"", ""Contemporary"", ""Marriage Of Convenience"", ""Second Chance"", ""Literature & Fiction"", ""Genre Fiction"", ""Family Life"", ""Marriage & Divorce""]"
9780373117796__metadata__Temporal_Context / Historical_Period / Contemporary,9780373117796,Unfaithful Wife (Presents Plus),Metadata,Temporal_Context / Historical_Period / Contemporary,3,"[""qwen_groq"", ""gpt_oss_groq"", ""gpt_oss_20b""]","[""Fiction, general"", ""Fiction, Romance, Contemporary"", ""Fiction"", ""Fiction, romance, general"", ""Fiction - Romance"", ""Romance - General"", ""Romance"", ""Contemporary Romance"", ""Contemporary"", ""Marriage Of Convenience"", ""Second Chance"", ""Literature & Fiction"", ""Genre Fiction"", ""Family Life"", ""Marriage & Divorce""]"
9780373117796__metadata__Thematic_Metadata / Relationship_and_Social_Themes / Love_and_Intimacy / Marriage,9780373117796,Unfaithful Wife (Presents Plus),Metadata,Thematic_Metadata / Relationship_and_Social_Themes / Love_and_Intimacy / Marriage,3,"[""qwen_groq"", ""gpt_oss_groq"", ""gpt_oss_20b""]","[""Fiction, general"", ""Fiction, Romance, Contemporary"", ""Fiction"", ""Fiction, romance, general"", ""Fiction - Romance"", ""Romance - General"", ""Romance"", ""Contemporary Romance"", ""Contemporary"", ""Marriage Of Convenience"", ""Second Chance"", ""Literature & Fiction"", ""Genre Fiction"", ""Family Life"", ""Marriage & Divorce""]"
9780373119875__genre__Fiction / Romance / General Romance / Romance,9780373119875,Marriage Solution,Genre,Fiction / Romance / General Romance / Romance,3,"[""qwen_groq"", ""gpt_oss_groq"", ""gpt_oss_20b""]","[""Fiction, general"", ""Marriage"", ""Fiction"", ""Romance - General"", ""Romance - Contemporary"", ""Fiction - Romance"", ""Romance: Modern"", ""Marriage Of Convenience"", ""Romance"", ""Contemporary Romance"", ""Contemporary""]"
9780373119875__metadata__Temporal_Context / Historical_Period / Contemporary,9780373119875,Marriage Solution,Metadata,Temporal_Context / Historical_Period / Contemporary,3,"[""qwen_groq"", ""gpt_oss_groq"", ""gpt_oss_20b""]","[""Fiction, general"", ""Marriage"", ""Fiction"", ""Romance - General"", ""Romance - Contemporary"", ""Fiction - Romance"", ""Romance: Modern"", ""Marriage Of Convenience"", ""Romance"", ""Contemporary Romance"", ""Contemporary""]"
9780373119875__metadata__Thematic_Metadata / Relationship_and_Social_Themes / Love_and_Intimacy / Marriage,9780373119875,Marriage Solution,Metadata,Thematic_Metadata / Relationship_and_Social_Themes / Love_and_Intimacy / Marriage,3,"[""qwen_groq"", ""gpt_oss_groq"", ""gpt_oss_20b""]","[""Fiction, general"", ""Marriage"", ""Fiction"", ""Romance - General"", ""Romance - Contemporary"", ""Fiction - Romance"", ""Romance: Modern"", ""Marriage Of Convenience"", ""Romance"", ""Contemporary Romance"", ""Contemporary""]"
9780373119882__genre__Fiction / Romance / Erotic Romance / Erotic Romance,9780373119882,"All Male (Harlequin Presents , No 1988)",Genre,Fiction / Romance / Erotic Romance / Erotic Romance,3,"[""qwen_groq"", ""gpt_oss_groq"", ""gpt_oss_20b""]","[""Fiction, romance, erotica"", ""Fiction, romance, erotic"", ""Revenge"", ""Fiction"", ""Businessmen"", ""Premarital sex"", ""Romance - General"", ""Romance - Contemporary"", ""Fiction - Romance"", ""Romance: Modern"", ""Romance"", ""Contemporary""]"
9780373120215__genre__Fiction / Romance / General Romance / Romance,9780373120215,Very Private Revenge,Genre,Fiction / Romance / General Romance / Romance,3,"[""qwen_groq"", ""gpt_oss_groq"", ""gpt_oss_20b""]","[""Fiction"", ""Romance"", ""Revenge"", ""Contemporary Romance"", ""Contemporary"", ""Literature & Fiction"", ""Contemporary Fiction"", ""Romance - Contemporary""]"
9780373120215__metadata__Temporal_Context / Historical_Period / Contemporary,9780373120215,Very Private Revenge,Metadata,Temporal_Context / Historical_Period / Contemporary,3,"[""qwen_groq"", ""gpt_oss_groq"", ""gpt_oss_20b""]","[""Fiction"", ""Romance"", ""Revenge"", ""Contemporary Romance"", ""Contemporary"", ""Literature & Fiction"", ""Contemporary Fiction"", ""Romance - Contemporary""]"
9780373120239__genre__Fiction / Romance / General Romance / Romance,9780373120239,One Husband Required (Wanted: One Wedding Dress),Genre,Fiction / Romance / General Romance / Romance,3,"[""qwen_groq"", ""gpt_oss_groq"", ""gpt_oss_20b""]","[""Fiction, romance, contemporary"", ""Romance - Contemporary"", ""Fiction - Romance"", ""Romance"", ""Contemporary Romance"", ""Literature & Fiction"", ""Genre Fiction"", ""Fiction""]"
9780373120239__metadata__Temporal_Context / Historical_Period / Contemporary,9780373120239,One Husband Required (Wanted: One Wedding Dress),Metadata,Temporal_Context / Historical_Period / Contemporary,3,"[""qwen_groq"", ""gpt_oss_groq"", ""gpt_oss_20b""]","[""Fiction, romance, contemporary"", ""Romance - Contemporary"", ""Fiction - Romance"", ""Romance"", ""Contemporary Romance"", ""Literature & Fiction"", ""Genre Fiction"", ""Fiction""]"
9780373120307__genre__Fiction / Romance / General Romance / Romance,9780373120307,The Seduction Game,Genre,Fiction / Romance / General Romance / Romance,3,"[""qwen_groq"", ""gpt_oss_groq"", ""gpt_oss_20b""]","[""Romance"", ""Fiction - Romance"", ""Romance - Contemporary"", ""Romantic Suspense""]"
9780373120307__metadata__Temporal_Context / Historical_Period / Contemporary,9780373120307,The Seduction Game,Metadata,Temporal_Context / Historical_Period / Contemporary,3,"[""qwen_groq"", ""gpt_oss_groq"", ""gpt_oss_20b""]","[""Romance"", ""Fiction - Romance"", ""Romance - Contemporary"", ""Romantic Suspense""]"
9780373120345__genre__Fiction / Romance / Relationship Trope Romance / Friends to Lovers Romance,9780373120345,Accidental Baby (Expecting!),Genre,Fiction / Romance / Relationship Trope Romance / Friends to Lovers Romance,3,"[""qwen_groq"", ""gpt_oss_groq"", ""gpt_oss_20b""]","[""Romance"", ""Fiction - Romance"", ""Romance - Contemporary"", ""Contemporary"", ""Friends To Lovers"", ""Marriage Of Convenience""]"
9780373120345__metadata__Temporal_Context / Historical_Period / Contemporary,9780373120345,Accidental Baby (Expecting!),Metadata,Temporal_Context / Historical_Period / Contemporary,3,"[""qwen_groq"", ""gpt_oss_groq"", ""gpt_oss_20b""]","[""Romance"", ""Fiction - Romance"", ""Romance - Contemporary"", ""Contemporary"", ""Friends To Lovers"", ""Marriage Of Convenience""]"
9780373120345__metadata__Thematic_Metadata / Relationship_and_Social_Themes / Love_and_Intimacy / Marriage,9780373120345,Accidental Baby (Expecting!),Metadata,Thematic_Metadata / Relationship_and_Social_Themes / Love_and_Intimacy / Marriage,3,"[""qwen_groq"", ""gpt_oss_groq"", ""gpt_oss_20b""]","[""Romance"", ""Fiction - Romance"", ""Romance - Contemporary"", ""Contemporary"", ""Friends To Lovers"", ""Marriage Of Convenience""]"
9780373120468__genre__Fiction / Romance / General Romance / Romance,9780373120468,Hot Surrender,Genre,Fiction / Romance / General Romance / Romance,3,"[""qwen_groq"", ""gpt_oss_groq"", ""gpt_oss_20b""]","[""Fiction, romance, general"", ""Fiction, Romance, Contemporary"", ""Man-woman relationships, fiction"", ""Romance - General"", ""Romance - Contemporary"", ""Fiction - Romance"", ""Fiction"", ""Romance"", ""Contemporary Romance"", ""Category Romance"", ""Contemporary"", ""Romantic""]"
9780373120468__metadata__Temporal_Context / Historical_Period / Contemporary,9780373120468,Hot Surrender,Metadata,Temporal_Context / Historical_Period / Contemporary,3,"[""qwen_groq"", ""gpt_oss_groq"", ""gpt_oss_20b""]","[""Fiction, romance, general"", ""Fiction, Romance, Contemporary"", ""Man-woman relationships, fiction"", ""Romance - General"", ""Romance - Contemporary"", ""Fiction - Romance"", ""Fiction"", ""Romance"", ""Contemporary Romance"", ""Category Romance"", ""Contemporary"", ""Romantic""]"
9780373120567__genre__Fiction / Romance / General Romance / Romance,9780373120567,The mistress bride,Genre,Fiction / Romance / General Romance / Romance,3,"[""qwen_groq"", ""gpt_oss_groq"", ""gpt_oss_20b""]","[""Fiction, romance, general"", ""Fiction"", ""Arranged marriage"", ""Man-woman relationships, fiction"", ""Marriage, fiction"", ""Pregnancy, fiction"", ""Romance"", ""Contemporary Romance"", ""Contemporary"", ""Adult"", ""Category Romance"", ""Literature & Fiction""]"
9780373120567__metadata__Temporal_Context / Historical_Period / Contemporary,9780373120567,The mistress bride,Metadata,Temporal_Context / Historical_Period / Contemporary,3,"[""qwen_groq"", ""gpt_oss_groq"", ""gpt_oss_20b""]","[""Fiction, romance, general"", ""Fiction"", ""Arranged marriage"", ""Man-woman relationships, fiction"", ""Marriage, fiction"", ""Pregnancy, fiction"", ""Romance"", ""Contemporary Romance"", ""Contemporary"", ""Adult"", ""Category Romance"", ""Literature & Fiction""]"
9780373120659__metadata__Temporal_Context / Historical_Period / Contemporary,9780373120659,Secret Daughter,Metadata,Temporal_Context / Historical_Period / Contemporary,3,"[""qwen_groq"", ""gpt_oss_groq"", ""gpt_oss_20b""]","[""Romance"", ""Fiction - Romance"", ""Romance - Contemporary"", ""Fiction""]"
9780373120673__metadata__Temporal_Context / Historical_Period / Contemporary,9780373120673,Convenient Bridegroom (Society Weddings),Metadata,Temporal_Context / Historical_Period / Contemporary,3,"[""qwen_groq"", ""gpt_oss_groq"", ""gpt_oss_20b""]","[""Fiction, Romance, Contemporary"", ""Fiction, romance, general"", ""Romance - Contemporary"", ""Romance - General"", ""Fiction - Romance"", ""Romance"", ""Contemporary""]"
9780373120710__genre__Fiction / Romance / General Romance / Romance,9780373120710,"Mistletoe Mistress (Harlequin Presents, No. 2071)",Genre,Fiction / Romance / General Romance / Romance,3,"[""qwen_groq"", ""gpt_oss_groq"", ""gpt_oss_20b""]","[""Fiction, romance, general"", ""Romance - Contemporary"", ""Fiction - Romance"", ""Romance"", ""Contemporary Romance""]"
9780373120710__metadata__Temporal_Context / Historical_Period / Contemporary,9780373120710,"Mistletoe Mistress (Harlequin Presents, No. 2071)",Metadata,Temporal_Context / Historical_Period / Contemporary,3,"[""qwen_groq"", ""gpt_oss_groq"", ""gpt_oss_20b""]","[""Fiction, romance, general"", ""Romance - Contemporary"", ""Fiction - Romance"", ""Romance"", ""Contemporary Romance""]"
9780373120871__genre__Fiction / Romance / General Romance / Romance,9780373120871,Facing Up to Fatherhood,Genre,Fiction / Romance / General Romance / Romance,3,"[""qwen_groq"", ""gpt_oss_groq"", ""gpt_oss_20b""]","[""Fiction, romance, contemporary"", ""Romance - Contemporary"", ""Fiction - Romance"", ""Romance"", ""Contemporary Romance"", ""Contemporary"", ""Adult"", ""Romance - General"", ""Fiction""]"
9780373120871__metadata__Audience / Age_Group / Adult / General Adult Audience,9780373120871,Facing Up to Fatherhood,Metadata,Audience / Age_Group / Adult / General Adult Audience,3,"[""qwen_groq"", ""gpt_oss_groq"", ""gpt_oss_20b""]","[""Fiction, romance, contemporary"", ""Romance - Contemporary"", ""Fiction - Romance"", ""Romance"", ""Contemporary Romance"", ""Contemporary"", ""Adult"", ""Romance - General"", ""Fiction""]"
9780373120871__metadata__Temporal_Context / Historical_Period / Contemporary,9780373120871,Facing Up to Fatherhood,Metadata,Temporal_Context / Historical_Period / Contemporary,3,"[""qwen_groq"", ""gpt_oss_groq"", ""gpt_oss_20b""]","[""Fiction, romance, contemporary"", ""Romance - Contemporary"", ""Fiction - Romance"", ""Romance"", ""Contemporary Romance"", ""Contemporary"", ""Adult"", ""Romance - General"", ""Fiction""]"
9780373121328__metadata__Temporal_Context / Historical_Period / Contemporary,9780373121328,Bought,Metadata,Temporal_Context / Historical_Period / Contemporary,3,"[""qwen_groq"", ""gpt_oss_groq"", ""gpt_oss_20b""]","[""Fiction, romance, general"", ""Romance - Contemporary"", ""Fiction - Romance"", ""Romance: Modern"", ""Romance"", ""Contemporary Romance"", ""Marriage Of Convenience"", ""Romantic"", ""Romance - General"", ""Fiction""]"
9780373121328__metadata__Thematic_Metadata / Relationship_and_Social_Themes / Love_and_Intimacy / Marriage,9780373121328,Bought,Metadata,Thematic_Metadata / Relationship_and_Social_Themes / Love_and_Intimacy / Marriage,3,"[""qwen_groq"", ""gpt_oss_groq"", ""gpt_oss_20b""]","[""Fiction, romance, general"", ""Romance - Contemporary"", ""Fiction - Romance"", ""Romance: Modern"", ""Romance"", ""Contemporary Romance"", ""Marriage Of Convenience"", ""Romantic"", ""Romance - General"", ""Fiction""]"
9780373121861__genre__Fiction / Romance / General Romance / Romance,9780373121861,YESTERDAY AND FOREVER,Genre,Fiction / Romance / General Romance / Romance,3,"[""qwen_groq"", ""gpt_oss_groq"", ""gpt_oss_20b""]","[""Fiction"", ""Romance"", ""Romance - Contemporary"", ""Contemporary Romance"", ""Romance - General"", ""Fiction - Romance"", ""Romance: Modern"", ""Romantic"", ""Fiction, romance, general""]"
9780373121885__genre__Fiction / Romance / General Romance / Romance,9780373121885,"To Have A Husband (Bachelor Sisters) (Presents, 2188)",Genre,Fiction / Romance / General Romance / Romance,3,"[""qwen_groq"", ""gpt_oss_groq"", ""gpt_oss_20b""]","[""Fiction, Romance, Contemporary"", ""Fiction, romance, general"", ""Romance - Contemporary"", ""Romance - General"", ""Fiction"", ""Fiction - Romance"", ""Romance: Modern"", ""Romance"", ""Contemporary Fiction""]"
9780373121885__metadata__Temporal_Context / Historical_Period / Contemporary,9780373121885,"To Have A Husband (Bachelor Sisters) (Presents, 2188)",Metadata,Temporal_Context / Historical_Period / Contemporary,3,"[""qwen_groq"", ""gpt_oss_groq"", ""gpt_oss_20b""]","[""Fiction, Romance, Contemporary"", ""Fiction, romance, general"", ""Romance - Contemporary"", ""Romance - General"", ""Fiction"", ""Fiction - Romance"", ""Romance: Modern"", ""Romance"", ""Contemporary Fiction""]"
9780373152247__genre__Fiction / Romance / General Romance / Romance,9780373152247,Lingering shadows,Genre,Fiction / Romance / General Romance / Romance,3,"[""qwen_groq"", ""gpt_oss_groq"", ""gpt_oss_20b""]","[""Romance fiction"", ""Fiction, general"", ""Fiction"", ""Romance""]"
9780373160334__genre__Fiction,9780373160334,Destiny's Sweet Errand,Genre,Fiction,3,"[""qwen_groq"", ""gpt_oss_groq"", ""gpt_oss_20b""]","[""Fiction, general""]"
9780373161782__metadata__Temporal_Context / Historical_Period / Contemporary,9780373161782,This Day Forward,Metadata,Temporal_Context / Historical_Period / Contemporary,3,"[""qwen_groq"", ""gpt_oss_groq"", ""gpt_oss_20b""]","[""Romance - Contemporary"", ""Fiction"", ""Romance: Modern"", ""Romance"", ""Contemporary""]"
9780373167463__metadata__Temporal_Context / Historical_Period / Contemporary,9780373167463,Daddy By Destiny,Metadata,Temporal_Context / Historical_Period / Contemporary,3,"[""qwen_groq"", ""gpt_oss_groq"", ""gpt_oss_20b""]","[""Romance"", ""Fiction"", ""Romance - Contemporary"", ""Contemporary""]"
9780373167494__genre__Fiction / Romance / General Romance / Romance,9780373167494,If Wishes Were...Daddies,Genre,Fiction / Romance / General Romance / Romance,3,"[""qwen_groq"", ""gpt_oss_groq"", ""gpt_oss_20b""]","[""Fiction, romance, general"", ""Single mothers"", ""Fiction"", ""Romance - General"", ""Romance - Contemporary"", ""Fiction - Romance"", ""Romance: Modern"", ""Romance""]"
9780373168484__metadata__Temporal_Context / Historical_Period / Contemporary,9780373168484,A Little Office Romance,Metadata,Temporal_Context / Historical_Period / Contemporary,3,"[""qwen_groq"", ""gpt_oss_groq"", ""gpt_oss_20b""]","[""Romance fiction"", ""Fiction, romance, contemporary"", ""Romance - Contemporary"", ""Romance - General"", ""Fiction - Romance"", ""Romance: Modern"", ""Romance"", ""Contemporary""]"
9780373190973__genre__Fiction / Literary Fiction / General Literary Fiction / Contemporary Fiction,9780373190973,Baby talk,Genre,Fiction / Literary Fiction / General Literary Fiction / Contemporary Fiction,3,"[""qwen_groq"", ""gpt_oss_groq"", ""gpt_oss_20b""]","[""Fiction, general"", ""Literature & Fiction"", ""Contemporary Fiction"", ""Romance""]"
9780373190973__metadata__Temporal_Context / Historical_Period / Contemporary,9780373190973,Baby talk,Metadata,Temporal_Context / Historical_Period / Contemporary,3,"[""qwen_groq"", ""gpt_oss_groq"", ""gpt_oss_20b""]","[""Fiction, general"", ""Literature & Fiction"", ""Contemporary Fiction"", ""Romance""]"
9780373194452__genre__Fiction / Romance / General Romance / Romance,9780373194452,"Too Hard To Handle (Romance, 1445)",Genre,Fiction / Romance / General Romance / Romance,3,"[""qwen_groq"", ""gpt_oss_groq"", ""gpt_oss_20b""]","[""Fiction, romance, contemporary"", ""Romance - Contemporary"", ""Romance - General"", ""Fiction"", ""Fiction - Romance"", ""Romance: Modern"", ""Romantic""]"
9780373194452__metadata__Temporal_Context / Historical_Period / Contemporary,9780373194452,"Too Hard To Handle (Romance, 1445)",Metadata,Temporal_Context / Historical_Period / Contemporary,3,"[""qwen_groq"", ""gpt_oss_groq"", ""gpt_oss_20b""]","[""Fiction, romance, contemporary"", ""Romance - Contemporary"", ""Romance - General"", ""Fiction"", ""Fiction - Romance"", ""Romance: Modern"", ""Romantic""]"
9780373194636__metadata__Temporal_Context / Historical_Period / Contemporary,9780373194636,Cherish The Boss (The Circle K Sisters),Metadata,Temporal_Context / Historical_Period / Contemporary,3,"[""qwen_groq"", ""gpt_oss_groq"", ""gpt_oss_20b""]","[""Fiction, romance, general"", ""Romance - Contemporary"", ""Romance - General"", ""Fiction"", ""Fiction - Romance"", ""Romance: Modern"", ""Romance"", ""Contemporary""]"
9780373201389__genre__Fiction / Romance / General Romance / Romance,9780373201389,Rocky Mountain Men (By Request) (Harlequin by Request),Genre,Fiction / Romance / General Romance / Romance,3,"[""qwen_groq"", ""gpt_oss_groq"", ""gpt_oss_20b""]","[""Fiction, general"", ""Romance fiction"", ""Romance - Contemporary"", ""Fiction - Romance"", ""Romance: Modern"", ""Romance"", ""Contemporary"", ""Fiction""]"
9780373201389__metadata__Temporal_Context / Historical_Period / Contemporary,9780373201389,Rocky Mountain Men (By Request) (Harlequin by Request),Metadata,Temporal_Context / Historical_Period / Contemporary,3,"[""qwen_groq"", ""gpt_oss_groq"", ""gpt_oss_20b""]","[""Fiction, general"", ""Romance fiction"", ""Romance - Contemporary"", ""Fiction - Romance"", ""Romance: Modern"", ""Romance"", ""Contemporary"", ""Fiction""]"
9780373201396__genre__Fiction / Romance / General Romance / Romance,9780373201396,Lessons In Love,Genre,Fiction / Romance / General Romance / Romance,3,"[""qwen_groq"", ""gpt_oss_groq"", ""gpt_oss_20b""]","[""Fiction, general"", ""Romance - Contemporary"", ""Romance - General"", ""Fiction"", ""Fiction - Romance"", ""Literature & Fiction""]"
9780373201396__metadata__Temporal_Context / Historical_Period / Contemporary,9780373201396,Lessons In Love,Metadata,Temporal_Context / Historical_Period / Contemporary,3,"[""qwen_groq"", ""gpt_oss_groq"", ""gpt_oss_20b""]","[""Fiction, general"", ""Romance - Contemporary"", ""Romance - General"", ""Fiction"", ""Fiction - Romance"", ""Literature & Fiction""]"
9780373222506__genre__Fiction / Mystery / Detective Mystery,9780373222506,Haunted,Genre,Fiction / Mystery / Detective Mystery,3,"[""qwen_groq"", ""gpt_oss_groq"", ""gpt_oss_20b""]","[""Halloween stories"", ""Fiction, mystery & detective, general"", ""Mystery & Detective - General"", ""Fiction"", ""Fiction - Mystery/ Detective"", ""Romance"", ""Contemporary""]"
9780373222506__genre__Fiction / Romance,9780373222506,Haunted,Genre,Fiction / Romance,3,"[""qwen_groq"", ""gpt_oss_groq"", ""gpt_oss_20b""]","[""Halloween stories"", ""Fiction, mystery & detective, general"", ""Mystery & Detective - General"", ""Fiction"", ""Fiction - Mystery/ Detective"", ""Romance"", ""Contemporary""]"
9780373222506__metadata__Temporal_Context / Historical_Period / Contemporary,9780373222506,Haunted,Metadata,Temporal_Context / Historical_Period / Contemporary,3,"[""qwen_groq"", ""gpt_oss_groq"", ""gpt_oss_20b""]","[""Halloween stories"", ""Fiction, mystery & detective, general"", ""Mystery & Detective - General"", ""Fiction"", ""Fiction - Mystery/ Detective"", ""Romance"", ""Contemporary""]"
9780373224708__metadata__Temporal_Context / Historical_Period / Contemporary,9780373224708,"Missing Hour (Intrigue , No 470)",Metadata,Temporal_Context / Historical_Period / Contemporary,3,"[""qwen_groq"", ""gpt_oss_groq"", ""gpt_oss_20b""]","[""Romance"", ""Fiction - Romance"", ""Romance - Contemporary"", ""Contemporary Fiction"", ""Mystery & Detective - General""]"
9780373225231__genre__Fiction / Crime Fiction / General Crime Fiction / Murder Fiction,9780373225231,Her Eyewitness,Genre,Fiction / Crime Fiction / General Crime Fiction / Murder Fiction,3,"[""qwen_groq"", ""gpt_oss_groq"", ""gpt_oss_20b""]","[""Romance"", ""Fiction - Romance"", ""Romance - Contemporary"", ""Mystery, Thriller & Suspense"", ""Thrillers & Suspense"", ""Crime"", ""Murder""]"
9780373225231__metadata__Temporal_Context / Historical_Period / Contemporary,9780373225231,Her Eyewitness,Metadata,Temporal_Context / Historical_Period / Contemporary,3,"[""qwen_groq"", ""gpt_oss_groq"", ""gpt_oss_20b""]","[""Romance"", ""Fiction - Romance"", ""Romance - Contemporary"", ""Mystery, Thriller & Suspense"", ""Thrillers & Suspense"", ""Crime"", ""Murder""]"
9780373241347__metadata__Temporal_Context / Historical_Period / Contemporary,9780373241347,Just Jessie (Women To Watch),Metadata,Temporal_Context / Historical_Period / Contemporary,3,"[""qwen_groq"", ""gpt_oss_groq"", ""gpt_oss_20b""]","[""Fiction"", ""Romance"", ""Fiction - Romance"", ""Romance - General"", ""Contemporary Fiction""]"
9780373242627__genre__Fiction / Romance / General Romance / Romance,9780373242627,Most Eligible M D (The Bachelor Bet),Genre,Fiction / Romance / General Romance / Romance,3,"[""qwen_groq"", ""gpt_oss_groq"", ""gpt_oss_20b""]","[""Romance"", ""Romance - Contemporary"", ""Contemporary Fiction""]"
9780373242627__metadata__Temporal_Context / Historical_Period / Contemporary,9780373242627,Most Eligible M D (The Bachelor Bet),Metadata,Temporal_Context / Historical_Period / Contemporary,3,"[""qwen_groq"", ""gpt_oss_groq"", ""gpt_oss_20b""]","[""Romance"", ""Romance - Contemporary"", ""Contemporary Fiction""]"
9780373242726__metadata__Temporal_Context / Historical_Period / Contemporary,9780373242726,Cowboy'S Code,Metadata,Temporal_Context / Historical_Period / Contemporary,3,"[""qwen_groq"", ""gpt_oss_groq"", ""gpt_oss_20b""]","[""Romance"", ""Fiction - Romance"", ""Romance - Contemporary"", ""Literature & Fiction""]"
9780373243112__metadata__Thematic_Metadata / Relationship_and_Social_Themes / Family,9780373243112,Cowboy's Caress (A Ranching Family),Metadata,Thematic_Metadata / Relationship_and_Social_Themes / Family,3,"[""qwen_groq"", ""gpt_oss_groq"", ""gpt_oss_20b""]","[""Fiction, romance, general"", ""Single fathers"", ""Fiction"", ""Romance"", ""Romance - Contemporary"", ""Fiction - Romance"", ""Family Life""]"
9780373243266__metadata__Temporal_Context / Historical_Period / Contemporary,9780373243266,Wild Mustang,Metadata,Temporal_Context / Historical_Period / Contemporary,3,"[""qwen_groq"", ""gpt_oss_groq"", ""gpt_oss_20b""]","[""Romance"", ""Fiction - Romance"", ""Romance - Contemporary"", ""Contemporary Fiction""]"
9780373243358__genre__Fiction / Romance / General Romance / Romance,9780373243358,Whose Baby Is This?,Genre,Fiction / Romance / General Romance / Romance,3,"[""qwen_groq"", ""gpt_oss_groq"", ""gpt_oss_20b""]","[""Fiction"", ""Romance"", ""Romance - Contemporary"", ""Contemporary"", ""Mistaken identity"", ""Paternity""]"
9780373243358__metadata__Temporal_Context / Historical_Period / Contemporary,9780373243358,Whose Baby Is This?,Metadata,Temporal_Context / Historical_Period / Contemporary,3,"[""qwen_groq"", ""gpt_oss_groq"", ""gpt_oss_20b""]","[""Fiction"", ""Romance"", ""Romance - Contemporary"", ""Contemporary"", ""Mistaken identity"", ""Paternity""]"
9780373251988__metadata__Content_Suitability_Metadata / Reader_Advisory / Accessibility / Large Print,9780373251988,Straight from the Heart,Metadata,Content_Suitability_Metadata / Reader_Advisory / Accessibility / Large Print,3,"[""qwen_groq"", ""gpt_oss_groq"", ""gpt_oss_20b""]","[""Fiction"", ""Romance"", ""Contemporary Romance"", ""Contemporary"", ""Large type books""]"
9780373251988__metadata__Temporal_Context / Historical_Period / Contemporary,9780373251988,Straight from the Heart,Metadata,Temporal_Context / Historical_Period / Contemporary,3,"[""qwen_groq"", ""gpt_oss_groq"", ""gpt_oss_20b""]","[""Fiction"", ""Romance"", ""Contemporary Romance"", ""Contemporary"", ""Large type books""]"
9780373252992__metadata__Audience / Age_Group / Adult / General Adult Audience,9780373252992,T.L.C.,Metadata,Audience / Age_Group / Adult / General Adult Audience,3,"[""qwen_groq"", ""gpt_oss_groq"", ""gpt_oss_20b""]","[""Fiction"", ""Romance"", ""Contemporary Romance"", ""Contemporary"", ""Chick Lit"", ""Adult"", ""Women graduate students"", ""Physicians"", ""New york (state), fiction""]"
9780373252992__metadata__Temporal_Context / Historical_Period / Contemporary,9780373252992,T.L.C.,Metadata,Temporal_Context / Historical_Period / Contemporary,3,"[""qwen_groq"", ""gpt_oss_groq"", ""gpt_oss_20b""]","[""Fiction"", ""Romance"", ""Contemporary Romance"", ""Contemporary"", ""Chick Lit"", ""Adult"", ""Women graduate students"", ""Physicians"", ""New york (state), fiction""]"
9780373258352__metadata__Temporal_Context / Historical_Period / Contemporary,9780373258352,While He Was Sleeping,Metadata,Temporal_Context / Historical_Period / Contemporary,3,"[""qwen_groq"", ""gpt_oss_groq"", ""gpt_oss_20b""]","[""Fiction"", ""Contemporary romance"", ""Private investigators"", ""Harlequin Temptation"", ""The Wrong Bed series"", ""Fiction, romance, general"", ""Romance - General"", ""Romance - Contemporary"", ""Fiction - Romance"", ""Romance"", ""Romantic""]"
9780373258499__metadata__Temporal_Context / Historical_Period / Contemporary,9780373258499,"The Littlest Stowaway (Bachelors & Babies, Book 2)",Metadata,Temporal_Context / Historical_Period / Contemporary,3,"[""qwen_groq"", ""gpt_oss_groq"", ""gpt_oss_20b""]","[""Fiction"", ""Romance"", ""Contemporary"", ""Abandoned children"", ""Air pilots""]"
9780373270347__genre__Fiction / Horror / Supernatural Horror / Paranormal Horror,9780373270347,Sharing the Darkness,Genre,Fiction / Horror / Supernatural Horror / Paranormal Horror,3,"[""qwen_groq"", ""gpt_oss_groq"", ""gpt_oss_20b""]","[""Fiction"", ""Paranormal romance"", ""Gothic"", ""telekinesis"", ""clairvoyance"", ""telepathy"", ""single mother"", ""Parapsychology"", ""Romance"", ""Paranormal"", ""Horror"", ""Ghosts""]"
9780373270958__metadata__Temporal_Context / Historical_Period / Contemporary,9780373270958,The Lawman and the Lady,Metadata,Temporal_Context / Historical_Period / Contemporary,3,"[""qwen_groq"", ""gpt_oss_groq"", ""gpt_oss_20b""]","[""Romance"", ""Fiction - Romance"", ""Romance - General"", ""Romance - Contemporary"", ""Literature & Fiction""]"
9780373286232__genre__Fiction / Historical Fiction,9780373286232,Dandelion,Genre,Fiction / Historical Fiction,3,"[""qwen_groq"", ""gpt_oss_groq"", ""gpt_oss_20b""]","[""Fiction"", ""Romance"", ""Historical""]"
9780373288113__genre__Fiction / Historical Fiction,9780373288113,The Heart's Desire (The Heart's series),Genre,Fiction / Historical Fiction,3,"[""qwen_groq"", ""gpt_oss_groq"", ""gpt_oss_20b""]","[""Fiction, Romance, Historical"", ""Romance - General"", ""Fiction - Romance"", ""Historical Romance"", ""Romance"", ""Historical"", ""Regency"", ""Historical Fiction"", ""Fiction"", ""Romance: Regency""]"
9780373289226__genre__Fiction / Historical Fiction,9780373289226,Velvet Touch,Genre,Fiction / Historical Fiction,3,"[""qwen_groq"", ""gpt_oss_groq"", ""gpt_oss_20b""]","[""Fiction, general"", ""Fiction"", ""Fiction - Romance"", ""Romance - Historical"", ""Historical Romance"", ""Romance"", ""Historical"", ""Literature & Fiction"", ""Genre Fiction"", ""Romance: Regency"", ""Romance - General""]"
9780373290499__genre__Fiction / Historical Fiction,9780373290499,The Highlander's Maiden,Genre,Fiction / Historical Fiction,3,"[""qwen_groq"", ""gpt_oss_groq"", ""gpt_oss_20b""]","[""Historical fiction"", ""Love stories"", ""Fiction, romance, general"", ""Romance: historical"", ""Fiction"", ""Fiction - Romance"", ""Romance"", ""Historical Romance"", ""Scottish"", ""Highlanders""]"
9780373290499__metadata__Thematic_Metadata / Relationship_and_Social_Themes / Love_and_Intimacy / Love,9780373290499,The Highlander's Maiden,Metadata,Thematic_Metadata / Relationship_and_Social_Themes / Love_and_Intimacy / Love,3,"[""qwen_groq"", ""gpt_oss_groq"", ""gpt_oss_20b""]","[""Historical fiction"", ""Love stories"", ""Fiction, romance, general"", ""Romance: historical"", ""Fiction"", ""Fiction - Romance"", ""Romance"", ""Historical Romance"", ""Scottish"", ""Highlanders""]"
9780373291076__genre__Fiction / Historical Fiction,9780373291076,The Conqueror (Knights of The Black Rose),Genre,Fiction / Historical Fiction,3,"[""qwen_groq"", ""gpt_oss_groq"", ""gpt_oss_20b""]","[""Fiction, romance, historical"", ""Fiction, romance, historical, general"", ""Romance - Historical"", ""Historical Romance"", ""Romance"", ""Historical"", ""Medieval"", ""Fiction - Romance"", ""Fiction""]"
9780373291076__metadata__Temporal_Context / Historical_Period / Medieval,9780373291076,The Conqueror (Knights of The Black Rose),Metadata,Temporal_Context / Historical_Period / Medieval,3,"[""qwen_groq"", ""gpt_oss_groq"", ""gpt_oss_20b""]","[""Fiction, romance, historical"", ""Fiction, romance, historical, general"", ""Romance - Historical"", ""Historical Romance"", ""Romance"", ""Historical"", ""Medieval"", ""Fiction - Romance"", ""Fiction""]"
9780373302116__genre__Fiction,9780373302116,Buccaneer Bride,Genre,Fiction,3,"[""qwen_groq"", ""gpt_oss_groq"", ""gpt_oss_20b""]","[""Fiction""]"
9780373510122__metadata__Content_Suitability_Metadata / Reader_Advisory / Accessibility / Large Print,9780373510122,"Playing The Odds (Nora Roberts: Language of Love, No 12)",Metadata,Content_Suitability_Metadata / Reader_Advisory / Accessibility / Large Print,3,"[""qwen_groq"", ""gpt_oss_groq"", ""gpt_oss_20b""]","[""Fiction"", ""Contemporary Romance"", ""Romance"", ""Contemporary"", ""Women's Fiction"", ""Large type books"", ""Blackjack"", ""Card dealers"", ""Gamblers"", ""Cruise ships"", ""Language of Love series"", ""The MacGregors series"", ""Macgregor family"", ""Silhouette Special Edition"", ""Harlequin"", ""Adult""]"
9780373510122__metadata__Series_and_Publication_Metadata / Series_Status / Series,9780373510122,"Playing The Odds (Nora Roberts: Language of Love, No 12)",Metadata,Series_and_Publication_Metadata / Series_Status / Series,3,"[""qwen_groq"", ""gpt_oss_groq"", ""gpt_oss_20b""]","[""Fiction"", ""Contemporary Romance"", ""Romance"", ""Contemporary"", ""Women's Fiction"", ""Large type books"", ""Blackjack"", ""Card dealers"", ""Gamblers"", ""Cruise ships"", ""Language of Love series"", ""The MacGregors series"", ""Macgregor family"", ""Silhouette Special Edition"", ""Harlequin"", ""Adult""]"
9780373510412__genre__Fiction / Romance / General Romance / Romance,9780373510412,Risky Business,Genre,Fiction / Romance / General Romance / Romance,3,"[""qwen_groq"", ""gpt_oss_groq"", ""gpt_oss_20b""]","[""Fiction"", ""Love stories, American"", ""Contemporary Fiction"", ""Romance Fiction"", ""Fiction, general"", ""Romance"", ""Contemporary Romance"", ""Contemporary"", ""Businesswomen"", ""Man-woman relationships"", ""Murder"", ""Investigation"", ""Attempted murder"", ""1980s""]"
9780373510412__metadata__Temporal_Context / Historical_Period / Contemporary,9780373510412,Risky Business,Metadata,Temporal_Context / Historical_Period / Contemporary,3,"[""qwen_groq"", ""gpt_oss_groq"", ""gpt_oss_20b""]","[""Fiction"", ""Love stories, American"", ""Contemporary Fiction"", ""Romance Fiction"", ""Fiction, general"", ""Romance"", ""Contemporary Romance"", ""Contemporary"", ""Businesswomen"", ""Man-woman relationships"", ""Murder"", ""Investigation"", ""Attempted murder"", ""1980s""]"
9780373510412__metadata__Thematic_Metadata / Conflict_and_Event_Themes / Crime_and_Justice / Investigation,9780373510412,Risky Business,Metadata,Thematic_Metadata / Conflict_and_Event_Themes / Crime_and_Justice / Investigation,3,"[""qwen_groq"", ""gpt_oss_groq"", ""gpt_oss_20b""]","[""Fiction"", ""Love stories, American"", ""Contemporary Fiction"", ""Romance Fiction"", ""Fiction, general"", ""Romance"", ""Contemporary Romance"", ""Contemporary"", ""Businesswomen"", ""Man-woman relationships"", ""Murder"", ""Investigation"", ""Attempted murder"", ""1980s""]"
9780373614608__genre__Fiction / Adventure / General Adventure Fiction / Adventure Fiction,9780373614608,"Ultimate Game (Superbolan , No 60)",Genre,Fiction / Adventure / General Adventure Fiction / Adventure Fiction,3,"[""qwen_groq"", ""gpt_oss_groq"", ""gpt_oss_20b""]","[""Fiction, men's adventure""]"
9780373614813__genre__Fiction / Adventure / General Adventure Fiction / Action Adventure,9780373614813,Mack Bolan,Genre,Fiction / Adventure / General Adventure Fiction / Action Adventure,3,"[""qwen_groq"", ""gpt_oss_groq"", ""gpt_oss_20b""]","[""Vietnam War, 1961-1975"", ""Mack Bolan (Fictitious character)"", ""Fiction"", ""Mafia"", ""Veterans"", ""Fiction, men's adventure"", ""Fiction, action & adventure"", ""Action & Adventure""]"
9780373614813__genre__Fiction / Crime Fiction / Gangster and Organized Crime Fiction / Mafia Fiction,9780373614813,Mack Bolan,Genre,Fiction / Crime Fiction / Gangster and Organized Crime Fiction / Mafia Fiction,3,"[""qwen_groq"", ""gpt_oss_groq"", ""gpt_oss_20b""]","[""Vietnam War, 1961-1975"", ""Mack Bolan (Fictitious character)"", ""Fiction"", ""Mafia"", ""Veterans"", ""Fiction, men's adventure"", ""Fiction, action & adventure"", ""Action & Adventure""]"
9780373614837__genre__Fiction / Adventure / General Adventure Fiction / Action Adventure,9780373614837,Mack Bolan,Genre,Fiction / Adventure / General Adventure Fiction / Action Adventure,3,"[""qwen_groq"", ""gpt_oss_groq"", ""gpt_oss_20b""]","[""Vietnam War, 1961-1975"", ""Mack Bolan (Fictitious character)"", ""Fiction"", ""Mafia"", ""Veterans"", ""Fiction, men's adventure"", ""Fiction, action & adventure"", ""Action & Adventure""]"
9780373614837__genre__Fiction / Crime Fiction / Gangster and Organized Crime Fiction / Mafia Fiction,9780373614837,Mack Bolan,Genre,Fiction / Crime Fiction / Gangster and Organized Crime Fiction / Mafia Fiction,3,"[""qwen_groq"", ""gpt_oss_groq"", ""gpt_oss_20b""]","[""Vietnam War, 1961-1975"", ""Mack Bolan (Fictitious character)"", ""Fiction"", ""Mafia"", ""Veterans"", ""Fiction, men's adventure"", ""Fiction, action & adventure"", ""Action & Adventure""]"
9780373619078__genre__Fiction / Thriller / Political and Espionage Thriller / Espionage Thriller,9780373619078,The perishing game,Genre,Fiction / Thriller / Political and Espionage Thriller / Espionage Thriller,3,"[""qwen_groq"", ""gpt_oss_groq"", ""gpt_oss_20b""]","[""Fiction, espionage""]"
9780373625369__genre__Fiction / Action Fiction / General Action Fiction / Action Fiction,9780373625369,Skydark,Genre,Fiction / Action Fiction / General Action Fiction / Action Fiction,3,"[""qwen_groq"", ""gpt_oss_groq"", ""gpt_oss_20b""]","[""Fiction"", ""Science fiction"", ""Post Apocalyptic"", ""Adventure"", ""Action"", ""Survivalism"", ""Literature & Fiction""]"
9780373625369__genre__Fiction / Adventure / General Adventure Fiction / Adventure Fiction,9780373625369,Skydark,Genre,Fiction / Adventure / General Adventure Fiction / Adventure Fiction,3,"[""qwen_groq"", ""gpt_oss_groq"", ""gpt_oss_20b""]","[""Fiction"", ""Science fiction"", ""Post Apocalyptic"", ""Adventure"", ""Action"", ""Survivalism"", ""Literature & Fiction""]"
9780373625369__genre__Fiction / Science Fiction / Dystopian and Post Apocalyptic Fiction / Post Apocalyptic Fiction,9780373625369,Skydark,Genre,Fiction / Science Fiction / Dystopian and Post Apocalyptic Fiction / Post Apocalyptic Fiction,3,"[""qwen_groq"", ""gpt_oss_groq"", ""gpt_oss_20b""]","[""Fiction"", ""Science fiction"", ""Post Apocalyptic"", ""Adventure"", ""Action"", ""Survivalism"", ""Literature & Fiction""]"
9780373632060__genre__Fiction,9780373632060,Frenchman (Hatchet #3) (Hatchet Book 3),Genre,Fiction,3,"[""qwen_groq"", ""gpt_oss_groq"", ""gpt_oss_20b""]","[""Fiction, general""]"
9780373632220__genre__Nonfiction / Sports and Outdoors / Sports / Martial Arts,9780373632220,Feast Or Famine,Genre,Nonfiction / Sports and Outdoors / Sports / Martial Arts,3,"[""qwen_groq"", ""gpt_oss_groq"", ""gpt_oss_20b""]","[""Martial Arts"", ""Contemporary""]"
9780373632220__metadata__Temporal_Context / Historical_Period / Contemporary,9780373632220,Feast Or Famine,Metadata,Temporal_Context / Historical_Period / Contemporary,3,"[""qwen_groq"", ""gpt_oss_groq"", ""gpt_oss_20b""]","[""Martial Arts"", ""Contemporary""]"
9780373638086__genre__Fiction / Action Fiction / General Action Fiction / Action Fiction,9780373638086,"Deep Trek (Earthblood #2) (Earthblood, No 2)",Genre,Fiction / Action Fiction / General Action Fiction / Action Fiction,3,"[""qwen_groq"", ""gpt_oss_groq"", ""gpt_oss_20b""]","[""Fiction, general"", ""Post Apocalyptic"", ""Action"", ""Science Fiction""]"
9780373638086__genre__Fiction / Science Fiction / Dystopian and Post Apocalyptic Fiction / Post Apocalyptic Fiction,9780373638086,"Deep Trek (Earthblood #2) (Earthblood, No 2)",Genre,Fiction / Science Fiction / Dystopian and Post Apocalyptic Fiction / Post Apocalyptic Fiction,3,"[""qwen_groq"", ""gpt_oss_groq"", ""gpt_oss_20b""]","[""Fiction, general"", ""Post Apocalyptic"", ""Action"", ""Science Fiction""]"
9780373705412__metadata__Temporal_Context / Historical_Period / Contemporary,9780373705412,Cradle of Dreams,Metadata,Temporal_Context / Historical_Period / Contemporary,3,"[""qwen_groq"", ""gpt_oss_groq"", ""gpt_oss_20b""]","[""Fiction"", ""Romance"", ""Contemporary""]"
9780373709823__genre__Fiction / Romance / General Romance / Romance,9780373709823,Rodeo!,Genre,Fiction / Romance / General Romance / Romance,3,"[""qwen_groq"", ""gpt_oss_groq"", ""gpt_oss_20b""]","[""Rodeos"", ""Romance"", ""Cowboys"", ""Rodeo performers"", ""Fiction"", ""Contemporary""]"
9780373709823__metadata__Temporal_Context / Historical_Period / Contemporary,9780373709823,Rodeo!,Metadata,Temporal_Context / Historical_Period / Contemporary,3,"[""qwen_groq"", ""gpt_oss_groq"", ""gpt_oss_20b""]","[""Rodeos"", ""Romance"", ""Cowboys"", ""Rodeo performers"", ""Fiction"", ""Contemporary""]"
9780373760541__genre__Fiction / Literary Fiction / General Literary Fiction / Contemporary Fiction,9780373760541,Lovers Only,Genre,Fiction / Literary Fiction / General Literary Fiction / Contemporary Fiction,3,"[""qwen_groq"", ""gpt_oss_groq"", ""gpt_oss_20b""]","[""Romance"", ""Contemporary Fiction""]"
9780373760541__metadata__Temporal_Context / Historical_Period / Contemporary,9780373760541,Lovers Only,Metadata,Temporal_Context / Historical_Period / Contemporary,3,"[""qwen_groq"", ""gpt_oss_groq"", ""gpt_oss_20b""]","[""Romance"", ""Contemporary Fiction""]"
9780373762491__metadata__Temporal_Context / Historical_Period / Contemporary,9780373762491,Heart Of Texas (Man Of The Month/Man Of The Month Anniversary),Metadata,Temporal_Context / Historical_Period / Contemporary,3,"[""qwen_groq"", ""gpt_oss_groq"", ""gpt_oss_20b""]","[""Fiction, romance, general"", ""Romance"", ""Contemporary""]"
9780373763146__genre__Fiction / Romance / Relationship Trope Romance / Second Chance Romance,9780373763146,One Snowbound Weekend...,Genre,Fiction / Romance / Relationship Trope Romance / Second Chance Romance,3,"[""qwen_groq"", ""gpt_oss_groq"", ""gpt_oss_20b""]","[""Romance"", ""Second Chance"", ""Contemporary"", ""Romantic""]"
9780373763146__metadata__Temporal_Context / Historical_Period / Contemporary,9780373763146,One Snowbound Weekend...,Metadata,Temporal_Context / Historical_Period / Contemporary,3,"[""qwen_groq"", ""gpt_oss_groq"", ""gpt_oss_20b""]","[""Romance"", ""Second Chance"", ""Contemporary"", ""Romantic""]"
9780373763191__metadata__Narrative_and_Stylistic_Metadata / Tone / Comic / Humorous,9780373763191,Lady With A Past,Metadata,Narrative_and_Stylistic_Metadata / Tone / Comic / Humorous,3,"[""qwen_groq"", ""gpt_oss_groq"", ""gpt_oss_20b""]","[""Fiction, romance, general"", ""Literature & Fiction"", ""Humorous""]"
9780373763221__genre__Fiction / Romance / General Romance / Romance,9780373763221,Rancher'S Proposition,Genre,Fiction / Romance / General Romance / Romance,3,"[""qwen_groq"", ""gpt_oss_groq"", ""gpt_oss_20b""]","[""Romance"", ""Contemporary""]"
9780373763221__metadata__Temporal_Context / Historical_Period / Contemporary,9780373763221,Rancher'S Proposition,Metadata,Temporal_Context / Historical_Period / Contemporary,3,"[""qwen_groq"", ""gpt_oss_groq"", ""gpt_oss_20b""]","[""Romance"", ""Contemporary""]"
9780373810383__genre__Fiction / Romance / General Romance / Romance,9780373810383,Stark Lightning (Men At Work) (Men at Work),Genre,Fiction / Romance / General Romance / Romance,3,"[""qwen_groq"", ""gpt_oss_groq"", ""gpt_oss_20b""]","[""Romance"", ""Contemporary""]"
9780373810383__metadata__Temporal_Context / Historical_Period / Contemporary,9780373810383,Stark Lightning (Men At Work) (Men at Work),Metadata,Temporal_Context / Historical_Period / Contemporary,3,"[""qwen_groq"", ""gpt_oss_groq"", ""gpt_oss_20b""]","[""Romance"", ""Contemporary""]"
9780373833276__genre__Fiction / Romance / Relationship Trope Romance / Second Chance Romance,9780373833276,Love's Choices,Genre,Fiction / Romance / Relationship Trope Romance / Second Chance Romance,3,"[""qwen_groq"", ""gpt_oss_groq"", ""gpt_oss_20b""]","[""Fiction, romance, general"", ""Romance fiction"", ""Romance"", ""Contemporary"", ""Contemporary Romance"", ""Second Chance""]"
9780373833276__metadata__Temporal_Context / Historical_Period / Contemporary,9780373833276,Love's Choices,Metadata,Temporal_Context / Historical_Period / Contemporary,3,"[""qwen_groq"", ""gpt_oss_groq"", ""gpt_oss_20b""]","[""Fiction, romance, general"", ""Romance fiction"", ""Romance"", ""Contemporary"", ""Contemporary Romance"", ""Second Chance""]"
9780373880355__genre__Fiction,9780373880355,Just Like Jessica,Genre,Fiction,3,"[""qwen_groq"", ""gpt_oss_groq"", ""gpt_oss_20b""]","[""Fiction"", ""Self-acceptance"", ""Sisters"", ""Children: Young Adult (Gr. 7-9)""]"
9780374183899__metadata__Character_and_Representation_Metadata / Identity_Representation / Gender_Representation / Women-Centered,9780374183899,Last lovers,Metadata,Character_and_Representation_Metadata / Identity_Representation / Gender_Representation / Women-Centered,3,"[""qwen_groq"", ""gpt_oss_groq"", ""gpt_oss_20b""]","[""Fiction"", ""Blind women"", ""Painters"", ""Friendship"", ""Americans"", ""France, fiction"", ""Paris (france), fiction"", ""Fiction, general"", ""Americans -- France -- Fiction."", ""Blind women -- Fiction."", ""Friendship -- Fiction."", ""Painters -- Fiction."", ""Paris (France) -- Fiction."", ""Romance"", ""Contemporary"", ""Novels"", ""Literature & Fiction""]"
9780374311902__metadata__Thematic_Metadata / Relationship_and_Social_Themes / Family,9780374311902,Cat and mouse in the night,Metadata,Thematic_Metadata / Relationship_and_Social_Themes / Family,3,"[""qwen_groq"", ""gpt_oss_groq"", ""gpt_oss_20b""]","[""Fiction"", ""Mice"", ""Cats"", ""Night"", ""Children's fiction"", ""Picture Books"", ""Children's Books"", ""Growing Up & Facts of Life"", ""Family Life"", ""Sleep""]"
9780374413392__genre__Fiction / Literary Fiction / Family and Relationship Fiction / Friendship Fiction,9780374413392,Coming About,Genre,Fiction / Literary Fiction / Family and Relationship Fiction / Friendship Fiction,3,"[""qwen_groq"", ""gpt_oss_groq"", ""gpt_oss_20b""]","[""Children's fiction"", ""Sailing, fiction"", ""Fiction"", ""Friendship"", ""Schools"", ""Children: Young Adult (Gr. 10-12)""]"
9780374424442__metadata__Thematic_Metadata / Relationship_and_Social_Themes / Family,9780374424442,For the life of Laetitia,Metadata,Thematic_Metadata / Relationship_and_Social_Themes / Family,3,"[""qwen_groq"", ""gpt_oss_groq"", ""gpt_oss_20b""]","[""Children's fiction"", ""Schools, fiction"", ""Family life, fiction"", ""Caribbean area, fiction"", ""Coming Of Age"", ""Teen"", ""Fiction""]"
9780374427672__metadata__Audience / Age_Group / Middle_Grade,9780374427672,Goody Hall,Metadata,Audience / Age_Group / Middle_Grade,3,"[""qwen_groq"", ""gpt_oss_groq"", ""gpt_oss_20b""]","[""Juvenile fiction"", ""Detective and mystery stories"", ""Mystery and detective stories"", ""Reading Level-Grade 5"", ""Reading Level-Grade 4"", ""Reading Level-Grade 7"", ""Reading Level-Grade 6"", ""Children's fiction"", ""Mystery"", ""Middle Grade"", ""Fiction"", ""Childrens"", ""Juvenile"", ""Reading Level-Grade 8""]"
9780374427672__metadata__Audience / Reading_Level,9780374427672,Goody Hall,Metadata,Audience / Reading_Level,3,"[""qwen_groq"", ""gpt_oss_groq"", ""gpt_oss_20b""]","[""Juvenile fiction"", ""Detective and mystery stories"", ""Mystery and detective stories"", ""Reading Level-Grade 5"", ""Reading Level-Grade 4"", ""Reading Level-Grade 7"", ""Reading Level-Grade 6"", ""Children's fiction"", ""Mystery"", ""Middle Grade"", ""Fiction"", ""Childrens"", ""Juvenile"", ""Reading Level-Grade 8""]"
9780374519049__genre__Fiction / Historical Fiction,9780374519049,Cassandra,Genre,Fiction / Historical Fiction,3,"[""qwen_groq"", ""gpt_oss_groq"", ""gpt_oss_20b""]","[""Cassandra (Legendary character)"", ""Fiction"", ""Trojan War"", ""Mythology"", ""Historical Fiction"", ""Classics"", ""Greek Mythology"", ""Retellings"", ""Literature & Fiction"", ""Regional & Cultural"", ""European""]"
9780374519049__metadata__Thematic_Metadata / Conflict_and_Event_Themes / War_and_Conflict / War,9780374519049,Cassandra,Metadata,Thematic_Metadata / Conflict_and_Event_Themes / War_and_Conflict / War,3,"[""qwen_groq"", ""gpt_oss_groq"", ""gpt_oss_20b""]","[""Cassandra (Legendary character)"", ""Fiction"", ""Trojan War"", ""Mythology"", ""Historical Fiction"", ""Classics"", ""Greek Mythology"", ""Retellings"", ""Literature & Fiction"", ""Regional & Cultural"", ""European""]"
9780375806025__metadata__Thematic_Metadata / Nature_and_Environment_Themes / Animals,9780375806025,Arthur's first kiss,Metadata,Thematic_Metadata / Nature_and_Environment_Themes / Animals,3,"[""qwen_groq"", ""gpt_oss_groq"", ""gpt_oss_20b""]","[""Fiction"", ""Animals"", ""Brothers and sisters"", ""Toy and movable books"", ""Aardvark"", ""Parties"", ""Kissing"", ""Juvenile fiction"", ""Arthur (Fictitious character : Brown)"", ""Brothers and sisters, fiction"", ""Children's fiction"", ""Aardvark, fiction"", ""Arthur (fictitious character : brown), fiction"", ""Parties, fiction"", ""Animals, fiction"", ""Kissing -- Fiction"", ""Brothers and sisters -- Fiction"", ""Picture Books"", ""2nd Grade"", ""Children's Books"", ""Growing Up & Facts of Life"", ""Family Life"", ""New Experiences"", ""Aardvark -- Fiction"", ""Animals -- Fiction"", ""Parties -- Fiction""]"
9780375806025__metadata__Thematic_Metadata / Relationship_and_Social_Themes / Family,9780375806025,Arthur's first kiss,Metadata,Thematic_Metadata / Relationship_and_Social_Themes / Family,3,"[""qwen_groq"", ""gpt_oss_groq"", ""gpt_oss_20b""]","[""Fiction"", ""Animals"", ""Brothers and sisters"", ""Toy and movable books"", ""Aardvark"", ""Parties"", ""Kissing"", ""Juvenile fiction"", ""Arthur (Fictitious character : Brown)"", ""Brothers and sisters, fiction"", ""Children's fiction"", ""Aardvark, fiction"", ""Arthur (fictitious character : brown), fiction"", ""Parties, fiction"", ""Animals, fiction"", ""Kissing -- Fiction"", ""Brothers and sisters -- Fiction"", ""Picture Books"", ""2nd Grade"", ""Children's Books"", ""Growing Up & Facts of Life"", ""Family Life"", ""New Experiences"", ""Aardvark -- Fiction"", ""Animals -- Fiction"", ""Parties -- Fiction""]"
9780380006694__genre__Fiction,9780380006694,Director,Genre,Fiction,3,"[""qwen_groq"", ""gpt_oss_groq"", ""gpt_oss_20b""]","[""Fiction, general""]"
9780380620005__genre__Fiction,9780380620005,Boy Who Turned into a TV Set,Genre,Fiction,3,"[""qwen_groq"", ""gpt_oss_groq"", ""gpt_oss_20b""]","[""Fiction"", ""Children's fiction"", ""Children's 9-12"", ""Children's Books""]"
9780380677023__metadata__Audience / Age_Group / Young_Adult / Young Adult Audience,9780380677023,Hunter in the dark.,Metadata,Audience / Age_Group / Young_Adult / Young Adult Audience,3,"[""qwen_groq"", ""gpt_oss_groq"", ""gpt_oss_20b""]","[""Fiction"", ""Adventure and adventurers, fiction"", ""Hunting, fiction"", ""Young Adult"", ""Children's fiction""]"
9780380698943__genre__Fiction,9780380698943,Wild Spenders,Genre,Fiction,3,"[""qwen_groq"", ""gpt_oss_groq"", ""gpt_oss_20b""]","[""English fiction"", ""General"", ""Fiction - General""]"
9780380698943__metadata__Language_and_Textual_Context / Language / Single_Language / English,9780380698943,Wild Spenders,Metadata,Language_and_Textual_Context / Language / Single_Language / English,3,"[""qwen_groq"", ""gpt_oss_groq"", ""gpt_oss_20b""]","[""English fiction"", ""General"", ""Fiction - General""]"
9780380699117__genre__Nonfiction / Humor Nonfiction / Humor / Humorous Essays,9780380699117,"Bubble, Bubble, Toil and Trouble",Genre,Nonfiction / Humor Nonfiction / Humor / Humorous Essays,3,"[""qwen_groq"", ""gpt_oss_groq"", ""gpt_oss_20b""]","[""Family"", ""Families"", ""Mothers"", ""Humor"", ""Wit and humor"", ""Essays"", ""Humor & Entertainment""]"
9780380699117__genre__Nonfiction / Humor Nonfiction / Humor / Wit and Wordplay,9780380699117,"Bubble, Bubble, Toil and Trouble",Genre,Nonfiction / Humor Nonfiction / Humor / Wit and Wordplay,3,"[""qwen_groq"", ""gpt_oss_groq"", ""gpt_oss_20b""]","[""Family"", ""Families"", ""Mothers"", ""Humor"", ""Wit and humor"", ""Essays"", ""Humor & Entertainment""]"
9780380699117__metadata__Thematic_Metadata / Relationship_and_Social_Themes / Family,9780380699117,"Bubble, Bubble, Toil and Trouble",Metadata,Thematic_Metadata / Relationship_and_Social_Themes / Family,3,"[""qwen_groq"", ""gpt_oss_groq"", ""gpt_oss_20b""]","[""Family"", ""Families"", ""Mothers"", ""Humor"", ""Wit and humor"", ""Essays"", ""Humor & Entertainment""]"
9780380704972__genre__Fiction / Mystery / Detective Mystery,9780380704972,Josie Gambit,Genre,Fiction / Mystery / Detective Mystery,3,"[""qwen_groq"", ""gpt_oss_groq"", ""gpt_oss_20b""]","[""Children's fiction"", ""Mystery and detective stories"", ""Fiction""]"
9780380705375__genre__Fiction,9780380705375,Frankie's Run (Flare),Genre,Fiction,3,"[""qwen_groq"", ""gpt_oss_groq"", ""gpt_oss_20b""]","[""Juvenile fiction"", ""Children's fiction""]"
9780380706037__genre__Fiction,9780380706037,Reckoning at Yankee Flat,Genre,Fiction,3,"[""qwen_groq"", ""gpt_oss_groq"", ""gpt_oss_20b""]","[""Outlaws"", ""Sheriffs"", ""Vigilance committees"", ""Fiction"", ""Fiction, westerns""]"
9780380706617__genre__Nonfiction / Medicine and Health / Health and Wellness / Mental Health,9780380706617,Dead Serious,Genre,Nonfiction / Medicine and Health / Health and Wellness / Mental Health,3,"[""qwen_groq"", ""gpt_oss_groq"", ""gpt_oss_20b""]","[""Suicide"", ""Adolescent psychology"", ""Suicidal behavior"", ""Teenagers"", ""Prevention"", ""Comportement suicidaire"", ""Psychologie"", ""Jeunesse"", ""Adolescents"", ""Youth"", ""Suicide, juvenile literature"", ""Psychology"", ""Nonfiction"", ""Mental Health"", ""Counselling""]"
9780380706617__genre__Nonfiction / Science / Cognitive and Behavioral Sciences / Psychology,9780380706617,Dead Serious,Genre,Nonfiction / Science / Cognitive and Behavioral Sciences / Psychology,3,"[""qwen_groq"", ""gpt_oss_groq"", ""gpt_oss_20b""]","[""Suicide"", ""Adolescent psychology"", ""Suicidal behavior"", ""Teenagers"", ""Prevention"", ""Comportement suicidaire"", ""Psychologie"", ""Jeunesse"", ""Adolescents"", ""Youth"", ""Suicide, juvenile literature"", ""Psychology"", ""Nonfiction"", ""Mental Health"", ""Counselling""]"
9780380706617__metadata__Character_and_Representation_Metadata / Identity_Representation / Disability_Representation / Mental Health Representation,9780380706617,Dead Serious,Metadata,Character_and_Representation_Metadata / Identity_Representation / Disability_Representation / Mental Health Representation,3,"[""qwen_groq"", ""gpt_oss_groq"", ""gpt_oss_20b""]","[""Suicide"", ""Adolescent psychology"", ""Suicidal behavior"", ""Teenagers"", ""Prevention"", ""Comportement suicidaire"", ""Psychologie"", ""Jeunesse"", ""Adolescents"", ""Youth"", ""Suicide, juvenile literature"", ""Psychology"", ""Nonfiction"", ""Mental Health"", ""Counselling""]"
9780380709229__genre__Fiction / Literary Fiction / General Literary Fiction / Realistic Fiction,9780380709229,The Luckiest Girl,Genre,Fiction / Literary Fiction / General Literary Fiction / Realistic Fiction,3,"[""qwen_groq"", ""gpt_oss_groq"", ""gpt_oss_20b""]","[""Fiction"", ""Teenage girls"", ""Love, fiction"", ""Teenagers"", ""Young Adult"", ""Romance"", ""Realistic Fiction"", ""California, fiction"", ""Girls, fiction""]"
9780380722815__genre__Fiction,9780380722815,For the Love of Pete,Genre,Fiction,3,"[""qwen_groq"", ""gpt_oss_groq"", ""gpt_oss_20b""]","[""Fathers and daughters, fiction"", ""Travel, fiction""]"
9780380722815__metadata__Geographical_Context / Place_Type / Travel_Related,9780380722815,For the Love of Pete,Metadata,Geographical_Context / Place_Type / Travel_Related,3,"[""qwen_groq"", ""gpt_oss_groq"", ""gpt_oss_20b""]","[""Fathers and daughters, fiction"", ""Travel, fiction""]"
9780380724994__genre__Fiction / Literary Fiction / Family and Relationship Fiction / Friendship Fiction,9780380724994,B.J.'s Billion-Dollar Bet,Genre,Fiction / Literary Fiction / Family and Relationship Fiction / Friendship Fiction,3,"[""qwen_groq"", ""gpt_oss_groq"", ""gpt_oss_20b""]","[""Fiction"", ""Lotteries -- Fiction."", ""Wagers"", ""Friendship, fiction"", ""Children's 9-12"", ""Lotteries""]"
9780380725021__metadata__Character_and_Representation_Metadata / Identity_Representation / Gender_Representation / Women-Centered,9780380725021,Their Kind of Town (A Chicago Mystery),Metadata,Character_and_Representation_Metadata / Identity_Representation / Gender_Representation / Women-Centered,3,"[""qwen_groq"", ""gpt_oss_groq"", ""gpt_oss_20b""]","[""Women journalists"", ""Fiction"", ""Police"", ""Fiction, mystery & detective, general"", ""Illinois, fiction"", ""Chicago (ill.), fiction""]"
9780380728510__genre__Fiction / Adventure / General Adventure Fiction / Action Adventure,9780380728510,The California kid fights back,Genre,Fiction / Adventure / General Adventure Fiction / Action Adventure,3,"[""qwen_groq"", ""gpt_oss_groq"", ""gpt_oss_20b""]","[""Juvenile fiction"", ""Adventure and adventurers, fiction"", ""Children's fiction"", ""Action & Adventure""]"
9780380729821__genre__Fiction / Thriller / Political and Espionage Thriller / Espionage Thriller,9780380729821,Operation,Genre,Fiction / Thriller / Political and Espionage Thriller / Espionage Thriller,3,"[""qwen_groq"", ""gpt_oss_groq"", ""gpt_oss_20b""]","[""Fiction"", ""Fiction, thrillers, espionage"", ""Women""]"
9780380729821__metadata__Character_and_Representation_Metadata / Identity_Representation / Gender_Representation / Women-Centered,9780380729821,Operation,Metadata,Character_and_Representation_Metadata / Identity_Representation / Gender_Representation / Women-Centered,3,"[""qwen_groq"", ""gpt_oss_groq"", ""gpt_oss_20b""]","[""Fiction"", ""Fiction, thrillers, espionage"", ""Women""]"
9780380730551__genre__Fiction / Literary Fiction / Family and Relationship Fiction,9780380730551,No More Nice,Genre,Fiction / Literary Fiction / Family and Relationship Fiction,3,"[""qwen_groq"", ""gpt_oss_groq"", ""gpt_oss_20b""]","[""Children's fiction"", ""Family, fiction""]"
9780380730551__metadata__Thematic_Metadata / Relationship_and_Social_Themes / Family,9780380730551,No More Nice,Metadata,Thematic_Metadata / Relationship_and_Social_Themes / Family,3,"[""qwen_groq"", ""gpt_oss_groq"", ""gpt_oss_20b""]","[""Children's fiction"", ""Family, fiction""]"
9780380731466__genre__Fiction / Horror,9780380731466,"Blood Artists, The",Genre,Fiction / Horror,3,"[""qwen_groq"", ""gpt_oss_groq"", ""gpt_oss_20b""]","[""Fiction, medical"", ""Fiction, thrillers"", ""Horror"", ""Thriller"", ""Mystery"", ""Suspense"", ""Mystery Thriller"", ""Medical""]"
9780380731466__genre__Fiction / Mystery,9780380731466,"Blood Artists, The",Genre,Fiction / Mystery,3,"[""qwen_groq"", ""gpt_oss_groq"", ""gpt_oss_20b""]","[""Fiction, medical"", ""Fiction, thrillers"", ""Horror"", ""Thriller"", ""Mystery"", ""Suspense"", ""Mystery Thriller"", ""Medical""]"
9780380731466__genre__Fiction / Suspense,9780380731466,"Blood Artists, The",Genre,Fiction / Suspense,3,"[""qwen_groq"", ""gpt_oss_groq"", ""gpt_oss_20b""]","[""Fiction, medical"", ""Fiction, thrillers"", ""Horror"", ""Thriller"", ""Mystery"", ""Suspense"", ""Mystery Thriller"", ""Medical""]"
9780380731466__genre__Fiction / Thriller / Legal and Forensic Thriller / Medical Thriller,9780380731466,"Blood Artists, The",Genre,Fiction / Thriller / Legal and Forensic Thriller / Medical Thriller,3,"[""qwen_groq"", ""gpt_oss_groq"", ""gpt_oss_20b""]","[""Fiction, medical"", ""Fiction, thrillers"", ""Horror"", ""Thriller"", ""Mystery"", ""Suspense"", ""Mystery Thriller"", ""Medical""]"
9780380753086__genre__Nonfiction / Medicine and Health / Health and Wellness / Health,9780380753086,Choices,Genre,Nonfiction / Medicine and Health / Health and Wellness / Health,3,"[""qwen_groq"", ""gpt_oss_groq"", ""gpt_oss_20b""]","[""Cancer"", ""Cancer, treatment"", ""Therapy"", ""Health, Fitness & Dieting"", ""Diseases & Physical Ailments"", ""Miscellanea"", ""Popular Works"", ""Handbooks""]"
9780380757022__genre__Fiction,9780380757022,Color war!,Genre,Fiction,3,"[""qwen_groq"", ""gpt_oss_groq"", ""gpt_oss_20b""]","[""Camps"", ""Fiction"", ""Children's fiction"", ""Camping, fiction"", ""Young Adult"", ""Teen & Young Adult""]"
9780380757022__metadata__Audience / Age_Group / Young_Adult / Young Adult Audience,9780380757022,Color war!,Metadata,Audience / Age_Group / Young_Adult / Young Adult Audience,3,"[""qwen_groq"", ""gpt_oss_groq"", ""gpt_oss_20b""]","[""Camps"", ""Fiction"", ""Children's fiction"", ""Camping, fiction"", ""Young Adult"", ""Teen & Young Adult""]"
9780380759071__genre__Fiction,9780380759071,"Island of the Weird (Fifth Grade Monsters, No. 11)",Genre,Fiction,3,"[""qwen_groq"", ""gpt_oss_groq"", ""gpt_oss_20b""]","[""Children's fiction"", ""Monsters, fiction"", ""Schools, fiction""]"
9780380759095__genre__Fiction / Literary Fiction / Family and Relationship Fiction / Friendship Fiction,9780380759095,Looking for trouble,Genre,Fiction / Literary Fiction / Family and Relationship Fiction / Friendship Fiction,3,"[""qwen_groq"", ""gpt_oss_groq"", ""gpt_oss_20b""]","[""Fiction"", ""Camps"", ""Friendship"", ""Children, fiction"", ""Children's fiction"", ""Camps, fiction"", ""Middle Grade"", ""Children's Books""]"
9780380759095__metadata__Audience / Age_Group / Middle_Grade,9780380759095,Looking for trouble,Metadata,Audience / Age_Group / Middle_Grade,3,"[""qwen_groq"", ""gpt_oss_groq"", ""gpt_oss_20b""]","[""Fiction"", ""Camps"", ""Friendship"", ""Children, fiction"", ""Children's fiction"", ""Camps, fiction"", ""Middle Grade"", ""Children's Books""]"
9780380759194__genre__Nonfiction / Cooking and Food / Cooking,9780380759194,Fun in the Kitchen,Genre,Nonfiction / Cooking and Food / Cooking,3,"[""qwen_groq"", ""gpt_oss_groq"", ""gpt_oss_20b""]","[""Cooking"", ""Juvenile literature"", ""Cooking, juvenile literature"", ""Methods - Beginner's Cookery"", ""Children's 9-12"", ""Cookery"", ""Children: Grades 4-6""]"
9780380760855__genre__Fiction,9780380760855,No Time for Rabbits,Genre,Fiction,3,"[""qwen_groq"", ""gpt_oss_groq"", ""gpt_oss_20b""]","[""Fiction, general"", ""Young Adult"", ""Teen & Young Adult"", ""Literature & Fiction""]"
9780380760855__metadata__Audience / Age_Group / Teen / Teen Audience,9780380760855,No Time for Rabbits,Metadata,Audience / Age_Group / Teen / Teen Audience,3,"[""qwen_groq"", ""gpt_oss_groq"", ""gpt_oss_20b""]","[""Fiction, general"", ""Young Adult"", ""Teen & Young Adult"", ""Literature & Fiction""]"
9780380760855__metadata__Audience / Age_Group / Young_Adult / Young Adult Audience,9780380760855,No Time for Rabbits,Metadata,Audience / Age_Group / Young_Adult / Young Adult Audience,3,"[""qwen_groq"", ""gpt_oss_groq"", ""gpt_oss_20b""]","[""Fiction, general"", ""Young Adult"", ""Teen & Young Adult"", ""Literature & Fiction""]"
9780380761142__genre__Fiction,9780380761142,Molly Maguire,Genre,Fiction,3,"[""qwen_groq"", ""gpt_oss_groq"", ""gpt_oss_20b""]","[""Children's fiction"", ""Girls, fiction"", ""Football, fiction"", ""Children's 9-12"", ""Fiction"", ""Football"", ""Children: Grades 4-6""]"
9780380761395__metadata__Audience / Age_Group / Middle_Grade,9780380761395,Dorrie's Book,Metadata,Audience / Age_Group / Middle_Grade,3,"[""qwen_groq"", ""gpt_oss_groq"", ""gpt_oss_20b""]","[""Fiction"", ""Family life"", ""Children's stories"", ""Triplets"", ""Girls, fiction"", ""Children's fiction"", ""Middle Grade"", ""Children's Books""]"
9780380761395__metadata__Thematic_Metadata / Relationship_and_Social_Themes / Family,9780380761395,Dorrie's Book,Metadata,Thematic_Metadata / Relationship_and_Social_Themes / Family,3,"[""qwen_groq"", ""gpt_oss_groq"", ""gpt_oss_20b""]","[""Fiction"", ""Family life"", ""Children's stories"", ""Triplets"", ""Girls, fiction"", ""Children's fiction"", ""Middle Grade"", ""Children's Books""]"
9780380762217__metadata__Character_and_Representation_Metadata / Identity_Representation / Gender_Representation / Women-Centered,9780380762217,What happened to Amelia Earhart?,Metadata,Character_and_Representation_Metadata / Identity_Representation / Gender_Representation / Women-Centered,3,"[""qwen_groq"", ""gpt_oss_groq"", ""gpt_oss_20b""]","[""Air pilots"", ""Juvenile literature"", ""Biography"", ""Women"", ""Earhart, amelia, 1898-1937"", ""Earhart, Amelia, 1897-1937 -- Juvenile literature."", ""Air pilots -- United States -- Biography -- Juvenile literature."", ""Children's Books""]"
9780380763054__genre__Fiction,9780380763054,"Monster Boy (5th Grade Monsters, No 13)",Genre,Fiction,3,"[""qwen_groq"", ""gpt_oss_groq"", ""gpt_oss_20b""]","[""Children's fiction"", ""Monsters, fiction"", ""Children's 9-12"", ""Fiction"", ""Monsters"", ""Children: Grades 4-6""]"
9780380767571__genre__Fiction / Fantasy,9780380767571,The secret of the plant that ate dirty socks,Genre,Fiction / Fantasy,3,"[""qwen_groq"", ""gpt_oss_groq"", ""gpt_oss_20b""]","[""Plants"", ""Brothers"", ""Fiction"", ""Children's fiction"", ""Fantasy fiction"", ""Plants -- Fiction."", ""Brothers -- Fiction."", ""Humor"", ""Childrens"", ""Fantasy"", ""Chapter Books"", ""Children's Books""]"
9780380767571__genre__Fiction / Humor and Satire / Humorous Fiction / Humor Fiction,9780380767571,The secret of the plant that ate dirty socks,Genre,Fiction / Humor and Satire / Humorous Fiction / Humor Fiction,3,"[""qwen_groq"", ""gpt_oss_groq"", ""gpt_oss_20b""]","[""Plants"", ""Brothers"", ""Fiction"", ""Children's fiction"", ""Fantasy fiction"", ""Plants -- Fiction."", ""Brothers -- Fiction."", ""Humor"", ""Childrens"", ""Fantasy"", ""Chapter Books"", ""Children's Books""]"
9780380768479__genre__Fiction,9780380768479,The best medicine,Genre,Fiction,3,"[""qwen_groq"", ""gpt_oss_groq"", ""gpt_oss_20b""]","[""Children's fiction"", ""Hospitals, fiction"", ""Nurses, fiction""]"
9780380768967__genre__Fiction / Mystery / Traditional Mystery / Childrens Adventure and Mystery,9780380768967,Cookie McCorkle and the case of the crooked key,Genre,Fiction / Mystery / Traditional Mystery / Childrens Adventure and Mystery,3,"[""qwen_groq"", ""gpt_oss_groq"", ""gpt_oss_20b""]","[""Mystery and detective stories"", ""Juvenile fiction"", ""Children's fiction"", ""Children's Books""]"
9780380769957__genre__Fiction / Horror,9780380769957,Fan Mail,Genre,Fiction / Horror,3,"[""qwen_groq"", ""gpt_oss_groq"", ""gpt_oss_20b""]","[""Fiction"", ""Horror"", ""Thriller"", ""Young Adult"", ""Teen"", ""Teen & Young Adult"", ""Literature & Fiction"", ""Mystery""]"
9780380769957__genre__Fiction / Mystery,9780380769957,Fan Mail,Genre,Fiction / Mystery,3,"[""qwen_groq"", ""gpt_oss_groq"", ""gpt_oss_20b""]","[""Fiction"", ""Horror"", ""Thriller"", ""Young Adult"", ""Teen"", ""Teen & Young Adult"", ""Literature & Fiction"", ""Mystery""]"
9780380769957__genre__Fiction / Thriller,9780380769957,Fan Mail,Genre,Fiction / Thriller,3,"[""qwen_groq"", ""gpt_oss_groq"", ""gpt_oss_20b""]","[""Fiction"", ""Horror"", ""Thriller"", ""Young Adult"", ""Teen"", ""Teen & Young Adult"", ""Literature & Fiction"", ""Mystery""]"
9780380769957__metadata__Audience / Age_Group / Teen / Teen Audience,9780380769957,Fan Mail,Metadata,Audience / Age_Group / Teen / Teen Audience,3,"[""qwen_groq"", ""gpt_oss_groq"", ""gpt_oss_20b""]","[""Fiction"", ""Horror"", ""Thriller"", ""Young Adult"", ""Teen"", ""Teen & Young Adult"", ""Literature & Fiction"", ""Mystery""]"
9780380769957__metadata__Audience / Age_Group / Young_Adult / Young Adult Audience,9780380769957,Fan Mail,Metadata,Audience / Age_Group / Young_Adult / Young Adult Audience,3,"[""qwen_groq"", ""gpt_oss_groq"", ""gpt_oss_20b""]","[""Fiction"", ""Horror"", ""Thriller"", ""Young Adult"", ""Teen"", ""Teen & Young Adult"", ""Literature & Fiction"", ""Mystery""]"
9780380770502__genre__Fiction,9780380770502,"Clean-Up Crew (The Eco-Kids, No 2)",Genre,Fiction,3,"[""qwen_groq"", ""gpt_oss_groq"", ""gpt_oss_20b""]","[""Children: Grades 3-4"", ""Children's fiction"", ""Ecology, fiction"", ""Fiction"", ""Recycling (Waste, etc.)"", ""Schools"", ""Children's Books""]"
9780380770502__metadata__Thematic_Metadata / Nature_and_Environment_Themes / Environment / Ecology,9780380770502,"Clean-Up Crew (The Eco-Kids, No 2)",Metadata,Thematic_Metadata / Nature_and_Environment_Themes / Environment / Ecology,3,"[""qwen_groq"", ""gpt_oss_groq"", ""gpt_oss_20b""]","[""Children: Grades 3-4"", ""Children's fiction"", ""Ecology, fiction"", ""Fiction"", ""Recycling (Waste, etc.)"", ""Schools"", ""Children's Books""]"
9780380774623__metadata__Audience / Reading_Level / Beginner,9780380774623,Super Snoop Sam Snout and the Case of the Yogurt Poker,Metadata,Audience / Reading_Level / Beginner,3,"[""qwen_groq"", ""gpt_oss_groq"", ""gpt_oss_20b""]","[""Children: Grades 3-4"", ""Children's fiction"", ""Mystery and detective stories"", ""Readers - Beginner"", ""Children's 4-8"", ""Fiction"", ""Children's Books""]"
9780380775484__genre__Fiction / Romance / Relationship Trope Romance / Enemies to Lovers Romance,9780380775484,My Lord Conqueror (An Avon Romantic Treasure),Genre,Fiction / Romance / Relationship Trope Romance / Enemies to Lovers Romance,3,"[""qwen_groq"", ""gpt_oss_groq"", ""gpt_oss_20b""]","[""Fiction"", ""Romance"", ""Historical"", ""Historical Romance"", ""Medieval"", ""Medieval Romance"", ""Enemies To Lovers"", ""Steamy""]"
9780380775484__metadata__Temporal_Context / Historical_Period / Medieval,9780380775484,My Lord Conqueror (An Avon Romantic Treasure),Metadata,Temporal_Context / Historical_Period / Medieval,3,"[""qwen_groq"", ""gpt_oss_groq"", ""gpt_oss_20b""]","[""Fiction"", ""Romance"", ""Historical"", ""Historical Romance"", ""Medieval"", ""Medieval Romance"", ""Enemies To Lovers"", ""Steamy""]"
9780380778058__genre__Fiction,9780380778058,Souvenirs,Genre,Fiction,3,"[""qwen_groq"", ""gpt_oss_groq"", ""gpt_oss_20b""]","[""Death"", ""Fiction"", ""Brothers and sisters, fiction"", ""Young Adult"", ""Teen & Young Adult"", ""Literature & Fiction""]"
9780380778058__metadata__Audience / Age_Group / Teen / Teen Audience,9780380778058,Souvenirs,Metadata,Audience / Age_Group / Teen / Teen Audience,3,"[""qwen_groq"", ""gpt_oss_groq"", ""gpt_oss_20b""]","[""Death"", ""Fiction"", ""Brothers and sisters, fiction"", ""Young Adult"", ""Teen & Young Adult"", ""Literature & Fiction""]"
9780380778058__metadata__Audience / Age_Group / Young_Adult / Young Adult Audience,9780380778058,Souvenirs,Metadata,Audience / Age_Group / Young_Adult / Young Adult Audience,3,"[""qwen_groq"", ""gpt_oss_groq"", ""gpt_oss_20b""]","[""Death"", ""Fiction"", ""Brothers and sisters, fiction"", ""Young Adult"", ""Teen & Young Adult"", ""Literature & Fiction""]"
9780380778508__metadata__Character_and_Representation_Metadata / Protagonist_Profile / Group_Profile / Family-Centered,9780380778508,Till the Leaves Change,Metadata,Character_and_Representation_Metadata / Protagonist_Profile / Group_Profile / Family-Centered,3,"[""qwen_groq"", ""gpt_oss_groq"", ""gpt_oss_20b""]","[""Fiction"", ""Growing Up & Facts of Life"", ""Family Life"", ""Multigenerational""]"
9780380778508__metadata__Thematic_Metadata / Relationship_and_Social_Themes / Family,9780380778508,Till the Leaves Change,Metadata,Thematic_Metadata / Relationship_and_Social_Themes / Family,3,"[""qwen_groq"", ""gpt_oss_groq"", ""gpt_oss_20b""]","[""Fiction"", ""Growing Up & Facts of Life"", ""Family Life"", ""Multigenerational""]"
9780380783687__metadata__Temporal_Context / Historical_Period / Contemporary,9780380783687,Jonathan's Wife,Metadata,Temporal_Context / Historical_Period / Contemporary,3,"[""qwen_groq"", ""gpt_oss_groq"", ""gpt_oss_20b""]","[""Man-woman relationships"", ""Fiction"", ""Fiction, romance, contemporary"", ""Romance - Contemporary"", ""Fiction - Romance"", ""Romance: Modern"", ""Romance"", ""Contemporary""]"
9780380786015__genre__Fiction,9780380786015,Drowning Towers,Genre,Fiction,3,"[""qwen_groq"", ""gpt_oss_groq"", ""gpt_oss_20b""]","[""Fiction, general""]"
9780380788057__genre__Fiction / Horror / Monster Horror / Monster Horror,9780380788057,S 20,Genre,Fiction / Horror / Monster Horror / Monster Horror,3,"[""qwen_groq"", ""gpt_oss_groq"", ""gpt_oss_20b""]","[""Fiction"", ""Horror stories"", ""Horror & Ghost Stories"", ""Juvenile Fiction / Horror & Ghost Stories"", ""Children's Books/Ages 9-12 Fiction"", ""Monsters"", ""Children: Grades 4-6"", ""Children's Books"", ""Horror tales"", ""Children's fiction""]"
9780380789924__metadata__Character_and_Representation_Metadata / Identity_Representation / Gender_Representation / Women-Centered,9780380789924,Unconscious truths,Metadata,Character_and_Representation_Metadata / Identity_Representation / Gender_Representation / Women-Centered,3,"[""qwen_groq"", ""gpt_oss_groq"", ""gpt_oss_20b""]","[""Fiction"", ""Women detectives"", ""Memory"", ""Fiction, mystery & detective, women sleuths"", ""Mcalister, haley (fictitious character), fiction"", ""College teachers, fiction"", ""Houston (tex.), fiction"", ""Texas, fiction""]"
9780380790159__genre__Fiction,9780380790159,Above the Law,Genre,Fiction,3,"[""qwen_groq"", ""gpt_oss_groq"", ""gpt_oss_20b""]","[""Fiction, general""]"
9780380791880__genre__Fiction / Horror / Supernatural Horror / Occult Horror,9780380791880,Empire of dust,Genre,Fiction / Horror / Supernatural Horror / Occult Horror,3,"[""qwen_groq"", ""gpt_oss_groq"", ""gpt_oss_20b""]","[""American Detective and mystery stories"", ""Detective and mystery stories, American"", ""Fiction"", ""Occult crime"", ""Occult crime -- Fiction"", ""Horror"", ""Mystery, Thriller & Suspense"", ""Suspense"", ""Paranormal"", ""Psychics""]"
9780380791880__genre__Fiction / Mystery / Detective Mystery,9780380791880,Empire of dust,Genre,Fiction / Mystery / Detective Mystery,3,"[""qwen_groq"", ""gpt_oss_groq"", ""gpt_oss_20b""]","[""American Detective and mystery stories"", ""Detective and mystery stories, American"", ""Fiction"", ""Occult crime"", ""Occult crime -- Fiction"", ""Horror"", ""Mystery, Thriller & Suspense"", ""Suspense"", ""Paranormal"", ""Psychics""]"
9780380791880__metadata__Thematic_Metadata / Conflict_and_Event_Themes / Crime_and_Justice / Crime,9780380791880,Empire of dust,Metadata,Thematic_Metadata / Conflict_and_Event_Themes / Crime_and_Justice / Crime,3,"[""qwen_groq"", ""gpt_oss_groq"", ""gpt_oss_20b""]","[""American Detective and mystery stories"", ""Detective and mystery stories, American"", ""Fiction"", ""Occult crime"", ""Occult crime -- Fiction"", ""Horror"", ""Mystery, Thriller & Suspense"", ""Suspense"", ""Paranormal"", ""Psychics""]"
9780380797479__genre__Fiction / Historical Fiction,9780380797479,"The Pirate Lord (Lord Trilogy, Book 1)",Genre,Fiction / Historical Fiction,3,"[""qwen_groq"", ""gpt_oss_groq"", ""gpt_oss_20b""]","[""historical romance"", ""pirate romance"", ""Fiction"", ""Romance"", ""Historical"", ""Pirates""]"
9780380798704__genre__Fiction / Mystery / Procedural Mystery / Police Procedural,9780380798704,Elements of a Kill,Genre,Fiction / Mystery / Procedural Mystery / Police Procedural,3,"[""qwen_groq"", ""gpt_oss_groq"", ""gpt_oss_20b""]","[""Fiction, mystery & detective, police procedural"", ""Alaska, fiction"", ""Attla, ray (fictitious character), fiction"", ""Inuit, fiction"", ""Mystery"", ""Mystery, Thriller & Suspense"", ""Traditional Detectives""]"
9780380974368__genre__Fiction / Science Fiction / Hard and Soft Science Fiction / Hard Science Fiction,9780380974368,Eater,Genre,Fiction / Science Fiction / Hard and Soft Science Fiction / Hard Science Fiction,3,"[""qwen_groq"", ""gpt_oss_groq"", ""gpt_oss_20b""]","[""Science fiction"", ""Fiction"", ""Black holes (Astronomy)"", ""Fiction, science fiction, general"", ""Hard Science Fiction"", ""Thriller"", ""Literature & Fiction"", ""Genre Fiction"", ""Disaster""]"
9780380974368__metadata__Thematic_Metadata / Conflict_and_Event_Themes / Survival_and_Risk / Disaster,9780380974368,Eater,Metadata,Thematic_Metadata / Conflict_and_Event_Themes / Survival_and_Risk / Disaster,3,"[""qwen_groq"", ""gpt_oss_groq"", ""gpt_oss_20b""]","[""Science fiction"", ""Fiction"", ""Black holes (Astronomy)"", ""Fiction, science fiction, general"", ""Hard Science Fiction"", ""Thriller"", ""Literature & Fiction"", ""Genre Fiction"", ""Disaster""]"
9780385022927__genre__Nonfiction / Memoir / Memoir / Autobiography,9780385022927,The road to Hollywood,Genre,Nonfiction / Memoir / Memoir / Autobiography,3,"[""qwen_groq"", ""gpt_oss_groq"", ""gpt_oss_20b""]","[""Biography"", ""Comedians"", ""Motion picture actors and actresses"", ""Acting"", ""Actors, united states"", ""Nonfiction"", ""Humor"", ""Autobiography""]"
9780385136044__genre__Fiction / Action Fiction,9780385136044,The delta decision,Genre,Fiction / Action Fiction,3,"[""qwen_groq"", ""gpt_oss_groq"", ""gpt_oss_20b""]","[""Fiction"", ""Thriller"", ""Adventure"", ""Action"", ""Mystery"", ""Literature & Fiction""]"
9780385136044__genre__Fiction / Adventure,9780385136044,The delta decision,Genre,Fiction / Adventure,3,"[""qwen_groq"", ""gpt_oss_groq"", ""gpt_oss_20b""]","[""Fiction"", ""Thriller"", ""Adventure"", ""Action"", ""Mystery"", ""Literature & Fiction""]"
9780385136044__genre__Fiction / Mystery,9780385136044,The delta decision,Genre,Fiction / Mystery,3,"[""qwen_groq"", ""gpt_oss_groq"", ""gpt_oss_20b""]","[""Fiction"", ""Thriller"", ""Adventure"", ""Action"", ""Mystery"", ""Literature & Fiction""]"
9780385136044__genre__Fiction / Thriller,9780385136044,The delta decision,Genre,Fiction / Thriller,3,"[""qwen_groq"", ""gpt_oss_groq"", ""gpt_oss_20b""]","[""Fiction"", ""Thriller"", ""Adventure"", ""Action"", ""Mystery"", ""Literature & Fiction""]"
9780385151412__genre__Fiction,9780385151412,Pentagon,Genre,Fiction,3,"[""qwen_groq"", ""gpt_oss_groq"", ""gpt_oss_20b""]","[""Fiction"", ""Fiction, general"", ""Literature & Fiction""]"
9780385159906__genre__Fiction / Action Fiction / Western Fiction / Western,9780385159906,Smith and other events,Genre,Fiction / Action Fiction / Western Fiction / Western,3,"[""qwen_groq"", ""gpt_oss_groq"", ""gpt_oss_20b""]","[""Fiction"", ""Social life and customs"", ""Chilcotin Indians"", ""Ranch life"", ""Western stories"", ""City and town life"", ""Manners and customs"", ""Fiction, short stories (single author)"", ""British columbia, fiction"", ""Fiction, general"", ""Chilcotin Indians -- Social life and customs -- Fiction."", ""British Columbia -- Social life and customs -- Fiction.""]"
9780385159906__genre__Fiction / Literary Fiction / Short Form Literary Fiction / Short Fiction,9780385159906,Smith and other events,Genre,Fiction / Literary Fiction / Short Form Literary Fiction / Short Fiction,3,"[""qwen_groq"", ""gpt_oss_groq"", ""gpt_oss_20b""]","[""Fiction"", ""Social life and customs"", ""Chilcotin Indians"", ""Ranch life"", ""Western stories"", ""City and town life"", ""Manners and customs"", ""Fiction, short stories (single author)"", ""British columbia, fiction"", ""Fiction, general"", ""Chilcotin Indians -- Social life and customs -- Fiction."", ""British Columbia -- Social life and customs -- Fiction.""]"
9780385159906__metadata__Book_Format_and_Form / Textual_Form / Short_Form / Short Story,9780385159906,Smith and other events,Metadata,Book_Format_and_Form / Textual_Form / Short_Form / Short Story,3,"[""qwen_groq"", ""gpt_oss_groq"", ""gpt_oss_20b""]","[""Fiction"", ""Social life and customs"", ""Chilcotin Indians"", ""Ranch life"", ""Western stories"", ""City and town life"", ""Manners and customs"", ""Fiction, short stories (single author)"", ""British columbia, fiction"", ""Fiction, general"", ""Chilcotin Indians -- Social life and customs -- Fiction."", ""British Columbia -- Social life and customs -- Fiction.""]"
9780385171885__metadata__Geographical_Context / Country_or_National_Context / Country_Based_Context / American Context,9780385171885,Dreams that burn in the night,Metadata,Geographical_Context / Country_or_National_Context / Country_Based_Context / American Context,3,"[""qwen_groq"", ""gpt_oss_groq"", ""gpt_oss_20b""]","[""Science fiction, American""]"
9780385171946__genre__Fiction,9780385171946,A mighty afternoon,Genre,Fiction,3,"[""qwen_groq"", ""gpt_oss_groq"", ""gpt_oss_20b""]","[""Fiction"", ""Little Bighorn, Battle of the, Mont., 1876"", ""Custer, George Armstrong, 1839-1876 -- Fiction"", ""Little Bighorn, Battle of the, Mont., 1876 -- Fiction"", ""Indians of North America -- Wars -- Fiction""]"
9780385171946__metadata__Geographical_Context / World_Region / North_America,9780385171946,A mighty afternoon,Metadata,Geographical_Context / World_Region / North_America,3,"[""qwen_groq"", ""gpt_oss_groq"", ""gpt_oss_20b""]","[""Fiction"", ""Little Bighorn, Battle of the, Mont., 1876"", ""Custer, George Armstrong, 1839-1876 -- Fiction"", ""Little Bighorn, Battle of the, Mont., 1876 -- Fiction"", ""Indians of North America -- Wars -- Fiction""]"
9780385172196__genre__Nonfiction / Reference and Knowledge Organization / Reference,9780385172196,The hunter's bible,Genre,Nonfiction / Reference and Knowledge Organization / Reference,3,"[""qwen_groq"", ""gpt_oss_groq"", ""gpt_oss_20b""]","[""Hunting"", ""Reference"", ""Encyclopedias & Subject Guides""]"
9780385172196__metadata__Book_Format_and_Form / Textual_Form / Reference_Form,9780385172196,The hunter's bible,Metadata,Book_Format_and_Form / Textual_Form / Reference_Form,3,"[""qwen_groq"", ""gpt_oss_groq"", ""gpt_oss_20b""]","[""Hunting"", ""Reference"", ""Encyclopedias & Subject Guides""]"
9780385174701__metadata__Geographical_Context / Country_or_National_Context / Country_Based_Context / American Context,9780385174701,End of the tracks,Metadata,Geographical_Context / Country_or_National_Context / Country_Based_Context / American Context,3,"[""qwen_groq"", ""gpt_oss_groq"", ""gpt_oss_20b""]","[""American literature""]"
9780385176552__genre__Nonfiction,9780385176552,A land beyond tears,Genre,Nonfiction,3,"[""qwen_groq"", ""gpt_oss_groq"", ""gpt_oss_20b""]","[""Bereavement"", ""Case studies"", ""Death"", ""Family relationships"", ""Psychological aspects"", ""Psychological aspects of Bereavement"", ""Psychological aspects of Death"", ""Psychotherapy"", ""Terminally ill"", ""Bereavement -- Psychological aspects -- Case studies."", ""Death -- Psychological aspects -- Case studies."", ""Terminally ill -- Family relationships -- Case studies."", ""Psychotherapy -- Case studies.""]"
9780385176552__metadata__Thematic_Metadata / Relationship_and_Social_Themes / Family,9780385176552,A land beyond tears,Metadata,Thematic_Metadata / Relationship_and_Social_Themes / Family,3,"[""qwen_groq"", ""gpt_oss_groq"", ""gpt_oss_20b""]","[""Bereavement"", ""Case studies"", ""Death"", ""Family relationships"", ""Psychological aspects"", ""Psychological aspects of Bereavement"", ""Psychological aspects of Death"", ""Psychotherapy"", ""Terminally ill"", ""Bereavement -- Psychological aspects -- Case studies."", ""Death -- Psychological aspects -- Case studies."", ""Terminally ill -- Family relationships -- Case studies."", ""Psychotherapy -- Case studies.""]"
9780385179638__genre__Fiction,9780385179638,Fair's Fair,Genre,Fiction,3,"[""qwen_groq"", ""gpt_oss_groq"", ""gpt_oss_20b""]","[""Children's Books"", ""Literature & Fiction"", ""Picture Books"", ""Christmas""]"
9780385198721__genre__Fiction,9780385198721,The gift horse,Genre,Fiction,3,"[""qwen_groq"", ""gpt_oss_groq"", ""gpt_oss_20b""]","[""Fiction, general"", ""Literature & Fiction""]"
9780385233620__genre__Nonfiction / Language and Linguistics / Language / Grammar,9780385233620,French made simple,Genre,Nonfiction / Language and Linguistics / Language / Grammar,3,"[""qwen_groq"", ""gpt_oss_groq"", ""gpt_oss_20b""]","[""French language"", ""Grammar"", ""Text-books for foreign speakers"", ""Textbooks for foreign speakers"", ""French language, textbooks for foreign speakers"", ""French language -- Textbooks for foreign speakers -- English."", ""Reference"", ""Language"", ""Nonfiction"", ""Education & Teaching"", ""Studying & Workbooks""]"
9780385233620__metadata__Language_and_Textual_Context / Language / Single_Language / French,9780385233620,French made simple,Metadata,Language_and_Textual_Context / Language / Single_Language / French,3,"[""qwen_groq"", ""gpt_oss_groq"", ""gpt_oss_20b""]","[""French language"", ""Grammar"", ""Text-books for foreign speakers"", ""Textbooks for foreign speakers"", ""French language, textbooks for foreign speakers"", ""French language -- Textbooks for foreign speakers -- English."", ""Reference"", ""Language"", ""Nonfiction"", ""Education & Teaching"", ""Studying & Workbooks""]"
9780385251020__genre__Fiction,9780385251020,Contact prints,Genre,Fiction,3,"[""qwen_groq"", ""gpt_oss_groq"", ""gpt_oss_20b""]","[""Fiction""]"
9780385255264__genre__Fiction,9780385255264,Dennis And the Big Cleanup,Genre,Fiction,3,"[""qwen_groq"", ""gpt_oss_groq"", ""gpt_oss_20b""]","[""Juvenile fiction"", ""Recycling (Waste, etc.)""]"
9780385292610__genre__Fiction / Historical Fiction,9780385292610,Love and glory,Genre,Fiction / Historical Fiction,3,"[""qwen_groq"", ""gpt_oss_groq"", ""gpt_oss_20b""]","[""Fiction"", ""Literature"", ""Literature & Fiction"", ""Literary Fiction"", ""Historical""]"
9780385292986__metadata__Audience / Age_Group / Middle_Grade,9780385292986,"Loretta P. Sweeny, where are you?",Metadata,Audience / Age_Group / Middle_Grade,3,"[""qwen_groq"", ""gpt_oss_groq"", ""gpt_oss_20b""]","[""Mystery and detective stories"", ""Middle Grade"", ""Children's Books"", ""Mystery and detective stories.""]"
9780385293853__genre__Fiction / Mystery / Detective Mystery / Private Investigator Mystery,9780385293853,A Catskill eagle,Genre,Fiction / Mystery / Detective Mystery / Private Investigator Mystery,3,"[""qwen_groq"", ""gpt_oss_groq"", ""gpt_oss_20b""]","[""Private investigators"", ""Detective and mystery stories"", ""Fiction"", ""Detectives"", ""Mystery"", ""Crime"", ""Thriller"", ""Mystery Thriller"", ""Hard Boiled"", ""Mystery, Thriller & Suspense"", ""Hard-Boiled"", ""Boston (mass.), fiction"", ""Massachusetts, fiction"", ""Spenser (Fictitious character)"", ""Spenser (fictitious character), fiction"", ""Spenser (Fictitious character) -- Fiction"", ""Private investigators -- Massachusetts -- Boston -- Fiction"", ""Boston (Mass.) -- Fiction"", ""Detective""]"
9780385293853__metadata__Character_and_Representation_Metadata / Protagonist_Profile / Role_Profile / Detective,9780385293853,A Catskill eagle,Metadata,Character_and_Representation_Metadata / Protagonist_Profile / Role_Profile / Detective,3,"[""qwen_groq"", ""gpt_oss_groq"", ""gpt_oss_20b""]","[""Private investigators"", ""Detective and mystery stories"", ""Fiction"", ""Detectives"", ""Mystery"", ""Crime"", ""Thriller"", ""Mystery Thriller"", ""Hard Boiled"", ""Mystery, Thriller & Suspense"", ""Hard-Boiled"", ""Boston (mass.), fiction"", ""Massachusetts, fiction"", ""Spenser (Fictitious character)"", ""Spenser (fictitious character), fiction"", ""Spenser (Fictitious character) -- Fiction"", ""Private investigators -- Massachusetts -- Boston -- Fiction"", ""Boston (Mass.) -- Fiction"", ""Detective""]"
9780385293853__metadata__Thematic_Metadata / Conflict_and_Event_Themes / Crime_and_Justice / Crime,9780385293853,A Catskill eagle,Metadata,Thematic_Metadata / Conflict_and_Event_Themes / Crime_and_Justice / Crime,3,"[""qwen_groq"", ""gpt_oss_groq"", ""gpt_oss_20b""]","[""Private investigators"", ""Detective and mystery stories"", ""Fiction"", ""Detectives"", ""Mystery"", ""Crime"", ""Thriller"", ""Mystery Thriller"", ""Hard Boiled"", ""Mystery, Thriller & Suspense"", ""Hard-Boiled"", ""Boston (mass.), fiction"", ""Massachusetts, fiction"", ""Spenser (Fictitious character)"", ""Spenser (fictitious character), fiction"", ""Spenser (Fictitious character) -- Fiction"", ""Private investigators -- Massachusetts -- Boston -- Fiction"", ""Boston (Mass.) -- Fiction"", ""Detective""]"
9780385294065__genre__Fiction,9780385294065,Travelers by night,Genre,Fiction,3,"[""qwen_groq"", ""gpt_oss_groq"", ""gpt_oss_20b""]","[""Circus"", ""Elephants"", ""Fiction"", ""Juvenile fiction"", ""Circus -- Fiction."", ""Elephants -- Fiction."", ""England -- Fiction.""]"
9780385294867__genre__Fiction / Literary Fiction / Family and Relationship Fiction / Friendship Fiction,9780385294867,"Love, from the fifth grade celebrity",Genre,Fiction / Literary Fiction / Family and Relationship Fiction / Friendship Fiction,3,"[""qwen_groq"", ""gpt_oss_groq"", ""gpt_oss_20b""]","[""Juvenile fiction"", ""Friendship"", ""Fiction"", ""Friendship -- Fiction"", ""Middle Grade"", ""Children's Books""]"
9780385294867__metadata__Audience / Age_Group / Middle_Grade,9780385294867,"Love, from the fifth grade celebrity",Metadata,Audience / Age_Group / Middle_Grade,3,"[""qwen_groq"", ""gpt_oss_groq"", ""gpt_oss_20b""]","[""Juvenile fiction"", ""Friendship"", ""Fiction"", ""Friendship -- Fiction"", ""Middle Grade"", ""Children's Books""]"
9780385294867__metadata__Thematic_Metadata / Relationship_and_Social_Themes / Friendship,9780385294867,"Love, from the fifth grade celebrity",Metadata,Thematic_Metadata / Relationship_and_Social_Themes / Friendship,3,"[""qwen_groq"", ""gpt_oss_groq"", ""gpt_oss_20b""]","[""Juvenile fiction"", ""Friendship"", ""Fiction"", ""Friendship -- Fiction"", ""Middle Grade"", ""Children's Books""]"
9780385295840__genre__Fiction,9780385295840,Dear Bruce Springsteen,Genre,Fiction,3,"[""qwen_groq"", ""gpt_oss_groq"", ""gpt_oss_20b""]","[""Letters"", ""Fiction"", ""Parent and child"", ""Young Adult"", ""Teen & Young Adult"", ""Literature & Fiction""]"
9780385295840__metadata__Audience / Age_Group / Young_Adult / Young Adult Audience,9780385295840,Dear Bruce Springsteen,Metadata,Audience / Age_Group / Young_Adult / Young Adult Audience,3,"[""qwen_groq"", ""gpt_oss_groq"", ""gpt_oss_20b""]","[""Letters"", ""Fiction"", ""Parent and child"", ""Young Adult"", ""Teen & Young Adult"", ""Literature & Fiction""]"
9780385295840__metadata__Book_Format_and_Form / Textual_Form / Personal_Document_Form / Letters,9780385295840,Dear Bruce Springsteen,Metadata,Book_Format_and_Form / Textual_Form / Personal_Document_Form / Letters,3,"[""qwen_groq"", ""gpt_oss_groq"", ""gpt_oss_20b""]","[""Letters"", ""Fiction"", ""Parent and child"", ""Young Adult"", ""Teen & Young Adult"", ""Literature & Fiction""]"
9780385295840__metadata__Thematic_Metadata / Relationship_and_Social_Themes / Family / Parent-Child Relationship,9780385295840,Dear Bruce Springsteen,Metadata,Thematic_Metadata / Relationship_and_Social_Themes / Family / Parent-Child Relationship,3,"[""qwen_groq"", ""gpt_oss_groq"", ""gpt_oss_20b""]","[""Letters"", ""Fiction"", ""Parent and child"", ""Young Adult"", ""Teen & Young Adult"", ""Literature & Fiction""]"
9780385296939__genre__Fiction,9780385296939,"Poopsie Pomerantz, pick up your feet",Genre,Fiction,3,"[""qwen_groq"", ""gpt_oss_groq"", ""gpt_oss_20b""]","[""Fiction"", ""Ballet dancing"", ""Ballet dancing -- Fiction.""]"
9780385298957__genre__Fiction / Mystery / Detective Mystery / Private Investigator Mystery,9780385298957,Jackpot,Genre,Fiction / Mystery / Detective Mystery / Private Investigator Mystery,3,"[""qwen_groq"", ""gpt_oss_groq"", ""gpt_oss_20b""]","[""Fiction"", ""Private investigators"", ""Nameless Detective (Fictitious character)"", ""California, fiction"", ""San francisco (calif.), fiction"", ""Fiction, mystery & detective, police procedural"", ""Private investigators, fiction"", ""Nameless Detective (Fictitious character) -- Fiction."", ""Private investigators -- California -- San Francisco -- Fiction."", ""San Francisco (Calif.) -- Fiction."", ""Mystery"", ""Mystery, Thriller & Suspense"", ""Thrillers & Suspense"", ""Suspense"", ""Nameless detective (fictitious character), fiction""]"
9780385302609__genre__Fiction / Mystery / Detective Mystery / Private Investigator Mystery,9780385302609,Indemnity Only,Genre,Fiction / Mystery / Detective Mystery / Private Investigator Mystery,3,"[""qwen_groq"", ""gpt_oss_groq"", ""gpt_oss_20b""]","[""Fiction"", ""V. I. Warshawski (Fictitious character)"", ""Women private investigators"", ""Mystery"", ""Women detectives"", ""Detective and mystery stories"", ""Private investigators"", ""Fiction, mystery & detective, women sleuths"", ""Private investigators, fiction"", ""Chicago (ill.), fiction"", ""Illinois, fiction"", ""Crime"", ""Mystery Thriller"", ""Thriller"", ""Detective"", ""Mystery, Thriller & Suspense"", ""Hard-Boiled"", ""V.I. Warshawski (Fictitious character)"", ""Warshawski, v. i. (fictitious character), fiction""]"
9780385302609__genre__Fiction / Thriller,9780385302609,Indemnity Only,Genre,Fiction / Thriller,3,"[""qwen_groq"", ""gpt_oss_groq"", ""gpt_oss_20b""]","[""Fiction"", ""V. I. Warshawski (Fictitious character)"", ""Women private investigators"", ""Mystery"", ""Women detectives"", ""Detective and mystery stories"", ""Private investigators"", ""Fiction, mystery & detective, women sleuths"", ""Private investigators, fiction"", ""Chicago (ill.), fiction"", ""Illinois, fiction"", ""Crime"", ""Mystery Thriller"", ""Thriller"", ""Detective"", ""Mystery, Thriller & Suspense"", ""Hard-Boiled"", ""V.I. Warshawski (Fictitious character)"", ""Warshawski, v. i. (fictitious character), fiction""]"
9780385302609__metadata__Character_and_Representation_Metadata / Identity_Representation / Gender_Representation / Women-Centered,9780385302609,Indemnity Only,Metadata,Character_and_Representation_Metadata / Identity_Representation / Gender_Representation / Women-Centered,3,"[""qwen_groq"", ""gpt_oss_groq"", ""gpt_oss_20b""]","[""Fiction"", ""V. I. Warshawski (Fictitious character)"", ""Women private investigators"", ""Mystery"", ""Women detectives"", ""Detective and mystery stories"", ""Private investigators"", ""Fiction, mystery & detective, women sleuths"", ""Private investigators, fiction"", ""Chicago (ill.), fiction"", ""Illinois, fiction"", ""Crime"", ""Mystery Thriller"", ""Thriller"", ""Detective"", ""Mystery, Thriller & Suspense"", ""Hard-Boiled"", ""V.I. Warshawski (Fictitious character)"", ""Warshawski, v. i. (fictitious character), fiction""]"
9780385302609__metadata__Character_and_Representation_Metadata / Protagonist_Profile / Role_Profile / Detective,9780385302609,Indemnity Only,Metadata,Character_and_Representation_Metadata / Protagonist_Profile / Role_Profile / Detective,3,"[""qwen_groq"", ""gpt_oss_groq"", ""gpt_oss_20b""]","[""Fiction"", ""V. I. Warshawski (Fictitious character)"", ""Women private investigators"", ""Mystery"", ""Women detectives"", ""Detective and mystery stories"", ""Private investigators"", ""Fiction, mystery & detective, women sleuths"", ""Private investigators, fiction"", ""Chicago (ill.), fiction"", ""Illinois, fiction"", ""Crime"", ""Mystery Thriller"", ""Thriller"", ""Detective"", ""Mystery, Thriller & Suspense"", ""Hard-Boiled"", ""V.I. Warshawski (Fictitious character)"", ""Warshawski, v. i. (fictitious character), fiction""]"
9780385319928__genre__Fiction / Literary Fiction / General Literary Fiction / Contemporary Fiction,9780385319928,The long road home,Genre,Fiction / Literary Fiction / General Literary Fiction / Contemporary Fiction,3,"[""qwen_groq"", ""gpt_oss_groq"", ""gpt_oss_20b""]","[""Fiction"", ""Contemporary Fiction"", ""Romance"", ""Child abuse -- Fiction"", ""Adult child abuse victims -- Fiction"", ""Parent and child"", ""Women authors"", ""Women authors -- Fiction"", ""New York (N.Y.) -- Fiction"", ""Betrayal"", ""Psychology""]"
9780385319928__metadata__Character_and_Representation_Metadata / Identity_Representation / Gender_Representation / Women-Centered,9780385319928,The long road home,Metadata,Character_and_Representation_Metadata / Identity_Representation / Gender_Representation / Women-Centered,3,"[""qwen_groq"", ""gpt_oss_groq"", ""gpt_oss_20b""]","[""Fiction"", ""Contemporary Fiction"", ""Romance"", ""Child abuse -- Fiction"", ""Adult child abuse victims -- Fiction"", ""Parent and child"", ""Women authors"", ""Women authors -- Fiction"", ""New York (N.Y.) -- Fiction"", ""Betrayal"", ""Psychology""]"
9780385319928__metadata__Content_Suitability_Metadata / Reader_Advisory / Sensitive_Content / Abuse,9780385319928,The long road home,Metadata,Content_Suitability_Metadata / Reader_Advisory / Sensitive_Content / Abuse,3,"[""qwen_groq"", ""gpt_oss_groq"", ""gpt_oss_20b""]","[""Fiction"", ""Contemporary Fiction"", ""Romance"", ""Child abuse -- Fiction"", ""Adult child abuse victims -- Fiction"", ""Parent and child"", ""Women authors"", ""Women authors -- Fiction"", ""New York (N.Y.) -- Fiction"", ""Betrayal"", ""Psychology""]"
9780385319928__metadata__Thematic_Metadata / Relationship_and_Social_Themes / Family / Parent-Child Relationship,9780385319928,The long road home,Metadata,Thematic_Metadata / Relationship_and_Social_Themes / Family / Parent-Child Relationship,3,"[""qwen_groq"", ""gpt_oss_groq"", ""gpt_oss_20b""]","[""Fiction"", ""Contemporary Fiction"", ""Romance"", ""Child abuse -- Fiction"", ""Adult child abuse victims -- Fiction"", ""Parent and child"", ""Women authors"", ""Women authors -- Fiction"", ""New York (N.Y.) -- Fiction"", ""Betrayal"", ""Psychology""]"
9780385411035__metadata__Character_and_Representation_Metadata / Identity_Representation / Gender_Representation / Women-Centered,9780385411035,A little original sin,Metadata,Character_and_Representation_Metadata / Identity_Representation / Gender_Representation / Women-Centered,3,"[""qwen_groq"", ""gpt_oss_groq"", ""gpt_oss_20b""]","[""Biography"", ""American Women authors"", ""Women, biography"", ""Women authors"", ""Authors, American -- 20th century -- Biography"", ""Americans -- Morocco -- Biography"", ""Nonfiction"", ""Literature""]"
9780385411035__metadata__Geographical_Context / Country_or_National_Context / Country_Based_Context / American Context,9780385411035,A little original sin,Metadata,Geographical_Context / Country_or_National_Context / Country_Based_Context / American Context,3,"[""qwen_groq"", ""gpt_oss_groq"", ""gpt_oss_20b""]","[""Biography"", ""American Women authors"", ""Women, biography"", ""Women authors"", ""Authors, American -- 20th century -- Biography"", ""Americans -- Morocco -- Biography"", ""Nonfiction"", ""Literature""]"
9780385427104__genre__Nonfiction / Medicine and Health / Public and Preventive Health / Epidemiology,9780385427104,"Hot Zone,the",Genre,Nonfiction / Medicine and Health / Public and Preventive Health / Epidemiology,3,"[""qwen_groq"", ""gpt_oss_groq"", ""gpt_oss_20b""]","[""Ebola virus disease"", ""Ebolavirus"", ""Epidemiology"", ""Communicable diseases"", ""Nonfiction"", ""Science"", ""History"", ""Medical"", ""Medicine"", ""Horror"", ""Thriller"", ""Popular works"", ""New York Times bestseller"", ""Ebola Virus"", ""Ebola Hemorrhagic Fever""]"
9780385427104__metadata__Thematic_Metadata / Knowledge_and_Idea_Themes / Science_and_Technology,9780385427104,"Hot Zone,the",Metadata,Thematic_Metadata / Knowledge_and_Idea_Themes / Science_and_Technology,3,"[""qwen_groq"", ""gpt_oss_groq"", ""gpt_oss_20b""]","[""Ebola virus disease"", ""Ebolavirus"", ""Epidemiology"", ""Communicable diseases"", ""Nonfiction"", ""Science"", ""History"", ""Medical"", ""Medicine"", ""Horror"", ""Thriller"", ""Popular works"", ""New York Times bestseller"", ""Ebola Virus"", ""Ebola Hemorrhagic Fever""]"
9780393018059__genre__Nonfiction / Science / Cognitive and Behavioral Sciences / Psychology,9780393018059,Enjoy old age,Genre,Nonfiction / Science / Cognitive and Behavioral Sciences / Psychology,3,"[""qwen_groq"", ""gpt_oss_groq"", ""gpt_oss_20b""]","[""Old age"", ""Older people"", ""Aging"", ""Self-help techniques"", ""Self-management (Psychology)"", ""Psychology"", ""Philosophy"", ""Nonfiction"", ""Self Help"", ""Health, Fitness & Dieting"", ""Activities of Daily Living"", ""Conduct of life"", ""Older people, psychology"", ""Old age -- Philosophy."", ""Aged -- Psychology.""]"
9780393018059__genre__Nonfiction / Self Help and Personal Development / Self Help / Self Help,9780393018059,Enjoy old age,Genre,Nonfiction / Self Help and Personal Development / Self Help / Self Help,3,"[""qwen_groq"", ""gpt_oss_groq"", ""gpt_oss_20b""]","[""Old age"", ""Older people"", ""Aging"", ""Self-help techniques"", ""Self-management (Psychology)"", ""Psychology"", ""Philosophy"", ""Nonfiction"", ""Self Help"", ""Health, Fitness & Dieting"", ""Activities of Daily Living"", ""Conduct of life"", ""Older people, psychology"", ""Old age -- Philosophy."", ""Aged -- Psychology.""]"
9780393022148__genre__Fiction / Thriller,9780393022148,Field of blood,Genre,Fiction / Thriller,3,"[""qwen_groq"", ""gpt_oss_groq"", ""gpt_oss_20b""]","[""Fiction"", ""Fiction, general"", ""Thriller"", ""Crime"", ""Ireland -- Fiction""]"
9780393022148__metadata__Thematic_Metadata / Conflict_and_Event_Themes / Crime_and_Justice / Crime,9780393022148,Field of blood,Metadata,Thematic_Metadata / Conflict_and_Event_Themes / Crime_and_Justice / Crime,3,"[""qwen_groq"", ""gpt_oss_groq"", ""gpt_oss_20b""]","[""Fiction"", ""Fiction, general"", ""Thriller"", ""Crime"", ""Ireland -- Fiction""]"
9780393959574__genre__Nonfiction / Science / Cognitive and Behavioral Sciences / Psychology,9780393959574,Psychology,Genre,Nonfiction / Science / Cognitive and Behavioral Sciences / Psychology,3,"[""qwen_groq"", ""gpt_oss_groq"", ""gpt_oss_20b""]","[""Psychology"", ""Textbooks"", ""Psychology textbooks"", ""Psychologie"", ""Humanities textbooks"", ""Psykologi"", ""State of the art review"", ""Psychology -- Textbooks"", ""Nonfiction"", ""Science"", ""Reference"", ""Education""]"
9780393959574__metadata__Book_Format_and_Form / Textual_Form / Reference_Form,9780393959574,Psychology,Metadata,Book_Format_and_Form / Textual_Form / Reference_Form,3,"[""qwen_groq"", ""gpt_oss_groq"", ""gpt_oss_20b""]","[""Psychology"", ""Textbooks"", ""Psychology textbooks"", ""Psychologie"", ""Humanities textbooks"", ""Psykologi"", ""State of the art review"", ""Psychology -- Textbooks"", ""Nonfiction"", ""Science"", ""Reference"", ""Education""]"
9780394412030__genre__Fiction / Drama,9780394412030,The fan,Genre,Fiction / Drama,3,"[""qwen_groq"", ""gpt_oss_groq"", ""gpt_oss_20b""]","[""Fiction"", ""Thrillers"", ""Fiction, psychological"", ""Thriller"", ""Mystery"", ""Suspense"", ""Mystery Thriller"", ""Drama""]"
9780394412030__genre__Fiction / Mystery,9780394412030,The fan,Genre,Fiction / Mystery,3,"[""qwen_groq"", ""gpt_oss_groq"", ""gpt_oss_20b""]","[""Fiction"", ""Thrillers"", ""Fiction, psychological"", ""Thriller"", ""Mystery"", ""Suspense"", ""Mystery Thriller"", ""Drama""]"
9780394412030__genre__Fiction / Thriller / Psychological Thriller,9780394412030,The fan,Genre,Fiction / Thriller / Psychological Thriller,3,"[""qwen_groq"", ""gpt_oss_groq"", ""gpt_oss_20b""]","[""Fiction"", ""Thrillers"", ""Fiction, psychological"", ""Thriller"", ""Mystery"", ""Suspense"", ""Mystery Thriller"", ""Drama""]"
9780394499826__genre__Fiction / Mystery,9780394499826,The siege of the Villa Lipp,Genre,Fiction / Mystery,3,"[""qwen_groq"", ""gpt_oss_groq"", ""gpt_oss_20b""]","[""Fiction"", ""Great britain, fiction"", ""Fiction, thrillers, espionage"", ""Espionage"", ""Thriller"", ""Mystery"", ""British Literature"", ""Novels"", ""Mystery, Thriller & Suspense"", ""Thrillers & Suspense"", ""Spies & Politics""]"
9780394499826__genre__Fiction / Thriller / Political and Espionage Thriller / Espionage Thriller,9780394499826,The siege of the Villa Lipp,Genre,Fiction / Thriller / Political and Espionage Thriller / Espionage Thriller,3,"[""qwen_groq"", ""gpt_oss_groq"", ""gpt_oss_20b""]","[""Fiction"", ""Great britain, fiction"", ""Fiction, thrillers, espionage"", ""Espionage"", ""Thriller"", ""Mystery"", ""British Literature"", ""Novels"", ""Mystery, Thriller & Suspense"", ""Thrillers & Suspense"", ""Spies & Politics""]"
9780394499826__metadata__Geographical_Context / Country_or_National_Context / Country_Based_Context / British Context,9780394499826,The siege of the Villa Lipp,Metadata,Geographical_Context / Country_or_National_Context / Country_Based_Context / British Context,3,"[""qwen_groq"", ""gpt_oss_groq"", ""gpt_oss_20b""]","[""Fiction"", ""Great britain, fiction"", ""Fiction, thrillers, espionage"", ""Espionage"", ""Thriller"", ""Mystery"", ""British Literature"", ""Novels"", ""Mystery, Thriller & Suspense"", ""Thrillers & Suspense"", ""Spies & Politics""]"
9780394514055__genre__Fiction / Literary Fiction / Short Form Literary Fiction / Short Fiction,9780394514055,The stories of Heinrich Böll,Genre,Fiction / Literary Fiction / Short Form Literary Fiction / Short Fiction,3,"[""qwen_groq"", ""gpt_oss_groq"", ""gpt_oss_20b""]","[""Translations into English"", ""German Short stories"", ""Short Stories"", ""Fiction"", ""German Literature"", ""Literature"", ""Classics"", ""Böll, Heinrich, 1917- -- Translations into English""]"
9780394514055__metadata__Book_Format_and_Form / Textual_Form / Short_Form / Short Story,9780394514055,The stories of Heinrich Böll,Metadata,Book_Format_and_Form / Textual_Form / Short_Form / Short Story,3,"[""qwen_groq"", ""gpt_oss_groq"", ""gpt_oss_20b""]","[""Translations into English"", ""German Short stories"", ""Short Stories"", ""Fiction"", ""German Literature"", ""Literature"", ""Classics"", ""Böll, Heinrich, 1917- -- Translations into English""]"
9780394514055__metadata__Language_and_Textual_Context / Language / Single_Language / English,9780394514055,The stories of Heinrich Böll,Metadata,Language_and_Textual_Context / Language / Single_Language / English,3,"[""qwen_groq"", ""gpt_oss_groq"", ""gpt_oss_20b""]","[""Translations into English"", ""German Short stories"", ""Short Stories"", ""Fiction"", ""German Literature"", ""Literature"", ""Classics"", ""Böll, Heinrich, 1917- -- Translations into English""]"
9780394539362__genre__Fiction / Literary Fiction / General Literary Fiction / Contemporary Fiction,9780394539362,Other women,Genre,Fiction / Literary Fiction / General Literary Fiction / Contemporary Fiction,3,"[""qwen_groq"", ""gpt_oss_groq"", ""gpt_oss_20b""]","[""Fiction"", ""Lesbians"", ""Single mothers"", ""Vermont, fiction"", ""Fiction, lgbtq+, lesbian"", ""Fiction, psychological"", ""Fiction, general"", ""Single mothers -- Fiction."", ""Lesbians -- Fiction."", ""Vermont -- Fiction."", ""Contemporary"", ""Novels"", ""Literature"", ""Literature & Fiction""]"
9780394539362__metadata__Character_and_Representation_Metadata / Identity_Representation / LGBTQ_Representation / Lesbian Representation,9780394539362,Other women,Metadata,Character_and_Representation_Metadata / Identity_Representation / LGBTQ_Representation / Lesbian Representation,3,"[""qwen_groq"", ""gpt_oss_groq"", ""gpt_oss_20b""]","[""Fiction"", ""Lesbians"", ""Single mothers"", ""Vermont, fiction"", ""Fiction, lgbtq+, lesbian"", ""Fiction, psychological"", ""Fiction, general"", ""Single mothers -- Fiction."", ""Lesbians -- Fiction."", ""Vermont -- Fiction."", ""Contemporary"", ""Novels"", ""Literature"", ""Literature & Fiction""]"
9780394539362__metadata__Temporal_Context / Historical_Period / Contemporary,9780394539362,Other women,Metadata,Temporal_Context / Historical_Period / Contemporary,3,"[""qwen_groq"", ""gpt_oss_groq"", ""gpt_oss_20b""]","[""Fiction"", ""Lesbians"", ""Single mothers"", ""Vermont, fiction"", ""Fiction, lgbtq+, lesbian"", ""Fiction, psychological"", ""Fiction, general"", ""Single mothers -- Fiction."", ""Lesbians -- Fiction."", ""Vermont -- Fiction."", ""Contemporary"", ""Novels"", ""Literature"", ""Literature & Fiction""]"
9780394542690__metadata__Geographical_Context / World_Region / North_America / United States,9780394542690,Wilbur and Orville,Metadata,Geographical_Context / World_Region / North_America / United States,3,"[""qwen_groq"", ""gpt_oss_groq"", ""gpt_oss_20b""]","[""Aeronautics"", ""Biography"", ""Wright brothers"", ""Aeronautics, biography"", ""Wright, Wilbur, 1867-1912."", ""Wright, Orville, 1871-1948."", ""Aeronautics -- United States -- Biography."", ""Biographies & Memoirs""]"
9780394544939__metadata__Audience / Age_Group / Child,9780394544939,Play with a purpose,Metadata,Audience / Age_Group / Child,3,"[""qwen_groq"", ""gpt_oss_groq"", ""gpt_oss_20b""]","[""Educational games"", ""Play"", ""Child rearing""]"
9780394555522__genre__Nonfiction / Medicine and Health / Health and Wellness / Nutrition,9780394555522,Ageless ageing,Genre,Nonfiction / Medicine and Health / Health and Wellness / Nutrition,3,"[""qwen_groq"", ""gpt_oss_groq"", ""gpt_oss_20b""]","[""Longevity"", ""Low-calorie diet"", ""Nutrition"", ""Nutritional aspects of Longevity"", ""Aging"", ""Health, Fitness & Dieting"", ""Nutritional aspects"", ""Health""]"
9780394583358__genre__Fiction,9780394583358,The snake game,Genre,Fiction,3,"[""qwen_groq"", ""gpt_oss_groq"", ""gpt_oss_20b""]","[""Fiction"", ""Ojibwa Indians"", ""Indians of North America"", ""Indians of north america, fiction"", ""Ojibwa Indians -- Fiction"", ""Indians of North America -- Fiction""]"
9780394583358__metadata__Geographical_Context / World_Region / North_America,9780394583358,The snake game,Metadata,Geographical_Context / World_Region / North_America,3,"[""qwen_groq"", ""gpt_oss_groq"", ""gpt_oss_20b""]","[""Fiction"", ""Ojibwa Indians"", ""Indians of North America"", ""Indians of north america, fiction"", ""Ojibwa Indians -- Fiction"", ""Indians of North America -- Fiction""]"
9780394804248__genre__Fiction / Literary Fiction / General Literary Fiction / Realistic Fiction,9780394804248,The most beautiful place in the world,Genre,Fiction / Literary Fiction / General Literary Fiction / Realistic Fiction,3,"[""qwen_groq"", ""gpt_oss_groq"", ""gpt_oss_20b""]","[""Fiction"", ""Juvenile fiction"", ""Children's fiction"", ""Realistic Fiction"", ""Middle Grade"", ""Family"", ""Family Life"", ""Multigenerational"", ""Grandmothers"", ""Grandmothers -- Fiction"", ""Voyages and travels, fiction"", ""Guatemala -- Fiction"", ""Growing Up & Facts of Life"", ""School"", ""Children's Books""]"
9780394804248__metadata__Audience / Age_Group / Middle_Grade,9780394804248,The most beautiful place in the world,Metadata,Audience / Age_Group / Middle_Grade,3,"[""qwen_groq"", ""gpt_oss_groq"", ""gpt_oss_20b""]","[""Fiction"", ""Juvenile fiction"", ""Children's fiction"", ""Realistic Fiction"", ""Middle Grade"", ""Family"", ""Family Life"", ""Multigenerational"", ""Grandmothers"", ""Grandmothers -- Fiction"", ""Voyages and travels, fiction"", ""Guatemala -- Fiction"", ""Growing Up & Facts of Life"", ""School"", ""Children's Books""]"
9780394804248__metadata__Geographical_Context / Place_Type / Institutional / School,9780394804248,The most beautiful place in the world,Metadata,Geographical_Context / Place_Type / Institutional / School,3,"[""qwen_groq"", ""gpt_oss_groq"", ""gpt_oss_20b""]","[""Fiction"", ""Juvenile fiction"", ""Children's fiction"", ""Realistic Fiction"", ""Middle Grade"", ""Family"", ""Family Life"", ""Multigenerational"", ""Grandmothers"", ""Grandmothers -- Fiction"", ""Voyages and travels, fiction"", ""Guatemala -- Fiction"", ""Growing Up & Facts of Life"", ""School"", ""Children's Books""]"
9780394806518__genre__Nonfiction,9780394806518,Famous Indian Tribes,Genre,Nonfiction,3,"[""qwen_groq"", ""gpt_oss_groq"", ""gpt_oss_20b""]","[""Ethnic Studies - Native American Studies"", ""Sociology""]"
9780394807928__metadata__Geographical_Context / Place_Type / Institutional / School,9780394807928,Follow that bus!,Metadata,Geographical_Context / Place_Type / Institutional / School,3,"[""qwen_groq"", ""gpt_oss_groq"", ""gpt_oss_20b""]","[""Children's stories"", ""Fiction"", ""Children's fiction"", ""Buses, fiction"", ""Growing Up & Facts of Life"", ""Friendship, Social Skills & School Life"", ""School""]"
9780394827001__genre__Fiction / Humor and Satire / Humorous Fiction / Humor Fiction,9780394827001,Soup.,Genre,Fiction / Humor and Satire / Humorous Fiction / Humor Fiction,3,"[""qwen_groq"", ""gpt_oss_groq"", ""gpt_oss_20b""]","[""Fiction"", ""Friendship"", ""Juvenile Fiction"", ""Children's fiction"", ""Boys, fiction"", ""Amitié"", ""Romans, nouvelles, etc. pour la jeunesse"", ""Friendship -- Fiction."", ""Humor"", ""Middle Grade"", ""Young Adult"", ""Juvenile"", ""Childrens""]"
9780394827001__genre__Fiction / Literary Fiction / Family and Relationship Fiction / Friendship Fiction,9780394827001,Soup.,Genre,Fiction / Literary Fiction / Family and Relationship Fiction / Friendship Fiction,3,"[""qwen_groq"", ""gpt_oss_groq"", ""gpt_oss_20b""]","[""Fiction"", ""Friendship"", ""Juvenile Fiction"", ""Children's fiction"", ""Boys, fiction"", ""Amitié"", ""Romans, nouvelles, etc. pour la jeunesse"", ""Friendship -- Fiction."", ""Humor"", ""Middle Grade"", ""Young Adult"", ""Juvenile"", ""Childrens""]"
9780394827001__metadata__Audience / Age_Group / Middle_Grade,9780394827001,Soup.,Metadata,Audience / Age_Group / Middle_Grade,3,"[""qwen_groq"", ""gpt_oss_groq"", ""gpt_oss_20b""]","[""Fiction"", ""Friendship"", ""Juvenile Fiction"", ""Children's fiction"", ""Boys, fiction"", ""Amitié"", ""Romans, nouvelles, etc. pour la jeunesse"", ""Friendship -- Fiction."", ""Humor"", ""Middle Grade"", ""Young Adult"", ""Juvenile"", ""Childrens""]"
9780394827001__metadata__Audience / Age_Group / Young_Adult,9780394827001,Soup.,Metadata,Audience / Age_Group / Young_Adult,3,"[""qwen_groq"", ""gpt_oss_groq"", ""gpt_oss_20b""]","[""Fiction"", ""Friendship"", ""Juvenile Fiction"", ""Children's fiction"", ""Boys, fiction"", ""Amitié"", ""Romans, nouvelles, etc. pour la jeunesse"", ""Friendship -- Fiction."", ""Humor"", ""Middle Grade"", ""Young Adult"", ""Juvenile"", ""Childrens""]"
9780394852768__metadata__Thematic_Metadata / Relationship_and_Social_Themes / Family,9780394852768,The bloodroot flower,Metadata,Thematic_Metadata / Relationship_and_Social_Themes / Family,3,"[""qwen_groq"", ""gpt_oss_groq"", ""gpt_oss_20b""]","[""Family life"", ""Fiction"", ""Minnesota -- Fiction.""]"
9780394862859__genre__Fiction,9780394862859,Peterkin's wet walk,Genre,Fiction,3,"[""qwen_groq"", ""gpt_oss_groq"", ""gpt_oss_20b""]","[""Children's stories, English"", ""Rain and rainfall"", ""Fiction"", ""Children, fiction"", ""Children's fiction"", ""Children's stories, English."", ""Rain and rainfall -- Fiction."", ""Children's Books""]"
9780394862859__metadata__Language_and_Textual_Context / Language / Single_Language / English,9780394862859,Peterkin's wet walk,Metadata,Language_and_Textual_Context / Language / Single_Language / English,3,"[""qwen_groq"", ""gpt_oss_groq"", ""gpt_oss_20b""]","[""Children's stories, English"", ""Rain and rainfall"", ""Fiction"", ""Children, fiction"", ""Children's fiction"", ""Children's stories, English."", ""Rain and rainfall -- Fiction."", ""Children's Books""]"
9780394932767__genre__Fiction / Fantasy / Fairy Tales,9780394932767,"Gudgekin, the thistle girl, and other tales",Genre,Fiction / Fantasy / Fairy Tales,3,"[""qwen_groq"", ""gpt_oss_groq"", ""gpt_oss_20b""]","[""Fairy tales"", ""Fantasy"", ""Short Stories"", ""Childrens"", ""Fiction"", ""Childrens Fantasy"", ""Mythology""]"
9780394933252__genre__Fiction / Literary Fiction / Family and Relationship Fiction / Friendship Fiction,9780394933252,All it takes is practice,Genre,Fiction / Literary Fiction / Family and Relationship Fiction / Friendship Fiction,3,"[""qwen_groq"", ""gpt_oss_groq"", ""gpt_oss_20b""]","[""Fiction"", ""Race relations"", ""Friendship"", ""Basketball stories""]"
9780394946719__genre__Fiction,9780394946719,Kermit and Cleopigtra,Genre,Fiction,3,"[""qwen_groq"", ""gpt_oss_groq"", ""gpt_oss_20b""]","[""Animals"", ""Juvenile fiction"", ""Muppets (Fictitious characters)"", ""Fiction"", ""Time travel -- Juvenile fiction."", ""Egypt -- Juvenile fiction.""]"
9780394946719__metadata__Thematic_Metadata / Nature_and_Environment_Themes / Animals,9780394946719,Kermit and Cleopigtra,Metadata,Thematic_Metadata / Nature_and_Environment_Themes / Animals,3,"[""qwen_groq"", ""gpt_oss_groq"", ""gpt_oss_20b""]","[""Animals"", ""Juvenile fiction"", ""Muppets (Fictitious characters)"", ""Fiction"", ""Time travel -- Juvenile fiction."", ""Egypt -- Juvenile fiction.""]"
9780394953274__genre__Fiction,9780394953274,Spiders in the fruit cellar,Genre,Fiction,3,"[""qwen_groq"", ""gpt_oss_groq"", ""gpt_oss_20b""]","[""Fiction"", ""Spiders""]"
9780394955353__genre__Fiction,9780394955353,Flyers,Genre,Fiction,3,"[""qwen_groq"", ""gpt_oss_groq"", ""gpt_oss_20b""]","[""Fiction"", ""Stunt flying"", ""Stunt flying -- Fiction."", ""Air pilots -- Fiction.""]"
9780394959535__genre__Fiction / Literary Fiction / Family and Relationship Fiction / Friendship Fiction,9780394959535,"Is this good-bye, Charlie Brown?",Genre,Fiction / Literary Fiction / Family and Relationship Fiction / Friendship Fiction,3,"[""qwen_groq"", ""gpt_oss_groq"", ""gpt_oss_20b""]","[""Cartoons and comics"", ""Friendship"", ""Children's stories, American"", ""Fiction""]"
9780394959535__metadata__Geographical_Context / Country_or_National_Context / Country_Based_Context / American Context,9780394959535,"Is this good-bye, Charlie Brown?",Metadata,Geographical_Context / Country_or_National_Context / Country_Based_Context / American Context,3,"[""qwen_groq"", ""gpt_oss_groq"", ""gpt_oss_20b""]","[""Cartoons and comics"", ""Friendship"", ""Children's stories, American"", ""Fiction""]"
9780394966007__genre__Fiction,9780394966007,"I'll miss you, Mr. Hooper",Genre,Fiction,3,"[""qwen_groq"", ""gpt_oss_groq"", ""gpt_oss_20b""]","[""Fiction"", ""Puppets"", ""Death"", ""Death -- Fiction."", ""Puppets -- Fiction."", ""Picture Books""]"
9780394968179__genre__Fiction,9780394968179,The story of Mrs. Lovewright and Purrless her cat,Genre,Fiction,3,"[""qwen_groq"", ""gpt_oss_groq"", ""gpt_oss_20b""]","[""Cats"", ""Juvenile fiction"", ""Fiction"", ""Cats -- Fiction""]"
9780394973333__genre__Fiction / Humor and Satire / Humorous Fiction / Humor Fiction,9780394973333,The Berenstain Bears,Genre,Fiction / Humor and Satire / Humorous Fiction / Humor Fiction,3,"[""qwen_groq"", ""gpt_oss_groq"", ""gpt_oss_20b""]","[""Fiction"", ""Behavior"", ""Children's stories, American"", ""Bears"", ""Behavior -- Fiction"", ""Bears -- Fiction"", ""Picture Books"", ""Animals"", ""Family"", ""Humor""]"
9780394973333__metadata__Thematic_Metadata / Nature_and_Environment_Themes / Animals,9780394973333,The Berenstain Bears,Metadata,Thematic_Metadata / Nature_and_Environment_Themes / Animals,3,"[""qwen_groq"", ""gpt_oss_groq"", ""gpt_oss_20b""]","[""Fiction"", ""Behavior"", ""Children's stories, American"", ""Bears"", ""Behavior -- Fiction"", ""Bears -- Fiction"", ""Picture Books"", ""Animals"", ""Family"", ""Humor""]"
9780394973333__metadata__Thematic_Metadata / Relationship_and_Social_Themes / Family,9780394973333,The Berenstain Bears,Metadata,Thematic_Metadata / Relationship_and_Social_Themes / Family,3,"[""qwen_groq"", ""gpt_oss_groq"", ""gpt_oss_20b""]","[""Fiction"", ""Behavior"", ""Children's stories, American"", ""Bears"", ""Behavior -- Fiction"", ""Bears -- Fiction"", ""Picture Books"", ""Animals"", ""Family"", ""Humor""]"
9780395123645__genre__Fiction / Literary Fiction / General Literary Fiction / Realistic Fiction,9780395123645,Hotel for dogs.,Genre,Fiction / Literary Fiction / General Literary Fiction / Realistic Fiction,3,"[""qwen_groq"", ""gpt_oss_groq"", ""gpt_oss_20b""]","[""Dogs"", ""Fiction"", ""Pet adoption"", ""Brothers and sisters"", ""Juvenile fiction"", ""Children's fiction"", ""Dogs, fiction"", ""Dogs -- Fiction"", ""Animals"", ""Middle Grade"", ""Realistic Fiction""]"
9780395123645__metadata__Audience / Age_Group / Middle_Grade,9780395123645,Hotel for dogs.,Metadata,Audience / Age_Group / Middle_Grade,3,"[""qwen_groq"", ""gpt_oss_groq"", ""gpt_oss_20b""]","[""Dogs"", ""Fiction"", ""Pet adoption"", ""Brothers and sisters"", ""Juvenile fiction"", ""Children's fiction"", ""Dogs, fiction"", ""Dogs -- Fiction"", ""Animals"", ""Middle Grade"", ""Realistic Fiction""]"
9780395123645__metadata__Thematic_Metadata / Nature_and_Environment_Themes / Animals / Pet Relationship,9780395123645,Hotel for dogs.,Metadata,Thematic_Metadata / Nature_and_Environment_Themes / Animals / Pet Relationship,3,"[""qwen_groq"", ""gpt_oss_groq"", ""gpt_oss_20b""]","[""Dogs"", ""Fiction"", ""Pet adoption"", ""Brothers and sisters"", ""Juvenile fiction"", ""Children's fiction"", ""Dogs, fiction"", ""Dogs -- Fiction"", ""Animals"", ""Middle Grade"", ""Realistic Fiction""]"
9780395150825__genre__Fiction / Historical Fiction,9780395150825,Paddle-to-the-Sea,Genre,Fiction / Historical Fiction,3,"[""qwen_groq"", ""gpt_oss_groq"", ""gpt_oss_20b""]","[""Juvenile fiction"", ""Fiction"", ""Canoes and canoeing"", ""Indians of North America"", ""Children's fiction"", ""Saint lawrence river, fiction"", ""Great lakes (north america), fiction"", ""Children's Books"", ""Literature & Fiction"", ""Historical Fiction""]"
9780395150825__metadata__Geographical_Context / World_Region / North_America,9780395150825,Paddle-to-the-Sea,Metadata,Geographical_Context / World_Region / North_America,3,"[""qwen_groq"", ""gpt_oss_groq"", ""gpt_oss_20b""]","[""Juvenile fiction"", ""Fiction"", ""Canoes and canoeing"", ""Indians of North America"", ""Children's fiction"", ""Saint lawrence river, fiction"", ""Great lakes (north america), fiction"", ""Children's Books"", ""Literature & Fiction"", ""Historical Fiction""]"
9780395150849__genre__Fiction / Humor and Satire / Humorous Fiction / Humor Fiction,9780395150849,Kermit the Hermit,Genre,Fiction / Humor and Satire / Humorous Fiction / Humor Fiction,3,"[""qwen_groq"", ""gpt_oss_groq"", ""gpt_oss_20b""]","[""Stories in rhyme"", ""Juvenile fiction"", ""Fiction"", ""Children's fiction"", ""Picture books"", ""Children's Books"", ""Humor""]"
9780395214060__genre__Fiction / Fantasy,9780395214060,Star mother's youngest child,Genre,Fiction / Fantasy,3,"[""qwen_groq"", ""gpt_oss_groq"", ""gpt_oss_20b""]","[""Children's stories"", ""Christmas"", ""Fiction"", ""Children's fiction"", ""Picture Books"", ""Holiday"", ""Fantasy""]"
9780395251508__genre__Fiction / Fantasy,9780395251508,Big bad Bruce,Genre,Fiction / Fantasy,3,"[""qwen_groq"", ""gpt_oss_groq"", ""gpt_oss_20b""]","[""Fiction"", ""Bears"", ""Children's stories"", ""Witches"", ""Bullying"", ""Juvenile fiction"", ""Bullies"", ""Children's fiction"", ""Bears, fiction"", ""Witches, fiction"", ""Bears -- Fiction."", ""Witches -- Fiction."", ""Picture Books"", ""Animals"", ""Fantasy"", ""Children's Books"", ""Humor""]"
9780395251508__genre__Fiction / Humor and Satire / Humorous Fiction / Humor Fiction,9780395251508,Big bad Bruce,Genre,Fiction / Humor and Satire / Humorous Fiction / Humor Fiction,3,"[""qwen_groq"", ""gpt_oss_groq"", ""gpt_oss_20b""]","[""Fiction"", ""Bears"", ""Children's stories"", ""Witches"", ""Bullying"", ""Juvenile fiction"", ""Bullies"", ""Children's fiction"", ""Bears, fiction"", ""Witches, fiction"", ""Bears -- Fiction."", ""Witches -- Fiction."", ""Picture Books"", ""Animals"", ""Fantasy"", ""Children's Books"", ""Humor""]"
9780395251508__metadata__Thematic_Metadata / Nature_and_Environment_Themes / Animals,9780395251508,Big bad Bruce,Metadata,Thematic_Metadata / Nature_and_Environment_Themes / Animals,3,"[""qwen_groq"", ""gpt_oss_groq"", ""gpt_oss_20b""]","[""Fiction"", ""Bears"", ""Children's stories"", ""Witches"", ""Bullying"", ""Juvenile fiction"", ""Bullies"", ""Children's fiction"", ""Bears, fiction"", ""Witches, fiction"", ""Bears -- Fiction."", ""Witches -- Fiction."", ""Picture Books"", ""Animals"", ""Fantasy"", ""Children's Books"", ""Humor""]"
9780395278031__genre__Fiction,9780395278031,Rat stew,Genre,Fiction,3,"[""qwen_groq"", ""gpt_oss_groq"", ""gpt_oss_20b""]","[""Nonsense verses"", ""Poetry"", ""Juvenile literature"", ""Children's Books""]"
9780395291016__genre__Fiction,9780395291016,The amazing pig,Genre,Fiction,3,"[""qwen_groq"", ""gpt_oss_groq"", ""gpt_oss_20b""]","[""Folklore"", ""Juvenile literature"", ""Children's fiction"", ""Pigs, fiction"", ""Picture Books"", ""Children's Books""]"
9780395294345__genre__Fiction,9780395294345,The people therein,Genre,Fiction,3,"[""qwen_groq"", ""gpt_oss_groq"", ""gpt_oss_20b""]","[""Fiction"", ""Appalachian mountains, fiction"", ""Mountain life"", ""Literature & Fiction"", ""Teen & Young Adult""]"
9780395294345__metadata__Audience / Age_Group / Teen / Teen Audience,9780395294345,The people therein,Metadata,Audience / Age_Group / Teen / Teen Audience,3,"[""qwen_groq"", ""gpt_oss_groq"", ""gpt_oss_20b""]","[""Fiction"", ""Appalachian mountains, fiction"", ""Mountain life"", ""Literature & Fiction"", ""Teen & Young Adult""]"
9780395294345__metadata__Audience / Age_Group / Young_Adult / Young Adult Audience,9780395294345,The people therein,Metadata,Audience / Age_Group / Young_Adult / Young Adult Audience,3,"[""qwen_groq"", ""gpt_oss_groq"", ""gpt_oss_20b""]","[""Fiction"", ""Appalachian mountains, fiction"", ""Mountain life"", ""Literature & Fiction"", ""Teen & Young Adult""]"
9780395294345__metadata__Geographical_Context / Place_Type / Natural / Mountain,9780395294345,The people therein,Metadata,Geographical_Context / Place_Type / Natural / Mountain,3,"[""qwen_groq"", ""gpt_oss_groq"", ""gpt_oss_20b""]","[""Fiction"", ""Appalachian mountains, fiction"", ""Mountain life"", ""Literature & Fiction"", ""Teen & Young Adult""]"
9780395297421__metadata__Audience / Age_Group / Teen / Teen Audience,9780395297421,The killer swan,Metadata,Audience / Age_Group / Teen / Teen Audience,3,"[""qwen_groq"", ""gpt_oss_groq"", ""gpt_oss_20b""]","[""Fiction"", ""Swans"", ""Swans, fiction"", ""Swans -- Fiction."", ""Fathers and sons"", ""Fathers and sons -- Fiction."", ""Teen & Young Adult"", ""Literature & Fiction"", ""Social & Family Issues"", ""Death & Dying"", ""Stepfathers -- Fiction.""]"
9780395297421__metadata__Audience / Age_Group / Young_Adult / Young Adult Audience,9780395297421,The killer swan,Metadata,Audience / Age_Group / Young_Adult / Young Adult Audience,3,"[""qwen_groq"", ""gpt_oss_groq"", ""gpt_oss_20b""]","[""Fiction"", ""Swans"", ""Swans, fiction"", ""Swans -- Fiction."", ""Fathers and sons"", ""Fathers and sons -- Fiction."", ""Teen & Young Adult"", ""Literature & Fiction"", ""Social & Family Issues"", ""Death & Dying"", ""Stepfathers -- Fiction.""]"
9780395297421__metadata__Thematic_Metadata / Relationship_and_Social_Themes / Family,9780395297421,The killer swan,Metadata,Thematic_Metadata / Relationship_and_Social_Themes / Family,3,"[""qwen_groq"", ""gpt_oss_groq"", ""gpt_oss_20b""]","[""Fiction"", ""Swans"", ""Swans, fiction"", ""Swans -- Fiction."", ""Fathers and sons"", ""Fathers and sons -- Fiction."", ""Teen & Young Adult"", ""Literature & Fiction"", ""Social & Family Issues"", ""Death & Dying"", ""Stepfathers -- Fiction.""]"
9780395297421__metadata__Thematic_Metadata / Relationship_and_Social_Themes / Social_Issues,9780395297421,The killer swan,Metadata,Thematic_Metadata / Relationship_and_Social_Themes / Social_Issues,3,"[""qwen_groq"", ""gpt_oss_groq"", ""gpt_oss_20b""]","[""Fiction"", ""Swans"", ""Swans, fiction"", ""Swans -- Fiction."", ""Fathers and sons"", ""Fathers and sons -- Fiction."", ""Teen & Young Adult"", ""Literature & Fiction"", ""Social & Family Issues"", ""Death & Dying"", ""Stepfathers -- Fiction.""]"
9780395331606__genre__Nonfiction,9780395331606,The carbohydrate craver's diet,Genre,Nonfiction,3,"[""qwen_groq"", ""gpt_oss_groq"", ""gpt_oss_20b""]","[""Low-calorie diet"", ""Recipes"", ""Reducing diets"", ""Dietary Carbohydrates"", ""Cookbooks, Food & Wine"", ""Special Diet"", ""Reducing Diet""]"
9780395338827__genre__Fiction / Animal Fiction / Animal Fiction / Wildlife Fiction,9780395338827,Fishman and Charly,Genre,Fiction / Animal Fiction / Animal Fiction / Wildlife Fiction,3,"[""qwen_groq"", ""gpt_oss_groq"", ""gpt_oss_20b""]","[""Fiction"", ""Manatees"", ""Wildlife conservation"", ""Fathers and sons"", ""Children's fiction"", ""Friendship, fiction"", ""Manatees -- Fiction."", ""Wildlife conservation -- Fiction."", ""Fathers and sons -- Fiction.""]"
9780395338827__genre__Fiction / Literary Fiction / Family and Relationship Fiction / Friendship Fiction,9780395338827,Fishman and Charly,Genre,Fiction / Literary Fiction / Family and Relationship Fiction / Friendship Fiction,3,"[""qwen_groq"", ""gpt_oss_groq"", ""gpt_oss_20b""]","[""Fiction"", ""Manatees"", ""Wildlife conservation"", ""Fathers and sons"", ""Children's fiction"", ""Friendship, fiction"", ""Manatees -- Fiction."", ""Wildlife conservation -- Fiction."", ""Fathers and sons -- Fiction.""]"
9780395338827__metadata__Thematic_Metadata / Nature_and_Environment_Themes / Animals / Wildlife,9780395338827,Fishman and Charly,Metadata,Thematic_Metadata / Nature_and_Environment_Themes / Animals / Wildlife,3,"[""qwen_groq"", ""gpt_oss_groq"", ""gpt_oss_20b""]","[""Fiction"", ""Manatees"", ""Wildlife conservation"", ""Fathers and sons"", ""Children's fiction"", ""Friendship, fiction"", ""Manatees -- Fiction."", ""Wildlife conservation -- Fiction."", ""Fathers and sons -- Fiction.""]"
9780395338827__metadata__Thematic_Metadata / Nature_and_Environment_Themes / Environment / Conservation,9780395338827,Fishman and Charly,Metadata,Thematic_Metadata / Nature_and_Environment_Themes / Environment / Conservation,3,"[""qwen_groq"", ""gpt_oss_groq"", ""gpt_oss_20b""]","[""Fiction"", ""Manatees"", ""Wildlife conservation"", ""Fathers and sons"", ""Children's fiction"", ""Friendship, fiction"", ""Manatees -- Fiction."", ""Wildlife conservation -- Fiction."", ""Fathers and sons -- Fiction.""]"
9780395393789__genre__Fiction,9780395393789,Timothy too!,Genre,Fiction,3,"[""qwen_groq"", ""gpt_oss_groq"", ""gpt_oss_20b""]","[""Brothers"", ""Juvenile fiction"", ""Fiction"", ""Children's fiction"", ""Boys, fiction"", ""Brothers -- Fiction.""]"
9780395404201__genre__Fiction,9780395404201,I never wanted to be famous,Genre,Fiction,3,"[""qwen_groq"", ""gpt_oss_groq"", ""gpt_oss_20b""]","[""Fiction"", ""Heroes"", ""Mothers and sons"", ""Fame"", ""Children's fiction"", ""Mothers and sons, fiction"", ""Heroes, fiction"", ""Fame -- Fiction"", ""Mothers and sons -- Fiction"", ""Heroes -- Fiction""]"
9780395419526__genre__Fiction,9780395419526,The foursome,Genre,Fiction,3,"[""qwen_groq"", ""gpt_oss_groq"", ""gpt_oss_20b""]","[""Fiction"", ""Golf"", ""Golfers"", ""Businesspeople"", ""Businesspeople -- Fiction"", ""Golfers -- Fiction"", ""Literature & Fiction"", ""United States""]"
9780395419526__metadata__Geographical_Context / World_Region / North_America / United States,9780395419526,The foursome,Metadata,Geographical_Context / World_Region / North_America / United States,3,"[""qwen_groq"", ""gpt_oss_groq"", ""gpt_oss_20b""]","[""Fiction"", ""Golf"", ""Golfers"", ""Businesspeople"", ""Businesspeople -- Fiction"", ""Golfers -- Fiction"", ""Literature & Fiction"", ""United States""]"
9780395570388__genre__Fiction,9780395570388,Bob War & Poke,Genre,Fiction,3,"[""qwen_groq"", ""gpt_oss_groq"", ""gpt_oss_20b""]","[""Automobile travel"", ""Brothers"", ""Country life"", ""Fiction"", ""Robbers and outlaws"", ""Children's fiction"", ""Voyages and travels, fiction"", ""Brothers and sisters, fiction"", ""Country life, fiction"", ""Robbers and outlaws -- Fiction."", ""Automobile travel -- Fiction."", ""Brothers -- Fiction."", ""Children's Books""]"
9780395570388__metadata__Geographical_Context / Place_Type / Travel_Related,9780395570388,Bob War & Poke,Metadata,Geographical_Context / Place_Type / Travel_Related,3,"[""qwen_groq"", ""gpt_oss_groq"", ""gpt_oss_20b""]","[""Automobile travel"", ""Brothers"", ""Country life"", ""Fiction"", ""Robbers and outlaws"", ""Children's fiction"", ""Voyages and travels, fiction"", ""Brothers and sisters, fiction"", ""Country life, fiction"", ""Robbers and outlaws -- Fiction."", ""Automobile travel -- Fiction."", ""Brothers -- Fiction."", ""Children's Books""]"
9780395599662__genre__Fiction / Historical Fiction,9780395599662,Thunder rolling in the mountains,Genre,Fiction / Historical Fiction,3,"[""qwen_groq"", ""gpt_oss_groq"", ""gpt_oss_20b""]","[""Juvenile fiction"", ""Indians of North America"", ""Nez Percé Indians"", ""Fiction"", ""Nez Perce Indians"", ""Native Americans"", ""Children's fiction"", ""Historical Fiction"", ""Young Adult"", ""Historical"", ""Native American"", ""Middle Grade""]"
9780395599662__metadata__Audience / Age_Group / Middle_Grade,9780395599662,Thunder rolling in the mountains,Metadata,Audience / Age_Group / Middle_Grade,3,"[""qwen_groq"", ""gpt_oss_groq"", ""gpt_oss_20b""]","[""Juvenile fiction"", ""Indians of North America"", ""Nez Percé Indians"", ""Fiction"", ""Nez Perce Indians"", ""Native Americans"", ""Children's fiction"", ""Historical Fiction"", ""Young Adult"", ""Historical"", ""Native American"", ""Middle Grade""]"
9780395599662__metadata__Geographical_Context / World_Region / North_America,9780395599662,Thunder rolling in the mountains,Metadata,Geographical_Context / World_Region / North_America,3,"[""qwen_groq"", ""gpt_oss_groq"", ""gpt_oss_20b""]","[""Juvenile fiction"", ""Indians of North America"", ""Nez Percé Indians"", ""Fiction"", ""Nez Perce Indians"", ""Native Americans"", ""Children's fiction"", ""Historical Fiction"", ""Young Adult"", ""Historical"", ""Native American"", ""Middle Grade""]"
9780395797600__genre__Nonfiction / Reference and Knowledge Organization / Reference,9780395797600,The real high school handbook,Genre,Nonfiction / Reference and Knowledge Organization / Reference,3,"[""qwen_groq"", ""gpt_oss_groq"", ""gpt_oss_20b""]","[""High schools"", ""Juvenile literature"", ""Handbooks, manuals"", ""Conduct of life"", ""Schools"", ""High school students"", ""High school"", ""Teen & Young Adult"", ""Education & Reference"", ""Reference""]"
9780395797600__metadata__Audience / Educational_Stage / School_Level / Secondary School,9780395797600,The real high school handbook,Metadata,Audience / Educational_Stage / School_Level / Secondary School,3,"[""qwen_groq"", ""gpt_oss_groq"", ""gpt_oss_20b""]","[""High schools"", ""Juvenile literature"", ""Handbooks, manuals"", ""Conduct of life"", ""Schools"", ""High school students"", ""High school"", ""Teen & Young Adult"", ""Education & Reference"", ""Reference""]"
9780395882764__genre__Nonfiction / Mathematics / Mathematics / Statistics,9780395882764,1998 information please almanac,Genre,Nonfiction / Mathematics / Mathematics / Statistics,3,"[""qwen_groq"", ""gpt_oss_groq"", ""gpt_oss_20b""]","[""American Almanacs"", ""Statistics"", ""Almanacs""]"
9780395882764__metadata__Geographical_Context / Country_or_National_Context / Country_Based_Context / American Context,9780395882764,1998 information please almanac,Metadata,Geographical_Context / Country_or_National_Context / Country_Based_Context / American Context,3,"[""qwen_groq"", ""gpt_oss_groq"", ""gpt_oss_20b""]","[""American Almanacs"", ""Statistics"", ""Almanacs""]"
9780395900123__genre__Fiction / Historical Fiction,9780395900123,A coming evil,Genre,Fiction / Historical Fiction,3,"[""qwen_groq"", ""gpt_oss_groq"", ""gpt_oss_20b""]","[""Fiction"", ""Historical Fiction"", ""Historical"", ""Young Adult"", ""Children's Books"", ""Juvenile fiction"", ""Children's fiction"", ""World War, 1939-1945"", ""World war, 1939-1945, fiction"", ""World War, 1939-1945 -- France -- Fiction."", ""World War, 1939-1945 -- France -- Juvenile fiction."", ""France"", ""France -- History -- German occupation, 1940-1945 -- Fiction."", ""France -- History -- German occupation, 1940-1945 -- Juvenile fiction."", ""Ghosts"", ""Ghosts, fiction"", ""Ghosts -- Fiction."", ""Literature & Fiction"", ""Europe"", ""Children, fiction"", ""France, history, german occupation, 1940-1945, fiction""]"
9780395900123__metadata__Geographical_Context / World_Region / Europe,9780395900123,A coming evil,Metadata,Geographical_Context / World_Region / Europe,3,"[""qwen_groq"", ""gpt_oss_groq"", ""gpt_oss_20b""]","[""Fiction"", ""Historical Fiction"", ""Historical"", ""Young Adult"", ""Children's Books"", ""Juvenile fiction"", ""Children's fiction"", ""World War, 1939-1945"", ""World war, 1939-1945, fiction"", ""World War, 1939-1945 -- France -- Fiction."", ""World War, 1939-1945 -- France -- Juvenile fiction."", ""France"", ""France -- History -- German occupation, 1940-1945 -- Fiction."", ""France -- History -- German occupation, 1940-1945 -- Juvenile fiction."", ""Ghosts"", ""Ghosts, fiction"", ""Ghosts -- Fiction."", ""Literature & Fiction"", ""Europe"", ""Children, fiction"", ""France, history, german occupation, 1940-1945, fiction""]"
9780396083276__genre__Fiction / Literary Fiction / Family and Relationship Fiction / Friendship Fiction,9780396083276,"Rachel Vellars, how could you?",Genre,Fiction / Literary Fiction / Family and Relationship Fiction / Friendship Fiction,3,"[""qwen_groq"", ""gpt_oss_groq"", ""gpt_oss_20b""]","[""Fiction"", ""Children's stories, American"", ""Single-parent families"", ""Divorce"", ""Friendship"", ""Children's fiction"", ""Girls, fiction"", ""Friendship -- Fiction"", ""Single-parent families -- Fiction"", ""Divorce -- Fiction""]"
9780396083276__metadata__Thematic_Metadata / Relationship_and_Social_Themes / Friendship / Friendship,9780396083276,"Rachel Vellars, how could you?",Metadata,Thematic_Metadata / Relationship_and_Social_Themes / Friendship / Friendship,3,"[""qwen_groq"", ""gpt_oss_groq"", ""gpt_oss_20b""]","[""Fiction"", ""Children's stories, American"", ""Single-parent families"", ""Divorce"", ""Friendship"", ""Children's fiction"", ""Girls, fiction"", ""Friendship -- Fiction"", ""Single-parent families -- Fiction"", ""Divorce -- Fiction""]"
9780396085034__genre__Fiction,9780396085034,Radio Robert,Genre,Fiction,3,"[""qwen_groq"", ""gpt_oss_groq"", ""gpt_oss_20b""]","[""Children's stories, American"", ""Divorce"", ""Fathers and sons"", ""Fiction"", ""Radio broadcasting"", ""Children's fiction"", ""Boys, fiction"", ""Radio broadcasting -- Fiction."", ""Divorce -- Fiction."", ""Fathers and sons -- Fiction."", ""Children's Books"", ""Children's stories, American.""]"
9780396085034__metadata__Geographical_Context / Country_or_National_Context / Country_Based_Context / American Context,9780396085034,Radio Robert,Metadata,Geographical_Context / Country_or_National_Context / Country_Based_Context / American Context,3,"[""qwen_groq"", ""gpt_oss_groq"", ""gpt_oss_20b""]","[""Children's stories, American"", ""Divorce"", ""Fathers and sons"", ""Fiction"", ""Radio broadcasting"", ""Children's fiction"", ""Boys, fiction"", ""Radio broadcasting -- Fiction."", ""Divorce -- Fiction."", ""Fathers and sons -- Fiction."", ""Children's Books"", ""Children's stories, American.""]"
9780396085263__genre__Nonfiction / Medicine and Health / Health and Wellness / Health,9780396085263,View from the seesaw,Genre,Nonfiction / Medicine and Health / Health and Wellness / Health,3,"[""qwen_groq"", ""gpt_oss_groq"", ""gpt_oss_20b""]","[""Biography"", ""Poliomyelitis"", ""People with disabilities"", ""Health"", ""Disabled"", ""Poliomyelitis -- Patients -- United States -- Biography."", ""People with disabilities -- United States -- Biography.""]"
9780396085263__metadata__Geographical_Context / World_Region / North_America / United States,9780396085263,View from the seesaw,Metadata,Geographical_Context / World_Region / North_America / United States,3,"[""qwen_groq"", ""gpt_oss_groq"", ""gpt_oss_20b""]","[""Biography"", ""Poliomyelitis"", ""People with disabilities"", ""Health"", ""Disabled"", ""Poliomyelitis -- Patients -- United States -- Biography."", ""People with disabilities -- United States -- Biography.""]"
