Debate_ID,ISBN-13,Title,Annotation_Type,Disputed_Path,Support_Count,Models_For,Models_Against,Filtered_Tags,Round1_Detail,Round2_Detail,Qwen_Decision,GPT_OSS_120B_Decision,GPT_OSS_20B_Decision,Adjudication_Reason,Final_Verdict
9780060269364__metadata__Book_Format_and_Form / Narrative_Length / Short,9780060269364,Early sorrow,Metadata,Book_Format_and_Form / Narrative_Length / Short,2,"[""gpt_oss_groq"", ""gpt_oss_20b""]","[""qwen_groq""]","[""Short stories"", ""Fiction"", ""Literature & Fiction"", ""Short stories, American."", ""Short stories, English."", ""Youth -- Fiction."", ""Youth -- Social life and customs -- Fiction."", ""Teen & Young Adult"", ""English Short stories""]","[{""decision"": ""MAINTAIN"", ""evidence_tags"": [""Short stories""], ""justification"": ""The tag \""Short stories\"" directly indicates a short narrative length."", ""model"": ""gpt_oss_groq""}, {""decision"": ""MAINTAIN"", ""evidence_tags"": [""Short stories""], ""justification"": ""The tag \""Short stories\"" explicitly indicates a short narrative length."", ""model"": ""gpt_oss_20b""}]","[{""decision"": ""REJECT"", ""evidence_tags"": [], ""justification"": ""The tag 'Short stories' indicates the genre or collection type, but does not explicitly state the narrative length of the specific book as 'Short' in the context of a single work's format without assuming the book is a single short story rather than a collection."", ""model"": ""qwen_groq""}]",REJECT,MAINTAIN,MAINTAIN,2of3_opponent_rejects,MANUAL
9780060992309__genre__Fiction / Thriller / Political and Espionage Thriller / Political Thriller,9780060992309,The last raven,Genre,Fiction / Thriller / Political and Espionage Thriller / Political Thriller,2,"[""qwen_groq"", ""gpt_oss_groq""]","[""gpt_oss_20b""]","[""English fiction"", ""Fiction, general"", ""Fiction"", ""Thriller"", ""Espionage"", ""Mystery Thriller"", ""Mystery, Thriller & Suspense"", ""Thrillers & Suspense"", ""Spies & Politics"", ""Political""]","[{""decision"": ""MAINTAIN"", ""evidence_tags"": [""Thriller"", ""Spies & Politics"", ""Political""], ""justification"": ""The filtered tags 'Thriller', 'Spies & Politics', and 'Political' directly support the classification of the book as a Political Thriller."", ""model"": ""qwen_groq""}, {""decision"": ""RETRACT"", ""evidence_tags"": [], ""justification"": ""No filtered tag directly matches the specific subgenre Political Thriller."", ""model"": ""gpt_oss_groq""}]",[],MAINTAIN,RETRACT,,2of3_supporters_split,MANUAL
9780061013850__genre__Nonfiction / Medicine and Health / Health and Wellness / Fitness,9780061013850,The Complete Herbal Companion,Genre,Nonfiction / Medicine and Health / Health and Wellness / Fitness,2,"[""gpt_oss_groq"", ""gpt_oss_20b""]","[""qwen_groq""]","[""Herbs, therapeutic use"", ""Health"", ""Health, Fitness & Dieting""]","[{""decision"": ""MAINTAIN"", ""evidence_tags"": [""Health"", ""Health, Fitness & Dieting""], ""justification"": ""The tags include Health and Fitness, directly matching the disputed genre path."", ""model"": ""gpt_oss_groq""}, {""decision"": ""MAINTAIN"", ""evidence_tags"": [""Health, Fitness & Dieting""], ""justification"": ""The tag 'Health, Fitness & Dieting' directly supports the Fitness subcategory."", ""model"": ""gpt_oss_20b""}]","[{""decision"": ""REJECT"", ""evidence_tags"": [""Health, Fitness & Dieting""], ""justification"": ""The tag 'Health, Fitness & Dieting' supports the broader category but does not provide specific evidence for the narrower 'Fitness' subcategory within the 'Medicine and Health' path, as the book's primary focus is on herbal therapy."", ""model"": ""qwen_groq""}]",REJECT,MAINTAIN,MAINTAIN,2of3_opponent_rejects,MANUAL
9780061060137__genre__Fiction / Science Fiction / General Science Fiction / Science Fiction,9780061060137,"Glory's End (Robert Silverberg's Time Tours, No 2)",Genre,Fiction / Science Fiction / General Science Fiction / Science Fiction,2,"[""qwen_groq"", ""gpt_oss_groq""]","[""gpt_oss_20b""]","[""Science fiction"", ""Teen & Young Adult"", ""Literature & Fiction""]","[{""decision"": ""MAINTAIN"", ""evidence_tags"": [""Science fiction""], ""justification"": ""The filtered tag 'Science fiction' directly supports the disputed genre path."", ""model"": ""qwen_groq""}, {""decision"": ""RETRACT"", ""evidence_tags"": [], ""justification"": ""Filtered tags lack a specific 'General Science Fiction' tag, so the path is not directly supported."", ""model"": ""gpt_oss_groq""}]",[],MAINTAIN,RETRACT,,2of3_supporters_split,MANUAL
9780061060281__genre__Fiction,9780061060281,The secret notebook,Genre,Fiction,2,"[""qwen_groq"", ""gpt_oss_20b""]","[""gpt_oss_groq""]","[""Fiction"", ""Young readers"", ""Children's fiction"", ""Schools in fiction"", ""Behavior in fiction"", ""Growing Up & Facts of Life"", ""Friendship, Social Skills & School Life"", ""Friendship""]","[{""decision"": ""MAINTAIN"", ""evidence_tags"": [""Fiction"", ""Children's fiction""], ""justification"": ""The filtered tags explicitly include 'Fiction' and 'Children's fiction', directly supporting the disputed genre path."", ""model"": ""qwen_groq""}, {""decision"": ""RETRACT"", ""evidence_tags"": [], ""justification"": ""No filtered tag directly states 'Fiction'."", ""model"": ""gpt_oss_20b""}]",[],MAINTAIN,,RETRACT,2of3_supporters_split,MANUAL
9780061060397__genre__Fiction / Adventure / General Adventure Fiction / Action Adventure,9780061060397,"Mutiny! (Escape from Lost Island, No 3)",Genre,Fiction / Adventure / General Adventure Fiction / Action Adventure,1,"[""qwen_groq""]","[""gpt_oss_groq"", ""gpt_oss_20b""]","[""Children's fiction"", ""Adventure and adventurers, fiction"", ""Survival"", ""Juvenile fiction"", ""Adventure stories"", ""Children's Books/Ages 9-12 Fiction"", ""Fiction"", ""Islands"", ""Action & Adventure"", ""Survival Stories""]","[{""decision"": ""MAINTAIN"", ""evidence_tags"": [""Action & Adventure"", ""Adventure and adventurers, fiction""], ""justification"": ""The filtered tags 'Action & Adventure' and 'Adventure and adventurers, fiction' directly support the disputed genre path of Action Adventure."", ""model"": ""qwen_groq""}]","[{""decision"": ""REJECT"", ""evidence_tags"": [], ""justification"": ""No filtered tag exactly matches the disputed Action Adventure path."", ""model"": ""gpt_oss_groq""}, {""decision"": ""ACCEPT"", ""evidence_tags"": [""Action & Adventure"", ""Adventure and adventurers, fiction""], ""justification"": ""The tags 'Action & Adventure' and 'Adventure and adventurers, fiction' directly support the Action Adventure genre."", ""model"": ""gpt_oss_20b""}]",MAINTAIN,REJECT,ACCEPT,1of3_opponents_split,MANUAL
9780061082214__metadata__Temporal_Context / Historical_Period,9780061082214,Simply Heaven,Metadata,Temporal_Context / Historical_Period,1,"[""gpt_oss_groq""]","[""qwen_groq"", ""gpt_oss_20b""]","[""Fiction"", ""Romance"", ""Historical Romance"", ""Historical Fiction"", ""Mixed descent"", ""Native American"", ""Fiction, romance, contemporary"", ""Fiction, romance, general"", ""Historical""]","[{""decision"": ""MAINTAIN"", ""evidence_tags"": [""Historical Romance"", ""Historical Fiction"", ""Historical""], ""justification"": ""The tags explicitly label the work as historical, supporting a historical period context."", ""model"": ""gpt_oss_groq""}]","[{""decision"": ""REJECT"", ""evidence_tags"": [], ""justification"": ""The filtered tags indicate the genre is historical but do not explicitly specify a particular historical period or temporal context."", ""model"": ""qwen_groq""}, {""decision"": ""ACCEPT"", ""evidence_tags"": [""Historical Romance"", ""Historical Fiction"", ""Historical""], ""justification"": ""The tags explicitly label the work as historical, supporting a historical period context."", ""model"": ""gpt_oss_20b""}]",REJECT,MAINTAIN,ACCEPT,1of3_opponents_split,MANUAL
9780061090585__genre__Nonfiction / Biography / Biography / Biography,9780061090585,Quitting the Mob,Genre,Nonfiction / Biography / Biography / Biography,1,"[""qwen_groq""]","[""gpt_oss_groq"", ""gpt_oss_20b""]","[""Mafia"", ""Organized crime"", ""Murder"", ""True Crime"", ""Biography"", ""Nonfiction"", ""Crime""]","[{""decision"": ""MAINTAIN"", ""evidence_tags"": [""Biography"", ""Nonfiction""], ""justification"": ""The filtered tags explicitly include 'Biography' and 'Nonfiction', which directly support the disputed genre path."", ""model"": ""qwen_groq""}]","[{""decision"": ""ACCEPT"", ""evidence_tags"": [""Biography"", ""Nonfiction""], ""justification"": ""The filtered tags include both Biography and Nonfiction, directly supporting the disputed genre path."", ""model"": ""gpt_oss_groq""}, {""decision"": ""REJECT"", ""evidence_tags"": [], ""justification"": ""The tags only provide a single 'Biography' level, not enough to support three nested Biography categories."", ""model"": ""gpt_oss_20b""}]",MAINTAIN,ACCEPT,REJECT,1of3_opponents_split,MANUAL
9780061094330__genre__Fiction / Romance / General Romance / Romance,9780061094330,A Respectable Trade,Genre,Fiction / Romance / General Romance / Romance,2,"[""qwen_groq"", ""gpt_oss_20b""]","[""gpt_oss_groq""]","[""Fiction"", ""History"", ""Historical Fiction"", ""Historical"", ""18th Century"", ""British Literature"", ""Man-woman relationships"", ""Married women"", ""Slave trade"", ""Slaves"", ""England"", ""Bristol (England) -- History -- Fiction."", ""Man-woman relationships -- England -- Bristol -- History -- 18th century -- Fiction."", ""Slave trade -- England -- Bristol -- History -- 18th century -- Fiction."", ""Africans -- England -- Bristol -- History -- 18th century -- Fiction."", ""Married women -- England -- Bristol -- Fiction."", ""Slaves -- England -- Bristol -- Fiction."", ""Fiction, historical, general"", ""Man-woman relationships, fiction"", ""England, fiction"", ""Married people, fiction"", ""Literature & Fiction"", ""Genre Fiction"", ""Romance"", ""Historical Romance"", ""Africans"", ""Slave-trade""]","[{""decision"": ""RETRACT"", ""evidence_tags"": [""Historical Romance""], ""justification"": ""The filtered tags specify 'Historical Romance' and 'Historical Fiction', which are distinct subgenres that do not directly support the broader, unspecified 'General Romance' path."", ""model"": ""qwen_groq""}, {""decision"": ""MAINTAIN"", ""evidence_tags"": [""Romance"", ""Historical Romance""], ""justification"": ""The tags explicitly include Romance and Historical Romance, supporting the disputed romance genre path."", ""model"": ""gpt_oss_20b""}]",[],RETRACT,,MAINTAIN,2of3_supporters_split,MANUAL
9780061094330__metadata__Character_and_Representation_Metadata / Identity_Representation / Gender_Representation / Women-Centered,9780061094330,A Respectable Trade,Metadata,Character_and_Representation_Metadata / Identity_Representation / Gender_Representation / Women-Centered,2,"[""gpt_oss_groq"", ""gpt_oss_20b""]","[""qwen_groq""]","[""Fiction"", ""History"", ""Historical Fiction"", ""Historical"", ""18th Century"", ""British Literature"", ""Man-woman relationships"", ""Married women"", ""Slave trade"", ""Slaves"", ""England"", ""Bristol (England) -- History -- Fiction."", ""Man-woman relationships -- England -- Bristol -- History -- 18th century -- Fiction."", ""Slave trade -- England -- Bristol -- History -- 18th century -- Fiction."", ""Africans -- England -- Bristol -- History -- 18th century -- Fiction."", ""Married women -- England -- Bristol -- Fiction."", ""Slaves -- England -- Bristol -- Fiction."", ""Fiction, historical, general"", ""Man-woman relationships, fiction"", ""England, fiction"", ""Married people, fiction"", ""Literature & Fiction"", ""Genre Fiction"", ""Romance"", ""Historical Romance"", ""Africans"", ""Slave-trade""]","[{""decision"": ""MAINTAIN"", ""evidence_tags"": [""Married women""], ""justification"": ""The tag \""Married women\"" directly indicates a focus on women."", ""model"": ""gpt_oss_groq""}, {""decision"": ""RETRACT"", ""evidence_tags"": [], ""justification"": ""No filtered tag explicitly indicates a women-centered representation."", ""model"": ""gpt_oss_20b""}]",[],,MAINTAIN,RETRACT,2of3_supporters_split,MANUAL
9780064403511__metadata__Thematic_Metadata / Relationship_and_Social_Themes / Friendship / Friendship,9780064403511,Chasing After Annie,Metadata,Thematic_Metadata / Relationship_and_Social_Themes / Friendship / Friendship,2,"[""qwen_groq"", ""gpt_oss_20b""]","[""gpt_oss_groq""]","[""Friendship"", ""Dogs"", ""Diaries"", ""Fiction"", ""Juvenile fiction"", ""Children's fiction"", ""Girls, fiction"", ""Dogs, fiction"", ""General"", ""Children's Books/Ages 4-8 Fiction"", ""Children: Grades 2-3""]","[{""decision"": ""RETRACT"", ""evidence_tags"": [], ""justification"": ""The filtered tags do not contain explicit wording supporting the specific thematic path of 'Friendship' or 'Relationship_and_Social_Themes'."", ""model"": ""qwen_groq""}, {""decision"": ""MAINTAIN"", ""evidence_tags"": [""Friendship""], ""justification"": ""The tag \""Friendship\"" directly supports the Friendship metadata path."", ""model"": ""gpt_oss_20b""}]",[],RETRACT,,MAINTAIN,2of3_supporters_split,MANUAL
9780064403627__metadata__Book_Format_and_Form / Narrative_Length / Short,9780064403627,My brother Louis measures worms and other Louis stories,Metadata,Book_Format_and_Form / Narrative_Length / Short,1,"[""gpt_oss_20b""]","[""qwen_groq"", ""gpt_oss_groq""]","[""Family life"", ""Fiction"", ""Children's fiction"", ""Humorous stories"", ""Short Stories"", ""Family life, fiction""]","[{""decision"": ""MAINTAIN"", ""evidence_tags"": [""Short Stories""], ""justification"": ""The tag \""Short Stories\"" explicitly indicates a short narrative length."", ""model"": ""gpt_oss_20b""}]","[{""decision"": ""REJECT"", ""evidence_tags"": [], ""justification"": ""The tag 'Short Stories' indicates a genre or collection type, not the specific narrative length of individual works, and no tag explicitly states 'Short' as a narrative length attribute."", ""model"": ""qwen_groq""}, {""decision"": ""ACCEPT"", ""evidence_tags"": [""Short Stories""], ""justification"": ""The tag \""Short Stories\"" directly indicates a short narrative length."", ""model"": ""gpt_oss_groq""}]",REJECT,ACCEPT,MAINTAIN,1of3_opponents_split,MANUAL
9780064403627__metadata__Character_and_Representation_Metadata / Protagonist_Profile / Group_Profile / Family-Centered,9780064403627,My brother Louis measures worms and other Louis stories,Metadata,Character_and_Representation_Metadata / Protagonist_Profile / Group_Profile / Family-Centered,1,"[""gpt_oss_20b""]","[""qwen_groq"", ""gpt_oss_groq""]","[""Family life"", ""Fiction"", ""Children's fiction"", ""Humorous stories"", ""Short Stories"", ""Family life, fiction""]","[{""decision"": ""MAINTAIN"", ""evidence_tags"": [""Family life""], ""justification"": ""The tag 'Family life' explicitly indicates a family-centered focus."", ""model"": ""gpt_oss_20b""}]","[{""decision"": ""REJECT"", ""evidence_tags"": [], ""justification"": ""The tag 'Family life' indicates a thematic focus but does not explicitly confirm the specific metadata structure of a 'Group_Profile' or 'Family-Centered' protagonist profile."", ""model"": ""qwen_groq""}, {""decision"": ""ACCEPT"", ""evidence_tags"": [""Family life""], ""justification"": ""The tag 'Family life' directly indicates a family-centered focus."", ""model"": ""gpt_oss_groq""}]",REJECT,ACCEPT,MAINTAIN,1of3_opponents_split,MANUAL
9780064404938__genre__Fiction / Horror / Supernatural Horror,9780064404938,The Chilling Hour,Genre,Fiction / Horror / Supernatural Horror,1,"[""qwen_groq""]","[""gpt_oss_groq"", ""gpt_oss_20b""]","[""Horror stories"", ""Horror tales, American"", ""Short stories"", ""Supernatural"", ""Occult fiction"", ""Fiction"", ""Supernatural, fiction"", ""Horror tales""]","[{""decision"": ""MAINTAIN"", ""evidence_tags"": [""Horror stories"", ""Supernatural"", ""Fiction""], ""justification"": ""The filtered tags explicitly include 'Fiction', 'Horror stories', and 'Supernatural', which directly support the disputed genre path of Fiction / Horror / Supernatural Horror."", ""model"": ""qwen_groq""}]","[{""decision"": ""REJECT"", ""evidence_tags"": [], ""justification"": ""Filtered tags lack a specific tag for Supernatural Horror."", ""model"": ""gpt_oss_groq""}, {""decision"": ""ACCEPT"", ""evidence_tags"": [""Horror stories"", ""Supernatural"", ""Fiction""], ""justification"": ""The tags include Horror stories, Supernatural, and Fiction, which together support the path Fiction / Horror / Supernatural Horror."", ""model"": ""gpt_oss_20b""}]",MAINTAIN,REJECT,ACCEPT,1of3_opponents_split,MANUAL
9780064420013__metadata__Thematic_Metadata / Knowledge_and_Idea_Themes / Science_and_Technology,9780064420013,Jason and the Escape from Bat Planet/a Trophy Chapter Book,Metadata,Thematic_Metadata / Knowledge_and_Idea_Themes / Science_and_Technology,1,"[""gpt_oss_groq""]","[""qwen_groq"", ""gpt_oss_20b""]","[""Children's fiction"", ""Science fiction"", ""Readers - Beginner"", ""Children's 9-12 - Fiction - General"", ""Adventure and adventurers"", ""Extraterrestrial beings"", ""Fiction"", ""Children: Grades 2-3""]","[{""decision"": ""MAINTAIN"", ""evidence_tags"": [""Science fiction""], ""justification"": ""The tag \""Science fiction\"" explicitly contains the word \""Science\"", supporting the Science_and_Technology theme."", ""model"": ""gpt_oss_groq""}]","[{""decision"": ""REJECT"", ""evidence_tags"": [], ""justification"": ""The tag 'Science fiction' is a genre classification and does not explicitly state that the book contains themes of Science and Technology as a knowledge or idea theme."", ""model"": ""qwen_groq""}, {""decision"": ""ACCEPT"", ""evidence_tags"": [""Science fiction""], ""justification"": ""The tag \""Science fiction\"" explicitly contains the word \""Science\"", supporting the Science_and_Technology theme."", ""model"": ""gpt_oss_20b""}]",REJECT,MAINTAIN,ACCEPT,1of3_opponents_split,MANUAL
9780070242708__genre__Nonfiction / Education,9780070242708,Personal relationships,Genre,Nonfiction / Education,1,"[""gpt_oss_groq""]","[""qwen_groq"", ""gpt_oss_20b""]","[""Family life education"", ""Interpersonal Relations"", ""Family"", ""Politics & Social Sciences"", ""Social Sciences""]","[{""decision"": ""MAINTAIN"", ""evidence_tags"": [""Family life education""], ""justification"": ""The tag 'Family life education' directly indicates an education focus."", ""model"": ""gpt_oss_groq""}]","[{""decision"": ""REJECT"", ""evidence_tags"": [], ""justification"": ""The tag 'Family life education' indicates a subject matter or topic rather than the book's primary genre classification as 'Education' in the context of general nonfiction taxonomy, and no other tags support the 'Education' genre path."", ""model"": ""qwen_groq""}, {""decision"": ""ACCEPT"", ""evidence_tags"": [""Family life education""], ""justification"": ""The tag 'Family life education' directly indicates an education focus."", ""model"": ""gpt_oss_20b""}]",REJECT,MAINTAIN,ACCEPT,1of3_opponents_split,MANUAL
9780070356870__genre__Nonfiction / Business and Economics / Economics,9780070356870,A killing wind,Genre,Nonfiction / Business and Economics / Economics,1,"[""gpt_oss_20b""]","[""qwen_groq"", ""gpt_oss_groq""]","[""Accidents"", ""Bhopal Union Carbide Plant Disaster, Bhopal, India, 1984"", ""Environmental aspects"", ""Environmental aspects of Methyl isocyanate"", ""Methyl isocyanate"", ""Pesticides industry"", ""Pesticides"", ""Business & Money"", ""Economics"", ""Environmental Economics""]","[{""decision"": ""MAINTAIN"", ""evidence_tags"": [""Business & Money"", ""Economics""], ""justification"": ""The tags Business & Money and Economics directly support the Nonfiction / Business and Economics / Economics path."", ""model"": ""gpt_oss_20b""}]","[{""decision"": ""REJECT"", ""evidence_tags"": [""Environmental Economics""], ""justification"": ""The tag 'Environmental Economics' indicates a specific sub-field distinct from the general 'Economics' category in the disputed path, and the other tags focus on industrial accidents and environmental aspects rather than general business or economic theory."", ""model"": ""qwen_groq""}, {""decision"": ""ACCEPT"", ""evidence_tags"": [""Business & Money"", ""Economics""], ""justification"": ""The tags Business & Money and Economics directly support the Business and Economics / Economics genre path."", ""model"": ""gpt_oss_groq""}]",REJECT,ACCEPT,MAINTAIN,1of3_opponents_split,MANUAL
9780070356870__genre__Nonfiction / Business and Economics / Economics / Economics,9780070356870,A killing wind,Genre,Nonfiction / Business and Economics / Economics / Economics,2,"[""qwen_groq"", ""gpt_oss_groq""]","[""gpt_oss_20b""]","[""Accidents"", ""Bhopal Union Carbide Plant Disaster, Bhopal, India, 1984"", ""Environmental aspects"", ""Environmental aspects of Methyl isocyanate"", ""Methyl isocyanate"", ""Pesticides industry"", ""Pesticides"", ""Business & Money"", ""Economics"", ""Environmental Economics""]","[{""decision"": ""RETRACT"", ""evidence_tags"": [], ""justification"": ""The filtered tags focus on the specific industrial accident, environmental aspects, and the pesticides industry, but do not provide direct evidence for the specific genre path of Economics."", ""model"": ""qwen_groq""}, {""decision"": ""MAINTAIN"", ""evidence_tags"": [""Business & Money"", ""Economics""], ""justification"": ""The tags directly include Economics and Business & Money, supporting the Economics genre path."", ""model"": ""gpt_oss_groq""}]",[],RETRACT,MAINTAIN,,2of3_supporters_split,MANUAL
9780070356870__genre__Nonfiction / Nature and Environment / Environment / Environmental Nonfiction,9780070356870,A killing wind,Genre,Nonfiction / Nature and Environment / Environment / Environmental Nonfiction,2,"[""qwen_groq"", ""gpt_oss_groq""]","[""gpt_oss_20b""]","[""Accidents"", ""Bhopal Union Carbide Plant Disaster, Bhopal, India, 1984"", ""Environmental aspects"", ""Environmental aspects of Methyl isocyanate"", ""Methyl isocyanate"", ""Pesticides industry"", ""Pesticides"", ""Business & Money"", ""Economics"", ""Environmental Economics""]","[{""decision"": ""RETRACT"", ""evidence_tags"": [], ""justification"": ""The filtered tags focus on specific industrial accidents, chemicals, and economic aspects, but do not provide direct evidence for the specific sub-genre 'Environmental Nonfiction' within the 'Nature and Environment' path."", ""model"": ""qwen_groq""}, {""decision"": ""MAINTAIN"", ""evidence_tags"": [""Environmental aspects"", ""Environmental aspects of Methyl isocyanate""], ""justification"": ""The tags explicitly reference environmental aspects, supporting an environmental nonfiction classification."", ""model"": ""gpt_oss_groq""}]",[],RETRACT,MAINTAIN,,2of3_supporters_split,MANUAL
9780070356870__genre__Nonfiction / Science / Earth and Environmental Sciences / Environmental Science,9780070356870,A killing wind,Genre,Nonfiction / Science / Earth and Environmental Sciences / Environmental Science,1,"[""gpt_oss_20b""]","[""qwen_groq"", ""gpt_oss_groq""]","[""Accidents"", ""Bhopal Union Carbide Plant Disaster, Bhopal, India, 1984"", ""Environmental aspects"", ""Environmental aspects of Methyl isocyanate"", ""Methyl isocyanate"", ""Pesticides industry"", ""Pesticides"", ""Business & Money"", ""Economics"", ""Environmental Economics""]","[{""decision"": ""MAINTAIN"", ""evidence_tags"": [""Environmental aspects"", ""Environmental aspects of Methyl isocyanate"", ""Environmental Economics""], ""justification"": ""The tags explicitly reference environmental aspects and economics, supporting an Environmental Science classification."", ""model"": ""gpt_oss_20b""}]","[{""decision"": ""REJECT"", ""evidence_tags"": [], ""justification"": ""The filtered tags focus on specific industrial accidents, chemical substances, and economic aspects, but do not provide direct evidence for the specific academic discipline of Environmental Science."", ""model"": ""qwen_groq""}, {""decision"": ""ACCEPT"", ""evidence_tags"": [""Environmental aspects"", ""Environmental aspects of Methyl isocyanate"", ""Environmental Economics""], ""justification"": ""The tags explicitly reference environmental aspects and economics, aligning with Environmental Science."", ""model"": ""gpt_oss_groq""}]",REJECT,ACCEPT,MAINTAIN,1of3_opponents_split,MANUAL
9780070423749__genre__Nonfiction / Arts and Culture / Music,9780070423749,Almost like a song,Genre,Nonfiction / Arts and Culture / Music,1,"[""gpt_oss_20b""]","[""qwen_groq"", ""gpt_oss_groq""]","[""Biography"", ""Country musicians"", ""Country musicians -- United States -- Biography."", ""Music""]","[{""decision"": ""MAINTAIN"", ""evidence_tags"": [""Music""], ""justification"": ""Tag 'Music' directly supports the genre path."", ""model"": ""gpt_oss_20b""}]","[{""decision"": ""REJECT"", ""evidence_tags"": [""Music""], ""justification"": ""The tag 'Music' is too broad to support the specific sub-genre path 'Arts and Culture / Music' without explicit evidence for the 'Arts and Culture' category or the specific musical focus implied by the path structure, especially given the presence of 'Biography' tags which suggest a different primary genre classification."", ""model"": ""qwen_groq""}, {""decision"": ""ACCEPT"", ""evidence_tags"": [""Music""], ""justification"": ""Tag \""Music\"" directly matches the Music component of the disputed path."", ""model"": ""gpt_oss_groq""}]",REJECT,ACCEPT,MAINTAIN,1of3_opponents_split,MANUAL
9780070423749__genre__Nonfiction / Arts and Culture / Music / Music,9780070423749,Almost like a song,Genre,Nonfiction / Arts and Culture / Music / Music,2,"[""qwen_groq"", ""gpt_oss_groq""]","[""gpt_oss_20b""]","[""Biography"", ""Country musicians"", ""Country musicians -- United States -- Biography."", ""Music""]","[{""decision"": ""RETRACT"", ""evidence_tags"": [], ""justification"": ""The filtered tags indicate a biography of country musicians, which does not directly support the specific genre path of 'Music' as a general arts and culture category without explicit non-biographical music content tags."", ""model"": ""qwen_groq""}, {""decision"": ""MAINTAIN"", ""evidence_tags"": [""Music""], ""justification"": ""The tag \""Music\"" directly matches the disputed genre path."", ""model"": ""gpt_oss_groq""}]",[],RETRACT,MAINTAIN,,2of3_supporters_split,MANUAL
9780070423749__genre__Nonfiction / Biography / Biography / Artistic Biography,9780070423749,Almost like a song,Genre,Nonfiction / Biography / Biography / Artistic Biography,1,"[""gpt_oss_groq""]","[""qwen_groq"", ""gpt_oss_20b""]","[""Biography"", ""Country musicians"", ""Country musicians -- United States -- Biography."", ""Music""]","[{""decision"": ""MAINTAIN"", ""evidence_tags"": [""Biography"", ""Country musicians -- United States -- Biography.""], ""justification"": ""The tags include a general biography tag and a biography of country musicians, supporting an artistic biography classification."", ""model"": ""gpt_oss_groq""}]","[{""decision"": ""REJECT"", ""evidence_tags"": [""Country musicians -- United States -- Biography.""], ""justification"": ""The filtered tags specify 'Country musicians,' which is a specific musical genre, but do not provide evidence for the broader or distinct category of 'Artistic Biography' as defined in the disputed path."", ""model"": ""qwen_groq""}, {""decision"": ""ACCEPT"", ""evidence_tags"": [""Biography"", ""Country musicians -- United States -- Biography.""], ""justification"": ""The tags include a general biography and a specific biography of a U.S. country musician, supporting an artistic biography classification."", ""model"": ""gpt_oss_20b""}]",REJECT,MAINTAIN,ACCEPT,1of3_opponents_split,MANUAL
9780070423749__genre__Nonfiction / Biography / Biography / Biography,9780070423749,Almost like a song,Genre,Nonfiction / Biography / Biography / Biography,1,"[""qwen_groq""]","[""gpt_oss_groq"", ""gpt_oss_20b""]","[""Biography"", ""Country musicians"", ""Country musicians -- United States -- Biography."", ""Music""]","[{""decision"": ""MAINTAIN"", ""evidence_tags"": [""Biography"", ""Country musicians -- United States -- Biography.""], ""justification"": ""The filtered tags explicitly include 'Biography' and a specific subject heading for 'Country musicians -- United States -- Biography', directly supporting the disputed genre path."", ""model"": ""qwen_groq""}]","[{""decision"": ""ACCEPT"", ""evidence_tags"": [""Biography""], ""justification"": ""The tag 'Biography' directly matches the disputed genre path."", ""model"": ""gpt_oss_groq""}, {""decision"": ""REJECT"", ""evidence_tags"": [], ""justification"": ""The tags only indicate a single biography level, not the triple Biography depth required by the path."", ""model"": ""gpt_oss_20b""}]",MAINTAIN,ACCEPT,REJECT,1of3_opponents_split,MANUAL
9780070826717__genre__Nonfiction / Politics and Law / Politics / Political Nonfiction,9780070826717,Democracy and discontent,Genre,Nonfiction / Politics and Law / Politics / Political Nonfiction,2,"[""qwen_groq"", ""gpt_oss_20b""]","[""gpt_oss_groq""]","[""Canada"", ""Economic conditions"", ""History"", ""Political parties"", ""Politics and government"", ""Partis politiques"", ""Conditions économiques"", ""Politique et gouvernement"", ""Economic history"", ""Political parties -- Canada."", ""Canada -- Economic conditions.""]","[{""decision"": ""MAINTAIN"", ""evidence_tags"": [""Politics and government""], ""justification"": ""The tag 'Politics and government' directly supports the classification of the book as Political Nonfiction."", ""model"": ""qwen_groq""}, {""decision"": ""RETRACT"", ""evidence_tags"": [], ""justification"": ""No filtered tag directly supports the specific path of Political Nonfiction under Politics and Law."", ""model"": ""gpt_oss_20b""}]",[],MAINTAIN,,RETRACT,2of3_supporters_split,MANUAL
9780140072884__metadata__Temporal_Context / Publication_Period / Twentieth_Century_Publication,9780140072884,1984 and beyond,Metadata,Temporal_Context / Publication_Period / Twentieth_Century_Publication,2,"[""gpt_oss_groq"", ""gpt_oss_20b""]","[""qwen_groq""]","[""Twentieth century"", ""Twentieth century -- Forecasts.""]","[{""decision"": ""MAINTAIN"", ""evidence_tags"": [""Twentieth century"", ""Twentieth century -- Forecasts.""], ""justification"": ""The filtered tags explicitly reference the Twentieth century, supporting the Twentieth_Century_Publication path."", ""model"": ""gpt_oss_groq""}, {""decision"": ""MAINTAIN"", ""evidence_tags"": [""Twentieth century""], ""justification"": ""The tag explicitly indicates a twentieth-century publication."", ""model"": ""gpt_oss_20b""}]","[{""decision"": ""REJECT"", ""evidence_tags"": [], ""justification"": ""The filtered tags reference the subject matter (forecasts of the twentieth century) rather than explicitly stating the publication period of the book itself."", ""model"": ""qwen_groq""}]",REJECT,MAINTAIN,MAINTAIN,2of3_opponent_rejects,MANUAL
9780140097986__genre__Nonfiction / Biography / Biography,9780140097986,The survival of Jan Little,Genre,Nonfiction / Biography / Biography,1,"[""gpt_oss_groq""]","[""qwen_groq"", ""gpt_oss_20b""]","[""Biography"", ""Blind-deaf"", ""Wilderness survival"", ""Deafblind people"", ""Brazil"", ""Amazon river and valley"", ""Nonfiction"", ""Survival"", ""Adventure""]","[{""decision"": ""MAINTAIN"", ""evidence_tags"": [""Biography"", ""Nonfiction""], ""justification"": ""The tags include both Biography and Nonfiction, directly supporting the disputed path."", ""model"": ""gpt_oss_groq""}]","[{""decision"": ""ACCEPT"", ""evidence_tags"": [""Biography"", ""Nonfiction""], ""justification"": ""The presence of both 'Nonfiction' and 'Biography' in the filtered tags directly supports the disputed genre path."", ""model"": ""qwen_groq""}, {""decision"": ""REJECT"", ""evidence_tags"": [], ""justification"": ""The tags only provide a single Biography level, not enough to support the double Biography path."", ""model"": ""gpt_oss_20b""}]",ACCEPT,MAINTAIN,REJECT,1of3_opponents_split,MANUAL
9780140117608__genre__Nonfiction / Biography / Biography / Biography,9780140117608,Starting Out,Genre,Nonfiction / Biography / Biography / Biography,1,"[""qwen_groq""]","[""gpt_oss_groq"", ""gpt_oss_20b""]","[""Childhood and youth"", ""Enfance et jeunesse"", ""Biography"", ""Biographies""]","[{""decision"": ""MAINTAIN"", ""evidence_tags"": [""Biography"", ""Biographies""], ""justification"": ""The filtered tags explicitly include 'Biography' and 'Biographies', which directly support the disputed genre path."", ""model"": ""qwen_groq""}]","[{""decision"": ""ACCEPT"", ""evidence_tags"": [""Biography"", ""Biographies""], ""justification"": ""The filtered tags include Biography and Biographies, which directly match the disputed genre path."", ""model"": ""gpt_oss_groq""}, {""decision"": ""REJECT"", ""evidence_tags"": [], ""justification"": ""The tags only provide a general Biography label, not the repeated subcategory levels."", ""model"": ""gpt_oss_20b""}]",MAINTAIN,ACCEPT,REJECT,1of3_opponents_split,MANUAL
9780140329513__metadata__Audience / Age_Group / All_Ages / Family Audience,9780140329513,The rabbi's girls,Metadata,Audience / Age_Group / All_Ages / Family Audience,2,"[""gpt_oss_groq"", ""gpt_oss_20b""]","[""qwen_groq""]","[""Fiction"", ""Family life"", ""Twenties (20th century)"", ""New baby in family"", ""Juvenile fiction"", ""Rabbis"", ""Jewish American families"", ""Eleven-year-old girls"", ""Jewish American girls"", ""Moving to a new city"", ""Children's fiction"", ""Family life, fiction"", ""Jews, fiction"", ""Families"", ""Family life -- Fiction"", ""Jews -- United States -- Fiction"", ""Jewish"", ""Growing Up & Facts of Life"", ""Multigenerational"", ""Jews"", ""Children's Books""]","[{""decision"": ""RETRACT"", ""evidence_tags"": [], ""justification"": ""No filtered tag explicitly indicates an All_Ages or Family Audience classification."", ""model"": ""gpt_oss_groq""}, {""decision"": ""MAINTAIN"", ""evidence_tags"": [""Children's fiction"", ""Juvenile fiction"", ""Family life"", ""Family life, fiction"", ""Family life -- Fiction"", ""Children's Books""], ""justification"": ""Tags explicitly indicate children’s and family-oriented fiction."", ""model"": ""gpt_oss_20b""}]",[],,RETRACT,MAINTAIN,2of3_supporters_split,MANUAL
9780140329513__metadata__Geographical_Context / Place_Type / Domestic / Family Household,9780140329513,The rabbi's girls,Metadata,Geographical_Context / Place_Type / Domestic / Family Household,2,"[""gpt_oss_groq"", ""gpt_oss_20b""]","[""qwen_groq""]","[""Fiction"", ""Family life"", ""Twenties (20th century)"", ""New baby in family"", ""Juvenile fiction"", ""Rabbis"", ""Jewish American families"", ""Eleven-year-old girls"", ""Jewish American girls"", ""Moving to a new city"", ""Children's fiction"", ""Family life, fiction"", ""Jews, fiction"", ""Families"", ""Family life -- Fiction"", ""Jews -- United States -- Fiction"", ""Jewish"", ""Growing Up & Facts of Life"", ""Multigenerational"", ""Jews"", ""Children's Books""]","[{""decision"": ""MAINTAIN"", ""evidence_tags"": [""Family life"", ""Family life, fiction"", ""Families"", ""Family life -- Fiction"", ""Multigenerational""], ""justification"": ""The tags explicitly reference family life and households, supporting a domestic family household context."", ""model"": ""gpt_oss_groq""}, {""decision"": ""RETRACT"", ""evidence_tags"": [], ""justification"": ""No filtered tag explicitly indicates a domestic family household context."", ""model"": ""gpt_oss_20b""}]",[],,MAINTAIN,RETRACT,2of3_supporters_split,MANUAL
9780140351026__metadata__Temporal_Context / Historical_Period,9780140351026,Tale of Troy.,Metadata,Temporal_Context / Historical_Period,1,"[""gpt_oss_20b""]","[""qwen_groq"", ""gpt_oss_groq""]","[""Odysseus (Greek mythology)"", ""Legends"", ""Greek Mythology"", ""Trojan War"", ""Juvenile literature"", ""Classical mythology"", ""Children's fiction"", ""Troy (extinct city), fiction"", ""Troy (extinct city), legends"", ""Fiction"", ""Mythology"", ""Classics"", ""Historical Fiction""]","[{""decision"": ""MAINTAIN"", ""evidence_tags"": [""Historical Fiction""], ""justification"": ""The tag 'Historical Fiction' explicitly indicates a historical period context."", ""model"": ""gpt_oss_20b""}]","[{""decision"": ""REJECT"", ""evidence_tags"": [], ""justification"": ""The tag 'Historical Fiction' indicates a genre, not an explicit historical period, and no other filtered tag provides explicit wording for a specific historical era."", ""model"": ""qwen_groq""}, {""decision"": ""ACCEPT"", ""evidence_tags"": [""Historical Fiction""], ""justification"": ""The tag 'Historical Fiction' explicitly provides a historical period context."", ""model"": ""gpt_oss_groq""}]",REJECT,ACCEPT,MAINTAIN,1of3_opponents_split,MANUAL
9780140351026__metadata__Temporal_Context / Historical_Period / Ancient / Classical,9780140351026,Tale of Troy.,Metadata,Temporal_Context / Historical_Period / Ancient / Classical,2,"[""qwen_groq"", ""gpt_oss_groq""]","[""gpt_oss_20b""]","[""Odysseus (Greek mythology)"", ""Legends"", ""Greek Mythology"", ""Trojan War"", ""Juvenile literature"", ""Classical mythology"", ""Children's fiction"", ""Troy (extinct city), fiction"", ""Troy (extinct city), legends"", ""Fiction"", ""Mythology"", ""Classics"", ""Historical Fiction""]","[{""decision"": ""RETRACT"", ""evidence_tags"": [], ""justification"": ""The filtered tags contain no explicit wording that directly supports the specific historical period 'Ancient / Classical' as a metadata path, relying instead on subject matter tags like 'Greek Mythology' and 'Trojan War' which require inference to map to that specific temporal classification."", ""model"": ""qwen_groq""}, {""decision"": ""MAINTAIN"", ""evidence_tags"": [""Classical mythology"", ""Classics""], ""justification"": ""The tags explicitly reference 'Classical' indicating the ancient classical period."", ""model"": ""gpt_oss_groq""}]",[],RETRACT,MAINTAIN,,2of3_supporters_split,MANUAL
9780140360233__metadata__Character_and_Representation_Metadata / Protagonist_Profile / Role_Profile / Detective,9780140360233,Cam Jansen and the mystery at the monkey house,Metadata,Character_and_Representation_Metadata / Protagonist_Profile / Role_Profile / Detective,2,"[""qwen_groq"", ""gpt_oss_20b""]","[""gpt_oss_groq""]","[""Mystery and detective stories"", ""Fiction"", ""Juvenile Fiction"", ""Mystery"", ""Children's fiction"", ""Chapter Books"", ""Juvenile"", ""Adventure"", ""School""]","[{""decision"": ""RETRACT"", ""evidence_tags"": [], ""justification"": ""The filtered tags do not explicitly state that the protagonist is a detective, only that the book is a mystery story."", ""model"": ""qwen_groq""}, {""decision"": ""MAINTAIN"", ""evidence_tags"": [""Mystery and detective stories"", ""Mystery""], ""justification"": ""The tags explicitly mention mystery and detective stories, indicating the protagonist is a detective."", ""model"": ""gpt_oss_20b""}]",[],RETRACT,,MAINTAIN,2of3_supporters_split,MANUAL
9780140360233__metadata__Geographical_Context / Place_Type / Institutional / School,9780140360233,Cam Jansen and the mystery at the monkey house,Metadata,Geographical_Context / Place_Type / Institutional / School,2,"[""gpt_oss_groq"", ""gpt_oss_20b""]","[""qwen_groq""]","[""Mystery and detective stories"", ""Fiction"", ""Juvenile Fiction"", ""Mystery"", ""Children's fiction"", ""Chapter Books"", ""Juvenile"", ""Adventure"", ""School""]","[{""decision"": ""MAINTAIN"", ""evidence_tags"": [""School""], ""justification"": ""The tag \""School\"" directly supports the Institutional/School context."", ""model"": ""gpt_oss_groq""}, {""decision"": ""RETRACT"", ""evidence_tags"": [], ""justification"": ""The filtered tags do not explicitly provide the full Geographical_Context / Place_Type / Institutional / School path."", ""model"": ""gpt_oss_20b""}]",[],,MAINTAIN,RETRACT,2of3_supporters_split,MANUAL
9780140368697__metadata__Audience / Age_Group / Child,9780140368697,Underrunners,Metadata,Audience / Age_Group / Child,1,"[""gpt_oss_20b""]","[""qwen_groq"", ""gpt_oss_groq""]","[""Fiction"", ""Family relationships"", ""Family problems"", ""Kidnapping"", ""Imaginary playmates"", ""Detective and mystery stories"", ""Mystery and detective stories"", ""Child and youth fiction"", ""Adventure and adventurers, fiction"", ""Children's fiction"", ""Young Adult"", ""Literature & Fiction""]","[{""decision"": ""MAINTAIN"", ""evidence_tags"": [""Children's fiction"", ""Child and youth fiction""], ""justification"": ""The tags explicitly list \""Children's fiction\"" and \""Child and youth fiction\"", indicating a child audience."", ""model"": ""gpt_oss_20b""}]","[{""decision"": ""REJECT"", ""evidence_tags"": [], ""justification"": ""The presence of the tag \""Young Adult\"" indicates a specific age group distinct from \""Child,\"" and the filtered tags do not contain explicit wording supporting the \""Child\"" audience path."", ""model"": ""qwen_groq""}, {""decision"": ""ACCEPT"", ""evidence_tags"": [""Children's fiction"", ""Child and youth fiction""], ""justification"": ""The tags explicitly denote a child audience."", ""model"": ""gpt_oss_groq""}]",REJECT,ACCEPT,MAINTAIN,1of3_opponents_split,MANUAL
9780140368697__metadata__Character_and_Representation_Metadata / Protagonist_Profile / Role_Profile / Detective,9780140368697,Underrunners,Metadata,Character_and_Representation_Metadata / Protagonist_Profile / Role_Profile / Detective,1,"[""gpt_oss_groq""]","[""qwen_groq"", ""gpt_oss_20b""]","[""Fiction"", ""Family relationships"", ""Family problems"", ""Kidnapping"", ""Imaginary playmates"", ""Detective and mystery stories"", ""Mystery and detective stories"", ""Child and youth fiction"", ""Adventure and adventurers, fiction"", ""Children's fiction"", ""Young Adult"", ""Literature & Fiction""]","[{""decision"": ""MAINTAIN"", ""evidence_tags"": [""Detective and mystery stories"", ""Mystery and detective stories""], ""justification"": ""The tags explicitly reference detective and mystery stories, supporting the detective role."", ""model"": ""gpt_oss_groq""}]","[{""decision"": ""REJECT"", ""evidence_tags"": [], ""justification"": ""The filtered tags indicate the book belongs to the genre of detective and mystery stories, but they do not explicitly state that a protagonist holds the specific role of a detective."", ""model"": ""qwen_groq""}, {""decision"": ""ACCEPT"", ""evidence_tags"": [""Detective and mystery stories"", ""Mystery and detective stories""], ""justification"": ""The tags explicitly mention detective and mystery stories, supporting the detective role."", ""model"": ""gpt_oss_20b""}]",REJECT,MAINTAIN,ACCEPT,1of3_opponents_split,MANUAL
9780140369373__metadata__Geographical_Context / Country_or_National_Context / Country_Based_Context / Indian Context,9780140369373,The Raid,Metadata,Geographical_Context / Country_or_National_Context / Country_Based_Context / Indian Context,2,"[""gpt_oss_groq"", ""gpt_oss_20b""]","[""qwen_groq""]","[""Fiction"", ""Frontier and pioneer life"", ""Indian captivities"", ""Comanche Indians""]","[{""decision"": ""MAINTAIN"", ""evidence_tags"": [""Indian captivities"", ""Comanche Indians""], ""justification"": ""The tags explicitly reference Indian-related subjects."", ""model"": ""gpt_oss_groq""}, {""decision"": ""RETRACT"", ""evidence_tags"": [], ""justification"": ""None of the filtered tags explicitly mention India."", ""model"": ""gpt_oss_20b""}]",[],,MAINTAIN,RETRACT,2of3_supporters_split,MANUAL
9780140369441__genre__Fiction / Literary Fiction / Family and Relationship Fiction,9780140369441,What My Sister Remembered,Genre,Fiction / Literary Fiction / Family and Relationship Fiction,1,"[""qwen_groq""]","[""gpt_oss_groq"", ""gpt_oss_20b""]","[""Children's fiction"", ""Sisters, fiction"", ""Siblings, fiction"", ""Family, fiction"", ""Emotions, fiction"", ""Adoption, fiction"", ""Young Adult"", ""Fiction""]","[{""decision"": ""MAINTAIN"", ""evidence_tags"": [""Sisters, fiction"", ""Family, fiction""], ""justification"": ""The tags 'Sisters, fiction' and 'Family, fiction' directly support the classification of the book as Family and Relationship Fiction."", ""model"": ""qwen_groq""}]","[{""decision"": ""ACCEPT"", ""evidence_tags"": [""Sisters, fiction"", ""Family, fiction""], ""justification"": ""The tags directly indicate family and sibling relationships, supporting the Family and Relationship Fiction classification."", ""model"": ""gpt_oss_groq""}, {""decision"": ""REJECT"", ""evidence_tags"": [], ""justification"": ""The tag 'Family, fiction' is too broad to justify the narrower Family and Relationship Fiction path."", ""model"": ""gpt_oss_20b""}]",MAINTAIN,ACCEPT,REJECT,1of3_opponents_split,MANUAL
9780140369441__metadata__Character_and_Representation_Metadata / Protagonist_Profile / Group_Profile / Family-Centered,9780140369441,What My Sister Remembered,Metadata,Character_and_Representation_Metadata / Protagonist_Profile / Group_Profile / Family-Centered,2,"[""gpt_oss_groq"", ""gpt_oss_20b""]","[""qwen_groq""]","[""Children's fiction"", ""Sisters, fiction"", ""Siblings, fiction"", ""Family, fiction"", ""Emotions, fiction"", ""Adoption, fiction"", ""Young Adult"", ""Fiction""]","[{""decision"": ""MAINTAIN"", ""evidence_tags"": [""Family, fiction""], ""justification"": ""The tag \""Family, fiction\"" directly indicates a family‑centered focus."", ""model"": ""gpt_oss_groq""}, {""decision"": ""MAINTAIN"", ""evidence_tags"": [""Family, fiction""], ""justification"": ""The tag 'Family, fiction' explicitly indicates a family-centered focus."", ""model"": ""gpt_oss_20b""}]","[{""decision"": ""REJECT"", ""evidence_tags"": [], ""justification"": ""The tag 'Family, fiction' indicates a thematic focus on family but does not explicitly confirm that the protagonist profile is a 'Group_Profile' or specifically 'Family-Centered' in the structural sense required by the path, which relies on inference beyond the explicit tag wording."", ""model"": ""qwen_groq""}]",REJECT,MAINTAIN,MAINTAIN,2of3_opponent_rejects,MANUAL
9780140388008__genre__Fiction / Adventure / General Adventure Fiction / Adventure Fiction,9780140388008,"Cam Jansen and the Mystery of the Television Dog (Cam Jansen Adventure, Book 4)",Genre,Fiction / Adventure / General Adventure Fiction / Adventure Fiction,1,"[""qwen_groq""]","[""gpt_oss_groq"", ""gpt_oss_20b""]","[""Detective and mystery stories"", ""Mystery and detective stories"", ""Fiction"", ""Juvenile fiction"", ""Cam Jansen (Fictitious character)"", ""Dogs"", ""Mystery"", ""Children's fiction"", ""Dogs, fiction"", ""Adventure and adventurers, fiction"", ""Child and youth fiction"", ""Chapter Books"", ""Realistic Fiction"", ""Middle Grade"", ""Juvenile"", ""Chapter Books & Readers""]","[{""decision"": ""MAINTAIN"", ""evidence_tags"": [""Adventure and adventurers, fiction""], ""justification"": ""The filtered tag 'Adventure and adventurers, fiction' directly supports the disputed genre path of Adventure Fiction."", ""model"": ""qwen_groq""}]","[{""decision"": ""ACCEPT"", ""evidence_tags"": [""Adventure and adventurers, fiction""], ""justification"": ""The tag 'Adventure and adventurers, fiction' directly supports the adventure fiction classification."", ""model"": ""gpt_oss_groq""}, {""decision"": ""REJECT"", ""evidence_tags"": [], ""justification"": ""The only relevant tag is a broader category and does not directly support the specific Adventure Fiction path."", ""model"": ""gpt_oss_20b""}]",MAINTAIN,ACCEPT,REJECT,1of3_opponents_split,MANUAL
9780140388008__genre__Fiction / Literary Fiction / General Literary Fiction / Realistic Fiction,9780140388008,"Cam Jansen and the Mystery of the Television Dog (Cam Jansen Adventure, Book 4)",Genre,Fiction / Literary Fiction / General Literary Fiction / Realistic Fiction,1,"[""gpt_oss_20b""]","[""qwen_groq"", ""gpt_oss_groq""]","[""Detective and mystery stories"", ""Mystery and detective stories"", ""Fiction"", ""Juvenile fiction"", ""Cam Jansen (Fictitious character)"", ""Dogs"", ""Mystery"", ""Children's fiction"", ""Dogs, fiction"", ""Adventure and adventurers, fiction"", ""Child and youth fiction"", ""Chapter Books"", ""Realistic Fiction"", ""Middle Grade"", ""Juvenile"", ""Chapter Books & Readers""]","[{""decision"": ""MAINTAIN"", ""evidence_tags"": [""Realistic Fiction""], ""justification"": ""The tag Realistic Fiction directly matches the final genre level of the disputed path."", ""model"": ""gpt_oss_20b""}]","[{""decision"": ""REJECT"", ""evidence_tags"": [""Detective and mystery stories"", ""Mystery and detective stories"", ""Mystery""], ""justification"": ""The presence of multiple explicit mystery and detective tags indicates the book belongs to the Mystery genre, which is distinct from and not subsumed by General Literary Fiction, making the disputed path unsupported."", ""model"": ""qwen_groq""}, {""decision"": ""ACCEPT"", ""evidence_tags"": [""Realistic Fiction""], ""justification"": ""The tag Realistic Fiction directly matches the final level of the disputed genre path."", ""model"": ""gpt_oss_groq""}]",REJECT,ACCEPT,MAINTAIN,1of3_opponents_split,MANUAL
9780195016161__metadata__Book_Format_and_Form / Textual_Form / Reference_Form,9780195016161,Victorian Prose and Poetry,Metadata,Book_Format_and_Form / Textual_Form / Reference_Form,2,"[""qwen_groq"", ""gpt_oss_20b""]","[""gpt_oss_groq""]","[""English poetry (collections), 19th century"", ""English prose literature"", ""English poetry"", ""English literature"", ""Anthologies"", ""Poetry"", ""Nonfiction"", ""Literature"", ""19th Century"", ""Reference"", ""Classics"", ""History & Criticism"", ""British & Irish""]","[{""decision"": ""RETRACT"", ""evidence_tags"": [], ""justification"": ""The filtered tags do not explicitly state that the book is a reference form, as 'Reference' is a broad category tag that does not confirm the specific textual form of the book itself."", ""model"": ""qwen_groq""}, {""decision"": ""MAINTAIN"", ""evidence_tags"": [""Reference""], ""justification"": ""The tag \""Reference\"" directly supports the Reference_Form metadata path."", ""model"": ""gpt_oss_20b""}]",[],RETRACT,,MAINTAIN,2of3_supporters_split,MANUAL
9780304297252__metadata__Temporal_Context / Historical_Period,9780304297252,Mistress of darkness,Metadata,Temporal_Context / Historical_Period,2,"[""qwen_groq"", ""gpt_oss_20b""]","[""gpt_oss_groq""]","[""Fiction"", ""Historical Fiction"", ""Plantation life"", ""Caribbean Area -- Fiction."", ""Historical""]","[{""decision"": ""RETRACT"", ""evidence_tags"": [], ""justification"": ""The filtered tags do not explicitly state a specific historical period or temporal context, only general genre and location descriptors."", ""model"": ""qwen_groq""}, {""decision"": ""MAINTAIN"", ""evidence_tags"": [""Historical""], ""justification"": ""The tag \""Historical\"" explicitly indicates a historical period."", ""model"": ""gpt_oss_20b""}]",[],RETRACT,,MAINTAIN,2of3_supporters_split,MANUAL
9780307249036__genre__Fiction / Horror / Supernatural Horror / Ghost Story,9780307249036,Caution: Aliens at Work,Genre,Fiction / Horror / Supernatural Horror / Ghost Story,2,"[""gpt_oss_groq"", ""gpt_oss_20b""]","[""qwen_groq""]","[""Juvenile Fiction"", ""Children's 9-12 - Fiction - Horror"", ""Children: Grades 4-6"", ""Horror & ghost stories, chillers"", ""Horror & Ghost Stories"", ""Extraterrestrial beings"", ""Fiction"", ""Science fiction"", ""Supernatural"", ""Horror"", ""Young Adult"", ""Childrens"", ""Children's Books"", ""Science Fiction & Fantasy""]","[{""decision"": ""MAINTAIN"", ""evidence_tags"": [""Horror & ghost stories, chillers"", ""Horror & Ghost Stories"", ""Supernatural""], ""justification"": ""Filtered tags explicitly include horror, supernatural, and ghost story categories."", ""model"": ""gpt_oss_groq""}, {""decision"": ""RETRACT"", ""evidence_tags"": [], ""justification"": ""No single tag directly supports the combined path Fiction / Horror / Supernatural Horror / Ghost Story."", ""model"": ""gpt_oss_20b""}]",[],,MAINTAIN,RETRACT,2of3_supporters_split,MANUAL
9780312118112__genre__Fiction / Mystery / Detective Mystery / Amateur Detective Mystery,9780312118112,An easy day for a lady,Genre,Fiction / Mystery / Detective Mystery / Amateur Detective Mystery,2,"[""qwen_groq"", ""gpt_oss_groq""]","[""gpt_oss_20b""]","[""Fiction"", ""Nell Bray (Fictitious character)"", ""Suffragists"", ""Women detectives"", ""England, fiction"", ""Fiction, historical, general"", ""Fiction, mystery & detective, women sleuths"", ""Women detectives -- England -- Fiction"", ""Suffragists -- Fiction"", ""England -- Fiction"", ""Literature & Fiction""]","[{""decision"": ""MAINTAIN"", ""evidence_tags"": [""Fiction, mystery & detective, women sleuths"", ""Women detectives -- England -- Fiction""], ""justification"": ""The tags explicitly identify the work as fiction featuring women detectives, which directly supports the classification as an amateur detective mystery."", ""model"": ""qwen_groq""}, {""decision"": ""RETRACT"", ""evidence_tags"": [], ""justification"": ""No filtered tag directly specifies an amateur detective mystery."", ""model"": ""gpt_oss_groq""}]",[],MAINTAIN,RETRACT,,2of3_supporters_split,MANUAL
9780312125394__genre__Fiction / Thriller,9780312125394,The cavalier in white,Genre,Fiction / Thriller,2,"[""gpt_oss_groq"", ""gpt_oss_20b""]","[""qwen_groq""]","[""Fiction"", ""Mystery"", ""Crime"", ""Mystery, Thriller & Suspense"", ""Women Sleuths"", ""San francisco (calif.), fiction"", ""California, fiction""]","[{""decision"": ""RETRACT"", ""evidence_tags"": [], ""justification"": ""No filtered tag directly matches the disputed genre path."", ""model"": ""gpt_oss_groq""}, {""decision"": ""MAINTAIN"", ""evidence_tags"": [""Fiction"", ""Mystery, Thriller & Suspense""], ""justification"": ""The tags include Fiction and a combined Mystery, Thriller & Suspense tag that directly supports the Thriller genre."", ""model"": ""gpt_oss_20b""}]",[],,RETRACT,MAINTAIN,2of3_supporters_split,MANUAL
9780312254735__genre__Fiction / Science Fiction / General Science Fiction / Science Fiction,9780312254735,"White Mars, or, The mind set free",Genre,Fiction / Science Fiction / General Science Fiction / Science Fiction,1,"[""qwen_groq""]","[""gpt_oss_groq"", ""gpt_oss_20b""]","[""Utopias"", ""Colonization"", ""Science fiction"", ""Twenty-first century"", ""Fiction"", ""Utopias -- Fiction"", ""Mars (Planet) -- Fiction"", ""Near Future"", ""Space"", ""Planets"", ""Science Fiction & Fantasy""]","[{""decision"": ""MAINTAIN"", ""evidence_tags"": [""Science fiction"", ""Fiction""], ""justification"": ""The filtered tags explicitly include 'Science fiction' and 'Fiction', which directly support the disputed genre path."", ""model"": ""qwen_groq""}]","[{""decision"": ""REJECT"", ""evidence_tags"": [], ""justification"": ""No filtered tag directly matches the 'General Science Fiction' level of the disputed path."", ""model"": ""gpt_oss_groq""}, {""decision"": ""ACCEPT"", ""evidence_tags"": [""Science fiction"", ""Fiction""], ""justification"": ""The filtered tags include both 'Science fiction' and 'Fiction', directly supporting the disputed genre path."", ""model"": ""gpt_oss_20b""}]",MAINTAIN,REJECT,ACCEPT,1of3_opponents_split,MANUAL
9780312531829__metadata__Thematic_Metadata / Knowledge_and_Idea_Themes / Science_and_Technology,9780312531829,Midas world,Metadata,Thematic_Metadata / Knowledge_and_Idea_Themes / Science_and_Technology,1,"[""gpt_oss_20b""]","[""qwen_groq"", ""gpt_oss_groq""]","[""Fiction, general"", ""Science Fiction""]","[{""decision"": ""MAINTAIN"", ""evidence_tags"": [""Science Fiction""], ""justification"": ""The tag \""Science Fiction\"" explicitly indicates a science and technology theme."", ""model"": ""gpt_oss_20b""}]","[{""decision"": ""REJECT"", ""evidence_tags"": [], ""justification"": ""The tag 'Science Fiction' is a genre classification, not an explicit thematic metadata tag for 'Science_and_Technology' as required by the zero-inference rule."", ""model"": ""qwen_groq""}, {""decision"": ""ACCEPT"", ""evidence_tags"": [""Science Fiction""], ""justification"": ""The tag \""Science Fiction\"" directly indicates a science and technology theme."", ""model"": ""gpt_oss_groq""}]",REJECT,ACCEPT,MAINTAIN,1of3_opponents_split,MANUAL
9780312549022__metadata__Temporal_Context / Publication_Period / Contemporary_Publication,9780312549022,Moscow requiem,Metadata,Temporal_Context / Publication_Period / Contemporary_Publication,2,"[""gpt_oss_groq"", ""gpt_oss_20b""]","[""qwen_groq""]","[""English literature"", ""Literature & Fiction"", ""Contemporary""]","[{""decision"": ""MAINTAIN"", ""evidence_tags"": [""Contemporary""], ""justification"": ""The tag 'Contemporary' directly supports the contemporary publication period."", ""model"": ""gpt_oss_groq""}, {""decision"": ""MAINTAIN"", ""evidence_tags"": [""Contemporary""], ""justification"": ""The tag \""Contemporary\"" directly supports the publication period."", ""model"": ""gpt_oss_20b""}]","[{""decision"": ""REJECT"", ""evidence_tags"": [], ""justification"": ""The tag 'Contemporary' refers to the literary genre or era of the work's content, not explicitly to the publication period metadata, and no tag explicitly states 'Contemporary Publication'."", ""model"": ""qwen_groq""}]",REJECT,MAINTAIN,MAINTAIN,2of3_opponent_rejects,MANUAL
9780312850036__metadata__Book_Format_and_Form / Narrative_Length / Short,9780312850036,All about women,Metadata,Book_Format_and_Form / Narrative_Length / Short,1,"[""gpt_oss_20b""]","[""qwen_groq"", ""gpt_oss_groq""]","[""Fiction, general"", ""Fiction, short stories (single author)"", ""Contemporary Fiction"", ""Short Stories""]","[{""decision"": ""MAINTAIN"", ""evidence_tags"": [""Short Stories"", ""Fiction, short stories (single author)""], ""justification"": ""The tags indicate the book contains short stories, supporting a short narrative length."", ""model"": ""gpt_oss_20b""}]","[{""decision"": ""REJECT"", ""evidence_tags"": [], ""justification"": ""The filtered tags indicate the genre is short stories, but do not explicitly state the book's format or narrative length as 'Short' in the context of the specific metadata path Book_Format_and_Form / Narrative_Length / Short."", ""model"": ""qwen_groq""}, {""decision"": ""ACCEPT"", ""evidence_tags"": [""Short Stories"", ""Fiction, short stories (single author)""], ""justification"": ""The tags explicitly indicate the book contains short stories, supporting a short narrative length."", ""model"": ""gpt_oss_groq""}]",REJECT,ACCEPT,MAINTAIN,1of3_opponents_split,MANUAL
9780312850036__metadata__Temporal_Context / Publication_Period / Contemporary_Publication,9780312850036,All about women,Metadata,Temporal_Context / Publication_Period / Contemporary_Publication,2,"[""gpt_oss_groq"", ""gpt_oss_20b""]","[""qwen_groq""]","[""Fiction, general"", ""Fiction, short stories (single author)"", ""Contemporary Fiction"", ""Short Stories""]","[{""decision"": ""MAINTAIN"", ""evidence_tags"": [""Contemporary Fiction""], ""justification"": ""The tag \""Contemporary Fiction\"" explicitly includes the term Contemporary."", ""model"": ""gpt_oss_groq""}, {""decision"": ""MAINTAIN"", ""evidence_tags"": [""Contemporary Fiction""], ""justification"": ""The tag 'Contemporary Fiction' explicitly indicates a contemporary publication period."", ""model"": ""gpt_oss_20b""}]","[{""decision"": ""REJECT"", ""evidence_tags"": [], ""justification"": ""The tag 'Contemporary Fiction' refers to the literary genre or setting, not explicitly to the publication period of the book itself."", ""model"": ""qwen_groq""}]",REJECT,MAINTAIN,MAINTAIN,2of3_opponent_rejects,MANUAL
9780312953621__genre__Fiction / Comics and Sequential Fiction / Graphic Fiction / Graphic Narrative,9780312953621,Star Wreck VII,Genre,Fiction / Comics and Sequential Fiction / Graphic Fiction / Graphic Narrative,1,"[""gpt_oss_groq""]","[""qwen_groq"", ""gpt_oss_20b""]","[""Fiction, science fiction, general"", ""Comics & Graphic Novels"", ""Fiction - Science Fiction"", ""Humor"", ""Science Fiction - General"", ""Fiction / Science Fiction / General"", ""Parodies, imitations, etc"", ""Science Fiction""]","[{""decision"": ""MAINTAIN"", ""evidence_tags"": [""Comics & Graphic Novels""], ""justification"": ""The tag directly identifies the work as a comic/graphic novel, matching the disputed path."", ""model"": ""gpt_oss_groq""}]","[{""decision"": ""REJECT"", ""evidence_tags"": [], ""justification"": ""The tag 'Comics & Graphic Novels' is a broader category that does not specifically confirm the narrower sub-genre 'Graphic Narrative' required by the disputed path."", ""model"": ""qwen_groq""}, {""decision"": ""ACCEPT"", ""evidence_tags"": [""Comics & Graphic Novels""], ""justification"": ""The tag \""Comics & Graphic Novels\"" directly supports the comic/graphic novel classification in the disputed path."", ""model"": ""gpt_oss_20b""}]",REJECT,MAINTAIN,ACCEPT,1of3_opponents_split,MANUAL
9780312953621__genre__Fiction / Science Fiction / General Science Fiction,9780312953621,Star Wreck VII,Genre,Fiction / Science Fiction / General Science Fiction,1,"[""gpt_oss_20b""]","[""qwen_groq"", ""gpt_oss_groq""]","[""Fiction, science fiction, general"", ""Comics & Graphic Novels"", ""Fiction - Science Fiction"", ""Humor"", ""Science Fiction - General"", ""Fiction / Science Fiction / General"", ""Parodies, imitations, etc"", ""Science Fiction""]","[{""decision"": ""MAINTAIN"", ""evidence_tags"": [""Fiction / Science Fiction / General""], ""justification"": ""The filtered tags include the exact path \""Fiction / Science Fiction / General\""."", ""model"": ""gpt_oss_20b""}]","[{""decision"": ""ACCEPT"", ""evidence_tags"": [""Fiction / Science Fiction / General""], ""justification"": ""The filtered tags contain the exact string \""Fiction / Science Fiction / General\"", which directly matches the disputed path."", ""model"": ""qwen_groq""}, {""decision"": ""REJECT"", ""evidence_tags"": [], ""justification"": ""No filtered tag exactly matches the disputed path."", ""model"": ""gpt_oss_groq""}]",ACCEPT,REJECT,MAINTAIN,1of3_opponents_split,MANUAL
9780312953621__genre__Fiction / Science Fiction / General Science Fiction / Science Fiction,9780312953621,Star Wreck VII,Genre,Fiction / Science Fiction / General Science Fiction / Science Fiction,2,"[""qwen_groq"", ""gpt_oss_groq""]","[""gpt_oss_20b""]","[""Fiction, science fiction, general"", ""Comics & Graphic Novels"", ""Fiction - Science Fiction"", ""Humor"", ""Science Fiction - General"", ""Fiction / Science Fiction / General"", ""Parodies, imitations, etc"", ""Science Fiction""]","[{""decision"": ""MAINTAIN"", ""evidence_tags"": [""Fiction / Science Fiction / General""], ""justification"": ""The filtered tag 'Fiction / Science Fiction / General' directly matches the disputed path structure."", ""model"": ""qwen_groq""}, {""decision"": ""RETRACT"", ""evidence_tags"": [], ""justification"": ""No filtered tag directly matches the full disputed genre path."", ""model"": ""gpt_oss_groq""}]",[],MAINTAIN,RETRACT,,2of3_supporters_split,MANUAL
9780312956929__metadata__Character_and_Representation_Metadata / Protagonist_Profile / Role_Profile / Detective,9780312956929,The Dead File,Metadata,Character_and_Representation_Metadata / Protagonist_Profile / Role_Profile / Detective,2,"[""qwen_groq"", ""gpt_oss_groq""]","[""gpt_oss_20b""]","[""Fiction, mystery & detective, general"", ""Mystery & Detective - General"", ""Psychological"", ""Fiction - Psychological Suspense"", ""Mystery fiction"", ""Fiction"", ""Mystery, Thriller & Suspense"", ""Mystery"", ""Police Procedurals""]","[{""decision"": ""RETRACT"", ""evidence_tags"": [], ""justification"": ""The filtered tags indicate the genre is mystery or detective fiction but do not explicitly state that the protagonist is a detective."", ""model"": ""qwen_groq""}, {""decision"": ""MAINTAIN"", ""evidence_tags"": [""Fiction, mystery & detective, general"", ""Mystery & Detective - General""], ""justification"": ""Filtered tags explicitly reference detective."", ""model"": ""gpt_oss_groq""}]",[],RETRACT,MAINTAIN,,2of3_supporters_split,MANUAL
9780312965600__genre__Fiction / Action Fiction / Western Fiction / Frontier Western,9780312965600,"Autumn Thunder (Last Warriors, Bk 1)",Genre,Fiction / Action Fiction / Western Fiction / Frontier Western,2,"[""gpt_oss_groq"", ""gpt_oss_20b""]","[""qwen_groq""]","[""Fiction"", ""Fiction - Historical"", ""Genre Fiction"", ""Westerns"", ""Frontier & Pioneer""]","[{""decision"": ""RETRACT"", ""evidence_tags"": [], ""justification"": ""No filtered tag directly supports the full disputed path."", ""model"": ""gpt_oss_groq""}, {""decision"": ""MAINTAIN"", ""evidence_tags"": [""Westerns"", ""Frontier & Pioneer""], ""justification"": ""The tags \""Westerns\"" and \""Frontier & Pioneer\"" directly support the Western and Frontier Western subgenres."", ""model"": ""gpt_oss_20b""}]",[],,RETRACT,MAINTAIN,2of3_supporters_split,MANUAL
9780312965600__genre__Fiction / Historical Fiction / Historical Adventure Fiction / Frontier Fiction,9780312965600,"Autumn Thunder (Last Warriors, Bk 1)",Genre,Fiction / Historical Fiction / Historical Adventure Fiction / Frontier Fiction,2,"[""qwen_groq"", ""gpt_oss_20b""]","[""gpt_oss_groq""]","[""Fiction"", ""Fiction - Historical"", ""Genre Fiction"", ""Westerns"", ""Frontier & Pioneer""]","[{""decision"": ""MAINTAIN"", ""evidence_tags"": [""Fiction"", ""Fiction - Historical"", ""Frontier & Pioneer""], ""justification"": ""The filtered tags 'Fiction', 'Fiction - Historical', and 'Frontier & Pioneer' directly support the components of the disputed path 'Fiction / Historical Fiction / Historical Adventure Fiction / Frontier Fiction'."", ""model"": ""qwen_groq""}, {""decision"": ""RETRACT"", ""evidence_tags"": [], ""justification"": ""No filtered tag directly supports the specific path \""Frontier Fiction\""."", ""model"": ""gpt_oss_20b""}]",[],MAINTAIN,,RETRACT,2of3_supporters_split,MANUAL
9780312968182__genre__Fiction / Mystery,9780312968182,See No Evil (A Marti MacAlister Mystery),Genre,Fiction / Mystery,1,"[""qwen_groq""]","[""gpt_oss_groq"", ""gpt_oss_20b""]","[""Fiction, mystery & detective, women sleuths"", ""Policewomen, fiction"", ""Mystery & Detective - Police Procedural"", ""Mystery & Detective - Series"", ""Mystery & Detective - Women Sleuths"", ""Fiction / Mystery & Detective / General"", ""Mystery & Detective - General"", ""Fiction"", ""Fiction - Mystery/ Detective"", ""Mystery/Suspense"", ""Mystery"", ""Crime""]","[{""decision"": ""MAINTAIN"", ""evidence_tags"": [""Fiction / Mystery & Detective / General"", ""Fiction - Mystery/ Detective"", ""Mystery""], ""justification"": ""The filtered tags explicitly include 'Fiction / Mystery & Detective / General' and 'Fiction - Mystery/ Detective', which directly support the disputed path 'Fiction / Mystery'."", ""model"": ""qwen_groq""}]","[{""decision"": ""REJECT"", ""evidence_tags"": [], ""justification"": ""No filtered tag exactly matches the disputed path 'Fiction / Mystery'."", ""model"": ""gpt_oss_groq""}, {""decision"": ""ACCEPT"", ""evidence_tags"": [""Fiction"", ""Mystery""], ""justification"": ""The tags 'Fiction' and 'Mystery' together directly support the path 'Fiction / Mystery'."", ""model"": ""gpt_oss_20b""}]",MAINTAIN,REJECT,ACCEPT,1of3_opponents_split,MANUAL
9780312968182__metadata__Thematic_Metadata / Conflict_and_Event_Themes / Crime_and_Justice,9780312968182,See No Evil (A Marti MacAlister Mystery),Metadata,Thematic_Metadata / Conflict_and_Event_Themes / Crime_and_Justice,1,"[""gpt_oss_20b""]","[""qwen_groq"", ""gpt_oss_groq""]","[""Fiction, mystery & detective, women sleuths"", ""Policewomen, fiction"", ""Mystery & Detective - Police Procedural"", ""Mystery & Detective - Series"", ""Mystery & Detective - Women Sleuths"", ""Fiction / Mystery & Detective / General"", ""Mystery & Detective - General"", ""Fiction"", ""Fiction - Mystery/ Detective"", ""Mystery/Suspense"", ""Mystery"", ""Crime""]","[{""decision"": ""MAINTAIN"", ""evidence_tags"": [""Crime""], ""justification"": ""The tag \""Crime\"" directly supports the Crime_and_Justice theme."", ""model"": ""gpt_oss_20b""}]","[{""decision"": ""REJECT"", ""evidence_tags"": [], ""justification"": ""The filtered tags contain the term 'Crime' but lack any explicit reference to 'Justice', 'Legal', or 'Judicial' themes required to support the specific 'Crime_and_Justice' path."", ""model"": ""qwen_groq""}, {""decision"": ""ACCEPT"", ""evidence_tags"": [""Crime""], ""justification"": ""The tag \""Crime\"" explicitly matches the Crime_and_Justice theme."", ""model"": ""gpt_oss_groq""}]",REJECT,ACCEPT,MAINTAIN,1of3_opponents_split,MANUAL
9780316170925__metadata__Audience / Age_Group / Adult / General Adult Audience,9780316170925,Heiress,Metadata,Audience / Age_Group / Adult / General Adult Audience,2,"[""qwen_groq"", ""gpt_oss_20b""]","[""gpt_oss_groq""]","[""Fiction"", ""Inheritance and succession"", ""Romance"", ""Sisters"", ""Contemporary Romance"", ""Contemporary"", ""Adult Fiction""]","[{""decision"": ""RETRACT"", ""evidence_tags"": [], ""justification"": ""The filtered tags do not contain explicit wording that directly supports the specific 'General Adult Audience' classification, only implying age via 'Adult Fiction' which may require inference regarding the specific sub-group."", ""model"": ""qwen_groq""}, {""decision"": ""MAINTAIN"", ""evidence_tags"": [""Adult Fiction""], ""justification"": ""The tag \""Adult Fiction\"" explicitly indicates an adult audience."", ""model"": ""gpt_oss_20b""}]",[],RETRACT,,MAINTAIN,2of3_supporters_split,MANUAL
9780330306997__genre__Nonfiction,9780330306997,The Obstacle Race (Read Together),Genre,Nonfiction,2,"[""gpt_oss_groq"", ""gpt_oss_20b""]","[""qwen_groq""]","[""Study guides, home study & revision notes"", ""English language readers""]","[{""decision"": ""MAINTAIN"", ""evidence_tags"": [""Study guides, home study & revision notes""], ""justification"": ""The tag indicates the book is a study guide, which is nonfiction."", ""model"": ""gpt_oss_groq""}, {""decision"": ""RETRACT"", ""evidence_tags"": [], ""justification"": ""The filtered tags do not directly indicate a nonfiction genre."", ""model"": ""gpt_oss_20b""}]",[],,MAINTAIN,RETRACT,2of3_supporters_split,MANUAL
9780330306997__genre__Nonfiction / Language and Linguistics / Language,9780330306997,The Obstacle Race (Read Together),Genre,Nonfiction / Language and Linguistics / Language,2,"[""qwen_groq"", ""gpt_oss_20b""]","[""gpt_oss_groq""]","[""Study guides, home study & revision notes"", ""English language readers""]","[{""decision"": ""RETRACT"", ""evidence_tags"": [], ""justification"": ""The filtered tags 'Study guides, home study & revision notes' and 'English language readers' do not provide specific evidence supporting the narrow genre path of 'Language and Linguistics / Language'."", ""model"": ""qwen_groq""}, {""decision"": ""MAINTAIN"", ""evidence_tags"": [""English language readers""], ""justification"": ""The tag directly indicates a language focus."", ""model"": ""gpt_oss_20b""}]",[],RETRACT,,MAINTAIN,2of3_supporters_split,MANUAL
9780345387325__genre__Fiction / Fantasy / Epic and High Fantasy / Epic Fantasy,9780345387325,Kingdoms Of The Night,Genre,Fiction / Fantasy / Epic and High Fantasy / Epic Fantasy,2,"[""gpt_oss_groq"", ""gpt_oss_20b""]","[""qwen_groq""]","[""Fiction"", ""Fantasy"", ""High Fantasy"", ""Science Fiction & Fantasy"", ""Epic""]","[{""decision"": ""RETRACT"", ""evidence_tags"": [], ""justification"": ""No filtered tag directly matches the disputed path's final node \""Epic Fantasy\""."", ""model"": ""gpt_oss_groq""}, {""decision"": ""MAINTAIN"", ""evidence_tags"": [""Fiction"", ""Fantasy"", ""High Fantasy"", ""Epic""], ""justification"": ""The tags include Fiction, Fantasy, High Fantasy, and Epic, which together support the Epic Fantasy path."", ""model"": ""gpt_oss_20b""}]",[],,RETRACT,MAINTAIN,2of3_supporters_split,MANUAL
9780345387325__metadata__Book_Format_and_Form / Narrative_Length / Very_Long / Epic-Length,9780345387325,Kingdoms Of The Night,Metadata,Book_Format_and_Form / Narrative_Length / Very_Long / Epic-Length,1,"[""gpt_oss_groq""]","[""qwen_groq"", ""gpt_oss_20b""]","[""Fiction"", ""Fantasy"", ""High Fantasy"", ""Science Fiction & Fantasy"", ""Epic""]","[{""decision"": ""MAINTAIN"", ""evidence_tags"": [""Epic""], ""justification"": ""The tag \""Epic\"" directly supports an epic-length narrative."", ""model"": ""gpt_oss_groq""}]","[{""decision"": ""REJECT"", ""evidence_tags"": [], ""justification"": ""The tag 'Epic' refers to a genre or style, not explicitly to the narrative length or word count required for the 'Epic-Length' path."", ""model"": ""qwen_groq""}, {""decision"": ""ACCEPT"", ""evidence_tags"": [""Epic""], ""justification"": ""The tag \""Epic\"" directly indicates an epic-length narrative."", ""model"": ""gpt_oss_20b""}]",REJECT,MAINTAIN,ACCEPT,1of3_opponents_split,MANUAL
9780345387356__genre__Fiction / Science Fiction / General Science Fiction / Science Fiction,9780345387356,Wind After Time,Genre,Fiction / Science Fiction / General Science Fiction / Science Fiction,2,"[""qwen_groq"", ""gpt_oss_20b""]","[""gpt_oss_groq""]","[""Science Fiction"", ""Fiction - Science Fiction"", ""Science Fiction & Fantasy"", ""Fiction, general"", ""Fiction""]","[{""decision"": ""RETRACT"", ""evidence_tags"": [], ""justification"": ""The filtered tags do not contain the specific sub-genre 'General Science Fiction' required to support the full disputed path."", ""model"": ""qwen_groq""}, {""decision"": ""MAINTAIN"", ""evidence_tags"": [""Science Fiction"", ""Fiction - Science Fiction""], ""justification"": ""The filtered tags include \""Science Fiction\"" and \""Fiction - Science Fiction\"", directly supporting the disputed genre path."", ""model"": ""gpt_oss_20b""}]",[],RETRACT,,MAINTAIN,2of3_supporters_split,MANUAL
9780373035380__genre__Fiction / Romance / General Romance / Romance,9780373035380,Make Believe Mother (Kids & Kisses),Genre,Fiction / Romance / General Romance / Romance,2,"[""qwen_groq"", ""gpt_oss_20b""]","[""gpt_oss_groq""]","[""Romance - Contemporary"", ""Fiction - Romance"", ""Family Life"", ""Parenthood & Children""]","[{""decision"": ""MAINTAIN"", ""evidence_tags"": [""Fiction - Romance""], ""justification"": ""The filtered tag 'Fiction - Romance' directly supports the disputed genre path 'Fiction / Romance / General Romance / Romance'."", ""model"": ""qwen_groq""}, {""decision"": ""MAINTAIN"", ""evidence_tags"": [""Fiction - Romance"", ""Romance - Contemporary""], ""justification"": ""The tags directly support the Fiction and Romance categories in the path."", ""model"": ""gpt_oss_20b""}]","[{""decision"": ""REJECT"", ""evidence_tags"": [], ""justification"": ""No filtered tag directly matches the full disputed hierarchy."", ""model"": ""gpt_oss_groq""}]",MAINTAIN,REJECT,MAINTAIN,2of3_opponent_rejects,MANUAL
9780373035380__metadata__Character_and_Representation_Metadata / Protagonist_Profile / Group_Profile / Family-Centered,9780373035380,Make Believe Mother (Kids & Kisses),Metadata,Character_and_Representation_Metadata / Protagonist_Profile / Group_Profile / Family-Centered,2,"[""gpt_oss_groq"", ""gpt_oss_20b""]","[""qwen_groq""]","[""Romance - Contemporary"", ""Fiction - Romance"", ""Family Life"", ""Parenthood & Children""]","[{""decision"": ""MAINTAIN"", ""evidence_tags"": [""Family Life"", ""Parenthood & Children""], ""justification"": ""The tags explicitly reference family themes."", ""model"": ""gpt_oss_groq""}, {""decision"": ""MAINTAIN"", ""evidence_tags"": [""Family Life""], ""justification"": ""The tag 'Family Life' directly indicates a family-centered focus."", ""model"": ""gpt_oss_20b""}]","[{""decision"": ""REJECT"", ""evidence_tags"": [], ""justification"": ""The filtered tags indicate family themes but do not explicitly identify the protagonist as a family-centered group, which is required for the specific metadata path."", ""model"": ""qwen_groq""}]",REJECT,MAINTAIN,MAINTAIN,2of3_opponent_rejects,MANUAL
9780373035397__genre__Fiction / Romance / General Romance / Romance,9780373035397,Bachelor Available (Texas Grooms Wanted),Genre,Fiction / Romance / General Romance / Romance,2,"[""qwen_groq"", ""gpt_oss_20b""]","[""gpt_oss_groq""]","[""Romance - Contemporary"", ""Romance"", ""Contemporary"", ""Fiction - Romance"", ""Fiction""]","[{""decision"": ""MAINTAIN"", ""evidence_tags"": [""Romance"", ""Fiction - Romance""], ""justification"": ""The filtered tags 'Romance' and 'Fiction - Romance' directly support the disputed genre path 'Fiction / Romance / General Romance / Romance'."", ""model"": ""qwen_groq""}, {""decision"": ""RETRACT"", ""evidence_tags"": [], ""justification"": ""No filtered tag directly supports the specific path including General Romance."", ""model"": ""gpt_oss_20b""}]",[],MAINTAIN,,RETRACT,2of3_supporters_split,MANUAL
9780373036509__genre__Fiction / Romance / General Romance / Romance,9780373036509,A Child in Need,Genre,Fiction / Romance / General Romance / Romance,1,"[""qwen_groq""]","[""gpt_oss_groq"", ""gpt_oss_20b""]","[""Fiction, Romance, Contemporary"", ""Romance - Contemporary"", ""Fiction - Romance"", ""Romance: Modern"", ""Literature & Fiction"", ""Genre Fiction"", ""Family Life"", ""Parenthood & Children""]","[{""decision"": ""MAINTAIN"", ""evidence_tags"": [""Fiction, Romance, Contemporary"", ""Romance - Contemporary"", ""Fiction - Romance""], ""justification"": ""The filtered tags explicitly classify the book as Fiction and Romance, directly supporting the disputed genre path."", ""model"": ""qwen_groq""}]","[{""decision"": ""REJECT"", ""evidence_tags"": [], ""justification"": ""No filtered tag explicitly matches the specific 'General Romance' subcategory."", ""model"": ""gpt_oss_groq""}, {""decision"": ""ACCEPT"", ""evidence_tags"": [""Fiction, Romance, Contemporary"", ""Fiction - Romance""], ""justification"": ""The tags explicitly list Fiction and Romance, matching the disputed path."", ""model"": ""gpt_oss_20b""}]",MAINTAIN,REJECT,ACCEPT,1of3_opponents_split,MANUAL
9780373036509__metadata__Character_and_Representation_Metadata / Protagonist_Profile / Group_Profile / Family-Centered,9780373036509,A Child in Need,Metadata,Character_and_Representation_Metadata / Protagonist_Profile / Group_Profile / Family-Centered,2,"[""gpt_oss_groq"", ""gpt_oss_20b""]","[""qwen_groq""]","[""Fiction, Romance, Contemporary"", ""Romance - Contemporary"", ""Fiction - Romance"", ""Romance: Modern"", ""Literature & Fiction"", ""Genre Fiction"", ""Family Life"", ""Parenthood & Children""]","[{""decision"": ""RETRACT"", ""evidence_tags"": [], ""justification"": ""No filtered tag explicitly uses the term “Family-Centered.”"", ""model"": ""gpt_oss_groq""}, {""decision"": ""MAINTAIN"", ""evidence_tags"": [""Family Life"", ""Parenthood & Children""], ""justification"": ""The tags explicitly mention family life and parenthood, indicating a family-centered focus."", ""model"": ""gpt_oss_20b""}]",[],,RETRACT,MAINTAIN,2of3_supporters_split,MANUAL
9780373053759__metadata__Character_and_Representation_Metadata / Protagonist_Profile / Group_Profile / Family-Centered,9780373053759,Gift Of Love,Metadata,Character_and_Representation_Metadata / Protagonist_Profile / Group_Profile / Family-Centered,1,"[""gpt_oss_groq""]","[""qwen_groq"", ""gpt_oss_20b""]","[""Romance - Contemporary"", ""Fiction"", ""Romance: Modern"", ""Romance"", ""Literature & Fiction"", ""Genre Fiction"", ""Family Life""]","[{""decision"": ""MAINTAIN"", ""evidence_tags"": [""Family Life""], ""justification"": ""The tag \""Family Life\"" directly indicates a family‑centered focus."", ""model"": ""gpt_oss_groq""}]","[{""decision"": ""REJECT"", ""evidence_tags"": [], ""justification"": ""The tag 'Family Life' indicates a thematic focus on family but does not explicitly confirm that the protagonist profile is a 'Group_Profile' or specifically 'Family-Centered' in the structural sense required by the path."", ""model"": ""qwen_groq""}, {""decision"": ""ACCEPT"", ""evidence_tags"": [""Family Life""], ""justification"": ""The tag \""Family Life\"" directly indicates a family‑centered focus."", ""model"": ""gpt_oss_20b""}]",REJECT,MAINTAIN,ACCEPT,1of3_opponents_split,MANUAL
9780373057764__genre__Fiction / Romance / General Romance / Romance,9780373057764,"Good Golly, Miss Molly",Genre,Fiction / Romance / General Romance / Romance,2,"[""qwen_groq"", ""gpt_oss_20b""]","[""gpt_oss_groq""]","[""Romance"", ""Contemporary"", ""Fiction""]","[{""decision"": ""MAINTAIN"", ""evidence_tags"": [""Romance""], ""justification"": ""The filtered tag 'Romance' directly supports the disputed genre path."", ""model"": ""qwen_groq""}, {""decision"": ""MAINTAIN"", ""evidence_tags"": [""Romance"", ""Fiction""], ""justification"": ""The tags include Fiction and Romance, matching the disputed path."", ""model"": ""gpt_oss_20b""}]","[{""decision"": ""REJECT"", ""evidence_tags"": [], ""justification"": ""The filtered tags do not directly include the specific subgenre required by the disputed path."", ""model"": ""gpt_oss_groq""}]",MAINTAIN,REJECT,MAINTAIN,2of3_opponent_rejects,MANUAL
9780373086870__metadata__Temporal_Context / Publication_Period / Contemporary_Publication,9780373086870,Finally Home,Metadata,Temporal_Context / Publication_Period / Contemporary_Publication,1,"[""gpt_oss_groq""]","[""qwen_groq"", ""gpt_oss_20b""]","[""Fiction, general"", ""Romance - General"", ""Romance"", ""Contemporary""]","[{""decision"": ""MAINTAIN"", ""evidence_tags"": [""Contemporary""], ""justification"": ""The tag \""Contemporary\"" directly supports the Contemporary_Publication path."", ""model"": ""gpt_oss_groq""}]","[{""decision"": ""REJECT"", ""evidence_tags"": [], ""justification"": ""The tag 'Contemporary' refers to the genre or setting of the fiction, not the publication period of the book itself, and no tag explicitly states the book was published in the contemporary era."", ""model"": ""qwen_groq""}, {""decision"": ""ACCEPT"", ""evidence_tags"": [""Contemporary""], ""justification"": ""The tag \""Contemporary\"" directly supports the Contemporary_Publication path."", ""model"": ""gpt_oss_20b""}]",REJECT,MAINTAIN,ACCEPT,1of3_opponents_split,MANUAL
9780373093861__genre__Fiction / Romance / General Romance / Romance,9780373093861,Mandrego,Genre,Fiction / Romance / General Romance / Romance,2,"[""qwen_groq"", ""gpt_oss_20b""]","[""gpt_oss_groq""]","[""Romance - Contemporary"", ""Fiction"", ""Romance: Modern"", ""Romance"", ""Contemporary""]","[{""decision"": ""MAINTAIN"", ""evidence_tags"": [""Romance"", ""Romance - Contemporary"", ""Romance: Modern""], ""justification"": ""The filtered tags explicitly include 'Romance' and specific contemporary romance sub-tags, directly supporting the disputed genre path."", ""model"": ""qwen_groq""}, {""decision"": ""RETRACT"", ""evidence_tags"": [], ""justification"": ""No filtered tag directly supports the narrower 'General Romance' level."", ""model"": ""gpt_oss_20b""}]",[],MAINTAIN,,RETRACT,2of3_supporters_split,MANUAL
9780373094189__genre__Fiction / Romance / General Romance / Romance,9780373094189,Torn Asunder,Genre,Fiction / Romance / General Romance / Romance,2,"[""qwen_groq"", ""gpt_oss_20b""]","[""gpt_oss_groq""]","[""Fiction, general"", ""Fiction - General"", ""Fiction"", ""Romance"", ""Contemporary""]","[{""decision"": ""MAINTAIN"", ""evidence_tags"": [""Fiction"", ""Romance""], ""justification"": ""The filtered tags 'Fiction' and 'Romance' directly support the disputed genre path."", ""model"": ""qwen_groq""}, {""decision"": ""RETRACT"", ""evidence_tags"": [], ""justification"": ""No filtered tag specifies General Romance, so the path is not directly supported."", ""model"": ""gpt_oss_20b""}]",[],MAINTAIN,,RETRACT,2of3_supporters_split,MANUAL
9780373094189__metadata__Temporal_Context / Publication_Period / Contemporary_Publication,9780373094189,Torn Asunder,Metadata,Temporal_Context / Publication_Period / Contemporary_Publication,1,"[""gpt_oss_20b""]","[""qwen_groq"", ""gpt_oss_groq""]","[""Fiction, general"", ""Fiction - General"", ""Fiction"", ""Romance"", ""Contemporary""]","[{""decision"": ""MAINTAIN"", ""evidence_tags"": [""Contemporary""], ""justification"": ""The tag \""Contemporary\"" directly supports the contemporary publication period."", ""model"": ""gpt_oss_20b""}]","[{""decision"": ""REJECT"", ""evidence_tags"": [], ""justification"": ""The tag 'Contemporary' refers to the genre or setting of the fiction, not the publication period of the book itself, and no tag explicitly states the publication era."", ""model"": ""qwen_groq""}, {""decision"": ""ACCEPT"", ""evidence_tags"": [""Contemporary""], ""justification"": ""The tag \""Contemporary\"" directly indicates a contemporary publication period."", ""model"": ""gpt_oss_groq""}]",REJECT,ACCEPT,MAINTAIN,1of3_opponents_split,MANUAL
9780373097876__genre__Fiction / Romance / General Romance,9780373097876,He's a Bad Boy,Genre,Fiction / Romance / General Romance,2,"[""gpt_oss_groq"", ""gpt_oss_20b""]","[""qwen_groq""]","[""Fiction, general"", ""Romance - General"", ""Fiction - Romance"", ""Fiction""]","[{""decision"": ""RETRACT"", ""evidence_tags"": [], ""justification"": ""No filtered tag directly matches the full Fiction / Romance / General Romance path."", ""model"": ""gpt_oss_groq""}, {""decision"": ""MAINTAIN"", ""evidence_tags"": [""Romance - General"", ""Fiction - Romance""], ""justification"": ""Both tags directly support the Fiction / Romance / General Romance path."", ""model"": ""gpt_oss_20b""}]",[],,RETRACT,MAINTAIN,2of3_supporters_split,MANUAL
9780373108770__genre__Fiction / Romance / General Romance / Romance,9780373108770,Knight's Possession,Genre,Fiction / Romance / General Romance / Romance,2,"[""qwen_groq"", ""gpt_oss_20b""]","[""gpt_oss_groq""]","[""Romance"", ""Contemporary Romance"", ""M F Romance"", ""Contemporary"", ""Women's Fiction""]","[{""decision"": ""MAINTAIN"", ""evidence_tags"": [""Romance""], ""justification"": ""The filtered tag 'Romance' directly supports the disputed genre path."", ""model"": ""qwen_groq""}, {""decision"": ""MAINTAIN"", ""evidence_tags"": [""Romance""], ""justification"": ""The tag 'Romance' directly supports the Romance genre path."", ""model"": ""gpt_oss_20b""}]","[{""decision"": ""REJECT"", ""evidence_tags"": [], ""justification"": ""The filtered tags only include the broad tag 'Romance', which does not directly support the narrower disputed sub‑genre path."", ""model"": ""gpt_oss_groq""}]",MAINTAIN,REJECT,MAINTAIN,2of3_opponent_rejects,MANUAL
9780373108770__metadata__Temporal_Context / Publication_Period / Contemporary_Publication,9780373108770,Knight's Possession,Metadata,Temporal_Context / Publication_Period / Contemporary_Publication,1,"[""gpt_oss_20b""]","[""qwen_groq"", ""gpt_oss_groq""]","[""Romance"", ""Contemporary Romance"", ""M F Romance"", ""Contemporary"", ""Women's Fiction""]","[{""decision"": ""MAINTAIN"", ""evidence_tags"": [""Contemporary""], ""justification"": ""The tag \""Contemporary\"" directly supports a contemporary publication period."", ""model"": ""gpt_oss_20b""}]","[{""decision"": ""REJECT"", ""evidence_tags"": [], ""justification"": ""The tag 'Contemporary' refers to the genre or setting of the story, not the explicit publication period of the book, and no tag explicitly states the publication era."", ""model"": ""qwen_groq""}, {""decision"": ""ACCEPT"", ""evidence_tags"": [""Contemporary""], ""justification"": ""The tag \""Contemporary\"" explicitly indicates a contemporary publication period."", ""model"": ""gpt_oss_groq""}]",REJECT,ACCEPT,MAINTAIN,1of3_opponents_split,MANUAL
9780373120215__metadata__Temporal_Context / Publication_Period / Contemporary_Publication,9780373120215,Very Private Revenge,Metadata,Temporal_Context / Publication_Period / Contemporary_Publication,2,"[""gpt_oss_groq"", ""gpt_oss_20b""]","[""qwen_groq""]","[""Fiction"", ""Romance"", ""Revenge"", ""Contemporary Romance"", ""Contemporary"", ""Literature & Fiction"", ""Contemporary Fiction"", ""Romance - Contemporary""]","[{""decision"": ""MAINTAIN"", ""evidence_tags"": [""Contemporary""], ""justification"": ""The tag \""Contemporary\"" directly indicates a contemporary publication period."", ""model"": ""gpt_oss_groq""}, {""decision"": ""MAINTAIN"", ""evidence_tags"": [""Contemporary Romance"", ""Contemporary"", ""Contemporary Fiction""], ""justification"": ""The tags explicitly state the book is contemporary."", ""model"": ""gpt_oss_20b""}]","[{""decision"": ""REJECT"", ""evidence_tags"": [], ""justification"": ""The tags 'Contemporary' and 'Contemporary Romance' refer to the genre or setting of the fiction, not the publication period of the book itself."", ""model"": ""qwen_groq""}]",REJECT,MAINTAIN,MAINTAIN,2of3_opponent_rejects,MANUAL
9780373120239__metadata__Temporal_Context / Publication_Period / Contemporary_Publication,9780373120239,One Husband Required (Wanted: One Wedding Dress),Metadata,Temporal_Context / Publication_Period / Contemporary_Publication,2,"[""gpt_oss_groq"", ""gpt_oss_20b""]","[""qwen_groq""]","[""Fiction, romance, contemporary"", ""Romance - Contemporary"", ""Fiction - Romance"", ""Romance"", ""Contemporary Romance"", ""Literature & Fiction"", ""Genre Fiction"", ""Fiction""]","[{""decision"": ""RETRACT"", ""evidence_tags"": [], ""justification"": ""No filtered tag explicitly indicates a contemporary publication period."", ""model"": ""gpt_oss_groq""}, {""decision"": ""MAINTAIN"", ""evidence_tags"": [""Fiction, romance, contemporary"", ""Romance - Contemporary"", ""Contemporary Romance""], ""justification"": ""The tags explicitly state the work is contemporary."", ""model"": ""gpt_oss_20b""}]",[],,RETRACT,MAINTAIN,2of3_supporters_split,MANUAL
9780373120345__genre__Fiction / Romance / General Romance / Romance,9780373120345,Accidental Baby (Expecting!),Genre,Fiction / Romance / General Romance / Romance,2,"[""qwen_groq"", ""gpt_oss_20b""]","[""gpt_oss_groq""]","[""Romance"", ""Fiction - Romance"", ""Romance - Contemporary"", ""Contemporary"", ""Friends To Lovers"", ""Marriage Of Convenience""]","[{""decision"": ""MAINTAIN"", ""evidence_tags"": [""Romance"", ""Fiction - Romance""], ""justification"": ""The filtered tags explicitly include 'Romance' and 'Fiction - Romance', directly supporting the disputed genre path."", ""model"": ""qwen_groq""}, {""decision"": ""MAINTAIN"", ""evidence_tags"": [""Romance""], ""justification"": ""The tag 'Romance' directly matches the final genre segment."", ""model"": ""gpt_oss_20b""}]","[{""decision"": ""REJECT"", ""evidence_tags"": [], ""justification"": ""No filtered tag directly matches the 'General Romance' segment of the disputed path."", ""model"": ""gpt_oss_groq""}]",MAINTAIN,REJECT,MAINTAIN,2of3_opponent_rejects,MANUAL
9780373120468__metadata__Temporal_Context / Publication_Period / Contemporary_Publication,9780373120468,Hot Surrender,Metadata,Temporal_Context / Publication_Period / Contemporary_Publication,1,"[""gpt_oss_groq""]","[""qwen_groq"", ""gpt_oss_20b""]","[""Fiction, romance, general"", ""Fiction, Romance, Contemporary"", ""Man-woman relationships, fiction"", ""Romance - General"", ""Romance - Contemporary"", ""Fiction - Romance"", ""Fiction"", ""Romance"", ""Contemporary Romance"", ""Category Romance"", ""Contemporary"", ""Romantic""]","[{""decision"": ""MAINTAIN"", ""evidence_tags"": [""Contemporary"", ""Contemporary Romance"", ""Romance - Contemporary""], ""justification"": ""The tags explicitly include 'Contemporary', indicating a contemporary publication period."", ""model"": ""gpt_oss_groq""}]","[{""decision"": ""REJECT"", ""evidence_tags"": [], ""justification"": ""The tags 'Contemporary' and 'Contemporary Romance' refer to the genre or setting of the fiction, not the publication period of the book itself."", ""model"": ""qwen_groq""}, {""decision"": ""ACCEPT"", ""evidence_tags"": [""Contemporary""], ""justification"": ""The tag 'Contemporary' directly supports a contemporary publication period."", ""model"": ""gpt_oss_20b""}]",REJECT,MAINTAIN,ACCEPT,1of3_opponents_split,MANUAL
9780373120659__genre__Fiction / Romance / General Romance / Romance,9780373120659,Secret Daughter,Genre,Fiction / Romance / General Romance / Romance,2,"[""qwen_groq"", ""gpt_oss_20b""]","[""gpt_oss_groq""]","[""Romance"", ""Fiction - Romance"", ""Romance - Contemporary"", ""Fiction""]","[{""decision"": ""MAINTAIN"", ""evidence_tags"": [""Romance"", ""Fiction - Romance""], ""justification"": ""The filtered tags 'Romance' and 'Fiction - Romance' directly support the disputed genre path."", ""model"": ""qwen_groq""}, {""decision"": ""MAINTAIN"", ""evidence_tags"": [""Fiction - Romance"", ""Romance""], ""justification"": ""The tags directly support Fiction and Romance."", ""model"": ""gpt_oss_20b""}]","[{""decision"": ""REJECT"", ""evidence_tags"": [], ""justification"": ""No filtered tag specifically supports the 'General Romance' subcategory."", ""model"": ""gpt_oss_groq""}]",MAINTAIN,REJECT,MAINTAIN,2of3_opponent_rejects,MANUAL
9780373120659__metadata__Temporal_Context / Publication_Period / Contemporary_Publication,9780373120659,Secret Daughter,Metadata,Temporal_Context / Publication_Period / Contemporary_Publication,1,"[""gpt_oss_20b""]","[""qwen_groq"", ""gpt_oss_groq""]","[""Romance"", ""Fiction - Romance"", ""Romance - Contemporary"", ""Fiction""]","[{""decision"": ""MAINTAIN"", ""evidence_tags"": [""Romance - Contemporary""], ""justification"": ""The tag 'Romance - Contemporary' explicitly indicates a contemporary publication."", ""model"": ""gpt_oss_20b""}]","[{""decision"": ""REJECT"", ""evidence_tags"": [], ""justification"": ""The tag 'Romance - Contemporary' refers to the setting or genre of the story, not the publication period of the book, and no tag explicitly states the book was published in the contemporary era."", ""model"": ""qwen_groq""}, {""decision"": ""ACCEPT"", ""evidence_tags"": [""Romance - Contemporary""], ""justification"": ""The tag 'Romance - Contemporary' directly indicates a contemporary publication period."", ""model"": ""gpt_oss_groq""}]",REJECT,ACCEPT,MAINTAIN,1of3_opponents_split,MANUAL
9780373120673__metadata__Temporal_Context / Publication_Period / Contemporary_Publication,9780373120673,Convenient Bridegroom (Society Weddings),Metadata,Temporal_Context / Publication_Period / Contemporary_Publication,1,"[""gpt_oss_20b""]","[""qwen_groq"", ""gpt_oss_groq""]","[""Fiction, Romance, Contemporary"", ""Fiction, romance, general"", ""Romance - Contemporary"", ""Romance - General"", ""Fiction - Romance"", ""Romance"", ""Contemporary""]","[{""decision"": ""MAINTAIN"", ""evidence_tags"": [""Fiction, Romance, Contemporary"", ""Romance - Contemporary""], ""justification"": ""The tags explicitly include the word \""Contemporary\"", supporting the contemporary publication context."", ""model"": ""gpt_oss_20b""}]","[{""decision"": ""REJECT"", ""evidence_tags"": [], ""justification"": ""The tags indicate the story's setting is contemporary, not the publication period, and no tag explicitly states the book was published in the contemporary era."", ""model"": ""qwen_groq""}, {""decision"": ""ACCEPT"", ""evidence_tags"": [""Contemporary""], ""justification"": ""The tag \""Contemporary\"" explicitly indicates a contemporary publication period."", ""model"": ""gpt_oss_groq""}]",REJECT,ACCEPT,MAINTAIN,1of3_opponents_split,MANUAL
9780373120710__metadata__Temporal_Context / Publication_Period / Contemporary_Publication,9780373120710,"Mistletoe Mistress (Harlequin Presents, No. 2071)",Metadata,Temporal_Context / Publication_Period / Contemporary_Publication,1,"[""gpt_oss_20b""]","[""qwen_groq"", ""gpt_oss_groq""]","[""Fiction, romance, general"", ""Romance - Contemporary"", ""Fiction - Romance"", ""Romance"", ""Contemporary Romance""]","[{""decision"": ""MAINTAIN"", ""evidence_tags"": [""Romance - Contemporary"", ""Contemporary Romance""], ""justification"": ""The tags explicitly state the romance is contemporary."", ""model"": ""gpt_oss_20b""}]","[{""decision"": ""REJECT"", ""evidence_tags"": [], ""justification"": ""The filtered tags indicate the story's setting is contemporary, but do not explicitly state that the book's publication period is contemporary."", ""model"": ""qwen_groq""}, {""decision"": ""ACCEPT"", ""evidence_tags"": [""Romance - Contemporary"", ""Contemporary Romance""], ""justification"": ""The tags explicitly label the romance as contemporary, supporting a contemporary publication period."", ""model"": ""gpt_oss_groq""}]",REJECT,ACCEPT,MAINTAIN,1of3_opponents_split,MANUAL
9780373121885__metadata__Temporal_Context / Publication_Period / Contemporary_Publication,9780373121885,"To Have A Husband (Bachelor Sisters) (Presents, 2188)",Metadata,Temporal_Context / Publication_Period / Contemporary_Publication,1,"[""gpt_oss_groq""]","[""qwen_groq"", ""gpt_oss_20b""]","[""Fiction, Romance, Contemporary"", ""Fiction, romance, general"", ""Romance - Contemporary"", ""Romance - General"", ""Fiction"", ""Fiction - Romance"", ""Romance: Modern"", ""Romance"", ""Contemporary Fiction""]","[{""decision"": ""MAINTAIN"", ""evidence_tags"": [""Fiction, Romance, Contemporary"", ""Romance - Contemporary"", ""Contemporary Fiction""], ""justification"": ""Filtered tags explicitly include the term “Contemporary,” supporting a contemporary publication period."", ""model"": ""gpt_oss_groq""}]","[{""decision"": ""REJECT"", ""evidence_tags"": [], ""justification"": ""The term 'Contemporary' in the filtered tags refers to the genre or setting of the fiction, not the publication period of the book itself."", ""model"": ""qwen_groq""}, {""decision"": ""ACCEPT"", ""evidence_tags"": [""Fiction, Romance, Contemporary"", ""Romance - Contemporary"", ""Contemporary Fiction""], ""justification"": ""The filtered tags explicitly contain the term “Contemporary,” indicating a contemporary publication period."", ""model"": ""gpt_oss_20b""}]",REJECT,MAINTAIN,ACCEPT,1of3_opponents_split,MANUAL
9780373167463__genre__Fiction / Romance / General Romance / Romance,9780373167463,Daddy By Destiny,Genre,Fiction / Romance / General Romance / Romance,2,"[""qwen_groq"", ""gpt_oss_20b""]","[""gpt_oss_groq""]","[""Romance"", ""Fiction"", ""Romance - Contemporary"", ""Contemporary""]","[{""decision"": ""RETRACT"", ""evidence_tags"": [], ""justification"": ""The filtered tags do not contain the specific sub-genre 'General Romance' required to support the disputed path."", ""model"": ""qwen_groq""}, {""decision"": ""MAINTAIN"", ""evidence_tags"": [""Romance"", ""Fiction""], ""justification"": ""Both Fiction and Romance tags directly support the disputed genre path."", ""model"": ""gpt_oss_20b""}]",[],RETRACT,,MAINTAIN,2of3_supporters_split,MANUAL
9780373167463__metadata__Temporal_Context / Publication_Period / Contemporary_Publication,9780373167463,Daddy By Destiny,Metadata,Temporal_Context / Publication_Period / Contemporary_Publication,1,"[""gpt_oss_20b""]","[""qwen_groq"", ""gpt_oss_groq""]","[""Romance"", ""Fiction"", ""Romance - Contemporary"", ""Contemporary""]","[{""decision"": ""MAINTAIN"", ""evidence_tags"": [""Contemporary""], ""justification"": ""The tag 'Contemporary' directly supports the path."", ""model"": ""gpt_oss_20b""}]","[{""decision"": ""REJECT"", ""evidence_tags"": [], ""justification"": ""The tag 'Contemporary' refers to the genre or setting, not explicitly to the publication period or era of the book itself."", ""model"": ""qwen_groq""}, {""decision"": ""ACCEPT"", ""evidence_tags"": [""Contemporary""], ""justification"": ""The tag 'Contemporary' directly matches the contemporary publication path."", ""model"": ""gpt_oss_groq""}]",REJECT,ACCEPT,MAINTAIN,1of3_opponents_split,MANUAL
9780373222506__metadata__Character_and_Representation_Metadata / Protagonist_Profile / Role_Profile / Detective,9780373222506,Haunted,Metadata,Character_and_Representation_Metadata / Protagonist_Profile / Role_Profile / Detective,2,"[""gpt_oss_groq"", ""gpt_oss_20b""]","[""qwen_groq""]","[""Halloween stories"", ""Fiction, mystery & detective, general"", ""Mystery & Detective - General"", ""Fiction"", ""Fiction - Mystery/ Detective"", ""Romance"", ""Contemporary""]","[{""decision"": ""MAINTAIN"", ""evidence_tags"": [""Fiction, mystery & detective, general"", ""Mystery & Detective - General"", ""Fiction - Mystery/ Detective""], ""justification"": ""Filtered tags explicitly include 'detective' indicating a detective role."", ""model"": ""gpt_oss_groq""}, {""decision"": ""MAINTAIN"", ""evidence_tags"": [""Fiction, mystery & detective, general"", ""Fiction - Mystery/ Detective""], ""justification"": ""The tags explicitly mention mystery and detective, indicating the protagonist is a detective."", ""model"": ""gpt_oss_20b""}]","[{""decision"": ""REJECT"", ""evidence_tags"": [], ""justification"": ""The filtered tags classify the book's genre as mystery and detective but do not explicitly state that the protagonist holds the role of a detective."", ""model"": ""qwen_groq""}]",REJECT,MAINTAIN,MAINTAIN,2of3_opponent_rejects,MANUAL
9780373224708__genre__Fiction / Mystery / Detective Mystery,9780373224708,"Missing Hour (Intrigue , No 470)",Genre,Fiction / Mystery / Detective Mystery,2,"[""qwen_groq"", ""gpt_oss_groq""]","[""gpt_oss_20b""]","[""Romance"", ""Fiction - Romance"", ""Romance - Contemporary"", ""Contemporary Fiction"", ""Mystery & Detective - General""]","[{""decision"": ""MAINTAIN"", ""evidence_tags"": [""Mystery & Detective - General""], ""justification"": ""The filtered tag 'Mystery & Detective - General' directly supports the disputed genre path 'Fiction / Mystery / Detective Mystery'."", ""model"": ""qwen_groq""}, {""decision"": ""RETRACT"", ""evidence_tags"": [], ""justification"": ""No filtered tag directly matches the specific Detective Mystery subgenre."", ""model"": ""gpt_oss_groq""}]",[],MAINTAIN,RETRACT,,2of3_supporters_split,MANUAL
9780373224708__genre__Fiction / Romance / General Romance / Romance,9780373224708,"Missing Hour (Intrigue , No 470)",Genre,Fiction / Romance / General Romance / Romance,2,"[""qwen_groq"", ""gpt_oss_20b""]","[""gpt_oss_groq""]","[""Romance"", ""Fiction - Romance"", ""Romance - Contemporary"", ""Contemporary Fiction"", ""Mystery & Detective - General""]","[{""decision"": ""MAINTAIN"", ""evidence_tags"": [""Romance"", ""Fiction - Romance""], ""justification"": ""The filtered tags 'Romance' and 'Fiction - Romance' directly support the disputed genre path."", ""model"": ""qwen_groq""}, {""decision"": ""MAINTAIN"", ""evidence_tags"": [""Romance"", ""Fiction - Romance""], ""justification"": ""The tags directly include Romance and Fiction - Romance, supporting the path."", ""model"": ""gpt_oss_20b""}]","[{""decision"": ""REJECT"", ""evidence_tags"": [], ""justification"": ""No filtered tag directly matches the specific 'General Romance' level of the disputed path."", ""model"": ""gpt_oss_groq""}]",MAINTAIN,REJECT,MAINTAIN,2of3_opponent_rejects,MANUAL
9780373224708__metadata__Temporal_Context / Publication_Period / Contemporary_Publication,9780373224708,"Missing Hour (Intrigue , No 470)",Metadata,Temporal_Context / Publication_Period / Contemporary_Publication,1,"[""gpt_oss_20b""]","[""qwen_groq"", ""gpt_oss_groq""]","[""Romance"", ""Fiction - Romance"", ""Romance - Contemporary"", ""Contemporary Fiction"", ""Mystery & Detective - General""]","[{""decision"": ""MAINTAIN"", ""evidence_tags"": [""Contemporary Fiction""], ""justification"": ""The tag 'Contemporary Fiction' explicitly indicates a contemporary publication period."", ""model"": ""gpt_oss_20b""}]","[{""decision"": ""REJECT"", ""evidence_tags"": [], ""justification"": ""The tag 'Contemporary Fiction' refers to the genre or setting of the story, not the publication period of the book, and no tag explicitly states the publication era."", ""model"": ""qwen_groq""}, {""decision"": ""ACCEPT"", ""evidence_tags"": [""Contemporary Fiction""], ""justification"": ""The tag 'Contemporary Fiction' explicitly denotes a contemporary publication period."", ""model"": ""gpt_oss_groq""}]",REJECT,ACCEPT,MAINTAIN,1of3_opponents_split,MANUAL
9780373224753__genre__Fiction / Romance / General Romance / Romance,9780373224753,Fugitive Father,Genre,Fiction / Romance / General Romance / Romance,1,"[""qwen_groq""]","[""gpt_oss_groq"", ""gpt_oss_20b""]","[""Fiction, suspense"", ""Fiction, thrillers, suspense"", ""Romance"", ""Fiction"", ""Fiction - Romance"", ""Literature & Fiction""]","[{""decision"": ""MAINTAIN"", ""evidence_tags"": [""Romance"", ""Fiction - Romance""], ""justification"": ""The filtered tags explicitly include 'Romance' and 'Fiction - Romance', directly supporting the disputed genre path."", ""model"": ""qwen_groq""}]","[{""decision"": ""REJECT"", ""evidence_tags"": [], ""justification"": ""No filtered tag specifically supports the narrower 'General Romance' level in the disputed path."", ""model"": ""gpt_oss_groq""}, {""decision"": ""ACCEPT"", ""evidence_tags"": [""Romance"", ""Fiction - Romance""], ""justification"": ""The tags 'Romance' and 'Fiction - Romance' directly support the disputed genre path."", ""model"": ""gpt_oss_20b""}]",MAINTAIN,REJECT,ACCEPT,1of3_opponents_split,MANUAL
9780373224753__genre__Fiction / Suspense / Suspense Fiction,9780373224753,Fugitive Father,Genre,Fiction / Suspense / Suspense Fiction,1,"[""gpt_oss_groq""]","[""qwen_groq"", ""gpt_oss_20b""]","[""Fiction, suspense"", ""Fiction, thrillers, suspense"", ""Romance"", ""Fiction"", ""Fiction - Romance"", ""Literature & Fiction""]","[{""decision"": ""MAINTAIN"", ""evidence_tags"": [""Fiction, suspense"", ""Fiction, thrillers, suspense""], ""justification"": ""Filtered tags include explicit references to fiction and suspense."", ""model"": ""gpt_oss_groq""}]","[{""decision"": ""ACCEPT"", ""evidence_tags"": [""Fiction, suspense"", ""Fiction, thrillers, suspense""], ""justification"": ""The filtered tags explicitly list 'Fiction, suspense' and 'Fiction, thrillers, suspense', directly supporting the disputed genre path."", ""model"": ""qwen_groq""}, {""decision"": ""REJECT"", ""evidence_tags"": [], ""justification"": ""No filtered tag explicitly names Suspense Fiction."", ""model"": ""gpt_oss_20b""}]",ACCEPT,MAINTAIN,REJECT,1of3_opponents_split,MANUAL
9780373225231__genre__Fiction / Romance / General Romance / Romance,9780373225231,Her Eyewitness,Genre,Fiction / Romance / General Romance / Romance,2,"[""qwen_groq"", ""gpt_oss_20b""]","[""gpt_oss_groq""]","[""Romance"", ""Fiction - Romance"", ""Romance - Contemporary"", ""Mystery, Thriller & Suspense"", ""Thrillers & Suspense"", ""Crime"", ""Murder""]","[{""decision"": ""MAINTAIN"", ""evidence_tags"": [""Romance"", ""Fiction - Romance""], ""justification"": ""The filtered tags explicitly include 'Romance' and 'Fiction - Romance', directly supporting the disputed genre path."", ""model"": ""qwen_groq""}, {""decision"": ""MAINTAIN"", ""evidence_tags"": [""Romance"", ""Fiction - Romance""], ""justification"": ""The tags 'Romance' and 'Fiction - Romance' directly support the Romance genre path."", ""model"": ""gpt_oss_20b""}]","[{""decision"": ""REJECT"", ""evidence_tags"": [], ""justification"": ""No filtered tag directly matches the narrower 'General Romance' level of the disputed path."", ""model"": ""gpt_oss_groq""}]",MAINTAIN,REJECT,MAINTAIN,2of3_opponent_rejects,MANUAL
9780373242627__genre__Fiction / Literary Fiction / General Literary Fiction / Contemporary Fiction,9780373242627,Most Eligible M D (The Bachelor Bet),Genre,Fiction / Literary Fiction / General Literary Fiction / Contemporary Fiction,1,"[""gpt_oss_20b""]","[""qwen_groq"", ""gpt_oss_groq""]","[""Romance"", ""Romance - Contemporary"", ""Contemporary Fiction""]","[{""decision"": ""MAINTAIN"", ""evidence_tags"": [""Contemporary Fiction""], ""justification"": ""The tag 'Contemporary Fiction' directly supports the disputed genre path."", ""model"": ""gpt_oss_20b""}]","[{""decision"": ""REJECT"", ""evidence_tags"": [], ""justification"": ""The tag 'Contemporary Fiction' does not specifically support the narrower sub-genre 'General Literary Fiction' within the disputed path."", ""model"": ""qwen_groq""}, {""decision"": ""ACCEPT"", ""evidence_tags"": [""Contemporary Fiction""], ""justification"": ""The tag \""Contemporary Fiction\"" directly matches the disputed genre path."", ""model"": ""gpt_oss_groq""}]",REJECT,ACCEPT,MAINTAIN,1of3_opponents_split,MANUAL
9780373242726__genre__Fiction / Romance / General Romance / Romance,9780373242726,Cowboy'S Code,Genre,Fiction / Romance / General Romance / Romance,2,"[""qwen_groq"", ""gpt_oss_20b""]","[""gpt_oss_groq""]","[""Romance"", ""Fiction - Romance"", ""Romance - Contemporary"", ""Literature & Fiction""]","[{""decision"": ""MAINTAIN"", ""evidence_tags"": [""Romance"", ""Fiction - Romance""], ""justification"": ""The filtered tags 'Romance' and 'Fiction - Romance' directly support the disputed genre path."", ""model"": ""qwen_groq""}, {""decision"": ""MAINTAIN"", ""evidence_tags"": [""Romance"", ""Fiction - Romance""], ""justification"": ""The tags include Romance and Fiction - Romance, supporting the disputed path."", ""model"": ""gpt_oss_20b""}]","[{""decision"": ""REJECT"", ""evidence_tags"": [], ""justification"": ""Filtered tags do not specifically include the deeper subcategory required by the disputed path."", ""model"": ""gpt_oss_groq""}]",MAINTAIN,REJECT,MAINTAIN,2of3_opponent_rejects,MANUAL
9780373242726__metadata__Temporal_Context / Publication_Period / Contemporary_Publication,9780373242726,Cowboy'S Code,Metadata,Temporal_Context / Publication_Period / Contemporary_Publication,1,"[""gpt_oss_groq""]","[""qwen_groq"", ""gpt_oss_20b""]","[""Romance"", ""Fiction - Romance"", ""Romance - Contemporary"", ""Literature & Fiction""]","[{""decision"": ""MAINTAIN"", ""evidence_tags"": [""Romance - Contemporary""], ""justification"": ""The tag 'Romance - Contemporary' explicitly indicates a contemporary context."", ""model"": ""gpt_oss_groq""}]","[{""decision"": ""REJECT"", ""evidence_tags"": [], ""justification"": ""The tag 'Romance - Contemporary' refers to the genre's setting or style, not the explicit publication period of the book, which is required for the metadata path."", ""model"": ""qwen_groq""}, {""decision"": ""ACCEPT"", ""evidence_tags"": [""Romance - Contemporary""], ""justification"": ""The tag 'Romance - Contemporary' indicates a contemporary context."", ""model"": ""gpt_oss_20b""}]",REJECT,MAINTAIN,ACCEPT,1of3_opponents_split,MANUAL
9780373243112__metadata__Character_and_Representation_Metadata / Protagonist_Profile / Group_Profile / Family-Centered,9780373243112,Cowboy's Caress (A Ranching Family),Metadata,Character_and_Representation_Metadata / Protagonist_Profile / Group_Profile / Family-Centered,1,"[""gpt_oss_groq""]","[""qwen_groq"", ""gpt_oss_20b""]","[""Fiction, romance, general"", ""Single fathers"", ""Fiction"", ""Romance"", ""Romance - Contemporary"", ""Fiction - Romance"", ""Family Life""]","[{""decision"": ""MAINTAIN"", ""evidence_tags"": [""Family Life"", ""Single fathers""], ""justification"": ""The tags explicitly reference family themes, supporting a family‑centered protagonist profile."", ""model"": ""gpt_oss_groq""}]","[{""decision"": ""REJECT"", ""evidence_tags"": [], ""justification"": ""The filtered tags indicate family themes but do not explicitly state that the protagonist profile is a family-centered group."", ""model"": ""qwen_groq""}, {""decision"": ""ACCEPT"", ""evidence_tags"": [""Family Life""], ""justification"": ""The tag 'Family Life' explicitly indicates a family-centered protagonist."", ""model"": ""gpt_oss_20b""}]",REJECT,MAINTAIN,ACCEPT,1of3_opponents_split,MANUAL
9780373243266__genre__Fiction / Romance / General Romance / Romance,9780373243266,Wild Mustang,Genre,Fiction / Romance / General Romance / Romance,2,"[""qwen_groq"", ""gpt_oss_20b""]","[""gpt_oss_groq""]","[""Romance"", ""Fiction - Romance"", ""Romance - Contemporary"", ""Contemporary Fiction""]","[{""decision"": ""MAINTAIN"", ""evidence_tags"": [""Romance"", ""Fiction - Romance""], ""justification"": ""The filtered tags explicitly include 'Romance' and 'Fiction - Romance', directly supporting the disputed genre path."", ""model"": ""qwen_groq""}, {""decision"": ""MAINTAIN"", ""evidence_tags"": [""Romance"", ""Fiction - Romance""], ""justification"": ""The tags include Romance and Fiction - Romance, directly supporting the path."", ""model"": ""gpt_oss_20b""}]","[{""decision"": ""REJECT"", ""evidence_tags"": [], ""justification"": ""No filtered tag directly matches the full disputed path."", ""model"": ""gpt_oss_groq""}]",MAINTAIN,REJECT,MAINTAIN,2of3_opponent_rejects,MANUAL
9780373252992__genre__Fiction / Romance / General Romance / Romance,9780373252992,T.L.C.,Genre,Fiction / Romance / General Romance / Romance,2,"[""qwen_groq"", ""gpt_oss_groq""]","[""gpt_oss_20b""]","[""Fiction"", ""Romance"", ""Contemporary Romance"", ""Contemporary"", ""Chick Lit"", ""Adult"", ""Women graduate students"", ""Physicians"", ""New york (state), fiction""]","[{""decision"": ""MAINTAIN"", ""evidence_tags"": [""Romance"", ""Contemporary Romance""], ""justification"": ""The filtered tags explicitly include 'Romance' and 'Contemporary Romance', which directly support the disputed genre path."", ""model"": ""qwen_groq""}, {""decision"": ""RETRACT"", ""evidence_tags"": [], ""justification"": ""The filtered tags lack a specific \""General Romance\"" tag required by the disputed path."", ""model"": ""gpt_oss_groq""}]",[],MAINTAIN,RETRACT,,2of3_supporters_split,MANUAL
9780373258352__metadata__Temporal_Context / Publication_Period / Contemporary_Publication,9780373258352,While He Was Sleeping,Metadata,Temporal_Context / Publication_Period / Contemporary_Publication,1,"[""gpt_oss_20b""]","[""qwen_groq"", ""gpt_oss_groq""]","[""Fiction"", ""Contemporary romance"", ""Private investigators"", ""Harlequin Temptation"", ""The Wrong Bed series"", ""Fiction, romance, general"", ""Romance - General"", ""Romance - Contemporary"", ""Fiction - Romance"", ""Romance"", ""Romantic""]","[{""decision"": ""MAINTAIN"", ""evidence_tags"": [""Contemporary romance""], ""justification"": ""The tag 'Contemporary romance' explicitly indicates a contemporary publication period."", ""model"": ""gpt_oss_20b""}]","[{""decision"": ""REJECT"", ""evidence_tags"": [], ""justification"": ""The tag 'Contemporary romance' refers to the genre or setting of the story, not the publication period of the book, and no tag explicitly states the book was published in the contemporary era."", ""model"": ""qwen_groq""}, {""decision"": ""ACCEPT"", ""evidence_tags"": [""Contemporary romance""], ""justification"": ""The tag 'Contemporary romance' directly indicates a contemporary publication period."", ""model"": ""gpt_oss_groq""}]",REJECT,ACCEPT,MAINTAIN,1of3_opponents_split,MANUAL
9780373258499__genre__Fiction / Romance / General Romance / Romance,9780373258499,"The Littlest Stowaway (Bachelors & Babies, Book 2)",Genre,Fiction / Romance / General Romance / Romance,1,"[""qwen_groq""]","[""gpt_oss_groq"", ""gpt_oss_20b""]","[""Fiction"", ""Romance"", ""Contemporary"", ""Abandoned children"", ""Air pilots""]","[{""decision"": ""MAINTAIN"", ""evidence_tags"": [""Fiction"", ""Romance""], ""justification"": ""The filtered tags explicitly include 'Fiction' and 'Romance', which directly support the disputed genre path."", ""model"": ""qwen_groq""}]","[{""decision"": ""REJECT"", ""evidence_tags"": [], ""justification"": ""Filtered tags do not include the specific subgenre required by the disputed path."", ""model"": ""gpt_oss_groq""}, {""decision"": ""ACCEPT"", ""evidence_tags"": [""Fiction"", ""Romance""], ""justification"": ""The filtered tags include both Fiction and Romance, matching the disputed path."", ""model"": ""gpt_oss_20b""}]",MAINTAIN,REJECT,ACCEPT,1of3_opponents_split,MANUAL
9780373270347__genre__Fiction / Horror / Gothic Horror / Gothic Fiction,9780373270347,Sharing the Darkness,Genre,Fiction / Horror / Gothic Horror / Gothic Fiction,2,"[""qwen_groq"", ""gpt_oss_groq""]","[""gpt_oss_20b""]","[""Fiction"", ""Paranormal romance"", ""Gothic"", ""telekinesis"", ""clairvoyance"", ""telepathy"", ""single mother"", ""Parapsychology"", ""Romance"", ""Paranormal"", ""Horror"", ""Ghosts""]","[{""decision"": ""RETRACT"", ""evidence_tags"": [""Gothic"", ""Horror""], ""justification"": ""The filtered tags include 'Gothic' and 'Horror' but lack the specific 'Gothic Horror' or 'Gothic Fiction' designation required to support the full disputed path, and the presence of 'Paranormal romance' and 'Romance' suggests a different primary genre focus."", ""model"": ""qwen_groq""}, {""decision"": ""MAINTAIN"", ""evidence_tags"": [""Fiction"", ""Horror"", ""Gothic""], ""justification"": ""The tags directly include Fiction, Horror, and Gothic, supporting the disputed genre path."", ""model"": ""gpt_oss_groq""}]",[],RETRACT,MAINTAIN,,2of3_supporters_split,MANUAL
9780373286232__metadata__Temporal_Context / Historical_Period,9780373286232,Dandelion,Metadata,Temporal_Context / Historical_Period,1,"[""gpt_oss_20b""]","[""qwen_groq"", ""gpt_oss_groq""]","[""Fiction"", ""Romance"", ""Historical""]","[{""decision"": ""MAINTAIN"", ""evidence_tags"": [""Historical""], ""justification"": ""The tag 'Historical' directly indicates a historical period."", ""model"": ""gpt_oss_20b""}]","[{""decision"": ""REJECT"", ""evidence_tags"": [], ""justification"": ""The tag 'Historical' indicates a genre or style but does not explicitly specify a particular historical period as required by the metadata path."", ""model"": ""qwen_groq""}, {""decision"": ""ACCEPT"", ""evidence_tags"": [""Historical""], ""justification"": ""The tag 'Historical' explicitly denotes a historical period."", ""model"": ""gpt_oss_groq""}]",REJECT,ACCEPT,MAINTAIN,1of3_opponents_split,MANUAL
9780373289097__metadata__Temporal_Context / Historical_Period,9780373289097,Warrior's Deception,Metadata,Temporal_Context / Historical_Period,2,"[""qwen_groq"", ""gpt_oss_20b""]","[""gpt_oss_groq""]","[""Fiction - Romance"", ""Romance"", ""Historical Romance"", ""Romance - Historical"", ""Harlequin Historical"", ""Fiction""]","[{""decision"": ""RETRACT"", ""evidence_tags"": [], ""justification"": ""The filtered tags indicate the genre is historical romance but do not provide explicit wording identifying a specific historical period or temporal context."", ""model"": ""qwen_groq""}, {""decision"": ""MAINTAIN"", ""evidence_tags"": [""Historical Romance"", ""Romance - Historical"", ""Harlequin Historical""], ""justification"": ""The tags explicitly indicate a historical period."", ""model"": ""gpt_oss_20b""}]",[],RETRACT,,MAINTAIN,2of3_supporters_split,MANUAL
9780373289226__genre__Fiction / Romance / General Romance,9780373289226,Velvet Touch,Genre,Fiction / Romance / General Romance,1,"[""gpt_oss_groq""]","[""qwen_groq"", ""gpt_oss_20b""]","[""Fiction, general"", ""Fiction"", ""Fiction - Romance"", ""Romance - Historical"", ""Historical Romance"", ""Romance"", ""Historical"", ""Literature & Fiction"", ""Genre Fiction"", ""Romance: Regency"", ""Romance - General""]","[{""decision"": ""MAINTAIN"", ""evidence_tags"": [""Fiction"", ""Fiction - Romance"", ""Romance - General""], ""justification"": ""The tags include Fiction, Fiction - Romance, and Romance - General, directly matching the disputed path."", ""model"": ""gpt_oss_groq""}]","[{""decision"": ""ACCEPT"", ""evidence_tags"": [""Romance - General""], ""justification"": ""The tag 'Romance - General' directly corresponds to the disputed path 'Fiction / Romance / General Romance'."", ""model"": ""qwen_groq""}, {""decision"": ""REJECT"", ""evidence_tags"": [], ""justification"": ""No tag explicitly matches the full path Fiction / Romance / General Romance."", ""model"": ""gpt_oss_20b""}]",ACCEPT,MAINTAIN,REJECT,1of3_opponents_split,MANUAL
9780373290499__genre__Fiction / Romance / General Romance / Romance,9780373290499,The Highlander's Maiden,Genre,Fiction / Romance / General Romance / Romance,2,"[""qwen_groq"", ""gpt_oss_groq""]","[""gpt_oss_20b""]","[""Historical fiction"", ""Love stories"", ""Fiction, romance, general"", ""Romance: historical"", ""Fiction"", ""Fiction - Romance"", ""Romance"", ""Historical Romance"", ""Scottish"", ""Highlanders""]","[{""decision"": ""MAINTAIN"", ""evidence_tags"": [""Fiction, romance, general"", ""Romance""], ""justification"": ""The filtered tag 'Fiction, romance, general' directly corresponds to the disputed genre path 'Fiction / Romance / General Romance / Romance'."", ""model"": ""qwen_groq""}, {""decision"": ""RETRACT"", ""evidence_tags"": [], ""justification"": ""No filtered tag exactly matches the full disputed hierarchy."", ""model"": ""gpt_oss_groq""}]",[],MAINTAIN,RETRACT,,2of3_supporters_split,MANUAL
9780373290499__metadata__Temporal_Context / Historical_Period,9780373290499,The Highlander's Maiden,Metadata,Temporal_Context / Historical_Period,2,"[""qwen_groq"", ""gpt_oss_20b""]","[""gpt_oss_groq""]","[""Historical fiction"", ""Love stories"", ""Fiction, romance, general"", ""Romance: historical"", ""Fiction"", ""Fiction - Romance"", ""Romance"", ""Historical Romance"", ""Scottish"", ""Highlanders""]","[{""decision"": ""RETRACT"", ""evidence_tags"": [], ""justification"": ""The filtered tags indicate the genre is historical romance but do not explicitly specify a particular historical period or era."", ""model"": ""qwen_groq""}, {""decision"": ""MAINTAIN"", ""evidence_tags"": [""Historical fiction"", ""Romance: historical"", ""Historical Romance""], ""justification"": ""The tags explicitly indicate a historical setting."", ""model"": ""gpt_oss_20b""}]",[],RETRACT,,MAINTAIN,2of3_supporters_split,MANUAL
9780373510412__genre__Fiction / Crime Fiction / General Crime Fiction / Murder Fiction,9780373510412,Risky Business,Genre,Fiction / Crime Fiction / General Crime Fiction / Murder Fiction,2,"[""gpt_oss_groq"", ""gpt_oss_20b""]","[""qwen_groq""]","[""Fiction"", ""Love stories, American"", ""Contemporary Fiction"", ""Romance Fiction"", ""Fiction, general"", ""Romance"", ""Contemporary Romance"", ""Contemporary"", ""Businesswomen"", ""Man-woman relationships"", ""Murder"", ""Investigation"", ""Attempted murder"", ""1980s""]","[{""decision"": ""MAINTAIN"", ""evidence_tags"": [""Fiction"", ""Murder"", ""Investigation"", ""Attempted murder""], ""justification"": ""The tags include Fiction and multiple murder‑related tags, directly supporting a murder crime fiction classification."", ""model"": ""gpt_oss_groq""}, {""decision"": ""MAINTAIN"", ""evidence_tags"": [""Murder""], ""justification"": ""The tag \""Murder\"" directly supports the Murder Fiction subgenre."", ""model"": ""gpt_oss_20b""}]","[{""decision"": ""REJECT"", ""evidence_tags"": [""Romance"", ""Contemporary Romance"", ""Murder""], ""justification"": ""The presence of strong Romance tags indicates the book is a Romance novel with crime elements, rather than a General Crime Fiction work where murder is the primary genre focus."", ""model"": ""qwen_groq""}]",REJECT,MAINTAIN,MAINTAIN,2of3_opponent_rejects,MANUAL
9780373625369__metadata__Thematic_Metadata / Knowledge_and_Idea_Themes / Science_and_Technology,9780373625369,Skydark,Metadata,Thematic_Metadata / Knowledge_and_Idea_Themes / Science_and_Technology,2,"[""gpt_oss_groq"", ""gpt_oss_20b""]","[""qwen_groq""]","[""Fiction"", ""Science fiction"", ""Post Apocalyptic"", ""Adventure"", ""Action"", ""Survivalism"", ""Literature & Fiction""]","[{""decision"": ""MAINTAIN"", ""evidence_tags"": [""Science fiction""], ""justification"": ""The tag \""Science fiction\"" directly indicates a focus on science and technology."", ""model"": ""gpt_oss_groq""}, {""decision"": ""RETRACT"", ""evidence_tags"": [], ""justification"": ""No filtered tag explicitly mentions Science_and_Technology."", ""model"": ""gpt_oss_20b""}]",[],,MAINTAIN,RETRACT,2of3_supporters_split,MANUAL
9780373632220__metadata__Temporal_Context / Publication_Period / Contemporary_Publication,9780373632220,Feast Or Famine,Metadata,Temporal_Context / Publication_Period / Contemporary_Publication,1,"[""gpt_oss_groq""]","[""qwen_groq"", ""gpt_oss_20b""]","[""Martial Arts"", ""Contemporary""]","[{""decision"": ""MAINTAIN"", ""evidence_tags"": [""Contemporary""], ""justification"": ""The tag \""Contemporary\"" directly supports the contemporary publication period."", ""model"": ""gpt_oss_groq""}]","[{""decision"": ""REJECT"", ""evidence_tags"": [], ""justification"": ""The tag 'Contemporary' describes the setting or genre, not the publication period, and no tag explicitly states the book was published in the contemporary era."", ""model"": ""qwen_groq""}, {""decision"": ""ACCEPT"", ""evidence_tags"": [""Contemporary""], ""justification"": ""The tag \""Contemporary\"" directly supports the contemporary publication period."", ""model"": ""gpt_oss_20b""}]",REJECT,MAINTAIN,ACCEPT,1of3_opponents_split,MANUAL
9780373705412__metadata__Temporal_Context / Publication_Period / Contemporary_Publication,9780373705412,Cradle of Dreams,Metadata,Temporal_Context / Publication_Period / Contemporary_Publication,1,"[""gpt_oss_20b""]","[""qwen_groq"", ""gpt_oss_groq""]","[""Fiction"", ""Romance"", ""Contemporary""]","[{""decision"": ""MAINTAIN"", ""evidence_tags"": [""Contemporary""], ""justification"": ""The tag \""Contemporary\"" directly supports the publication period."", ""model"": ""gpt_oss_20b""}]","[{""decision"": ""REJECT"", ""evidence_tags"": [], ""justification"": ""The tag 'Contemporary' refers to the genre or setting, not explicitly to the publication period, and no tag explicitly states the book was published in the contemporary era."", ""model"": ""qwen_groq""}, {""decision"": ""ACCEPT"", ""evidence_tags"": [""Contemporary""], ""justification"": ""The tag \""Contemporary\"" directly matches the contemporary publication period."", ""model"": ""gpt_oss_groq""}]",REJECT,ACCEPT,MAINTAIN,1of3_opponents_split,MANUAL
9780373709823__metadata__Temporal_Context / Publication_Period / Contemporary_Publication,9780373709823,Rodeo!,Metadata,Temporal_Context / Publication_Period / Contemporary_Publication,2,"[""gpt_oss_groq"", ""gpt_oss_20b""]","[""qwen_groq""]","[""Rodeos"", ""Romance"", ""Cowboys"", ""Rodeo performers"", ""Fiction"", ""Contemporary""]","[{""decision"": ""MAINTAIN"", ""evidence_tags"": [""Contemporary""], ""justification"": ""The tag 'Contemporary' directly indicates a contemporary publication period."", ""model"": ""gpt_oss_groq""}, {""decision"": ""MAINTAIN"", ""evidence_tags"": [""Contemporary""], ""justification"": ""The tag \""Contemporary\"" directly supports the contemporary publication period."", ""model"": ""gpt_oss_20b""}]","[{""decision"": ""REJECT"", ""evidence_tags"": [], ""justification"": ""The tag 'Contemporary' typically refers to the setting or genre of the fiction rather than explicitly stating the publication period, and no tag explicitly confirms the book was published in the contemporary era."", ""model"": ""qwen_groq""}]",REJECT,MAINTAIN,MAINTAIN,2of3_opponent_rejects,MANUAL
9780373762491__metadata__Temporal_Context / Publication_Period / Contemporary_Publication,9780373762491,Heart Of Texas (Man Of The Month/Man Of The Month Anniversary),Metadata,Temporal_Context / Publication_Period / Contemporary_Publication,2,"[""gpt_oss_groq"", ""gpt_oss_20b""]","[""qwen_groq""]","[""Fiction, romance, general"", ""Romance"", ""Contemporary""]","[{""decision"": ""MAINTAIN"", ""evidence_tags"": [""Contemporary""], ""justification"": ""The tag \""Contemporary\"" directly indicates a contemporary publication period."", ""model"": ""gpt_oss_groq""}, {""decision"": ""MAINTAIN"", ""evidence_tags"": [""Contemporary""], ""justification"": ""The tag \""Contemporary\"" directly supports the publication period as contemporary."", ""model"": ""gpt_oss_20b""}]","[{""decision"": ""REJECT"", ""evidence_tags"": [], ""justification"": ""The tag 'Contemporary' typically denotes the setting or genre of the fiction rather than the explicit publication period metadata required by the path."", ""model"": ""qwen_groq""}]",REJECT,MAINTAIN,MAINTAIN,2of3_opponent_rejects,MANUAL
9780373763146__metadata__Temporal_Context / Publication_Period / Contemporary_Publication,9780373763146,One Snowbound Weekend...,Metadata,Temporal_Context / Publication_Period / Contemporary_Publication,1,"[""gpt_oss_20b""]","[""qwen_groq"", ""gpt_oss_groq""]","[""Romance"", ""Second Chance"", ""Contemporary"", ""Romantic""]","[{""decision"": ""MAINTAIN"", ""evidence_tags"": [""Contemporary""], ""justification"": ""The tag \""Contemporary\"" directly supports the publication period."", ""model"": ""gpt_oss_20b""}]","[{""decision"": ""REJECT"", ""evidence_tags"": [], ""justification"": ""The tag 'Contemporary' refers to the genre or setting, not explicitly to the publication period, and no tag explicitly states the book was published in the contemporary era."", ""model"": ""qwen_groq""}, {""decision"": ""ACCEPT"", ""evidence_tags"": [""Contemporary""], ""justification"": ""The tag \""Contemporary\"" directly indicates a contemporary publication period."", ""model"": ""gpt_oss_groq""}]",REJECT,ACCEPT,MAINTAIN,1of3_opponents_split,MANUAL
9780373763221__metadata__Temporal_Context / Publication_Period / Contemporary_Publication,9780373763221,Rancher'S Proposition,Metadata,Temporal_Context / Publication_Period / Contemporary_Publication,1,"[""gpt_oss_groq""]","[""qwen_groq"", ""gpt_oss_20b""]","[""Romance"", ""Contemporary""]","[{""decision"": ""MAINTAIN"", ""evidence_tags"": [""Contemporary""], ""justification"": ""The tag \""Contemporary\"" directly supports a contemporary publication period."", ""model"": ""gpt_oss_groq""}]","[{""decision"": ""REJECT"", ""evidence_tags"": [], ""justification"": ""The tag 'Contemporary' typically denotes the setting or genre of the narrative rather than the explicit publication period metadata required by the path."", ""model"": ""qwen_groq""}, {""decision"": ""ACCEPT"", ""evidence_tags"": [""Contemporary""], ""justification"": ""The tag 'Contemporary' directly indicates a contemporary publication period."", ""model"": ""gpt_oss_20b""}]",REJECT,MAINTAIN,ACCEPT,1of3_opponents_split,MANUAL
9780374183899__genre__Fiction / Literary Fiction / Family and Relationship Fiction / Friendship Fiction,9780374183899,Last lovers,Genre,Fiction / Literary Fiction / Family and Relationship Fiction / Friendship Fiction,1,"[""qwen_groq""]","[""gpt_oss_groq"", ""gpt_oss_20b""]","[""Fiction"", ""Blind women"", ""Painters"", ""Friendship"", ""Americans"", ""France, fiction"", ""Paris (france), fiction"", ""Fiction, general"", ""Americans -- France -- Fiction."", ""Blind women -- Fiction."", ""Friendship -- Fiction."", ""Painters -- Fiction."", ""Paris (France) -- Fiction."", ""Romance"", ""Contemporary"", ""Novels"", ""Literature & Fiction""]","[{""decision"": ""MAINTAIN"", ""evidence_tags"": [""Fiction"", ""Friendship -- Fiction.""], ""justification"": ""The filtered tags explicitly include 'Fiction' and 'Friendship -- Fiction', which directly support the disputed genre path."", ""model"": ""qwen_groq""}]","[{""decision"": ""ACCEPT"", ""evidence_tags"": [""Friendship -- Fiction.""], ""justification"": ""The tag 'Friendship -- Fiction.' directly supports the disputed Friendship Fiction subgenre."", ""model"": ""gpt_oss_groq""}, {""decision"": ""REJECT"", ""evidence_tags"": [], ""justification"": ""Only 'Fiction' and 'Friendship -- Fiction' are present, which do not cover the narrower subgenres."", ""model"": ""gpt_oss_20b""}]",MAINTAIN,ACCEPT,REJECT,1of3_opponents_split,MANUAL
9780374183899__genre__Fiction / Literary Fiction / General Literary Fiction / Contemporary Fiction,9780374183899,Last lovers,Genre,Fiction / Literary Fiction / General Literary Fiction / Contemporary Fiction,2,"[""qwen_groq"", ""gpt_oss_groq""]","[""gpt_oss_20b""]","[""Fiction"", ""Blind women"", ""Painters"", ""Friendship"", ""Americans"", ""France, fiction"", ""Paris (france), fiction"", ""Fiction, general"", ""Americans -- France -- Fiction."", ""Blind women -- Fiction."", ""Friendship -- Fiction."", ""Painters -- Fiction."", ""Paris (France) -- Fiction."", ""Romance"", ""Contemporary"", ""Novels"", ""Literature & Fiction""]","[{""decision"": ""RETRACT"", ""evidence_tags"": [], ""justification"": ""The filtered tags do not contain specific evidence for 'Literary Fiction' or 'General Literary Fiction', only broader categories like 'Fiction' and 'Novels'."", ""model"": ""qwen_groq""}, {""decision"": ""MAINTAIN"", ""evidence_tags"": [""Fiction"", ""Fiction, general"", ""Contemporary""], ""justification"": ""The tags directly include Fiction, general Fiction, and Contemporary, matching the disputed path."", ""model"": ""gpt_oss_groq""}]",[],RETRACT,MAINTAIN,,2of3_supporters_split,MANUAL
9780374183899__genre__Fiction / Romance / General Romance / Romance,9780374183899,Last lovers,Genre,Fiction / Romance / General Romance / Romance,2,"[""qwen_groq"", ""gpt_oss_20b""]","[""gpt_oss_groq""]","[""Fiction"", ""Blind women"", ""Painters"", ""Friendship"", ""Americans"", ""France, fiction"", ""Paris (france), fiction"", ""Fiction, general"", ""Americans -- France -- Fiction."", ""Blind women -- Fiction."", ""Friendship -- Fiction."", ""Painters -- Fiction."", ""Paris (France) -- Fiction."", ""Romance"", ""Contemporary"", ""Novels"", ""Literature & Fiction""]","[{""decision"": ""MAINTAIN"", ""evidence_tags"": [""Romance"", ""Fiction""], ""justification"": ""The filtered tags explicitly include 'Romance' and 'Fiction', directly supporting the disputed genre path."", ""model"": ""qwen_groq""}, {""decision"": ""RETRACT"", ""evidence_tags"": [], ""justification"": ""The filtered tags do not include a specific 'General Romance' tag to support the full genre path."", ""model"": ""gpt_oss_20b""}]",[],MAINTAIN,,RETRACT,2of3_supporters_split,MANUAL
9780374311902__metadata__Character_and_Representation_Metadata / Protagonist_Profile / Group_Profile / Family-Centered,9780374311902,Cat and mouse in the night,Metadata,Character_and_Representation_Metadata / Protagonist_Profile / Group_Profile / Family-Centered,1,"[""gpt_oss_20b""]","[""qwen_groq"", ""gpt_oss_groq""]","[""Fiction"", ""Mice"", ""Cats"", ""Night"", ""Children's fiction"", ""Picture Books"", ""Children's Books"", ""Growing Up & Facts of Life"", ""Family Life"", ""Sleep""]","[{""decision"": ""MAINTAIN"", ""evidence_tags"": [""Family Life""], ""justification"": ""The tag \""Family Life\"" directly supports a family-centered protagonist profile."", ""model"": ""gpt_oss_20b""}]","[{""decision"": ""REJECT"", ""evidence_tags"": [], ""justification"": ""The tag 'Family Life' indicates a thematic subject but does not explicitly confirm that the protagonist is a family group, which is required for the 'Family-Centered' profile path."", ""model"": ""qwen_groq""}, {""decision"": ""ACCEPT"", ""evidence_tags"": [""Family Life""], ""justification"": ""The tag \""Family Life\"" explicitly supports a family‑centered protagonist profile."", ""model"": ""gpt_oss_groq""}]",REJECT,ACCEPT,MAINTAIN,1of3_opponents_split,MANUAL
9780374424442__metadata__Character_and_Representation_Metadata / Protagonist_Profile / Age_Profile / Teen Protagonist,9780374424442,For the life of Laetitia,Metadata,Character_and_Representation_Metadata / Protagonist_Profile / Age_Profile / Teen Protagonist,2,"[""gpt_oss_groq"", ""gpt_oss_20b""]","[""qwen_groq""]","[""Children's fiction"", ""Schools, fiction"", ""Family life, fiction"", ""Caribbean area, fiction"", ""Coming Of Age"", ""Teen"", ""Fiction""]","[{""decision"": ""MAINTAIN"", ""evidence_tags"": [""Teen""], ""justification"": ""The tag \""Teen\"" directly indicates a teen protagonist."", ""model"": ""gpt_oss_groq""}, {""decision"": ""MAINTAIN"", ""evidence_tags"": [""Teen""], ""justification"": ""The tag \""Teen\"" directly supports the Teen Protagonist metadata."", ""model"": ""gpt_oss_20b""}]","[{""decision"": ""REJECT"", ""evidence_tags"": [], ""justification"": ""The tag 'Teen' indicates the target audience or general theme but does not explicitly state that the protagonist is a teen, which is required for the specific metadata path."", ""model"": ""qwen_groq""}]",REJECT,MAINTAIN,MAINTAIN,2of3_opponent_rejects,MANUAL
9780374519049__metadata__Temporal_Context / Historical_Period,9780374519049,Cassandra,Metadata,Temporal_Context / Historical_Period,1,"[""gpt_oss_20b""]","[""qwen_groq"", ""gpt_oss_groq""]","[""Cassandra (Legendary character)"", ""Fiction"", ""Trojan War"", ""Mythology"", ""Historical Fiction"", ""Classics"", ""Greek Mythology"", ""Retellings"", ""Literature & Fiction"", ""Regional & Cultural"", ""European""]","[{""decision"": ""MAINTAIN"", ""evidence_tags"": [""Trojan War"", ""Historical Fiction""], ""justification"": ""The tags explicitly reference the Trojan War and Historical Fiction, indicating a historical period."", ""model"": ""gpt_oss_20b""}]","[{""decision"": ""REJECT"", ""evidence_tags"": [], ""justification"": ""The filtered tags do not explicitly state a specific historical period, and 'Historical Fiction' is a genre classification rather than an explicit temporal context."", ""model"": ""qwen_groq""}, {""decision"": ""ACCEPT"", ""evidence_tags"": [""Trojan War"", ""Historical Fiction""], ""justification"": ""The tags explicitly reference the Trojan War and Historical Fiction, indicating a historical period."", ""model"": ""gpt_oss_groq""}]",REJECT,ACCEPT,MAINTAIN,1of3_opponents_split,MANUAL
9780380699117__genre__Nonfiction / Humor Nonfiction / Humor,9780380699117,"Bubble, Bubble, Toil and Trouble",Genre,Nonfiction / Humor Nonfiction / Humor,1,"[""gpt_oss_20b""]","[""qwen_groq"", ""gpt_oss_groq""]","[""Family"", ""Families"", ""Mothers"", ""Humor"", ""Wit and humor"", ""Essays"", ""Humor & Entertainment""]","[{""decision"": ""MAINTAIN"", ""evidence_tags"": [""Humor"", ""Essays""], ""justification"": ""Essays and Humor tags directly support a nonfiction humor classification."", ""model"": ""gpt_oss_20b""}]","[{""decision"": ""REJECT"", ""evidence_tags"": [""Humor""], ""justification"": ""The filtered tags support the 'Humor' genre but do not contain evidence for the 'Nonfiction' classification required for the specific path 'Nonfiction / Humor'."", ""model"": ""qwen_groq""}, {""decision"": ""ACCEPT"", ""evidence_tags"": [""Humor"", ""Essays""], ""justification"": ""The tags Humor and Essays directly indicate a nonfiction humor classification."", ""model"": ""gpt_oss_groq""}]",REJECT,ACCEPT,MAINTAIN,1of3_opponents_split,MANUAL
9780380699117__metadata__Audience / Age_Group / All_Ages / Family Audience,9780380699117,"Bubble, Bubble, Toil and Trouble",Metadata,Audience / Age_Group / All_Ages / Family Audience,2,"[""gpt_oss_groq"", ""gpt_oss_20b""]","[""qwen_groq""]","[""Family"", ""Families"", ""Mothers"", ""Humor"", ""Wit and humor"", ""Essays"", ""Humor & Entertainment""]","[{""decision"": ""MAINTAIN"", ""evidence_tags"": [""Family"", ""Families"", ""Mothers""], ""justification"": ""The tags explicitly reference family-related audiences."", ""model"": ""gpt_oss_groq""}, {""decision"": ""RETRACT"", ""evidence_tags"": [], ""justification"": ""No tag explicitly states a family audience."", ""model"": ""gpt_oss_20b""}]",[],,MAINTAIN,RETRACT,2of3_supporters_split,MANUAL
9780380699117__metadata__Character_and_Representation_Metadata / Protagonist_Profile / Group_Profile / Family-Centered,9780380699117,"Bubble, Bubble, Toil and Trouble",Metadata,Character_and_Representation_Metadata / Protagonist_Profile / Group_Profile / Family-Centered,2,"[""gpt_oss_groq"", ""gpt_oss_20b""]","[""qwen_groq""]","[""Family"", ""Families"", ""Mothers"", ""Humor"", ""Wit and humor"", ""Essays"", ""Humor & Entertainment""]","[{""decision"": ""MAINTAIN"", ""evidence_tags"": [""Family"", ""Families"", ""Mothers""], ""justification"": ""The tags explicitly reference family and mothers, supporting a family‑centered protagonist profile."", ""model"": ""gpt_oss_groq""}, {""decision"": ""MAINTAIN"", ""evidence_tags"": [""Family"", ""Families""], ""justification"": ""The tags explicitly include 'Family' and 'Families', supporting a family-centered group profile."", ""model"": ""gpt_oss_20b""}]","[{""decision"": ""REJECT"", ""evidence_tags"": [], ""justification"": ""The filtered tags indicate a thematic focus on family and humor but do not explicitly identify a 'Protagonist' or a specific 'Group Profile' that is 'Family-Centered' as a character representation."", ""model"": ""qwen_groq""}]",REJECT,MAINTAIN,MAINTAIN,2of3_opponent_rejects,MANUAL
9780380704972__metadata__Character_and_Representation_Metadata / Protagonist_Profile / Role_Profile / Detective,9780380704972,Josie Gambit,Metadata,Character_and_Representation_Metadata / Protagonist_Profile / Role_Profile / Detective,1,"[""gpt_oss_20b""]","[""qwen_groq"", ""gpt_oss_groq""]","[""Children's fiction"", ""Mystery and detective stories"", ""Fiction""]","[{""decision"": ""MAINTAIN"", ""evidence_tags"": [""Mystery and detective stories""], ""justification"": ""The tag 'Mystery and detective stories' explicitly indicates a detective role."", ""model"": ""gpt_oss_20b""}]","[{""decision"": ""REJECT"", ""evidence_tags"": [], ""justification"": ""The tag 'Mystery and detective stories' indicates the genre of the book, not the specific role of the protagonist, and no filtered tag explicitly states the protagonist is a detective."", ""model"": ""qwen_groq""}, {""decision"": ""ACCEPT"", ""evidence_tags"": [""Mystery and detective stories""], ""justification"": ""The tag 'Mystery and detective stories' directly indicates a detective role."", ""model"": ""gpt_oss_groq""}]",REJECT,ACCEPT,MAINTAIN,1of3_opponents_split,MANUAL
9780380707300__genre__Fiction / Mystery / Detective Mystery,9780380707300,Desert Stake-Out,Genre,Fiction / Mystery / Detective Mystery,2,"[""qwen_groq"", ""gpt_oss_groq""]","[""gpt_oss_20b""]","[""Fiction, mystery & detective, general"", ""Westerns"", ""Genre Fiction""]","[{""decision"": ""MAINTAIN"", ""evidence_tags"": [""Fiction, mystery & detective, general""], ""justification"": ""The filtered tag 'Fiction, mystery & detective, general' directly supports the disputed genre path 'Fiction / Mystery / Detective Mystery'."", ""model"": ""qwen_groq""}, {""decision"": ""MAINTAIN"", ""evidence_tags"": [""Fiction, mystery & detective, general""], ""justification"": ""The tag explicitly lists mystery and detective, matching the disputed genre path."", ""model"": ""gpt_oss_groq""}]","[{""decision"": ""REJECT"", ""evidence_tags"": [], ""justification"": ""The only relevant tag is a general mystery & detective tag, which does not specifically support the narrower detective mystery subgenre."", ""model"": ""gpt_oss_20b""}]",MAINTAIN,MAINTAIN,REJECT,2of3_opponent_rejects,MANUAL
9780380707300__metadata__Character_and_Representation_Metadata / Protagonist_Profile / Role_Profile / Detective,9780380707300,Desert Stake-Out,Metadata,Character_and_Representation_Metadata / Protagonist_Profile / Role_Profile / Detective,2,"[""gpt_oss_groq"", ""gpt_oss_20b""]","[""qwen_groq""]","[""Fiction, mystery & detective, general"", ""Westerns"", ""Genre Fiction""]","[{""decision"": ""MAINTAIN"", ""evidence_tags"": [""Fiction, mystery & detective, general""], ""justification"": ""The tag explicitly includes 'detective', supporting the detective role."", ""model"": ""gpt_oss_groq""}, {""decision"": ""MAINTAIN"", ""evidence_tags"": [""Fiction, mystery & detective, general""], ""justification"": ""The tag explicitly includes detective, supporting the role profile."", ""model"": ""gpt_oss_20b""}]","[{""decision"": ""REJECT"", ""evidence_tags"": [], ""justification"": ""The filtered tags indicate the book's genre is mystery and detective fiction, but they do not explicitly state that a specific character profile is a detective."", ""model"": ""qwen_groq""}]",REJECT,MAINTAIN,MAINTAIN,2of3_opponent_rejects,MANUAL
9780380707652__metadata__Character_and_Representation_Metadata / Protagonist_Profile / Role_Profile / Detective,9780380707652,Prisoner of Pineapple Place,Metadata,Character_and_Representation_Metadata / Protagonist_Profile / Role_Profile / Detective,1,"[""gpt_oss_20b""]","[""qwen_groq"", ""gpt_oss_groq""]","[""Children's fiction"", ""Mystery and detective stories"", ""Childrens""]","[{""decision"": ""MAINTAIN"", ""evidence_tags"": [""Mystery and detective stories""], ""justification"": ""The tag explicitly indicates detective stories."", ""model"": ""gpt_oss_20b""}]","[{""decision"": ""REJECT"", ""evidence_tags"": [], ""justification"": ""The filtered tags indicate the genre is 'Mystery and detective stories' but do not explicitly state that the protagonist's role is a 'Detective'."", ""model"": ""qwen_groq""}, {""decision"": ""ACCEPT"", ""evidence_tags"": [""Mystery and detective stories""], ""justification"": ""The tag explicitly references detective stories."", ""model"": ""gpt_oss_groq""}]",REJECT,ACCEPT,MAINTAIN,1of3_opponents_split,MANUAL
9780380709229__genre__Fiction / Romance / General Romance / Romance,9780380709229,The Luckiest Girl,Genre,Fiction / Romance / General Romance / Romance,2,"[""qwen_groq"", ""gpt_oss_20b""]","[""gpt_oss_groq""]","[""Fiction"", ""Teenage girls"", ""Love, fiction"", ""Teenagers"", ""Young Adult"", ""Romance"", ""Realistic Fiction"", ""California, fiction"", ""Girls, fiction""]","[{""decision"": ""MAINTAIN"", ""evidence_tags"": [""Romance"", ""Fiction""], ""justification"": ""The filtered tags explicitly include 'Romance' and 'Fiction', directly supporting the disputed genre path."", ""model"": ""qwen_groq""}, {""decision"": ""RETRACT"", ""evidence_tags"": [""Fiction"", ""Romance""], ""justification"": ""The tags only confirm Fiction and Romance, not the narrower General Romance level."", ""model"": ""gpt_oss_20b""}]",[],MAINTAIN,,RETRACT,2of3_supporters_split,MANUAL
9780380725021__genre__Fiction / Mystery / Detective Mystery,9780380725021,Their Kind of Town (A Chicago Mystery),Genre,Fiction / Mystery / Detective Mystery,1,"[""qwen_groq""]","[""gpt_oss_groq"", ""gpt_oss_20b""]","[""Women journalists"", ""Fiction"", ""Police"", ""Fiction, mystery & detective, general"", ""Illinois, fiction"", ""Chicago (ill.), fiction""]","[{""decision"": ""MAINTAIN"", ""evidence_tags"": [""Fiction, mystery & detective, general""], ""justification"": ""The tag 'Fiction, mystery & detective, general' directly supports the genre path Fiction / Mystery / Detective Mystery."", ""model"": ""qwen_groq""}]","[{""decision"": ""ACCEPT"", ""evidence_tags"": [""Fiction, mystery & detective, general""], ""justification"": ""The tag explicitly includes mystery and detective, directly supporting the disputed genre path."", ""model"": ""gpt_oss_groq""}, {""decision"": ""REJECT"", ""evidence_tags"": [], ""justification"": ""The only relevant tag is a general mystery tag, which does not specifically support the narrower Detective Mystery subgenre."", ""model"": ""gpt_oss_20b""}]",MAINTAIN,ACCEPT,REJECT,1of3_opponents_split,MANUAL
9780380729371__genre__Fiction / Crime Fiction,9780380729371,Black Hearts and Slow Dancing,Genre,Fiction / Crime Fiction,2,"[""qwen_groq"", ""gpt_oss_groq""]","[""gpt_oss_20b""]","[""Fiction"", ""Mac Fontana (Fictitious character)"", ""Fire fighters"", ""Fiction, mystery & detective, general"", ""Washington (state), fiction"", ""Mystery"", ""Crime"", ""Mystery, Thriller & Suspense"", ""Hard-Boiled"", ""Fontana, mac (fictitious character), fiction""]","[{""decision"": ""MAINTAIN"", ""evidence_tags"": [""Fiction"", ""Crime"", ""Mystery""], ""justification"": ""The filtered tags explicitly include 'Fiction' and 'Crime', directly supporting the disputed genre path of Fiction / Crime Fiction."", ""model"": ""qwen_groq""}, {""decision"": ""RETRACT"", ""evidence_tags"": [], ""justification"": ""No filtered tag explicitly matches \""Crime Fiction\""."", ""model"": ""gpt_oss_groq""}]",[],MAINTAIN,RETRACT,,2of3_supporters_split,MANUAL
9780380730551__metadata__Audience / Age_Group / All_Ages / Family Audience,9780380730551,No More Nice,Metadata,Audience / Age_Group / All_Ages / Family Audience,2,"[""gpt_oss_groq"", ""gpt_oss_20b""]","[""qwen_groq""]","[""Children's fiction"", ""Family, fiction""]","[{""decision"": ""MAINTAIN"", ""evidence_tags"": [""Family, fiction""], ""justification"": ""The tag \""Family, fiction\"" directly indicates a family audience."", ""model"": ""gpt_oss_groq""}, {""decision"": ""MAINTAIN"", ""evidence_tags"": [""Family, fiction""], ""justification"": ""The tag \""Family, fiction\"" explicitly indicates a family audience."", ""model"": ""gpt_oss_20b""}]","[{""decision"": ""REJECT"", ""evidence_tags"": [], ""justification"": ""The filtered tags do not explicitly contain the wording 'All_Ages' or 'Family Audience' required to support the specific metadata path without inference."", ""model"": ""qwen_groq""}]",REJECT,MAINTAIN,MAINTAIN,2of3_opponent_rejects,MANUAL
9780380730551__metadata__Character_and_Representation_Metadata / Protagonist_Profile / Group_Profile / Family-Centered,9780380730551,No More Nice,Metadata,Character_and_Representation_Metadata / Protagonist_Profile / Group_Profile / Family-Centered,1,"[""gpt_oss_20b""]","[""qwen_groq"", ""gpt_oss_groq""]","[""Children's fiction"", ""Family, fiction""]","[{""decision"": ""MAINTAIN"", ""evidence_tags"": [""Family, fiction""], ""justification"": ""The tag \""Family, fiction\"" explicitly indicates a family-centered focus."", ""model"": ""gpt_oss_20b""}]","[{""decision"": ""REJECT"", ""evidence_tags"": [], ""justification"": ""The tag 'Family, fiction' indicates the subject matter is family, but does not explicitly confirm that the protagonist profile is a 'Group_Profile' or specifically 'Family-Centered' in the structural sense required by the path without inference."", ""model"": ""qwen_groq""}, {""decision"": ""ACCEPT"", ""evidence_tags"": [""Family, fiction""], ""justification"": ""The tag \""Family, fiction\"" directly indicates a family-centered focus."", ""model"": ""gpt_oss_groq""}]",REJECT,ACCEPT,MAINTAIN,1of3_opponents_split,MANUAL
9780380752683__genre__Fiction / Action Fiction / Western Fiction / Western,9780380752683,Remington No. 3,Genre,Fiction / Action Fiction / Western Fiction / Western,2,"[""qwen_groq"", ""gpt_oss_20b""]","[""gpt_oss_groq""]","[""Fiction, westerns"", ""Westerns - General"", ""Fiction - Western""]","[{""decision"": ""MAINTAIN"", ""evidence_tags"": [""Fiction, westerns"", ""Westerns - General"", ""Fiction - Western""], ""justification"": ""The filtered tags explicitly classify the work as Western fiction, directly supporting the disputed genre path."", ""model"": ""qwen_groq""}, {""decision"": ""RETRACT"", ""evidence_tags"": [], ""justification"": ""The filtered tags do not directly support the specific subcategories Action Fiction or Western Fiction in the disputed path."", ""model"": ""gpt_oss_20b""}]",[],MAINTAIN,,RETRACT,2of3_supporters_split,MANUAL
9780380753086__genre__Nonfiction / Medicine and Health / Health and Wellness / Fitness,9780380753086,Choices,Genre,Nonfiction / Medicine and Health / Health and Wellness / Fitness,2,"[""gpt_oss_groq"", ""gpt_oss_20b""]","[""qwen_groq""]","[""Cancer"", ""Cancer, treatment"", ""Therapy"", ""Health, Fitness & Dieting"", ""Diseases & Physical Ailments"", ""Miscellanea"", ""Popular Works"", ""Handbooks""]","[{""decision"": ""RETRACT"", ""evidence_tags"": [], ""justification"": ""No filtered tag directly supports the specific Fitness subcategory."", ""model"": ""gpt_oss_groq""}, {""decision"": ""MAINTAIN"", ""evidence_tags"": [""Health, Fitness & Dieting""], ""justification"": ""The tag 'Health, Fitness & Dieting' directly supports the Fitness genre."", ""model"": ""gpt_oss_20b""}]",[],,RETRACT,MAINTAIN,2of3_supporters_split,MANUAL
9780380761395__metadata__Character_and_Representation_Metadata / Protagonist_Profile / Group_Profile / Family-Centered,9780380761395,Dorrie's Book,Metadata,Character_and_Representation_Metadata / Protagonist_Profile / Group_Profile / Family-Centered,1,"[""gpt_oss_20b""]","[""qwen_groq"", ""gpt_oss_groq""]","[""Fiction"", ""Family life"", ""Children's stories"", ""Triplets"", ""Girls, fiction"", ""Children's fiction"", ""Middle Grade"", ""Children's Books""]","[{""decision"": ""MAINTAIN"", ""evidence_tags"": [""Family life""], ""justification"": ""The tag 'Family life' explicitly indicates a family-centered focus."", ""model"": ""gpt_oss_20b""}]","[{""decision"": ""REJECT"", ""evidence_tags"": [], ""justification"": ""The tag 'Family life' indicates a subject matter but does not explicitly confirm the specific metadata path of a 'Group_Profile' that is 'Family-Centered' for the protagonist."", ""model"": ""qwen_groq""}, {""decision"": ""ACCEPT"", ""evidence_tags"": [""Family life""], ""justification"": ""The tag 'Family life' explicitly indicates a family-centered focus."", ""model"": ""gpt_oss_groq""}]",REJECT,ACCEPT,MAINTAIN,1of3_opponents_split,MANUAL
9780380764044__genre__Fiction / Science Fiction / General Science Fiction,9780380764044,Fruit Blasterz from outer space,Genre,Fiction / Science Fiction / General Science Fiction,1,"[""gpt_oss_groq""]","[""qwen_groq"", ""gpt_oss_20b""]","[""Children's fiction"", ""Science fiction""]","[{""decision"": ""MAINTAIN"", ""evidence_tags"": [""Science fiction""], ""justification"": ""The tag \""Science fiction\"" directly matches the disputed genre path."", ""model"": ""gpt_oss_groq""}]","[{""decision"": ""REJECT"", ""evidence_tags"": [""Science fiction""], ""justification"": ""The tag \""Science fiction\"" supports the general genre but does not provide specific evidence for the narrower sub-category \""General Science Fiction\"" within the disputed path."", ""model"": ""qwen_groq""}, {""decision"": ""ACCEPT"", ""evidence_tags"": [""Science fiction""], ""justification"": ""The tag \""Science fiction\"" directly matches the disputed genre path."", ""model"": ""gpt_oss_20b""}]",REJECT,MAINTAIN,ACCEPT,1of3_opponents_split,MANUAL
9780380764044__metadata__Thematic_Metadata / Knowledge_and_Idea_Themes / Science_and_Technology,9780380764044,Fruit Blasterz from outer space,Metadata,Thematic_Metadata / Knowledge_and_Idea_Themes / Science_and_Technology,1,"[""gpt_oss_groq""]","[""qwen_groq"", ""gpt_oss_20b""]","[""Children's fiction"", ""Science fiction""]","[{""decision"": ""MAINTAIN"", ""evidence_tags"": [""Science fiction""], ""justification"": ""The tag \""Science fiction\"" explicitly references science, supporting the Science_and_Technology theme."", ""model"": ""gpt_oss_groq""}]","[{""decision"": ""REJECT"", ""evidence_tags"": [], ""justification"": ""The tag 'Science fiction' is a genre classification and does not explicitly state that the book contains themes of Science and Technology as required by the zero-inference rule."", ""model"": ""qwen_groq""}, {""decision"": ""ACCEPT"", ""evidence_tags"": [""Science fiction""], ""justification"": ""The tag \""Science fiction\"" directly indicates a science and technology theme."", ""model"": ""gpt_oss_20b""}]",REJECT,MAINTAIN,ACCEPT,1of3_opponents_split,MANUAL
9780380768967__metadata__Character_and_Representation_Metadata / Protagonist_Profile / Role_Profile / Detective,9780380768967,Cookie McCorkle and the case of the crooked key,Metadata,Character_and_Representation_Metadata / Protagonist_Profile / Role_Profile / Detective,2,"[""gpt_oss_groq"", ""gpt_oss_20b""]","[""qwen_groq""]","[""Mystery and detective stories"", ""Juvenile fiction"", ""Children's fiction"", ""Children's Books""]","[{""decision"": ""MAINTAIN"", ""evidence_tags"": [""Mystery and detective stories""], ""justification"": ""The tag explicitly mentions detective stories, supporting a detective role."", ""model"": ""gpt_oss_groq""}, {""decision"": ""RETRACT"", ""evidence_tags"": [], ""justification"": ""The tags do not explicitly state that the protagonist is a detective."", ""model"": ""gpt_oss_20b""}]",[],,MAINTAIN,RETRACT,2of3_supporters_split,MANUAL
9780380774623__metadata__Character_and_Representation_Metadata / Protagonist_Profile / Role_Profile / Detective,9780380774623,Super Snoop Sam Snout and the Case of the Yogurt Poker,Metadata,Character_and_Representation_Metadata / Protagonist_Profile / Role_Profile / Detective,2,"[""qwen_groq"", ""gpt_oss_groq""]","[""gpt_oss_20b""]","[""Children: Grades 3-4"", ""Children's fiction"", ""Mystery and detective stories"", ""Readers - Beginner"", ""Children's 4-8"", ""Fiction"", ""Children's Books""]","[{""decision"": ""RETRACT"", ""evidence_tags"": [], ""justification"": ""The filtered tags do not explicitly state that the protagonist is a detective, only that the book is a mystery and detective story."", ""model"": ""qwen_groq""}, {""decision"": ""MAINTAIN"", ""evidence_tags"": [""Mystery and detective stories""], ""justification"": ""The tag explicitly includes the term 'detective'."", ""model"": ""gpt_oss_groq""}]",[],RETRACT,MAINTAIN,,2of3_supporters_split,MANUAL
9780380790692__metadata__Character_and_Representation_Metadata / Protagonist_Profile / Role_Profile / Detective,9780380790692,Playing Dead,Metadata,Character_and_Representation_Metadata / Protagonist_Profile / Role_Profile / Detective,1,"[""gpt_oss_20b""]","[""qwen_groq"", ""gpt_oss_groq""]","[""Fiction"", ""Fiction, thrillers, suspense"", ""Fiction, mystery & detective, general"", ""Suspense"", ""Mystery, Thriller & Suspense"", ""Thrillers & Suspense"", ""Serial murderers"", ""Journalists, fiction"", ""New york (n.y.), fiction""]","[{""decision"": ""MAINTAIN"", ""evidence_tags"": [""Fiction, mystery & detective, general""], ""justification"": ""The tag explicitly references detective, supporting the path."", ""model"": ""gpt_oss_20b""}]","[{""decision"": ""REJECT"", ""evidence_tags"": [], ""justification"": ""The tag 'Fiction, mystery & detective, general' categorizes the genre of the book but does not explicitly state that the protagonist is a detective."", ""model"": ""qwen_groq""}, {""decision"": ""ACCEPT"", ""evidence_tags"": [""Fiction, mystery & detective, general""], ""justification"": ""The tag explicitly references detective, supporting the path."", ""model"": ""gpt_oss_groq""}]",REJECT,ACCEPT,MAINTAIN,1of3_opponents_split,MANUAL
9780380791880__genre__Fiction / Horror / Supernatural Horror / Paranormal Horror,9780380791880,Empire of dust,Genre,Fiction / Horror / Supernatural Horror / Paranormal Horror,2,"[""gpt_oss_groq"", ""gpt_oss_20b""]","[""qwen_groq""]","[""American Detective and mystery stories"", ""Detective and mystery stories, American"", ""Fiction"", ""Occult crime"", ""Occult crime -- Fiction"", ""Horror"", ""Mystery, Thriller & Suspense"", ""Suspense"", ""Paranormal"", ""Psychics""]","[{""decision"": ""MAINTAIN"", ""evidence_tags"": [""Horror"", ""Paranormal""], ""justification"": ""Tags include Horror and Paranormal, directly supporting the disputed genre path."", ""model"": ""gpt_oss_groq""}, {""decision"": ""MAINTAIN"", ""evidence_tags"": [""Horror"", ""Paranormal""], ""justification"": ""The tags 'Horror' and 'Paranormal' directly support the disputed genre path."", ""model"": ""gpt_oss_20b""}]","[{""decision"": ""REJECT"", ""evidence_tags"": [""Horror"", ""Paranormal""], ""justification"": ""The filtered tags support the broader categories of Horror and Paranormal, but do not provide specific evidence for the narrower sub-genre 'Supernatural Horror' or 'Paranormal Horror' as distinct from other paranormal or horror sub-types."", ""model"": ""qwen_groq""}]",REJECT,MAINTAIN,MAINTAIN,2of3_opponent_rejects,MANUAL
9780380798704__genre__Fiction / Mystery / Traditional Mystery,9780380798704,Elements of a Kill,Genre,Fiction / Mystery / Traditional Mystery,2,"[""qwen_groq"", ""gpt_oss_20b""]","[""gpt_oss_groq""]","[""Fiction, mystery & detective, police procedural"", ""Alaska, fiction"", ""Attla, ray (fictitious character), fiction"", ""Inuit, fiction"", ""Mystery"", ""Mystery, Thriller & Suspense"", ""Traditional Detectives""]","[{""decision"": ""MAINTAIN"", ""evidence_tags"": [""Traditional Detectives"", ""Mystery""], ""justification"": ""The filtered tag 'Traditional Detectives' directly supports the 'Traditional Mystery' classification within the Mystery genre."", ""model"": ""qwen_groq""}, {""decision"": ""RETRACT"", ""evidence_tags"": [], ""justification"": ""No filtered tag directly supports the specific path Fiction / Mystery / Traditional Mystery."", ""model"": ""gpt_oss_20b""}]",[],MAINTAIN,,RETRACT,2of3_supporters_split,MANUAL
9780380974368__metadata__Thematic_Metadata / Knowledge_and_Idea_Themes / Science_and_Technology,9780380974368,Eater,Metadata,Thematic_Metadata / Knowledge_and_Idea_Themes / Science_and_Technology,2,"[""gpt_oss_groq"", ""gpt_oss_20b""]","[""qwen_groq""]","[""Science fiction"", ""Fiction"", ""Black holes (Astronomy)"", ""Fiction, science fiction, general"", ""Hard Science Fiction"", ""Thriller"", ""Literature & Fiction"", ""Genre Fiction"", ""Disaster""]","[{""decision"": ""MAINTAIN"", ""evidence_tags"": [""Science fiction"", ""Hard Science Fiction""], ""justification"": ""The tags explicitly reference science fiction, indicating science and technology themes."", ""model"": ""gpt_oss_groq""}, {""decision"": ""MAINTAIN"", ""evidence_tags"": [""Science fiction"", ""Hard Science Fiction"", ""Black holes (Astronomy)""], ""justification"": ""The tags explicitly reference science fiction and a specific scientific topic, supporting the Science_and_Technology theme."", ""model"": ""gpt_oss_20b""}]","[{""decision"": ""REJECT"", ""evidence_tags"": [], ""justification"": ""The filtered tags identify the genre as science fiction and a specific astronomical topic, but do not explicitly contain the wording 'Science and Technology' required to support the specific metadata path without inference."", ""model"": ""qwen_groq""}]",REJECT,MAINTAIN,MAINTAIN,2of3_opponent_rejects,MANUAL
9780385159906__metadata__Thematic_Metadata / Relationship_and_Social_Themes,9780385159906,Smith and other events,Metadata,Thematic_Metadata / Relationship_and_Social_Themes,1,"[""gpt_oss_20b""]","[""qwen_groq"", ""gpt_oss_groq""]","[""Fiction"", ""Social life and customs"", ""Chilcotin Indians"", ""Ranch life"", ""Western stories"", ""City and town life"", ""Manners and customs"", ""Fiction, short stories (single author)"", ""British columbia, fiction"", ""Fiction, general"", ""Chilcotin Indians -- Social life and customs -- Fiction."", ""British Columbia -- Social life and customs -- Fiction.""]","[{""decision"": ""MAINTAIN"", ""evidence_tags"": [""Social life and customs""], ""justification"": ""The tag 'Social life and customs' directly supports the Relationship_and_Social_Themes path."", ""model"": ""gpt_oss_20b""}]","[{""decision"": ""REJECT"", ""evidence_tags"": [], ""justification"": ""The filtered tags explicitly mention 'Social life and customs' but do not contain the specific wording 'Relationship' or 'Relationship and Social Themes' required to support the disputed path without inference."", ""model"": ""qwen_groq""}, {""decision"": ""ACCEPT"", ""evidence_tags"": [""Social life and customs""], ""justification"": ""The tag 'Social life and customs' explicitly supports the Relationship_and_Social_Themes path."", ""model"": ""gpt_oss_groq""}]",REJECT,ACCEPT,MAINTAIN,1of3_opponents_split,MANUAL
9780385176552__metadata__Character_and_Representation_Metadata / Protagonist_Profile / Group_Profile / Family-Centered,9780385176552,A land beyond tears,Metadata,Character_and_Representation_Metadata / Protagonist_Profile / Group_Profile / Family-Centered,1,"[""gpt_oss_groq""]","[""qwen_groq"", ""gpt_oss_20b""]","[""Bereavement"", ""Case studies"", ""Death"", ""Family relationships"", ""Psychological aspects"", ""Psychological aspects of Bereavement"", ""Psychological aspects of Death"", ""Psychotherapy"", ""Terminally ill"", ""Bereavement -- Psychological aspects -- Case studies."", ""Death -- Psychological aspects -- Case studies."", ""Terminally ill -- Family relationships -- Case studies."", ""Psychotherapy -- Case studies.""]","[{""decision"": ""MAINTAIN"", ""evidence_tags"": [""Family relationships""], ""justification"": ""The tag explicitly references family relationships, supporting a family‑centered profile."", ""model"": ""gpt_oss_groq""}]","[{""decision"": ""REJECT"", ""evidence_tags"": [], ""justification"": ""The filtered tags reference 'Family relationships' as a thematic subject but do not explicitly identify a 'Protagonist' or define a 'Group Profile' as 'Family-Centered'."", ""model"": ""qwen_groq""}, {""decision"": ""ACCEPT"", ""evidence_tags"": [""Family relationships""], ""justification"": ""The tag explicitly references family relationships, supporting a family‑centered profile."", ""model"": ""gpt_oss_20b""}]",REJECT,MAINTAIN,ACCEPT,1of3_opponents_split,MANUAL
9780385233620__genre__Nonfiction / Education / Education,9780385233620,French made simple,Genre,Nonfiction / Education / Education,1,"[""qwen_groq""]","[""gpt_oss_groq"", ""gpt_oss_20b""]","[""French language"", ""Grammar"", ""Text-books for foreign speakers"", ""Textbooks for foreign speakers"", ""French language, textbooks for foreign speakers"", ""French language -- Textbooks for foreign speakers -- English."", ""Reference"", ""Language"", ""Nonfiction"", ""Education & Teaching"", ""Studying & Workbooks""]","[{""decision"": ""MAINTAIN"", ""evidence_tags"": [""Nonfiction"", ""Education & Teaching""], ""justification"": ""The filtered tags explicitly include 'Nonfiction' and 'Education & Teaching', which directly support the disputed genre path."", ""model"": ""qwen_groq""}]","[{""decision"": ""ACCEPT"", ""evidence_tags"": [""Nonfiction"", ""Education & Teaching""], ""justification"": ""The tags include both Nonfiction and Education & Teaching, directly supporting the disputed path."", ""model"": ""gpt_oss_groq""}, {""decision"": ""REJECT"", ""evidence_tags"": [], ""justification"": ""No filtered tag matches the full path Nonfiction / Education / Education."", ""model"": ""gpt_oss_20b""}]",MAINTAIN,ACCEPT,REJECT,1of3_opponents_split,MANUAL
9780385293853__metadata__Thematic_Metadata / Conflict_and_Event_Themes / Crime_and_Justice,9780385293853,A Catskill eagle,Metadata,Thematic_Metadata / Conflict_and_Event_Themes / Crime_and_Justice,2,"[""gpt_oss_groq"", ""gpt_oss_20b""]","[""qwen_groq""]","[""Private investigators"", ""Detective and mystery stories"", ""Fiction"", ""Detectives"", ""Mystery"", ""Crime"", ""Thriller"", ""Mystery Thriller"", ""Hard Boiled"", ""Mystery, Thriller & Suspense"", ""Hard-Boiled"", ""Boston (mass.), fiction"", ""Massachusetts, fiction"", ""Spenser (Fictitious character)"", ""Spenser (fictitious character), fiction"", ""Spenser (Fictitious character) -- Fiction"", ""Private investigators -- Massachusetts -- Boston -- Fiction"", ""Boston (Mass.) -- Fiction"", ""Detective""]","[{""decision"": ""MAINTAIN"", ""evidence_tags"": [""Crime"", ""Detective"", ""Mystery"", ""Thriller"", ""Mystery Thriller"", ""Hard Boiled"", ""Hard-Boiled"", ""Detective and mystery stories"", ""Private investigators"", ""Detectives"", ""Mystery, Thriller & Suspense"", ""Private investigators -- Massachusetts -- Boston -- Fiction"", ""Detective""], ""justification"": ""The tags explicitly reference crime, detectives, and mystery themes."", ""model"": ""gpt_oss_groq""}, {""decision"": ""RETRACT"", ""evidence_tags"": [], ""justification"": ""No filtered tag explicitly mentions Crime_and_Justice."", ""model"": ""gpt_oss_20b""}]",[],,MAINTAIN,RETRACT,2of3_supporters_split,MANUAL
9780385295840__metadata__Narrative_and_Stylistic_Metadata / Narrative_Structure / Epistolary / Letters-Based,9780385295840,Dear Bruce Springsteen,Metadata,Narrative_and_Stylistic_Metadata / Narrative_Structure / Epistolary / Letters-Based,2,"[""gpt_oss_groq"", ""gpt_oss_20b""]","[""qwen_groq""]","[""Letters"", ""Fiction"", ""Parent and child"", ""Young Adult"", ""Teen & Young Adult"", ""Literature & Fiction""]","[{""decision"": ""MAINTAIN"", ""evidence_tags"": [""Letters""], ""justification"": ""The tag \""Letters\"" directly confirms the epistolary, letters‑based structure."", ""model"": ""gpt_oss_groq""}, {""decision"": ""MAINTAIN"", ""evidence_tags"": [""Letters""], ""justification"": ""The tag \""Letters\"" directly supports the Letters-Based epistolary structure."", ""model"": ""gpt_oss_20b""}]","[{""decision"": ""REJECT"", ""evidence_tags"": [], ""justification"": ""The tag 'Letters' indicates the content format but does not explicitly confirm the specific narrative structure classification of 'Epistolary' or 'Letters-Based' as a stylistic metadata path without further explicit wording."", ""model"": ""qwen_groq""}]",REJECT,MAINTAIN,MAINTAIN,2of3_opponent_rejects,MANUAL
9780385299596__genre__Fiction / Adventure / General Adventure Fiction / Action Adventure,9780385299596,Threat case,Genre,Fiction / Adventure / General Adventure Fiction / Action Adventure,2,"[""gpt_oss_groq"", ""gpt_oss_20b""]","[""qwen_groq""]","[""Fiction, action & adventure"", ""Fiction, thrillers, espionage"", ""Fiction"", ""Thriller"", ""Literature & Fiction""]","[{""decision"": ""RETRACT"", ""evidence_tags"": [], ""justification"": ""No filtered tag directly matches the specific Action Adventure path."", ""model"": ""gpt_oss_groq""}, {""decision"": ""MAINTAIN"", ""evidence_tags"": [""Fiction, action & adventure""], ""justification"": ""The tag \""Fiction, action & adventure\"" directly supports the Action Adventure genre path."", ""model"": ""gpt_oss_20b""}]",[],,RETRACT,MAINTAIN,2of3_supporters_split,MANUAL
9780393018059__metadata__Character_and_Representation_Metadata / Protagonist_Profile / Age_Profile,9780393018059,Enjoy old age,Metadata,Character_and_Representation_Metadata / Protagonist_Profile / Age_Profile,2,"[""qwen_groq"", ""gpt_oss_groq""]","[""gpt_oss_20b""]","[""Old age"", ""Older people"", ""Aging"", ""Self-help techniques"", ""Self-management (Psychology)"", ""Psychology"", ""Philosophy"", ""Nonfiction"", ""Self Help"", ""Health, Fitness & Dieting"", ""Activities of Daily Living"", ""Conduct of life"", ""Older people, psychology"", ""Old age -- Philosophy."", ""Aged -- Psychology.""]","[{""decision"": ""RETRACT"", ""evidence_tags"": [], ""justification"": ""The filtered tags describe the book's subject matter (old age, psychology) but do not explicitly identify a specific protagonist or provide an age profile for a character, as the book is nonfiction."", ""model"": ""qwen_groq""}, {""decision"": ""MAINTAIN"", ""evidence_tags"": [""Old age""], ""justification"": ""The tag \""Old age\"" directly supports an age profile for the protagonist."", ""model"": ""gpt_oss_groq""}]",[],RETRACT,MAINTAIN,,2of3_supporters_split,MANUAL
9780393959574__genre__Nonfiction / Education / Education,9780393959574,Psychology,Genre,Nonfiction / Education / Education,1,"[""qwen_groq""]","[""gpt_oss_groq"", ""gpt_oss_20b""]","[""Psychology"", ""Textbooks"", ""Psychology textbooks"", ""Psychologie"", ""Humanities textbooks"", ""Psykologi"", ""State of the art review"", ""Psychology -- Textbooks"", ""Nonfiction"", ""Science"", ""Reference"", ""Education""]","[{""decision"": ""MAINTAIN"", ""evidence_tags"": [""Nonfiction"", ""Education"", ""Textbooks""], ""justification"": ""The filtered tags explicitly include 'Nonfiction' and 'Education', and 'Textbooks' confirms the educational nature of the work, directly supporting the path Nonfiction / Education / Education."", ""model"": ""qwen_groq""}]","[{""decision"": ""ACCEPT"", ""evidence_tags"": [""Nonfiction"", ""Education""], ""justification"": ""The tags include both 'Nonfiction' and 'Education', directly supporting the disputed path."", ""model"": ""gpt_oss_groq""}, {""decision"": ""REJECT"", ""evidence_tags"": [], ""justification"": ""The filtered tags provide only one 'Education' level, insufficient for the two-level Education path."", ""model"": ""gpt_oss_20b""}]",MAINTAIN,ACCEPT,REJECT,1of3_opponents_split,MANUAL
9780393959574__genre__Nonfiction / Reference and Knowledge Organization / Reference,9780393959574,Psychology,Genre,Nonfiction / Reference and Knowledge Organization / Reference,2,"[""qwen_groq"", ""gpt_oss_20b""]","[""gpt_oss_groq""]","[""Psychology"", ""Textbooks"", ""Psychology textbooks"", ""Psychologie"", ""Humanities textbooks"", ""Psykologi"", ""State of the art review"", ""Psychology -- Textbooks"", ""Nonfiction"", ""Science"", ""Reference"", ""Education""]","[{""decision"": ""RETRACT"", ""evidence_tags"": [""Textbooks"", ""Psychology textbooks""], ""justification"": ""The filtered tags explicitly identify the book as a textbook, which is a distinct genre from Reference, and no tag supports the specific 'Reference' classification."", ""model"": ""qwen_groq""}, {""decision"": ""MAINTAIN"", ""evidence_tags"": [""Nonfiction"", ""Reference""], ""justification"": ""Both 'Nonfiction' and 'Reference' tags directly support the genre path."", ""model"": ""gpt_oss_20b""}]",[],RETRACT,,MAINTAIN,2of3_supporters_split,MANUAL
9780393959574__metadata__Thematic_Metadata / Knowledge_and_Idea_Themes / Science_and_Technology,9780393959574,Psychology,Metadata,Thematic_Metadata / Knowledge_and_Idea_Themes / Science_and_Technology,1,"[""gpt_oss_20b""]","[""qwen_groq"", ""gpt_oss_groq""]","[""Psychology"", ""Textbooks"", ""Psychology textbooks"", ""Psychologie"", ""Humanities textbooks"", ""Psykologi"", ""State of the art review"", ""Psychology -- Textbooks"", ""Nonfiction"", ""Science"", ""Reference"", ""Education""]","[{""decision"": ""MAINTAIN"", ""evidence_tags"": [""Science""], ""justification"": ""Tag 'Science' supports the Science_and_Technology theme."", ""model"": ""gpt_oss_20b""}]","[{""decision"": ""REJECT"", ""evidence_tags"": [], ""justification"": ""The tag 'Science' is too broad to explicitly support the specific 'Science_and_Technology' thematic path without inference, as the filtered tags focus on 'Psychology' and 'Textbooks'."", ""model"": ""qwen_groq""}, {""decision"": ""ACCEPT"", ""evidence_tags"": [""Science""], ""justification"": ""The tag 'Science' directly supports the Science_and_Technology theme."", ""model"": ""gpt_oss_groq""}]",REJECT,ACCEPT,MAINTAIN,1of3_opponents_split,MANUAL
9780394514055__metadata__Language_and_Textual_Context / Language / Single_Language / German,9780394514055,The stories of Heinrich Böll,Metadata,Language_and_Textual_Context / Language / Single_Language / German,1,"[""gpt_oss_20b""]","[""qwen_groq"", ""gpt_oss_groq""]","[""Translations into English"", ""German Short stories"", ""Short Stories"", ""Fiction"", ""German Literature"", ""Literature"", ""Classics"", ""Böll, Heinrich, 1917- -- Translations into English""]","[{""decision"": ""MAINTAIN"", ""evidence_tags"": [""German Short stories"", ""German Literature""], ""justification"": ""The tags explicitly mention German, indicating the language."", ""model"": ""gpt_oss_20b""}]","[{""decision"": ""REJECT"", ""evidence_tags"": [], ""justification"": ""The filtered tags indicate the original language of the literature is German, but explicitly state the book is a translation into English, so the book's language is English, not German."", ""model"": ""qwen_groq""}, {""decision"": ""ACCEPT"", ""evidence_tags"": [""German Short stories"", ""German Literature""], ""justification"": ""The tags explicitly reference German, confirming the language."", ""model"": ""gpt_oss_groq""}]",REJECT,ACCEPT,MAINTAIN,1of3_opponents_split,MANUAL
9780394539362__genre__Fiction / Literary Fiction / Social and Political Fiction / Psychological Fiction,9780394539362,Other women,Genre,Fiction / Literary Fiction / Social and Political Fiction / Psychological Fiction,2,"[""qwen_groq"", ""gpt_oss_20b""]","[""gpt_oss_groq""]","[""Fiction"", ""Lesbians"", ""Single mothers"", ""Vermont, fiction"", ""Fiction, lgbtq+, lesbian"", ""Fiction, psychological"", ""Fiction, general"", ""Single mothers -- Fiction."", ""Lesbians -- Fiction."", ""Vermont -- Fiction."", ""Contemporary"", ""Novels"", ""Literature"", ""Literature & Fiction""]","[{""decision"": ""MAINTAIN"", ""evidence_tags"": [""Fiction, psychological""], ""justification"": ""The tag 'Fiction, psychological' directly supports the 'Psychological Fiction' component of the disputed path."", ""model"": ""qwen_groq""}, {""decision"": ""RETRACT"", ""evidence_tags"": [], ""justification"": ""No filtered tag directly supports the narrower subgenres in the disputed path."", ""model"": ""gpt_oss_20b""}]",[],MAINTAIN,,RETRACT,2of3_supporters_split,MANUAL
9780394555522__genre__Nonfiction / Medicine and Health / Health and Wellness / Fitness,9780394555522,Ageless ageing,Genre,Nonfiction / Medicine and Health / Health and Wellness / Fitness,2,"[""gpt_oss_groq"", ""gpt_oss_20b""]","[""qwen_groq""]","[""Longevity"", ""Low-calorie diet"", ""Nutrition"", ""Nutritional aspects of Longevity"", ""Aging"", ""Health, Fitness & Dieting"", ""Nutritional aspects"", ""Health""]","[{""decision"": ""MAINTAIN"", ""evidence_tags"": [""Health, Fitness & Dieting""], ""justification"": ""The tag directly references health and fitness, supporting the disputed path."", ""model"": ""gpt_oss_groq""}, {""decision"": ""MAINTAIN"", ""evidence_tags"": [""Health, Fitness & Dieting"", ""Health""], ""justification"": ""The tag \""Health, Fitness & Dieting\"" directly supports the Fitness subcategory."", ""model"": ""gpt_oss_20b""}]","[{""decision"": ""REJECT"", ""evidence_tags"": [], ""justification"": ""The filtered tags focus on nutrition, diet, and longevity, but do not contain specific evidence for the 'Fitness' subcategory required by the disputed path."", ""model"": ""qwen_groq""}]",REJECT,MAINTAIN,MAINTAIN,2of3_opponent_rejects,MANUAL
9780394804248__metadata__Character_and_Representation_Metadata / Protagonist_Profile / Group_Profile / Family-Centered,9780394804248,The most beautiful place in the world,Metadata,Character_and_Representation_Metadata / Protagonist_Profile / Group_Profile / Family-Centered,1,"[""gpt_oss_20b""]","[""qwen_groq"", ""gpt_oss_groq""]","[""Fiction"", ""Juvenile fiction"", ""Children's fiction"", ""Realistic Fiction"", ""Middle Grade"", ""Family"", ""Family Life"", ""Multigenerational"", ""Grandmothers"", ""Grandmothers -- Fiction"", ""Voyages and travels, fiction"", ""Guatemala -- Fiction"", ""Growing Up & Facts of Life"", ""School"", ""Children's Books""]","[{""decision"": ""MAINTAIN"", ""evidence_tags"": [""Family"", ""Family Life"", ""Multigenerational"", ""Grandmothers"", ""Grandmothers -- Fiction""], ""justification"": ""The tags explicitly indicate a family-centered focus."", ""model"": ""gpt_oss_20b""}]","[{""decision"": ""REJECT"", ""evidence_tags"": [], ""justification"": ""The filtered tags indicate a family setting but do not explicitly define the protagonist profile as a 'Group' or 'Family-Centered' entity, requiring an inference not supported by explicit wording."", ""model"": ""qwen_groq""}, {""decision"": ""ACCEPT"", ""evidence_tags"": [""Family"", ""Family Life"", ""Multigenerational"", ""Grandmothers"", ""Grandmothers -- Fiction""], ""justification"": ""The tags explicitly denote a family‑centered focus."", ""model"": ""gpt_oss_groq""}]",REJECT,ACCEPT,MAINTAIN,1of3_opponents_split,MANUAL
9780394852768__metadata__Character_and_Representation_Metadata / Protagonist_Profile / Group_Profile / Family-Centered,9780394852768,The bloodroot flower,Metadata,Character_and_Representation_Metadata / Protagonist_Profile / Group_Profile / Family-Centered,2,"[""gpt_oss_groq"", ""gpt_oss_20b""]","[""qwen_groq""]","[""Family life"", ""Fiction"", ""Minnesota -- Fiction.""]","[{""decision"": ""MAINTAIN"", ""evidence_tags"": [""Family life""], ""justification"": ""The tag \""Family life\"" directly indicates a family‑centered focus."", ""model"": ""gpt_oss_groq""}, {""decision"": ""MAINTAIN"", ""evidence_tags"": [""Family life""], ""justification"": ""The tag \""Family life\"" explicitly indicates a family-centered aspect."", ""model"": ""gpt_oss_20b""}]","[{""decision"": ""REJECT"", ""evidence_tags"": [], ""justification"": ""The tag 'Family life' indicates a thematic focus on family but does not explicitly confirm the existence of a 'Protagonist_Profile' or a specific 'Group_Profile' structure as required by the disputed path."", ""model"": ""qwen_groq""}]",REJECT,MAINTAIN,MAINTAIN,2of3_opponent_rejects,MANUAL
9780394932767__metadata__Book_Format_and_Form / Narrative_Length / Short,9780394932767,"Gudgekin, the thistle girl, and other tales",Metadata,Book_Format_and_Form / Narrative_Length / Short,2,"[""gpt_oss_groq"", ""gpt_oss_20b""]","[""qwen_groq""]","[""Fairy tales"", ""Fantasy"", ""Short Stories"", ""Childrens"", ""Fiction"", ""Childrens Fantasy"", ""Mythology""]","[{""decision"": ""MAINTAIN"", ""evidence_tags"": [""Short Stories""], ""justification"": ""The tag 'Short Stories' directly indicates a short narrative length."", ""model"": ""gpt_oss_groq""}, {""decision"": ""MAINTAIN"", ""evidence_tags"": [""Short Stories""], ""justification"": ""Tag 'Short Stories' indicates short narrative length."", ""model"": ""gpt_oss_20b""}]","[{""decision"": ""REJECT"", ""evidence_tags"": [], ""justification"": ""The tag 'Short Stories' indicates a collection format or genre, but does not explicitly state that the individual narratives within the book are of 'Short' length, requiring an inference not permitted by the zero-inference rule."", ""model"": ""qwen_groq""}]",REJECT,MAINTAIN,MAINTAIN,2of3_opponent_rejects,MANUAL
9780394933252__genre__Fiction,9780394933252,All it takes is practice,Genre,Fiction,2,"[""qwen_groq"", ""gpt_oss_20b""]","[""gpt_oss_groq""]","[""Fiction"", ""Race relations"", ""Friendship"", ""Basketball stories""]","[{""decision"": ""RETRACT"", ""evidence_tags"": [], ""justification"": ""The filtered tags do not contain 'Fiction' or any tag that directly supports the classification of the book as fiction."", ""model"": ""qwen_groq""}, {""decision"": ""MAINTAIN"", ""evidence_tags"": [""Fiction""], ""justification"": ""The tag 'Fiction' directly supports the genre path."", ""model"": ""gpt_oss_20b""}]",[],RETRACT,,MAINTAIN,2of3_supporters_split,MANUAL
9780395797600__genre__Nonfiction / Education,9780395797600,The real high school handbook,Genre,Nonfiction / Education,2,"[""gpt_oss_groq"", ""gpt_oss_20b""]","[""qwen_groq""]","[""High schools"", ""Juvenile literature"", ""Handbooks, manuals"", ""Conduct of life"", ""Schools"", ""High school students"", ""High school"", ""Teen & Young Adult"", ""Education & Reference"", ""Reference""]","[{""decision"": ""RETRACT"", ""evidence_tags"": [], ""justification"": ""No filtered tag directly matches the specific Nonfiction / Education path."", ""model"": ""gpt_oss_groq""}, {""decision"": ""MAINTAIN"", ""evidence_tags"": [""Education & Reference""], ""justification"": ""The tag 'Education & Reference' directly supports the Nonfiction / Education genre path."", ""model"": ""gpt_oss_20b""}]",[],,RETRACT,MAINTAIN,2of3_supporters_split,MANUAL
9780396085263__genre__Nonfiction / Biography / Biography,9780396085263,View from the seesaw,Genre,Nonfiction / Biography / Biography,2,"[""gpt_oss_groq"", ""gpt_oss_20b""]","[""qwen_groq""]","[""Biography"", ""Poliomyelitis"", ""People with disabilities"", ""Health"", ""Disabled"", ""Poliomyelitis -- Patients -- United States -- Biography."", ""People with disabilities -- United States -- Biography.""]","[{""decision"": ""RETRACT"", ""evidence_tags"": [], ""justification"": ""No filtered tag directly supports the full Nonfiction/Biography/Biography path."", ""model"": ""gpt_oss_groq""}, {""decision"": ""MAINTAIN"", ""evidence_tags"": [""Biography"", ""Poliomyelitis -- Patients -- United States -- Biography."", ""People with disabilities -- United States -- Biography.""], ""justification"": ""The tags explicitly include Biography, supporting the disputed genre path."", ""model"": ""gpt_oss_20b""}]",[],,RETRACT,MAINTAIN,2of3_supporters_split,MANUAL
9780396085263__genre__Nonfiction / Biography / Biography / Biography,9780396085263,View from the seesaw,Genre,Nonfiction / Biography / Biography / Biography,1,"[""qwen_groq""]","[""gpt_oss_groq"", ""gpt_oss_20b""]","[""Biography"", ""Poliomyelitis"", ""People with disabilities"", ""Health"", ""Disabled"", ""Poliomyelitis -- Patients -- United States -- Biography."", ""People with disabilities -- United States -- Biography.""]","[{""decision"": ""MAINTAIN"", ""evidence_tags"": [""Biography"", ""Poliomyelitis -- Patients -- United States -- Biography."", ""People with disabilities -- United States -- Biography.""], ""justification"": ""The filtered tags explicitly include 'Biography' and specific Library of Congress subject headings ending in 'Biography', directly supporting the disputed genre path."", ""model"": ""qwen_groq""}]","[{""decision"": ""ACCEPT"", ""evidence_tags"": [""Biography""], ""justification"": ""The filtered tags include \""Biography\"", directly supporting the disputed genre path."", ""model"": ""gpt_oss_groq""}, {""decision"": ""REJECT"", ""evidence_tags"": [], ""justification"": ""The tags only indicate a general Biography, not a three‑level Biography hierarchy."", ""model"": ""gpt_oss_20b""}]",MAINTAIN,ACCEPT,REJECT,1of3_opponents_split,MANUAL
