Debate_ID,ISBN-13,Title,Annotation_Type,Disputed_Path,Support_Count,Models_For,Models_Against,Filtered_Tags,Round1_Detail,Round2_Detail,Qwen_Decision,GPT_OSS_120B_Decision,GPT_OSS_20B_Decision,Adjudication_Reason,Final_Verdict
9780060269364__metadata__Audience / Age_Group / Teen / Teen Audience,9780060269364,Early sorrow,Metadata,Audience / Age_Group / Teen / Teen Audience,2,"[""gpt_oss_groq"", ""gpt_oss_20b""]","[""qwen_groq""]","[""Short stories"", ""Fiction"", ""Literature & Fiction"", ""Short stories, American."", ""Short stories, English."", ""Youth -- Fiction."", ""Youth -- Social life and customs -- Fiction."", ""Teen & Young Adult"", ""English Short stories""]","[{""decision"": ""MAINTAIN"", ""evidence_tags"": [""Teen & Young Adult""], ""justification"": ""The tag 'Teen & Young Adult' explicitly indicates a teen audience."", ""model"": ""gpt_oss_groq""}, {""decision"": ""MAINTAIN"", ""evidence_tags"": [""Teen & Young Adult""], ""justification"": ""The tag \""Teen & Young Adult\"" explicitly indicates a teen audience."", ""model"": ""gpt_oss_20b""}]","[{""decision"": ""ACCEPT"", ""evidence_tags"": [""Teen & Young Adult""], ""justification"": ""The filtered tag 'Teen & Young Adult' explicitly supports the annotation path for a Teen audience."", ""model"": ""qwen_groq""}]",ACCEPT,MAINTAIN,MAINTAIN,2of3_opponent_accepts,ACCEPT
9780060992309__genre__Fiction / Thriller,9780060992309,The last raven,Genre,Fiction / Thriller,1,"[""qwen_groq""]","[""gpt_oss_groq"", ""gpt_oss_20b""]","[""English fiction"", ""Fiction, general"", ""Fiction"", ""Thriller"", ""Espionage"", ""Mystery Thriller"", ""Mystery, Thriller & Suspense"", ""Thrillers & Suspense"", ""Spies & Politics"", ""Political""]","[{""decision"": ""MAINTAIN"", ""evidence_tags"": [""Thriller"", ""Mystery Thriller"", ""Mystery, Thriller & Suspense"", ""Thrillers & Suspense""], ""justification"": ""The filtered tags explicitly include 'Thriller' and related suspense categories, directly supporting the disputed genre path."", ""model"": ""qwen_groq""}]","[{""decision"": ""ACCEPT"", ""evidence_tags"": [""Thriller""], ""justification"": ""The filtered tags include \""Thriller\"", directly supporting the disputed genre path."", ""model"": ""gpt_oss_groq""}, {""decision"": ""ACCEPT"", ""evidence_tags"": [""Thriller"", ""Mystery Thriller"", ""Mystery, Thriller & Suspense"", ""Thrillers & Suspense""], ""justification"": ""The filtered tags explicitly include Thriller and related suspense categories that support the Fiction/Thriller path."", ""model"": ""gpt_oss_20b""}]",MAINTAIN,ACCEPT,ACCEPT,1of3_both_opponents_accept,ACCEPT
9780061007941__genre__Fiction,9780061007941,Cottonwood Station,Genre,Fiction,1,"[""gpt_oss_20b""]","[""qwen_groq"", ""gpt_oss_groq""]","[""Fiction, westerns"", ""Indians of north america, fiction"", ""Fiction, historical, general"", ""West (u.s.), fiction"", ""Fiction"", ""Westerns""]","[{""decision"": ""MAINTAIN"", ""evidence_tags"": [""Fiction""], ""justification"": ""The tag \""Fiction\"" directly supports the genre path."", ""model"": ""gpt_oss_20b""}]","[{""decision"": ""ACCEPT"", ""evidence_tags"": [""Fiction""], ""justification"": ""The filtered tag \""Fiction\"" directly matches the disputed genre path."", ""model"": ""qwen_groq""}, {""decision"": ""ACCEPT"", ""evidence_tags"": [""Fiction""], ""justification"": ""The tag \""Fiction\"" directly supports the disputed genre path."", ""model"": ""gpt_oss_groq""}]",ACCEPT,ACCEPT,MAINTAIN,1of3_both_opponents_accept,ACCEPT
9780061054716__genre__Fiction,9780061054716,Conspicuous Consumption (The World of Darkness : Werewolf),Genre,Fiction,1,"[""gpt_oss_20b""]","[""qwen_groq"", ""gpt_oss_groq""]","[""Werewolves"", ""Fiction"", ""Horror"", ""Fantasy"", ""World Of Darkness"", ""Science Fiction & Fantasy""]","[{""decision"": ""MAINTAIN"", ""evidence_tags"": [""Fiction""], ""justification"": ""The tag \""Fiction\"" directly supports the disputed genre path."", ""model"": ""gpt_oss_20b""}]","[{""decision"": ""ACCEPT"", ""evidence_tags"": [""Fiction""], ""justification"": ""The filtered tag \""Fiction\"" directly matches the disputed genre path."", ""model"": ""qwen_groq""}, {""decision"": ""ACCEPT"", ""evidence_tags"": [""Fiction""], ""justification"": ""The filtered tag \""Fiction\"" directly supports the disputed genre path."", ""model"": ""gpt_oss_groq""}]",ACCEPT,ACCEPT,MAINTAIN,1of3_both_opponents_accept,ACCEPT
9780061054716__genre__Fiction / Horror,9780061054716,Conspicuous Consumption (The World of Darkness : Werewolf),Genre,Fiction / Horror,2,"[""qwen_groq"", ""gpt_oss_20b""]","[""gpt_oss_groq""]","[""Werewolves"", ""Fiction"", ""Horror"", ""Fantasy"", ""World Of Darkness"", ""Science Fiction & Fantasy""]","[{""decision"": ""MAINTAIN"", ""evidence_tags"": [""Fiction"", ""Horror""], ""justification"": ""The filtered tags explicitly include both 'Fiction' and 'Horror', directly supporting the disputed genre path."", ""model"": ""qwen_groq""}, {""decision"": ""MAINTAIN"", ""evidence_tags"": [""Fiction"", ""Horror""], ""justification"": ""Both Fiction and Horror tags are present in the filtered tags."", ""model"": ""gpt_oss_20b""}]","[{""decision"": ""ACCEPT"", ""evidence_tags"": [""Fiction"", ""Horror""], ""justification"": ""Both 'Fiction' and 'Horror' tags are present in the filtered tags."", ""model"": ""gpt_oss_groq""}]",MAINTAIN,ACCEPT,MAINTAIN,2of3_opponent_accepts,ACCEPT
9780061060137__genre__Fiction / Science Fiction,9780061060137,"Glory's End (Robert Silverberg's Time Tours, No 2)",Genre,Fiction / Science Fiction,1,"[""gpt_oss_20b""]","[""qwen_groq"", ""gpt_oss_groq""]","[""Science fiction"", ""Teen & Young Adult"", ""Literature & Fiction""]","[{""decision"": ""MAINTAIN"", ""evidence_tags"": [""Science fiction"", ""Literature & Fiction""], ""justification"": ""The tags directly match the Fiction / Science Fiction genre path."", ""model"": ""gpt_oss_20b""}]","[{""decision"": ""ACCEPT"", ""evidence_tags"": [""Science fiction"", ""Literature & Fiction""], ""justification"": ""The filtered tags 'Science fiction' and 'Literature & Fiction' directly correspond to the disputed genre path 'Fiction / Science Fiction'."", ""model"": ""qwen_groq""}, {""decision"": ""ACCEPT"", ""evidence_tags"": [""Science fiction""], ""justification"": ""The tag \""Science fiction\"" directly matches the disputed genre path."", ""model"": ""gpt_oss_groq""}]",ACCEPT,ACCEPT,MAINTAIN,1of3_both_opponents_accept,ACCEPT
9780061060137__metadata__Audience / Age_Group / Teen,9780061060137,"Glory's End (Robert Silverberg's Time Tours, No 2)",Metadata,Audience / Age_Group / Teen,1,"[""gpt_oss_groq""]","[""qwen_groq"", ""gpt_oss_20b""]","[""Science fiction"", ""Teen & Young Adult"", ""Literature & Fiction""]","[{""decision"": ""MAINTAIN"", ""evidence_tags"": [""Teen & Young Adult""], ""justification"": ""The tag 'Teen & Young Adult' directly indicates a teen audience."", ""model"": ""gpt_oss_groq""}]","[{""decision"": ""ACCEPT"", ""evidence_tags"": [""Teen & Young Adult""], ""justification"": ""The filtered tag 'Teen & Young Adult' explicitly supports the metadata path Audience / Age_Group / Teen."", ""model"": ""qwen_groq""}, {""decision"": ""ACCEPT"", ""evidence_tags"": [""Teen & Young Adult""], ""justification"": ""The tag 'Teen & Young Adult' explicitly indicates a teen audience."", ""model"": ""gpt_oss_20b""}]",ACCEPT,MAINTAIN,ACCEPT,1of3_both_opponents_accept,ACCEPT
9780061060137__metadata__Audience / Age_Group / Teen / Teen Audience,9780061060137,"Glory's End (Robert Silverberg's Time Tours, No 2)",Metadata,Audience / Age_Group / Teen / Teen Audience,2,"[""qwen_groq"", ""gpt_oss_20b""]","[""gpt_oss_groq""]","[""Science fiction"", ""Teen & Young Adult"", ""Literature & Fiction""]","[{""decision"": ""MAINTAIN"", ""evidence_tags"": [""Teen & Young Adult""], ""justification"": ""The filtered tag 'Teen & Young Adult' explicitly supports the classification of the book as having a Teen audience."", ""model"": ""qwen_groq""}, {""decision"": ""MAINTAIN"", ""evidence_tags"": [""Teen & Young Adult""], ""justification"": ""The tag \""Teen & Young Adult\"" explicitly indicates a teen audience."", ""model"": ""gpt_oss_20b""}]","[{""decision"": ""ACCEPT"", ""evidence_tags"": [""Teen & Young Adult""], ""justification"": ""The tag \""Teen & Young Adult\"" explicitly indicates a teen audience."", ""model"": ""gpt_oss_groq""}]",MAINTAIN,ACCEPT,MAINTAIN,2of3_opponent_accepts,ACCEPT
9780061060137__metadata__Audience / Age_Group / Young_Adult,9780061060137,"Glory's End (Robert Silverberg's Time Tours, No 2)",Metadata,Audience / Age_Group / Young_Adult,1,"[""gpt_oss_groq""]","[""qwen_groq"", ""gpt_oss_20b""]","[""Science fiction"", ""Teen & Young Adult"", ""Literature & Fiction""]","[{""decision"": ""MAINTAIN"", ""evidence_tags"": [""Teen & Young Adult""], ""justification"": ""The tag 'Teen & Young Adult' explicitly indicates a Young Adult audience."", ""model"": ""gpt_oss_groq""}]","[{""decision"": ""ACCEPT"", ""evidence_tags"": [""Teen & Young Adult""], ""justification"": ""The filtered tag 'Teen & Young Adult' explicitly supports the metadata path Audience / Age_Group / Young_Adult."", ""model"": ""qwen_groq""}, {""decision"": ""ACCEPT"", ""evidence_tags"": [""Teen & Young Adult""], ""justification"": ""The tag 'Teen & Young Adult' directly indicates a Young Adult audience."", ""model"": ""gpt_oss_20b""}]",ACCEPT,MAINTAIN,ACCEPT,1of3_both_opponents_accept,ACCEPT
9780061060137__metadata__Audience / Age_Group / Young_Adult / Young Adult Audience,9780061060137,"Glory's End (Robert Silverberg's Time Tours, No 2)",Metadata,Audience / Age_Group / Young_Adult / Young Adult Audience,2,"[""qwen_groq"", ""gpt_oss_20b""]","[""gpt_oss_groq""]","[""Science fiction"", ""Teen & Young Adult"", ""Literature & Fiction""]","[{""decision"": ""MAINTAIN"", ""evidence_tags"": [""Teen & Young Adult""], ""justification"": ""The filtered tag 'Teen & Young Adult' explicitly supports the classification of the book as having a Young Adult audience."", ""model"": ""qwen_groq""}, {""decision"": ""MAINTAIN"", ""evidence_tags"": [""Teen & Young Adult""], ""justification"": ""The tag 'Teen & Young Adult' directly indicates a young adult audience."", ""model"": ""gpt_oss_20b""}]","[{""decision"": ""ACCEPT"", ""evidence_tags"": [""Teen & Young Adult""], ""justification"": ""The tag 'Teen & Young Adult' explicitly indicates a young adult audience."", ""model"": ""gpt_oss_groq""}]",MAINTAIN,ACCEPT,MAINTAIN,2of3_opponent_accepts,ACCEPT
9780061060281__metadata__Thematic_Metadata / Relationship_and_Social_Themes / Friendship,9780061060281,The secret notebook,Metadata,Thematic_Metadata / Relationship_and_Social_Themes / Friendship,1,"[""gpt_oss_20b""]","[""qwen_groq"", ""gpt_oss_groq""]","[""Fiction"", ""Young readers"", ""Children's fiction"", ""Schools in fiction"", ""Behavior in fiction"", ""Growing Up & Facts of Life"", ""Friendship, Social Skills & School Life"", ""Friendship""]","[{""decision"": ""MAINTAIN"", ""evidence_tags"": [""Friendship, Social Skills & School Life"", ""Friendship""], ""justification"": ""The tags explicitly mention Friendship, supporting the path."", ""model"": ""gpt_oss_20b""}]","[{""decision"": ""ACCEPT"", ""evidence_tags"": [""Friendship"", ""Friendship, Social Skills & School Life""], ""justification"": ""The filtered tags explicitly contain the term 'Friendship', directly supporting the disputed metadata path."", ""model"": ""qwen_groq""}, {""decision"": ""ACCEPT"", ""evidence_tags"": [""Friendship, Social Skills & School Life"", ""Friendship""], ""justification"": ""The filtered tags explicitly include Friendship, supporting the path."", ""model"": ""gpt_oss_groq""}]",ACCEPT,ACCEPT,MAINTAIN,1of3_both_opponents_accept,ACCEPT
9780061060397__genre__Fiction / Adventure / General Adventure Fiction / Adventure Fiction,9780061060397,"Mutiny! (Escape from Lost Island, No 3)",Genre,Fiction / Adventure / General Adventure Fiction / Adventure Fiction,1,"[""qwen_groq""]","[""gpt_oss_groq"", ""gpt_oss_20b""]","[""Children's fiction"", ""Adventure and adventurers, fiction"", ""Survival"", ""Juvenile fiction"", ""Adventure stories"", ""Children's Books/Ages 9-12 Fiction"", ""Fiction"", ""Islands"", ""Action & Adventure"", ""Survival Stories""]","[{""decision"": ""MAINTAIN"", ""evidence_tags"": [""Adventure and adventurers, fiction"", ""Adventure stories"", ""Action & Adventure""], ""justification"": ""The filtered tags explicitly include 'Adventure and adventurers, fiction' and 'Adventure stories', which directly support the classification of the book as Adventure Fiction."", ""model"": ""qwen_groq""}]","[{""decision"": ""ACCEPT"", ""evidence_tags"": [""Adventure and adventurers, fiction"", ""Adventure stories"", ""Action & Adventure""], ""justification"": ""Filtered tags explicitly identify the book as adventure fiction."", ""model"": ""gpt_oss_groq""}, {""decision"": ""ACCEPT"", ""evidence_tags"": [""Adventure and adventurers, fiction"", ""Adventure stories"", ""Action & Adventure""], ""justification"": ""The filtered tags explicitly include adventure-related categories that support the Adventure Fiction classification."", ""model"": ""gpt_oss_20b""}]",MAINTAIN,ACCEPT,ACCEPT,1of3_both_opponents_accept,ACCEPT
9780061060397__genre__Fiction / Adventure / Survival and Exploration Fiction / Survival Fiction,9780061060397,"Mutiny! (Escape from Lost Island, No 3)",Genre,Fiction / Adventure / Survival and Exploration Fiction / Survival Fiction,2,"[""qwen_groq"", ""gpt_oss_groq""]","[""gpt_oss_20b""]","[""Children's fiction"", ""Adventure and adventurers, fiction"", ""Survival"", ""Juvenile fiction"", ""Adventure stories"", ""Children's Books/Ages 9-12 Fiction"", ""Fiction"", ""Islands"", ""Action & Adventure"", ""Survival Stories""]","[{""decision"": ""MAINTAIN"", ""evidence_tags"": [""Survival"", ""Adventure and adventurers, fiction"", ""Survival Stories""], ""justification"": ""The filtered tags explicitly include 'Survival' and 'Survival Stories' alongside 'Adventure and adventurers, fiction', directly supporting the disputed genre path."", ""model"": ""qwen_groq""}, {""decision"": ""MAINTAIN"", ""evidence_tags"": [""Adventure and adventurers, fiction"", ""Survival"", ""Fiction""], ""justification"": ""The tags directly include adventure and survival fiction elements."", ""model"": ""gpt_oss_groq""}]","[{""decision"": ""ACCEPT"", ""evidence_tags"": [""Survival"", ""Adventure and adventurers, fiction"", ""Survival Stories""], ""justification"": ""The filtered tags explicitly include Survival and Adventure elements that match the disputed genre path."", ""model"": ""gpt_oss_20b""}]",MAINTAIN,MAINTAIN,ACCEPT,2of3_opponent_accepts,ACCEPT
9780061060472__genre__Fiction / Adventure / General Adventure Fiction / Action Adventure,9780061060472,"Revenge! (Escape from Lost Island, No 5)",Genre,Fiction / Adventure / General Adventure Fiction / Action Adventure,2,"[""qwen_groq"", ""gpt_oss_20b""]","[""gpt_oss_groq""]","[""Survival"", ""Juvenile fiction"", ""Adventure stories"", ""Fiction, general"", ""Children's Books - Young Adult Fiction"", ""Adventure and adventurers"", ""Fiction"", ""Survival (after airplane accidents, shipwrecks, etc.)"", ""Children: Grades 4-6"", ""Action & Adventure"", ""Survival Stories""]","[{""decision"": ""MAINTAIN"", ""evidence_tags"": [""Action & Adventure"", ""Adventure stories""], ""justification"": ""The filtered tags 'Action & Adventure' and 'Adventure stories' directly support the disputed genre path of Action Adventure."", ""model"": ""qwen_groq""}, {""decision"": ""MAINTAIN"", ""evidence_tags"": [""Adventure stories"", ""Action & Adventure""], ""justification"": ""The tags directly support the Adventure and Action Adventure categories."", ""model"": ""gpt_oss_20b""}]","[{""decision"": ""ACCEPT"", ""evidence_tags"": [""Action & Adventure"", ""Adventure stories""], ""justification"": ""The tags directly include Action & Adventure and Adventure stories, supporting the Action Adventure path."", ""model"": ""gpt_oss_groq""}]",MAINTAIN,ACCEPT,MAINTAIN,2of3_opponent_accepts,ACCEPT
9780061060472__genre__Fiction / Adventure / General Adventure Fiction / Adventure Fiction,9780061060472,"Revenge! (Escape from Lost Island, No 5)",Genre,Fiction / Adventure / General Adventure Fiction / Adventure Fiction,1,"[""qwen_groq""]","[""gpt_oss_groq"", ""gpt_oss_20b""]","[""Survival"", ""Juvenile fiction"", ""Adventure stories"", ""Fiction, general"", ""Children's Books - Young Adult Fiction"", ""Adventure and adventurers"", ""Fiction"", ""Survival (after airplane accidents, shipwrecks, etc.)"", ""Children: Grades 4-6"", ""Action & Adventure"", ""Survival Stories""]","[{""decision"": ""MAINTAIN"", ""evidence_tags"": [""Adventure stories"", ""Action & Adventure"", ""Adventure and adventurers""], ""justification"": ""The filtered tags explicitly include 'Adventure stories' and 'Action & Adventure', which directly support the classification of the book as Adventure Fiction."", ""model"": ""qwen_groq""}]","[{""decision"": ""ACCEPT"", ""evidence_tags"": [""Adventure stories"", ""Action & Adventure"", ""Adventure and adventurers""], ""justification"": ""Filtered tags explicitly denote adventure fiction."", ""model"": ""gpt_oss_groq""}, {""decision"": ""ACCEPT"", ""evidence_tags"": [""Adventure stories"", ""Action & Adventure"", ""Adventure and adventurers""], ""justification"": ""The filtered tags explicitly include Adventure stories, Action & Adventure, and Adventure and adventurers, which directly support the Adventure Fiction classification."", ""model"": ""gpt_oss_20b""}]",MAINTAIN,ACCEPT,ACCEPT,1of3_both_opponents_accept,ACCEPT
9780061060472__metadata__Audience / Age_Group / Young_Adult,9780061060472,"Revenge! (Escape from Lost Island, No 5)",Metadata,Audience / Age_Group / Young_Adult,1,"[""gpt_oss_groq""]","[""qwen_groq"", ""gpt_oss_20b""]","[""Survival"", ""Juvenile fiction"", ""Adventure stories"", ""Fiction, general"", ""Children's Books - Young Adult Fiction"", ""Adventure and adventurers"", ""Fiction"", ""Survival (after airplane accidents, shipwrecks, etc.)"", ""Children: Grades 4-6"", ""Action & Adventure"", ""Survival Stories""]","[{""decision"": ""MAINTAIN"", ""evidence_tags"": [""Children's Books - Young Adult Fiction""], ""justification"": ""The tag explicitly references Young Adult Fiction."", ""model"": ""gpt_oss_groq""}]","[{""decision"": ""ACCEPT"", ""evidence_tags"": [""Children's Books - Young Adult Fiction""], ""justification"": ""The filtered tag 'Children's Books - Young Adult Fiction' explicitly contains the wording 'Young Adult', directly supporting the disputed metadata path."", ""model"": ""qwen_groq""}, {""decision"": ""ACCEPT"", ""evidence_tags"": [""Children's Books - Young Adult Fiction""], ""justification"": ""The tag explicitly references Young Adult Fiction."", ""model"": ""gpt_oss_20b""}]",ACCEPT,MAINTAIN,ACCEPT,1of3_both_opponents_accept,ACCEPT
9780061060472__metadata__Audience / Age_Group / Young_Adult / Young Adult Audience,9780061060472,"Revenge! (Escape from Lost Island, No 5)",Metadata,Audience / Age_Group / Young_Adult / Young Adult Audience,2,"[""qwen_groq"", ""gpt_oss_20b""]","[""gpt_oss_groq""]","[""Survival"", ""Juvenile fiction"", ""Adventure stories"", ""Fiction, general"", ""Children's Books - Young Adult Fiction"", ""Adventure and adventurers"", ""Fiction"", ""Survival (after airplane accidents, shipwrecks, etc.)"", ""Children: Grades 4-6"", ""Action & Adventure"", ""Survival Stories""]","[{""decision"": ""MAINTAIN"", ""evidence_tags"": [""Children's Books - Young Adult Fiction""], ""justification"": ""The tag 'Children's Books - Young Adult Fiction' explicitly supports the classification of the book as Young Adult Audience."", ""model"": ""qwen_groq""}, {""decision"": ""MAINTAIN"", ""evidence_tags"": [""Children's Books - Young Adult Fiction""], ""justification"": ""The tag explicitly identifies the book as Young Adult Fiction."", ""model"": ""gpt_oss_20b""}]","[{""decision"": ""ACCEPT"", ""evidence_tags"": [""Children's Books - Young Adult Fiction""], ""justification"": ""The tag explicitly identifies the book as Young Adult Fiction."", ""model"": ""gpt_oss_groq""}]",MAINTAIN,ACCEPT,MAINTAIN,2of3_opponent_accepts,ACCEPT
9780061060540__genre__Fiction / Adventure / General Adventure Fiction / Action Adventure,9780061060540,"Escape! (Escape from Lost Island, No 6)",Genre,Fiction / Adventure / General Adventure Fiction / Action Adventure,1,"[""qwen_groq""]","[""gpt_oss_groq"", ""gpt_oss_20b""]","[""Fiction, general"", ""Children's Books - Young Adult Fiction"", ""Adventure and adventurers"", ""Fiction"", ""Survival"", ""Survival Stories"", ""Children: Grades 4-6"", ""Action & Adventure""]","[{""decision"": ""MAINTAIN"", ""evidence_tags"": [""Action & Adventure"", ""Adventure and adventurers""], ""justification"": ""The filtered tags 'Action & Adventure' and 'Adventure and adventurers' directly support the disputed genre path of Action Adventure."", ""model"": ""qwen_groq""}]","[{""decision"": ""ACCEPT"", ""evidence_tags"": [""Action & Adventure"", ""Adventure and adventurers""], ""justification"": ""The tags directly include Action & Adventure and Adventure and adventurers, supporting the Action Adventure path."", ""model"": ""gpt_oss_groq""}, {""decision"": ""ACCEPT"", ""evidence_tags"": [""Action & Adventure"", ""Adventure and adventurers""], ""justification"": ""The tags 'Action & Adventure' and 'Adventure and adventurers' directly support the Action Adventure genre."", ""model"": ""gpt_oss_20b""}]",MAINTAIN,ACCEPT,ACCEPT,1of3_both_opponents_accept,ACCEPT
9780061060540__metadata__Audience / Age_Group / Young_Adult,9780061060540,"Escape! (Escape from Lost Island, No 6)",Metadata,Audience / Age_Group / Young_Adult,1,"[""gpt_oss_groq""]","[""qwen_groq"", ""gpt_oss_20b""]","[""Fiction, general"", ""Children's Books - Young Adult Fiction"", ""Adventure and adventurers"", ""Fiction"", ""Survival"", ""Survival Stories"", ""Children: Grades 4-6"", ""Action & Adventure""]","[{""decision"": ""MAINTAIN"", ""evidence_tags"": [""Children's Books - Young Adult Fiction""], ""justification"": ""The tag explicitly references Young Adult Fiction."", ""model"": ""gpt_oss_groq""}]","[{""decision"": ""ACCEPT"", ""evidence_tags"": [""Children's Books - Young Adult Fiction""], ""justification"": ""The filtered tag 'Children's Books - Young Adult Fiction' explicitly contains the wording 'Young Adult', directly supporting the disputed metadata path."", ""model"": ""qwen_groq""}, {""decision"": ""ACCEPT"", ""evidence_tags"": [""Children's Books - Young Adult Fiction""], ""justification"": ""The tag explicitly indicates Young Adult Fiction."", ""model"": ""gpt_oss_20b""}]",ACCEPT,MAINTAIN,ACCEPT,1of3_both_opponents_accept,ACCEPT
9780061060540__metadata__Audience / Age_Group / Young_Adult / Young Adult Audience,9780061060540,"Escape! (Escape from Lost Island, No 6)",Metadata,Audience / Age_Group / Young_Adult / Young Adult Audience,2,"[""qwen_groq"", ""gpt_oss_20b""]","[""gpt_oss_groq""]","[""Fiction, general"", ""Children's Books - Young Adult Fiction"", ""Adventure and adventurers"", ""Fiction"", ""Survival"", ""Survival Stories"", ""Children: Grades 4-6"", ""Action & Adventure""]","[{""decision"": ""MAINTAIN"", ""evidence_tags"": [""Children's Books - Young Adult Fiction""], ""justification"": ""The tag 'Children's Books - Young Adult Fiction' explicitly supports the classification of the book as Young Adult Audience."", ""model"": ""qwen_groq""}, {""decision"": ""MAINTAIN"", ""evidence_tags"": [""Children's Books - Young Adult Fiction""], ""justification"": ""The tag explicitly identifies the book as Young Adult Fiction."", ""model"": ""gpt_oss_20b""}]","[{""decision"": ""ACCEPT"", ""evidence_tags"": [""Children's Books - Young Adult Fiction""], ""justification"": ""The tag explicitly identifies the book as Young Adult Fiction."", ""model"": ""gpt_oss_groq""}]",MAINTAIN,ACCEPT,MAINTAIN,2of3_opponent_accepts,ACCEPT
9780061060694__metadata__Audience / Age_Group / Teen,9780061060694,Sneaking Around (Pizza Paradise),Metadata,Audience / Age_Group / Teen,1,"[""gpt_oss_groq""]","[""qwen_groq"", ""gpt_oss_20b""]","[""Children's fiction"", ""Schools, fiction"", ""Teen & Young Adult""]","[{""decision"": ""MAINTAIN"", ""evidence_tags"": [""Teen & Young Adult""], ""justification"": ""The tag 'Teen & Young Adult' explicitly indicates a teen audience."", ""model"": ""gpt_oss_groq""}]","[{""decision"": ""ACCEPT"", ""evidence_tags"": [""Teen & Young Adult""], ""justification"": ""The filtered tag 'Teen & Young Adult' explicitly supports the audience classification of Teen."", ""model"": ""qwen_groq""}, {""decision"": ""ACCEPT"", ""evidence_tags"": [""Teen & Young Adult""], ""justification"": ""The tag 'Teen & Young Adult' directly indicates a teen audience."", ""model"": ""gpt_oss_20b""}]",ACCEPT,MAINTAIN,ACCEPT,1of3_both_opponents_accept,ACCEPT
9780061060694__metadata__Audience / Age_Group / Teen / Teen Audience,9780061060694,Sneaking Around (Pizza Paradise),Metadata,Audience / Age_Group / Teen / Teen Audience,2,"[""qwen_groq"", ""gpt_oss_20b""]","[""gpt_oss_groq""]","[""Children's fiction"", ""Schools, fiction"", ""Teen & Young Adult""]","[{""decision"": ""MAINTAIN"", ""evidence_tags"": [""Teen & Young Adult""], ""justification"": ""The filtered tag 'Teen & Young Adult' explicitly supports the disputed path 'Audience / Age_Group / Teen / Teen Audience'."", ""model"": ""qwen_groq""}, {""decision"": ""MAINTAIN"", ""evidence_tags"": [""Teen & Young Adult""], ""justification"": ""The tag \""Teen & Young Adult\"" explicitly indicates a teen audience."", ""model"": ""gpt_oss_20b""}]","[{""decision"": ""ACCEPT"", ""evidence_tags"": [""Teen & Young Adult""], ""justification"": ""The tag \""Teen & Young Adult\"" explicitly indicates a teen audience."", ""model"": ""gpt_oss_groq""}]",MAINTAIN,ACCEPT,MAINTAIN,2of3_opponent_accepts,ACCEPT
9780061060694__metadata__Audience / Age_Group / Young_Adult,9780061060694,Sneaking Around (Pizza Paradise),Metadata,Audience / Age_Group / Young_Adult,1,"[""gpt_oss_groq""]","[""qwen_groq"", ""gpt_oss_20b""]","[""Children's fiction"", ""Schools, fiction"", ""Teen & Young Adult""]","[{""decision"": ""MAINTAIN"", ""evidence_tags"": [""Teen & Young Adult""], ""justification"": ""The tag explicitly lists Teen & Young Adult, supporting the disputed path."", ""model"": ""gpt_oss_groq""}]","[{""decision"": ""ACCEPT"", ""evidence_tags"": [""Teen & Young Adult""], ""justification"": ""The filtered tag 'Teen & Young Adult' explicitly supports the disputed metadata path for Audience / Age_Group / Young_Adult."", ""model"": ""qwen_groq""}, {""decision"": ""ACCEPT"", ""evidence_tags"": [""Teen & Young Adult""], ""justification"": ""The tag explicitly includes Teen & Young Adult, supporting the Young_Adult audience."", ""model"": ""gpt_oss_20b""}]",ACCEPT,MAINTAIN,ACCEPT,1of3_both_opponents_accept,ACCEPT
9780061060694__metadata__Audience / Age_Group / Young_Adult / Young Adult Audience,9780061060694,Sneaking Around (Pizza Paradise),Metadata,Audience / Age_Group / Young_Adult / Young Adult Audience,2,"[""qwen_groq"", ""gpt_oss_20b""]","[""gpt_oss_groq""]","[""Children's fiction"", ""Schools, fiction"", ""Teen & Young Adult""]","[{""decision"": ""MAINTAIN"", ""evidence_tags"": [""Teen & Young Adult""], ""justification"": ""The filtered tag 'Teen & Young Adult' explicitly supports the Young Adult audience classification."", ""model"": ""qwen_groq""}, {""decision"": ""MAINTAIN"", ""evidence_tags"": [""Teen & Young Adult""], ""justification"": ""The tag 'Teen & Young Adult' directly indicates a young adult audience."", ""model"": ""gpt_oss_20b""}]","[{""decision"": ""ACCEPT"", ""evidence_tags"": [""Teen & Young Adult""], ""justification"": ""The tag 'Teen & Young Adult' explicitly indicates a young adult audience."", ""model"": ""gpt_oss_groq""}]",MAINTAIN,ACCEPT,MAINTAIN,2of3_opponent_accepts,ACCEPT
9780061061998__genre__Fiction,9780061061998,Freshman Beach Party (Freshman Dorm Super),Genre,Fiction,2,"[""qwen_groq"", ""gpt_oss_groq""]","[""gpt_oss_20b""]","[""College students"", ""Friendship"", ""Fiction"", ""Fiction, general"", ""Teen & Young Adult""]","[{""decision"": ""MAINTAIN"", ""evidence_tags"": [""Fiction"", ""Fiction, general""], ""justification"": ""The filtered tags explicitly include 'Fiction' and 'Fiction, general', directly supporting the disputed genre path."", ""model"": ""qwen_groq""}, {""decision"": ""MAINTAIN"", ""evidence_tags"": [""Fiction""], ""justification"": ""The tag \""Fiction\"" directly supports the disputed genre path."", ""model"": ""gpt_oss_groq""}]","[{""decision"": ""ACCEPT"", ""evidence_tags"": [""Fiction""], ""justification"": ""The tag 'Fiction' directly supports the disputed genre path."", ""model"": ""gpt_oss_20b""}]",MAINTAIN,MAINTAIN,ACCEPT,2of3_opponent_accepts,ACCEPT
9780061061998__metadata__Audience / Age_Group / Teen,9780061061998,Freshman Beach Party (Freshman Dorm Super),Metadata,Audience / Age_Group / Teen,1,"[""gpt_oss_groq""]","[""qwen_groq"", ""gpt_oss_20b""]","[""College students"", ""Friendship"", ""Fiction"", ""Fiction, general"", ""Teen & Young Adult""]","[{""decision"": ""MAINTAIN"", ""evidence_tags"": [""Teen & Young Adult""], ""justification"": ""The tag 'Teen & Young Adult' explicitly indicates a teen audience."", ""model"": ""gpt_oss_groq""}]","[{""decision"": ""ACCEPT"", ""evidence_tags"": [""Teen & Young Adult""], ""justification"": ""The filtered tag 'Teen & Young Adult' explicitly supports the metadata path Audience / Age_Group / Teen."", ""model"": ""qwen_groq""}, {""decision"": ""ACCEPT"", ""evidence_tags"": [""Teen & Young Adult""], ""justification"": ""The tag 'Teen & Young Adult' directly indicates a teen audience."", ""model"": ""gpt_oss_20b""}]",ACCEPT,MAINTAIN,ACCEPT,1of3_both_opponents_accept,ACCEPT
9780061061998__metadata__Audience / Age_Group / Teen / Teen Audience,9780061061998,Freshman Beach Party (Freshman Dorm Super),Metadata,Audience / Age_Group / Teen / Teen Audience,1,"[""gpt_oss_20b""]","[""qwen_groq"", ""gpt_oss_groq""]","[""College students"", ""Friendship"", ""Fiction"", ""Fiction, general"", ""Teen & Young Adult""]","[{""decision"": ""MAINTAIN"", ""evidence_tags"": [""Teen & Young Adult""], ""justification"": ""The tag \""Teen & Young Adult\"" explicitly indicates a teen audience."", ""model"": ""gpt_oss_20b""}]","[{""decision"": ""ACCEPT"", ""evidence_tags"": [""Teen & Young Adult""], ""justification"": ""The filtered tag \""Teen & Young Adult\"" explicitly supports the metadata path for a Teen audience."", ""model"": ""qwen_groq""}, {""decision"": ""ACCEPT"", ""evidence_tags"": [""Teen & Young Adult""], ""justification"": ""The tag \""Teen & Young Adult\"" directly indicates a teen audience."", ""model"": ""gpt_oss_groq""}]",ACCEPT,ACCEPT,MAINTAIN,1of3_both_opponents_accept,ACCEPT
9780061061998__metadata__Audience / Age_Group / Young_Adult,9780061061998,Freshman Beach Party (Freshman Dorm Super),Metadata,Audience / Age_Group / Young_Adult,1,"[""gpt_oss_groq""]","[""qwen_groq"", ""gpt_oss_20b""]","[""College students"", ""Friendship"", ""Fiction"", ""Fiction, general"", ""Teen & Young Adult""]","[{""decision"": ""MAINTAIN"", ""evidence_tags"": [""Teen & Young Adult""], ""justification"": ""The tag 'Teen & Young Adult' directly supports the Young Adult audience classification."", ""model"": ""gpt_oss_groq""}]","[{""decision"": ""ACCEPT"", ""evidence_tags"": [""Teen & Young Adult""], ""justification"": ""The filtered tag 'Teen & Young Adult' explicitly supports the classification of the audience as Young Adult."", ""model"": ""qwen_groq""}, {""decision"": ""ACCEPT"", ""evidence_tags"": [""Teen & Young Adult""], ""justification"": ""The tag 'Teen & Young Adult' directly indicates a Young Adult audience."", ""model"": ""gpt_oss_20b""}]",ACCEPT,MAINTAIN,ACCEPT,1of3_both_opponents_accept,ACCEPT
9780061061998__metadata__Audience / Age_Group / Young_Adult / Young Adult Audience,9780061061998,Freshman Beach Party (Freshman Dorm Super),Metadata,Audience / Age_Group / Young_Adult / Young Adult Audience,2,"[""qwen_groq"", ""gpt_oss_20b""]","[""gpt_oss_groq""]","[""College students"", ""Friendship"", ""Fiction"", ""Fiction, general"", ""Teen & Young Adult""]","[{""decision"": ""MAINTAIN"", ""evidence_tags"": [""Teen & Young Adult""], ""justification"": ""The filtered tag 'Teen & Young Adult' explicitly supports the classification of the audience as Young Adult."", ""model"": ""qwen_groq""}, {""decision"": ""MAINTAIN"", ""evidence_tags"": [""Teen & Young Adult""], ""justification"": ""The tag 'Teen & Young Adult' explicitly indicates a young adult audience."", ""model"": ""gpt_oss_20b""}]","[{""decision"": ""ACCEPT"", ""evidence_tags"": [""Teen & Young Adult""], ""justification"": ""The tag 'Teen & Young Adult' explicitly indicates a young adult audience."", ""model"": ""gpt_oss_groq""}]",MAINTAIN,ACCEPT,MAINTAIN,2of3_opponent_accepts,ACCEPT
9780061061998__metadata__Thematic_Metadata / Relationship_and_Social_Themes / Friendship,9780061061998,Freshman Beach Party (Freshman Dorm Super),Metadata,Thematic_Metadata / Relationship_and_Social_Themes / Friendship,1,"[""gpt_oss_groq""]","[""qwen_groq"", ""gpt_oss_20b""]","[""College students"", ""Friendship"", ""Fiction"", ""Fiction, general"", ""Teen & Young Adult""]","[{""decision"": ""MAINTAIN"", ""evidence_tags"": [""Friendship""], ""justification"": ""The tag 'Friendship' directly matches the disputed thematic path."", ""model"": ""gpt_oss_groq""}]","[{""decision"": ""ACCEPT"", ""evidence_tags"": [""Friendship""], ""justification"": ""The filtered tag 'Friendship' explicitly supports the disputed thematic path."", ""model"": ""qwen_groq""}, {""decision"": ""ACCEPT"", ""evidence_tags"": [""Friendship""], ""justification"": ""The tag 'Friendship' directly matches the disputed thematic path."", ""model"": ""gpt_oss_20b""}]",ACCEPT,MAINTAIN,ACCEPT,1of3_both_opponents_accept,ACCEPT
9780061061998__metadata__Thematic_Metadata / Relationship_and_Social_Themes / Friendship / Friendship,9780061061998,Freshman Beach Party (Freshman Dorm Super),Metadata,Thematic_Metadata / Relationship_and_Social_Themes / Friendship / Friendship,2,"[""qwen_groq"", ""gpt_oss_20b""]","[""gpt_oss_groq""]","[""College students"", ""Friendship"", ""Fiction"", ""Fiction, general"", ""Teen & Young Adult""]","[{""decision"": ""MAINTAIN"", ""evidence_tags"": [""Friendship""], ""justification"": ""The filtered tag 'Friendship' explicitly supports the metadata path Thematic_Metadata / Relationship_and_Social_Themes / Friendship / Friendship."", ""model"": ""qwen_groq""}, {""decision"": ""MAINTAIN"", ""evidence_tags"": [""Friendship""], ""justification"": ""The tag 'Friendship' directly supports the path."", ""model"": ""gpt_oss_20b""}]","[{""decision"": ""ACCEPT"", ""evidence_tags"": [""Friendship""], ""justification"": ""The filtered tag 'Friendship' directly matches the disputed metadata path."", ""model"": ""gpt_oss_groq""}]",MAINTAIN,ACCEPT,MAINTAIN,2of3_opponent_accepts,ACCEPT
9780061062049__metadata__Audience / Age_Group / Young_Adult / Young Adult Audience,9780061062049,The Most Beautiful Horse in the World,Metadata,Audience / Age_Group / Young_Adult / Young Adult Audience,2,"[""gpt_oss_groq"", ""gpt_oss_20b""]","[""qwen_groq""]","[""Horses"", ""Juvenile fiction"", ""Horsemanship"", ""Fiction"", ""Fiction, general"", ""Readers - Beginner"", ""Children's Books - Young Adult Fiction"", ""Show jumping"", ""Children: Grades 3-4"", ""Animals"", ""Children's Books""]","[{""decision"": ""MAINTAIN"", ""evidence_tags"": [""Children's Books - Young Adult Fiction""], ""justification"": ""The tag explicitly references Young Adult Fiction."", ""model"": ""gpt_oss_groq""}, {""decision"": ""MAINTAIN"", ""evidence_tags"": [""Children's Books - Young Adult Fiction""], ""justification"": ""The tag explicitly indicates a young adult audience."", ""model"": ""gpt_oss_20b""}]","[{""decision"": ""ACCEPT"", ""evidence_tags"": [""Children's Books - Young Adult Fiction""], ""justification"": ""The filtered tag 'Children's Books - Young Adult Fiction' explicitly contains the wording 'Young Adult', directly supporting the disputed metadata path."", ""model"": ""qwen_groq""}]",ACCEPT,MAINTAIN,MAINTAIN,2of3_opponent_accepts,ACCEPT
9780061062049__metadata__Audience / Reading_Level / Beginner,9780061062049,The Most Beautiful Horse in the World,Metadata,Audience / Reading_Level / Beginner,2,"[""qwen_groq"", ""gpt_oss_20b""]","[""gpt_oss_groq""]","[""Horses"", ""Juvenile fiction"", ""Horsemanship"", ""Fiction"", ""Fiction, general"", ""Readers - Beginner"", ""Children's Books - Young Adult Fiction"", ""Show jumping"", ""Children: Grades 3-4"", ""Animals"", ""Children's Books""]","[{""decision"": ""MAINTAIN"", ""evidence_tags"": [""Readers - Beginner""], ""justification"": ""The tag 'Readers - Beginner' explicitly supports the disputed path Audience / Reading_Level / Beginner."", ""model"": ""qwen_groq""}, {""decision"": ""MAINTAIN"", ""evidence_tags"": [""Readers - Beginner""], ""justification"": ""The tag 'Readers - Beginner' explicitly indicates a beginner reading level."", ""model"": ""gpt_oss_20b""}]","[{""decision"": ""ACCEPT"", ""evidence_tags"": [""Readers - Beginner""], ""justification"": ""The tag 'Readers - Beginner' explicitly indicates a beginner reading level."", ""model"": ""gpt_oss_groq""}]",MAINTAIN,ACCEPT,MAINTAIN,2of3_opponent_accepts,ACCEPT
9780061064340__metadata__Audience / Age_Group / Young_Adult / Young Adult Audience,9780061064340,"The Hunchback of Notre Dame (Enchanted Tales, No 3)",Metadata,Audience / Age_Group / Young_Adult / Young Adult Audience,1,"[""qwen_groq""]","[""gpt_oss_groq"", ""gpt_oss_20b""]","[""Notre-Dame de Paris (Cathedral)"", ""Juvenile fiction"", ""People with disabilities"", ""France, fiction"", ""Paris (france), fiction"", ""Quasimodo (fictitious character), fiction"", ""Fiction, general"", ""Children's 4-8 - Literature / Classics"", ""Children: Young Adult (Gr. 7-9)""]","[{""decision"": ""MAINTAIN"", ""evidence_tags"": [""Children: Young Adult (Gr. 7-9)""], ""justification"": ""The filtered tag 'Children: Young Adult (Gr. 7-9)' explicitly supports the Young Adult audience classification."", ""model"": ""qwen_groq""}]","[{""decision"": ""ACCEPT"", ""evidence_tags"": [""Children: Young Adult (Gr. 7-9)""], ""justification"": ""The tag explicitly identifies the book as suitable for a Young Adult audience."", ""model"": ""gpt_oss_groq""}, {""decision"": ""ACCEPT"", ""evidence_tags"": [""Children: Young Adult (Gr. 7-9)""], ""justification"": ""The tag 'Children: Young Adult (Gr. 7-9)' explicitly indicates a young adult audience."", ""model"": ""gpt_oss_20b""}]",MAINTAIN,ACCEPT,ACCEPT,1of3_both_opponents_accept,ACCEPT
9780061064746__genre__Fiction / Horror,9780061064746,Romeo and Ghouliette (BC 23) (Bone Chillers),Genre,Fiction / Horror,1,"[""qwen_groq""]","[""gpt_oss_groq"", ""gpt_oss_20b""]","[""Horror tales"", ""Juvenile fiction"", ""Horror stories"", ""Children's fiction"", ""Juvenile Fiction / Horror & Ghost Stories"", ""Horror & Ghost Stories"", ""Children's 9-12 - Fiction - Horror"", ""Fiction"", ""Horror fiction"", ""Children: Young Adult (Gr. 7-9)"", ""Horror"", ""Novels"", ""Children's Books"", ""Spine-Chilling Horror""]","[{""decision"": ""MAINTAIN"", ""evidence_tags"": [""Juvenile Fiction / Horror & Ghost Stories"", ""Children's 9-12 - Fiction - Horror"", ""Horror fiction""], ""justification"": ""The filtered tags explicitly categorize the book as juvenile fiction and horror, directly supporting the Fiction / Horror genre path."", ""model"": ""qwen_groq""}]","[{""decision"": ""ACCEPT"", ""evidence_tags"": [""Fiction"", ""Horror fiction"", ""Horror""], ""justification"": ""Filtered tags explicitly include both Fiction and Horror categories."", ""model"": ""gpt_oss_groq""}, {""decision"": ""ACCEPT"", ""evidence_tags"": [""Juvenile Fiction / Horror & Ghost Stories"", ""Children's 9-12 - Fiction - Horror"", ""Horror fiction""], ""justification"": ""The filtered tags explicitly list horror and juvenile fiction, directly supporting the Fiction / Horror genre path."", ""model"": ""gpt_oss_20b""}]",MAINTAIN,ACCEPT,ACCEPT,1of3_both_opponents_accept,ACCEPT
9780061064746__metadata__Audience / Age_Group / Young_Adult,9780061064746,Romeo and Ghouliette (BC 23) (Bone Chillers),Metadata,Audience / Age_Group / Young_Adult,1,"[""gpt_oss_groq""]","[""qwen_groq"", ""gpt_oss_20b""]","[""Horror tales"", ""Juvenile fiction"", ""Horror stories"", ""Children's fiction"", ""Juvenile Fiction / Horror & Ghost Stories"", ""Horror & Ghost Stories"", ""Children's 9-12 - Fiction - Horror"", ""Fiction"", ""Horror fiction"", ""Children: Young Adult (Gr. 7-9)"", ""Horror"", ""Novels"", ""Children's Books"", ""Spine-Chilling Horror""]","[{""decision"": ""MAINTAIN"", ""evidence_tags"": [""Children: Young Adult (Gr. 7-9)""], ""justification"": ""The tag explicitly identifies the audience as Young Adult."", ""model"": ""gpt_oss_groq""}]","[{""decision"": ""ACCEPT"", ""evidence_tags"": [""Children: Young Adult (Gr. 7-9)""], ""justification"": ""The filtered tag 'Children: Young Adult (Gr. 7-9)' explicitly identifies the audience as Young Adult."", ""model"": ""qwen_groq""}, {""decision"": ""ACCEPT"", ""evidence_tags"": [""Children: Young Adult (Gr. 7-9)""], ""justification"": ""The tag explicitly identifies the audience as Young Adult."", ""model"": ""gpt_oss_20b""}]",ACCEPT,MAINTAIN,ACCEPT,1of3_both_opponents_accept,ACCEPT
9780061065293__genre__Fiction,9780061065293,Christina's courage,Genre,Fiction,1,"[""qwen_groq""]","[""gpt_oss_groq"", ""gpt_oss_20b""]","[""Horses"", ""Juvenile fiction"", ""Children's fiction"", ""Behavior, fiction"", ""Horses, fiction"", ""Young Adult"", ""Middle Grade"", ""Animals"", ""Contemporary""]","[{""decision"": ""MAINTAIN"", ""evidence_tags"": [""Juvenile fiction"", ""Children's fiction""], ""justification"": ""The filtered tags explicitly identify the work as 'Juvenile fiction' and 'Children's fiction', which directly support the broader genre path of Fiction."", ""model"": ""qwen_groq""}]","[{""decision"": ""ACCEPT"", ""evidence_tags"": [""Juvenile fiction"", ""Children's fiction""], ""justification"": ""The filtered tags identify the work as juvenile and children's fiction, which directly places it within the broader Fiction genre."", ""model"": ""gpt_oss_groq""}, {""decision"": ""ACCEPT"", ""evidence_tags"": [""Juvenile fiction"", ""Children's fiction""], ""justification"": ""The tags 'Juvenile fiction' and 'Children's fiction' are subgenres of Fiction, directly supporting the Fiction path."", ""model"": ""gpt_oss_20b""}]",MAINTAIN,ACCEPT,ACCEPT,1of3_both_opponents_accept,ACCEPT
9780061065293__metadata__Audience / Age_Group / Young_Adult,9780061065293,Christina's courage,Metadata,Audience / Age_Group / Young_Adult,2,"[""qwen_groq"", ""gpt_oss_groq""]","[""gpt_oss_20b""]","[""Horses"", ""Juvenile fiction"", ""Children's fiction"", ""Behavior, fiction"", ""Horses, fiction"", ""Young Adult"", ""Middle Grade"", ""Animals"", ""Contemporary""]","[{""decision"": ""MAINTAIN"", ""evidence_tags"": [""Young Adult""], ""justification"": ""The filtered tag 'Young Adult' explicitly supports the disputed metadata path."", ""model"": ""qwen_groq""}, {""decision"": ""MAINTAIN"", ""evidence_tags"": [""Young Adult""], ""justification"": ""The tag \""Young Adult\"" directly supports the disputed audience path."", ""model"": ""gpt_oss_groq""}]","[{""decision"": ""ACCEPT"", ""evidence_tags"": [""Young Adult""], ""justification"": ""The tag 'Young Adult' directly supports the disputed audience path."", ""model"": ""gpt_oss_20b""}]",MAINTAIN,MAINTAIN,ACCEPT,2of3_opponent_accepts,ACCEPT
9780061065293__metadata__Audience / Age_Group / Young_Adult / Young Adult Audience,9780061065293,Christina's courage,Metadata,Audience / Age_Group / Young_Adult / Young Adult Audience,1,"[""gpt_oss_20b""]","[""qwen_groq"", ""gpt_oss_groq""]","[""Horses"", ""Juvenile fiction"", ""Children's fiction"", ""Behavior, fiction"", ""Horses, fiction"", ""Young Adult"", ""Middle Grade"", ""Animals"", ""Contemporary""]","[{""decision"": ""MAINTAIN"", ""evidence_tags"": [""Young Adult""], ""justification"": ""The tag 'Young Adult' explicitly supports the Young Adult audience path."", ""model"": ""gpt_oss_20b""}]","[{""decision"": ""ACCEPT"", ""evidence_tags"": [""Young Adult""], ""justification"": ""The filtered tag 'Young Adult' explicitly supports the disputed metadata path for the audience age group."", ""model"": ""qwen_groq""}, {""decision"": ""ACCEPT"", ""evidence_tags"": [""Young Adult""], ""justification"": ""The tag \""Young Adult\"" directly indicates a Young Adult audience."", ""model"": ""gpt_oss_groq""}]",ACCEPT,ACCEPT,MAINTAIN,1of3_both_opponents_accept,ACCEPT
9780061067266__genre__Fiction / Romance / General Romance / Romance,9780061067266,Boardwalk,Genre,Fiction / Romance / General Romance / Romance,1,"[""qwen_groq""]","[""gpt_oss_groq"", ""gpt_oss_20b""]","[""Love"", ""Love stories"", ""Fiction, general"", ""Young Adult"", ""Romance""]","[{""decision"": ""MAINTAIN"", ""evidence_tags"": [""Romance"", ""Love stories""], ""justification"": ""The filtered tags 'Romance' and 'Love stories' directly support the classification of the book under the Romance genre path."", ""model"": ""qwen_groq""}]","[{""decision"": ""ACCEPT"", ""evidence_tags"": [""Romance"", ""Love stories""], ""justification"": ""The tags 'Romance' and 'Love stories' directly support the Romance genre path."", ""model"": ""gpt_oss_groq""}, {""decision"": ""ACCEPT"", ""evidence_tags"": [""Romance"", ""Love stories""], ""justification"": ""The tags 'Romance' and 'Love stories' directly support the Romance genre path."", ""model"": ""gpt_oss_20b""}]",MAINTAIN,ACCEPT,ACCEPT,1of3_both_opponents_accept,ACCEPT
9780061067266__metadata__Audience / Age_Group / Young_Adult,9780061067266,Boardwalk,Metadata,Audience / Age_Group / Young_Adult,1,"[""gpt_oss_groq""]","[""qwen_groq"", ""gpt_oss_20b""]","[""Love"", ""Love stories"", ""Fiction, general"", ""Young Adult"", ""Romance""]","[{""decision"": ""MAINTAIN"", ""evidence_tags"": [""Young Adult""], ""justification"": ""The tag \""Young Adult\"" explicitly indicates the audience age group."", ""model"": ""gpt_oss_groq""}]","[{""decision"": ""ACCEPT"", ""evidence_tags"": [""Young Adult""], ""justification"": ""The filtered tag \""Young Adult\"" explicitly supports the disputed metadata path Audience / Age_Group / Young_Adult."", ""model"": ""qwen_groq""}, {""decision"": ""ACCEPT"", ""evidence_tags"": [""Young Adult""], ""justification"": ""The tag \""Young Adult\"" directly supports the age group."", ""model"": ""gpt_oss_20b""}]",ACCEPT,MAINTAIN,ACCEPT,1of3_both_opponents_accept,ACCEPT
9780061067266__metadata__Audience / Age_Group / Young_Adult / Young Adult Audience,9780061067266,Boardwalk,Metadata,Audience / Age_Group / Young_Adult / Young Adult Audience,2,"[""qwen_groq"", ""gpt_oss_20b""]","[""gpt_oss_groq""]","[""Love"", ""Love stories"", ""Fiction, general"", ""Young Adult"", ""Romance""]","[{""decision"": ""MAINTAIN"", ""evidence_tags"": [""Young Adult""], ""justification"": ""The filtered tag 'Young Adult' explicitly supports the disputed metadata path."", ""model"": ""qwen_groq""}, {""decision"": ""MAINTAIN"", ""evidence_tags"": [""Young Adult""], ""justification"": ""The tag \""Young Adult\"" directly supports the audience path."", ""model"": ""gpt_oss_20b""}]","[{""decision"": ""ACCEPT"", ""evidence_tags"": [""Young Adult""], ""justification"": ""The filtered tag \""Young Adult\"" directly supports the disputed audience path."", ""model"": ""gpt_oss_groq""}]",MAINTAIN,ACCEPT,MAINTAIN,2of3_opponent_accepts,ACCEPT
9780061081446__genre__Fiction / Romance,9780061081446,Vows made in wine,Genre,Fiction / Romance,2,"[""qwen_groq"", ""gpt_oss_groq""]","[""gpt_oss_20b""]","[""Fiction"", ""Fiction, general"", ""Historical Romance"", ""Fiction, romance, historical"", ""Romance"", ""Historical"", ""Historical Fiction"", ""Tudor Period"", ""Fiction, romance, historical, general""]","[{""decision"": ""MAINTAIN"", ""evidence_tags"": [""Fiction"", ""Romance""], ""justification"": ""The filtered tags explicitly include both 'Fiction' and 'Romance', directly supporting the disputed genre path."", ""model"": ""qwen_groq""}, {""decision"": ""MAINTAIN"", ""evidence_tags"": [""Fiction, romance, historical"", ""Fiction, romance, historical, general""], ""justification"": ""Filtered tags explicitly combine Fiction and Romance."", ""model"": ""gpt_oss_groq""}]","[{""decision"": ""ACCEPT"", ""evidence_tags"": [""Fiction"", ""Romance""], ""justification"": ""Both 'Fiction' and 'Romance' tags are present, supporting the combined path."", ""model"": ""gpt_oss_20b""}]",MAINTAIN,MAINTAIN,ACCEPT,2of3_opponent_accepts,ACCEPT
9780061081446__metadata__Temporal_Context / Historical_Period,9780061081446,Vows made in wine,Metadata,Temporal_Context / Historical_Period,2,"[""qwen_groq"", ""gpt_oss_groq""]","[""gpt_oss_20b""]","[""Fiction"", ""Fiction, general"", ""Historical Romance"", ""Fiction, romance, historical"", ""Romance"", ""Historical"", ""Historical Fiction"", ""Tudor Period"", ""Fiction, romance, historical, general""]","[{""decision"": ""MAINTAIN"", ""evidence_tags"": [""Tudor Period""], ""justification"": ""The tag 'Tudor Period' explicitly identifies the historical era, directly supporting the Temporal_Context / Historical_Period path."", ""model"": ""qwen_groq""}, {""decision"": ""MAINTAIN"", ""evidence_tags"": [""Tudor Period""], ""justification"": ""The tag explicitly specifies the Tudor Period as a historical era."", ""model"": ""gpt_oss_groq""}]","[{""decision"": ""ACCEPT"", ""evidence_tags"": [""Tudor Period""], ""justification"": ""The tag 'Tudor Period' explicitly identifies the historical era."", ""model"": ""gpt_oss_20b""}]",MAINTAIN,MAINTAIN,ACCEPT,2of3_opponent_accepts,ACCEPT
9780061082214__metadata__Temporal_Context / Publication_Period / Contemporary_Publication,9780061082214,Simply Heaven,Metadata,Temporal_Context / Publication_Period / Contemporary_Publication,1,"[""gpt_oss_20b""]","[""qwen_groq"", ""gpt_oss_groq""]","[""Fiction"", ""Romance"", ""Historical Romance"", ""Historical Fiction"", ""Mixed descent"", ""Native American"", ""Fiction, romance, contemporary"", ""Fiction, romance, general"", ""Historical""]","[{""decision"": ""MAINTAIN"", ""evidence_tags"": [""Fiction, romance, contemporary""], ""justification"": ""The tag explicitly states the book is contemporary."", ""model"": ""gpt_oss_20b""}]","[{""decision"": ""ACCEPT"", ""evidence_tags"": [""Fiction, romance, contemporary""], ""justification"": ""The tag 'Fiction, romance, contemporary' explicitly contains the word 'contemporary', directly supporting the disputed path."", ""model"": ""qwen_groq""}, {""decision"": ""ACCEPT"", ""evidence_tags"": [""Fiction, romance, contemporary""], ""justification"": ""The tag explicitly indicates the book is contemporary."", ""model"": ""gpt_oss_groq""}]",ACCEPT,ACCEPT,MAINTAIN,1of3_both_opponents_accept,ACCEPT
9780061090585__genre__Nonfiction,9780061090585,Quitting the Mob,Genre,Nonfiction,1,"[""qwen_groq""]","[""gpt_oss_groq"", ""gpt_oss_20b""]","[""Mafia"", ""Organized crime"", ""Murder"", ""True Crime"", ""Biography"", ""Nonfiction"", ""Crime""]","[{""decision"": ""MAINTAIN"", ""evidence_tags"": [""Nonfiction""], ""justification"": ""The filtered tag 'Nonfiction' directly matches the disputed genre path."", ""model"": ""qwen_groq""}]","[{""decision"": ""ACCEPT"", ""evidence_tags"": [""Nonfiction""], ""justification"": ""The filtered tag 'Nonfiction' directly matches the disputed genre path."", ""model"": ""gpt_oss_groq""}, {""decision"": ""ACCEPT"", ""evidence_tags"": [""Nonfiction""], ""justification"": ""The tag 'Nonfiction' directly matches the disputed genre path."", ""model"": ""gpt_oss_20b""}]",MAINTAIN,ACCEPT,ACCEPT,1of3_both_opponents_accept,ACCEPT
9780061090585__genre__Nonfiction / Biography,9780061090585,Quitting the Mob,Genre,Nonfiction / Biography,2,"[""qwen_groq"", ""gpt_oss_20b""]","[""gpt_oss_groq""]","[""Mafia"", ""Organized crime"", ""Murder"", ""True Crime"", ""Biography"", ""Nonfiction"", ""Crime""]","[{""decision"": ""MAINTAIN"", ""evidence_tags"": [""Nonfiction"", ""Biography""], ""justification"": ""The filtered tags explicitly include 'Nonfiction' and 'Biography', which directly support the disputed genre path."", ""model"": ""qwen_groq""}, {""decision"": ""MAINTAIN"", ""evidence_tags"": [""Biography"", ""Nonfiction""], ""justification"": ""Both 'Biography' and 'Nonfiction' tags directly support the genre path."", ""model"": ""gpt_oss_20b""}]","[{""decision"": ""ACCEPT"", ""evidence_tags"": [""Biography"", ""Nonfiction""], ""justification"": ""The filtered tags include both 'Nonfiction' and 'Biography', directly supporting the disputed genre path."", ""model"": ""gpt_oss_groq""}]",MAINTAIN,ACCEPT,MAINTAIN,2of3_opponent_accepts,ACCEPT
9780061090585__genre__Nonfiction / Biography / Biography,9780061090585,Quitting the Mob,Genre,Nonfiction / Biography / Biography,2,"[""qwen_groq"", ""gpt_oss_groq""]","[""gpt_oss_20b""]","[""Mafia"", ""Organized crime"", ""Murder"", ""True Crime"", ""Biography"", ""Nonfiction"", ""Crime""]","[{""decision"": ""MAINTAIN"", ""evidence_tags"": [""Biography"", ""Nonfiction""], ""justification"": ""The filtered tags explicitly include 'Biography' and 'Nonfiction', which directly support the disputed genre path."", ""model"": ""qwen_groq""}, {""decision"": ""MAINTAIN"", ""evidence_tags"": [""Biography"", ""Nonfiction""], ""justification"": ""The tags include both “Nonfiction” and “Biography,” directly supporting the disputed genre path."", ""model"": ""gpt_oss_groq""}]","[{""decision"": ""ACCEPT"", ""evidence_tags"": [""Biography"", ""Nonfiction""], ""justification"": ""The tags 'Biography' and 'Nonfiction' directly support the disputed genre path."", ""model"": ""gpt_oss_20b""}]",MAINTAIN,MAINTAIN,ACCEPT,2of3_opponent_accepts,ACCEPT
9780061094330__genre__Fiction / Romance,9780061094330,A Respectable Trade,Genre,Fiction / Romance,1,"[""gpt_oss_groq""]","[""qwen_groq"", ""gpt_oss_20b""]","[""Fiction"", ""History"", ""Historical Fiction"", ""Historical"", ""18th Century"", ""British Literature"", ""Man-woman relationships"", ""Married women"", ""Slave trade"", ""Slaves"", ""England"", ""Bristol (England) -- History -- Fiction."", ""Man-woman relationships -- England -- Bristol -- History -- 18th century -- Fiction."", ""Slave trade -- England -- Bristol -- History -- 18th century -- Fiction."", ""Africans -- England -- Bristol -- History -- 18th century -- Fiction."", ""Married women -- England -- Bristol -- Fiction."", ""Slaves -- England -- Bristol -- Fiction."", ""Fiction, historical, general"", ""Man-woman relationships, fiction"", ""England, fiction"", ""Married people, fiction"", ""Literature & Fiction"", ""Genre Fiction"", ""Romance"", ""Historical Romance"", ""Africans"", ""Slave-trade""]","[{""decision"": ""MAINTAIN"", ""evidence_tags"": [""Fiction"", ""Romance""], ""justification"": ""The tags include both \""Fiction\"" and \""Romance\"", directly supporting the disputed genre path."", ""model"": ""gpt_oss_groq""}]","[{""decision"": ""ACCEPT"", ""evidence_tags"": [""Fiction"", ""Romance""], ""justification"": ""The filtered tags explicitly include both 'Fiction' and 'Romance', directly supporting the disputed genre path."", ""model"": ""qwen_groq""}, {""decision"": ""ACCEPT"", ""evidence_tags"": [""Fiction"", ""Romance""], ""justification"": ""Both \""Fiction\"" and \""Romance\"" tags are present in the filtered tags."", ""model"": ""gpt_oss_20b""}]",ACCEPT,MAINTAIN,ACCEPT,1of3_both_opponents_accept,ACCEPT
9780064401319__genre__Fiction / Adventure,9780064401319,Cry of the Crow,Genre,Fiction / Adventure,1,"[""gpt_oss_groq""]","[""qwen_groq"", ""gpt_oss_20b""]","[""Wildlife rescue"", ""Fiction"", ""Crows"", ""Crows, fiction"", ""Animals"", ""Young Adult"", ""Children's fiction"", ""Family life, fiction"", ""Nature"", ""Adventure"", ""Birds""]","[{""decision"": ""MAINTAIN"", ""evidence_tags"": [""Fiction"", ""Adventure""], ""justification"": ""Both 'Fiction' and 'Adventure' tags directly support the disputed path."", ""model"": ""gpt_oss_groq""}]","[{""decision"": ""ACCEPT"", ""evidence_tags"": [""Fiction"", ""Adventure""], ""justification"": ""The filtered tags explicitly include both 'Fiction' and 'Adventure', directly supporting the disputed genre path."", ""model"": ""qwen_groq""}, {""decision"": ""ACCEPT"", ""evidence_tags"": [""Fiction"", ""Adventure""], ""justification"": ""Both tags directly match the disputed genre path."", ""model"": ""gpt_oss_20b""}]",ACCEPT,MAINTAIN,ACCEPT,1of3_both_opponents_accept,ACCEPT
9780064401319__genre__Fiction / Adventure / General Adventure Fiction / Adventure Fiction,9780064401319,Cry of the Crow,Genre,Fiction / Adventure / General Adventure Fiction / Adventure Fiction,2,"[""qwen_groq"", ""gpt_oss_20b""]","[""gpt_oss_groq""]","[""Wildlife rescue"", ""Fiction"", ""Crows"", ""Crows, fiction"", ""Animals"", ""Young Adult"", ""Children's fiction"", ""Family life, fiction"", ""Nature"", ""Adventure"", ""Birds""]","[{""decision"": ""MAINTAIN"", ""evidence_tags"": [""Adventure"", ""Fiction""], ""justification"": ""The filtered tags explicitly include 'Adventure' and 'Fiction', which directly support the disputed genre path."", ""model"": ""qwen_groq""}, {""decision"": ""MAINTAIN"", ""evidence_tags"": [""Fiction"", ""Adventure""], ""justification"": ""The tags include both Fiction and Adventure, supporting the disputed genre path."", ""model"": ""gpt_oss_20b""}]","[{""decision"": ""ACCEPT"", ""evidence_tags"": [""Adventure"", ""Fiction""], ""justification"": ""The tags include both 'Adventure' and 'Fiction', directly supporting the disputed genre path."", ""model"": ""gpt_oss_groq""}]",MAINTAIN,ACCEPT,MAINTAIN,2of3_opponent_accepts,ACCEPT
9780064401319__metadata__Audience / Age_Group / Young_Adult,9780064401319,Cry of the Crow,Metadata,Audience / Age_Group / Young_Adult,2,"[""gpt_oss_groq"", ""gpt_oss_20b""]","[""qwen_groq""]","[""Wildlife rescue"", ""Fiction"", ""Crows"", ""Crows, fiction"", ""Animals"", ""Young Adult"", ""Children's fiction"", ""Family life, fiction"", ""Nature"", ""Adventure"", ""Birds""]","[{""decision"": ""MAINTAIN"", ""evidence_tags"": [""Young Adult""], ""justification"": ""The tag \""Young Adult\"" directly indicates the audience age group."", ""model"": ""gpt_oss_groq""}, {""decision"": ""MAINTAIN"", ""evidence_tags"": [""Young Adult""], ""justification"": ""The tag 'Young Adult' directly supports the Young_Adult audience."", ""model"": ""gpt_oss_20b""}]","[{""decision"": ""ACCEPT"", ""evidence_tags"": [""Young Adult""], ""justification"": ""The filtered tag 'Young Adult' explicitly supports the disputed metadata path for Audience / Age_Group / Young_Adult."", ""model"": ""qwen_groq""}]",ACCEPT,MAINTAIN,MAINTAIN,2of3_opponent_accepts,ACCEPT
9780064401319__metadata__Audience / Age_Group / Young_Adult / Young Adult Audience,9780064401319,Cry of the Crow,Metadata,Audience / Age_Group / Young_Adult / Young Adult Audience,1,"[""qwen_groq""]","[""gpt_oss_groq"", ""gpt_oss_20b""]","[""Wildlife rescue"", ""Fiction"", ""Crows"", ""Crows, fiction"", ""Animals"", ""Young Adult"", ""Children's fiction"", ""Family life, fiction"", ""Nature"", ""Adventure"", ""Birds""]","[{""decision"": ""MAINTAIN"", ""evidence_tags"": [""Young Adult""], ""justification"": ""The filtered tag 'Young Adult' explicitly supports the disputed metadata path."", ""model"": ""qwen_groq""}]","[{""decision"": ""ACCEPT"", ""evidence_tags"": [""Young Adult""], ""justification"": ""The filtered tag 'Young Adult' directly supports the disputed audience metadata."", ""model"": ""gpt_oss_groq""}, {""decision"": ""ACCEPT"", ""evidence_tags"": [""Young Adult""], ""justification"": ""The tag 'Young Adult' directly supports the disputed metadata path."", ""model"": ""gpt_oss_20b""}]",MAINTAIN,ACCEPT,ACCEPT,1of3_both_opponents_accept,ACCEPT
9780064401319__metadata__Thematic_Metadata / Nature_and_Environment_Themes / Animals,9780064401319,Cry of the Crow,Metadata,Thematic_Metadata / Nature_and_Environment_Themes / Animals,1,"[""gpt_oss_groq""]","[""qwen_groq"", ""gpt_oss_20b""]","[""Wildlife rescue"", ""Fiction"", ""Crows"", ""Crows, fiction"", ""Animals"", ""Young Adult"", ""Children's fiction"", ""Family life, fiction"", ""Nature"", ""Adventure"", ""Birds""]","[{""decision"": ""MAINTAIN"", ""evidence_tags"": [""Animals""], ""justification"": ""The tag \""Animals\"" directly supports the Animals thematic metadata."", ""model"": ""gpt_oss_groq""}]","[{""decision"": ""ACCEPT"", ""evidence_tags"": [""Animals""], ""justification"": ""The filtered tag \""Animals\"" explicitly matches the final node of the disputed metadata path."", ""model"": ""qwen_groq""}, {""decision"": ""ACCEPT"", ""evidence_tags"": [""Animals""], ""justification"": ""The tag \""Animals\"" directly supports the Animals thematic metadata."", ""model"": ""gpt_oss_20b""}]",ACCEPT,MAINTAIN,ACCEPT,1of3_both_opponents_accept,ACCEPT
9780064403511__genre__Fiction,9780064403511,Chasing After Annie,Genre,Fiction,2,"[""qwen_groq"", ""gpt_oss_20b""]","[""gpt_oss_groq""]","[""Friendship"", ""Dogs"", ""Diaries"", ""Fiction"", ""Juvenile fiction"", ""Children's fiction"", ""Girls, fiction"", ""Dogs, fiction"", ""General"", ""Children's Books/Ages 4-8 Fiction"", ""Children: Grades 2-3""]","[{""decision"": ""MAINTAIN"", ""evidence_tags"": [""Fiction"", ""Juvenile fiction"", ""Children's fiction""], ""justification"": ""The filtered tags explicitly include 'Fiction', 'Juvenile fiction', and 'Children's fiction', directly supporting the disputed genre path."", ""model"": ""qwen_groq""}, {""decision"": ""MAINTAIN"", ""evidence_tags"": [""Fiction""], ""justification"": ""The tag \""Fiction\"" directly supports the genre path."", ""model"": ""gpt_oss_20b""}]","[{""decision"": ""ACCEPT"", ""evidence_tags"": [""Fiction""], ""justification"": ""The tag \""Fiction\"" directly supports the disputed genre path."", ""model"": ""gpt_oss_groq""}]",MAINTAIN,ACCEPT,MAINTAIN,2of3_opponent_accepts,ACCEPT
9780064403511__metadata__Thematic_Metadata / Relationship_and_Social_Themes / Friendship,9780064403511,Chasing After Annie,Metadata,Thematic_Metadata / Relationship_and_Social_Themes / Friendship,1,"[""gpt_oss_groq""]","[""qwen_groq"", ""gpt_oss_20b""]","[""Friendship"", ""Dogs"", ""Diaries"", ""Fiction"", ""Juvenile fiction"", ""Children's fiction"", ""Girls, fiction"", ""Dogs, fiction"", ""General"", ""Children's Books/Ages 4-8 Fiction"", ""Children: Grades 2-3""]","[{""decision"": ""MAINTAIN"", ""evidence_tags"": [""Friendship""], ""justification"": ""The tag \""Friendship\"" directly supports the friendship thematic path."", ""model"": ""gpt_oss_groq""}]","[{""decision"": ""ACCEPT"", ""evidence_tags"": [""Friendship""], ""justification"": ""The filtered tag \""Friendship\"" explicitly supports the disputed metadata path Thematic_Metadata / Relationship_and_Social_Themes / Friendship."", ""model"": ""qwen_groq""}, {""decision"": ""ACCEPT"", ""evidence_tags"": [""Friendship""], ""justification"": ""The tag \""Friendship\"" directly supports the friendship thematic path."", ""model"": ""gpt_oss_20b""}]",ACCEPT,MAINTAIN,ACCEPT,1of3_both_opponents_accept,ACCEPT
9780064404938__genre__Fiction,9780064404938,The Chilling Hour,Genre,Fiction,1,"[""qwen_groq""]","[""gpt_oss_groq"", ""gpt_oss_20b""]","[""Horror stories"", ""Horror tales, American"", ""Short stories"", ""Supernatural"", ""Occult fiction"", ""Fiction"", ""Supernatural, fiction"", ""Horror tales""]","[{""decision"": ""MAINTAIN"", ""evidence_tags"": [""Fiction""], ""justification"": ""The filtered tag 'Fiction' directly supports the disputed genre path."", ""model"": ""qwen_groq""}]","[{""decision"": ""ACCEPT"", ""evidence_tags"": [""Fiction""], ""justification"": ""The tag \""Fiction\"" directly matches the disputed genre path."", ""model"": ""gpt_oss_groq""}, {""decision"": ""ACCEPT"", ""evidence_tags"": [""Fiction""], ""justification"": ""The tag 'Fiction' directly supports the disputed genre path."", ""model"": ""gpt_oss_20b""}]",MAINTAIN,ACCEPT,ACCEPT,1of3_both_opponents_accept,ACCEPT
9780064404938__genre__Fiction / Horror,9780064404938,The Chilling Hour,Genre,Fiction / Horror,1,"[""qwen_groq""]","[""gpt_oss_groq"", ""gpt_oss_20b""]","[""Horror stories"", ""Horror tales, American"", ""Short stories"", ""Supernatural"", ""Occult fiction"", ""Fiction"", ""Supernatural, fiction"", ""Horror tales""]","[{""decision"": ""MAINTAIN"", ""evidence_tags"": [""Horror stories"", ""Horror tales, American"", ""Horror tales""], ""justification"": ""The filtered tags explicitly include 'Horror stories' and 'Horror tales', directly supporting the Horror genre classification."", ""model"": ""qwen_groq""}]","[{""decision"": ""ACCEPT"", ""evidence_tags"": [""Horror stories"", ""Horror tales, American"", ""Horror tales""], ""justification"": ""Filtered tags explicitly include horror-related categories supporting the Horror genre."", ""model"": ""gpt_oss_groq""}, {""decision"": ""ACCEPT"", ""evidence_tags"": [""Horror stories"", ""Horror tales, American"", ""Horror tales"", ""Fiction""], ""justification"": ""The tags explicitly include Horror and Fiction, supporting the Fiction/Horror path."", ""model"": ""gpt_oss_20b""}]",MAINTAIN,ACCEPT,ACCEPT,1of3_both_opponents_accept,ACCEPT
9780064404938__metadata__Book_Format_and_Form / Textual_Form / Short_Form / Short Story,9780064404938,The Chilling Hour,Metadata,Book_Format_and_Form / Textual_Form / Short_Form / Short Story,2,"[""qwen_groq"", ""gpt_oss_groq""]","[""gpt_oss_20b""]","[""Horror stories"", ""Horror tales, American"", ""Short stories"", ""Supernatural"", ""Occult fiction"", ""Fiction"", ""Supernatural, fiction"", ""Horror tales""]","[{""decision"": ""MAINTAIN"", ""evidence_tags"": [""Short stories""], ""justification"": ""The filtered tag 'Short stories' explicitly supports the classification of the book as a Short Story."", ""model"": ""qwen_groq""}, {""decision"": ""MAINTAIN"", ""evidence_tags"": [""Short stories""], ""justification"": ""The tag \""Short stories\"" directly confirms the short story form."", ""model"": ""gpt_oss_groq""}]","[{""decision"": ""ACCEPT"", ""evidence_tags"": [""Short stories""], ""justification"": ""The tag \""Short stories\"" directly supports the classification as a short story."", ""model"": ""gpt_oss_20b""}]",MAINTAIN,MAINTAIN,ACCEPT,2of3_opponent_accepts,ACCEPT
9780064405577__genre__Fiction / Horror,9780064405577,My Brother the Ghost,Genre,Fiction / Horror,1,"[""qwen_groq""]","[""gpt_oss_groq"", ""gpt_oss_20b""]","[""Ghosts"", ""Horror stories"", ""Ghost stories"", ""Children's fiction"", ""Children's Books/Ages 9-12 Fiction"", ""Fiction"", ""Horror"", ""Children: Grades 3-4"", ""Juvenile"", ""Children's Books"", ""Literature & Fiction"", ""Horror tales""]","[{""decision"": ""MAINTAIN"", ""evidence_tags"": [""Fiction"", ""Horror""], ""justification"": ""The filtered tags explicitly include both 'Fiction' and 'Horror', directly supporting the disputed genre path."", ""model"": ""qwen_groq""}]","[{""decision"": ""ACCEPT"", ""evidence_tags"": [""Fiction"", ""Horror""], ""justification"": ""The filtered tags contain both 'Fiction' and 'Horror', directly supporting the disputed genre path."", ""model"": ""gpt_oss_groq""}, {""decision"": ""ACCEPT"", ""evidence_tags"": [""Fiction"", ""Horror""], ""justification"": ""Both 'Fiction' and 'Horror' tags directly support the Fiction/Horror path."", ""model"": ""gpt_oss_20b""}]",MAINTAIN,ACCEPT,ACCEPT,1of3_both_opponents_accept,ACCEPT
9780064420013__genre__Fiction / Adventure,9780064420013,Jason and the Escape from Bat Planet/a Trophy Chapter Book,Genre,Fiction / Adventure,2,"[""gpt_oss_groq"", ""gpt_oss_20b""]","[""qwen_groq""]","[""Children's fiction"", ""Science fiction"", ""Readers - Beginner"", ""Children's 9-12 - Fiction - General"", ""Adventure and adventurers"", ""Extraterrestrial beings"", ""Fiction"", ""Children: Grades 2-3""]","[{""decision"": ""MAINTAIN"", ""evidence_tags"": [""Adventure and adventurers"", ""Fiction""], ""justification"": ""The tags include both 'Fiction' and 'Adventure and adventurers', directly supporting the disputed path."", ""model"": ""gpt_oss_groq""}, {""decision"": ""MAINTAIN"", ""evidence_tags"": [""Adventure and adventurers"", ""Fiction""], ""justification"": ""The tags include both Fiction and Adventure, directly supporting the path."", ""model"": ""gpt_oss_20b""}]","[{""decision"": ""ACCEPT"", ""evidence_tags"": [""Fiction"", ""Adventure and adventurers""], ""justification"": ""The filtered tags explicitly include 'Fiction' and 'Adventure and adventurers', which directly support the disputed genre path."", ""model"": ""qwen_groq""}]",ACCEPT,MAINTAIN,MAINTAIN,2of3_opponent_accepts,ACCEPT
9780064420013__genre__Fiction / Adventure / General Adventure Fiction / Adventure Fiction,9780064420013,Jason and the Escape from Bat Planet/a Trophy Chapter Book,Genre,Fiction / Adventure / General Adventure Fiction / Adventure Fiction,1,"[""qwen_groq""]","[""gpt_oss_groq"", ""gpt_oss_20b""]","[""Children's fiction"", ""Science fiction"", ""Readers - Beginner"", ""Children's 9-12 - Fiction - General"", ""Adventure and adventurers"", ""Extraterrestrial beings"", ""Fiction"", ""Children: Grades 2-3""]","[{""decision"": ""MAINTAIN"", ""evidence_tags"": [""Adventure and adventurers"", ""Fiction""], ""justification"": ""The filtered tags 'Fiction' and 'Adventure and adventurers' directly support the classification of the book as Adventure Fiction."", ""model"": ""qwen_groq""}]","[{""decision"": ""ACCEPT"", ""evidence_tags"": [""Adventure and adventurers"", ""Fiction""], ""justification"": ""The tags provide both adventure and fiction classification supporting the disputed path."", ""model"": ""gpt_oss_groq""}, {""decision"": ""ACCEPT"", ""evidence_tags"": [""Adventure and adventurers"", ""Fiction""], ""justification"": ""The tags 'Adventure and adventurers' and 'Fiction' directly support the classification as Adventure Fiction."", ""model"": ""gpt_oss_20b""}]",MAINTAIN,ACCEPT,ACCEPT,1of3_both_opponents_accept,ACCEPT
9780064420013__genre__Fiction / Science Fiction,9780064420013,Jason and the Escape from Bat Planet/a Trophy Chapter Book,Genre,Fiction / Science Fiction,2,"[""gpt_oss_groq"", ""gpt_oss_20b""]","[""qwen_groq""]","[""Children's fiction"", ""Science fiction"", ""Readers - Beginner"", ""Children's 9-12 - Fiction - General"", ""Adventure and adventurers"", ""Extraterrestrial beings"", ""Fiction"", ""Children: Grades 2-3""]","[{""decision"": ""MAINTAIN"", ""evidence_tags"": [""Science fiction"", ""Fiction""], ""justification"": ""The tags include both \""Science fiction\"" and \""Fiction\"", directly supporting the disputed genre path."", ""model"": ""gpt_oss_groq""}, {""decision"": ""MAINTAIN"", ""evidence_tags"": [""Science fiction"", ""Fiction""], ""justification"": ""The tags include both 'Science fiction' and 'Fiction', directly supporting the path."", ""model"": ""gpt_oss_20b""}]","[{""decision"": ""ACCEPT"", ""evidence_tags"": [""Science fiction"", ""Fiction""], ""justification"": ""The filtered tags explicitly include both 'Fiction' and 'Science fiction', directly supporting the disputed genre path."", ""model"": ""qwen_groq""}]",ACCEPT,MAINTAIN,MAINTAIN,2of3_opponent_accepts,ACCEPT
9780064420013__genre__Fiction / Science Fiction / General Science Fiction / Science Fiction,9780064420013,Jason and the Escape from Bat Planet/a Trophy Chapter Book,Genre,Fiction / Science Fiction / General Science Fiction / Science Fiction,1,"[""qwen_groq""]","[""gpt_oss_groq"", ""gpt_oss_20b""]","[""Children's fiction"", ""Science fiction"", ""Readers - Beginner"", ""Children's 9-12 - Fiction - General"", ""Adventure and adventurers"", ""Extraterrestrial beings"", ""Fiction"", ""Children: Grades 2-3""]","[{""decision"": ""MAINTAIN"", ""evidence_tags"": [""Science fiction""], ""justification"": ""The filtered tag 'Science fiction' directly supports the disputed genre path."", ""model"": ""qwen_groq""}]","[{""decision"": ""ACCEPT"", ""evidence_tags"": [""Science fiction""], ""justification"": ""The filtered tag 'Science fiction' directly matches the disputed genre path."", ""model"": ""gpt_oss_groq""}, {""decision"": ""ACCEPT"", ""evidence_tags"": [""Science fiction""], ""justification"": ""The tag 'Science fiction' directly supports the disputed genre path."", ""model"": ""gpt_oss_20b""}]",MAINTAIN,ACCEPT,ACCEPT,1of3_both_opponents_accept,ACCEPT
9780064420013__metadata__Audience / Reading_Level / Beginner,9780064420013,Jason and the Escape from Bat Planet/a Trophy Chapter Book,Metadata,Audience / Reading_Level / Beginner,1,"[""gpt_oss_20b""]","[""qwen_groq"", ""gpt_oss_groq""]","[""Children's fiction"", ""Science fiction"", ""Readers - Beginner"", ""Children's 9-12 - Fiction - General"", ""Adventure and adventurers"", ""Extraterrestrial beings"", ""Fiction"", ""Children: Grades 2-3""]","[{""decision"": ""MAINTAIN"", ""evidence_tags"": [""Readers - Beginner""], ""justification"": ""The tag 'Readers - Beginner' explicitly indicates a beginner reading level."", ""model"": ""gpt_oss_20b""}]","[{""decision"": ""ACCEPT"", ""evidence_tags"": [""Readers - Beginner""], ""justification"": ""The tag 'Readers - Beginner' explicitly supports the disputed path Audience / Reading_Level / Beginner."", ""model"": ""qwen_groq""}, {""decision"": ""ACCEPT"", ""evidence_tags"": [""Readers - Beginner""], ""justification"": ""The tag 'Readers - Beginner' explicitly denotes a beginner reading level."", ""model"": ""gpt_oss_groq""}]",ACCEPT,ACCEPT,MAINTAIN,1of3_both_opponents_accept,ACCEPT
9780064420655__genre__Fiction,9780064420655,The revenge of the pirate ghost,Genre,Fiction,1,"[""qwen_groq""]","[""gpt_oss_groq"", ""gpt_oss_20b""]","[""Ghosts"", ""Pirates"", ""Fiction"", ""Ghost stories"", ""Juvenile fiction"", ""Children's fiction"", ""Pirates, fiction"", ""Ghosts -- Fiction"", ""Pirates -- Fiction"", ""Children's Books""]","[{""decision"": ""MAINTAIN"", ""evidence_tags"": [""Fiction"", ""Juvenile fiction"", ""Children's fiction""], ""justification"": ""The filtered tags explicitly include 'Fiction', 'Juvenile fiction', and 'Children's fiction', directly supporting the disputed genre path."", ""model"": ""qwen_groq""}]","[{""decision"": ""ACCEPT"", ""evidence_tags"": [""Fiction""], ""justification"": ""The filtered tags contain the exact tag 'Fiction', directly supporting the disputed genre path."", ""model"": ""gpt_oss_groq""}, {""decision"": ""ACCEPT"", ""evidence_tags"": [""Fiction""], ""justification"": ""The filtered tags contain the exact tag 'Fiction', directly supporting the disputed genre path."", ""model"": ""gpt_oss_20b""}]",MAINTAIN,ACCEPT,ACCEPT,1of3_both_opponents_accept,ACCEPT
9780070423749__genre__Nonfiction / Biography,9780070423749,Almost like a song,Genre,Nonfiction / Biography,1,"[""gpt_oss_20b""]","[""qwen_groq"", ""gpt_oss_groq""]","[""Biography"", ""Country musicians"", ""Country musicians -- United States -- Biography."", ""Music""]","[{""decision"": ""MAINTAIN"", ""evidence_tags"": [""Biography"", ""Country musicians -- United States -- Biography.""], ""justification"": ""The filtered tags include 'Biography', directly supporting the nonfiction biography path."", ""model"": ""gpt_oss_20b""}]","[{""decision"": ""ACCEPT"", ""evidence_tags"": [""Biography"", ""Country musicians -- United States -- Biography.""], ""justification"": ""The filtered tags explicitly include 'Biography' and a specific subject heading for biography, directly supporting the Nonfiction / Biography genre path."", ""model"": ""qwen_groq""}, {""decision"": ""ACCEPT"", ""evidence_tags"": [""Biography"", ""Country musicians -- United States -- Biography.""], ""justification"": ""The filtered tags contain explicit biography labels, directly supporting the nonfiction biography path."", ""model"": ""gpt_oss_groq""}]",ACCEPT,ACCEPT,MAINTAIN,1of3_both_opponents_accept,ACCEPT
9780070423749__metadata__Geographical_Context / Country_or_National_Context / Country_Based_Context,9780070423749,Almost like a song,Metadata,Geographical_Context / Country_or_National_Context / Country_Based_Context,1,"[""gpt_oss_20b""]","[""qwen_groq"", ""gpt_oss_groq""]","[""Biography"", ""Country musicians"", ""Country musicians -- United States -- Biography."", ""Music""]","[{""decision"": ""MAINTAIN"", ""evidence_tags"": [""Country musicians -- United States -- Biography.""], ""justification"": ""The tag explicitly references the United States, supporting the country context."", ""model"": ""gpt_oss_20b""}]","[{""decision"": ""ACCEPT"", ""evidence_tags"": [""Country musicians -- United States -- Biography.""], ""justification"": ""The filtered tag explicitly contains the string 'United States', directly supporting the Country_Based_Context path."", ""model"": ""qwen_groq""}, {""decision"": ""ACCEPT"", ""evidence_tags"": [""Country musicians -- United States -- Biography.""], ""justification"": ""The tag explicitly mentions the United States, providing country context."", ""model"": ""gpt_oss_groq""}]",ACCEPT,ACCEPT,MAINTAIN,1of3_both_opponents_accept,ACCEPT
9780091706005__genre__Fiction / Romance,9780091706005,The ladies of Missalonghi,Genre,Fiction / Romance,1,"[""gpt_oss_groq""]","[""qwen_groq"", ""gpt_oss_20b""]","[""Women"", ""Fiction"", ""Romance fiction"", ""Man-woman relationships"", ""Social life and customs"", ""Manners and customs"", ""Fiction, historical, general"", ""Australia, fiction"", ""Women -- Australia -- Fiction."", ""Historical Fiction"", ""Romance"", ""Australia"", ""Historical"", ""Historical Romance"", ""Literature & Fiction"", ""Genre Fiction""]","[{""decision"": ""MAINTAIN"", ""evidence_tags"": [""Romance"", ""Romance fiction""], ""justification"": ""The tags include both Romance and Romance fiction, directly supporting the Fiction / Romance path."", ""model"": ""gpt_oss_groq""}]","[{""decision"": ""ACCEPT"", ""evidence_tags"": [""Romance"", ""Romance fiction""], ""justification"": ""The filtered tags explicitly include 'Romance' and 'Romance fiction', directly supporting the disputed genre path."", ""model"": ""qwen_groq""}, {""decision"": ""ACCEPT"", ""evidence_tags"": [""Romance"", ""Romance fiction""], ""justification"": ""The tags explicitly include Romance and Romance fiction, matching the disputed path."", ""model"": ""gpt_oss_20b""}]",ACCEPT,MAINTAIN,ACCEPT,1of3_both_opponents_accept,ACCEPT
9780091706005__genre__Fiction / Romance / General Romance / Romance,9780091706005,The ladies of Missalonghi,Genre,Fiction / Romance / General Romance / Romance,2,"[""qwen_groq"", ""gpt_oss_20b""]","[""gpt_oss_groq""]","[""Women"", ""Fiction"", ""Romance fiction"", ""Man-woman relationships"", ""Social life and customs"", ""Manners and customs"", ""Fiction, historical, general"", ""Australia, fiction"", ""Women -- Australia -- Fiction."", ""Historical Fiction"", ""Romance"", ""Australia"", ""Historical"", ""Historical Romance"", ""Literature & Fiction"", ""Genre Fiction""]","[{""decision"": ""MAINTAIN"", ""evidence_tags"": [""Romance"", ""Romance fiction""], ""justification"": ""The filtered tags explicitly include 'Romance' and 'Romance fiction', directly supporting the disputed genre path."", ""model"": ""qwen_groq""}, {""decision"": ""MAINTAIN"", ""evidence_tags"": [""Romance"", ""Romance fiction"", ""Historical Romance""], ""justification"": ""The tags explicitly include Romance and Romance fiction, supporting the disputed genre path."", ""model"": ""gpt_oss_20b""}]","[{""decision"": ""ACCEPT"", ""evidence_tags"": [""Romance"", ""Romance fiction""], ""justification"": ""The filtered tags include Romance and Romance fiction, directly supporting the disputed genre path."", ""model"": ""gpt_oss_groq""}]",MAINTAIN,ACCEPT,MAINTAIN,2of3_opponent_accepts,ACCEPT
9780140060584__genre__Fiction / Mystery / Traditional Mystery,9780140060584,The Margery Allingham omnibus.,Genre,Fiction / Mystery / Traditional Mystery,1,"[""qwen_groq""]","[""gpt_oss_groq"", ""gpt_oss_20b""]","[""Fiction"", ""Private investigators"", ""English Detective and mystery stories"", ""Albert Campion (Fictitious character)"", ""Campion, albert (fictitious character), fiction"", ""England, fiction"", ""Fiction, mystery & detective, traditional"", ""Campion, Albert (Fictitious character) -- Fiction."", ""Private investigators -- England -- Fiction."", ""Detective and mystery stories, English."", ""Mystery"", ""Crime""]","[{""decision"": ""MAINTAIN"", ""evidence_tags"": [""Fiction, mystery & detective, traditional""], ""justification"": ""The filtered tag 'Fiction, mystery & detective, traditional' directly supports the disputed genre path."", ""model"": ""qwen_groq""}]","[{""decision"": ""ACCEPT"", ""evidence_tags"": [""Fiction, mystery & detective, traditional""], ""justification"": ""The tag 'Fiction, mystery & detective, traditional' directly matches the disputed genre path."", ""model"": ""gpt_oss_groq""}, {""decision"": ""ACCEPT"", ""evidence_tags"": [""Fiction, mystery & detective, traditional""], ""justification"": ""The tag directly indicates a traditional mystery within fiction."", ""model"": ""gpt_oss_20b""}]",MAINTAIN,ACCEPT,ACCEPT,1of3_both_opponents_accept,ACCEPT
9780140060584__metadata__Thematic_Metadata / Conflict_and_Event_Themes / Crime_and_Justice / Crime,9780140060584,The Margery Allingham omnibus.,Metadata,Thematic_Metadata / Conflict_and_Event_Themes / Crime_and_Justice / Crime,1,"[""gpt_oss_20b""]","[""qwen_groq"", ""gpt_oss_groq""]","[""Fiction"", ""Private investigators"", ""English Detective and mystery stories"", ""Albert Campion (Fictitious character)"", ""Campion, albert (fictitious character), fiction"", ""England, fiction"", ""Fiction, mystery & detective, traditional"", ""Campion, Albert (Fictitious character) -- Fiction."", ""Private investigators -- England -- Fiction."", ""Detective and mystery stories, English."", ""Mystery"", ""Crime""]","[{""decision"": ""MAINTAIN"", ""evidence_tags"": [""Crime""], ""justification"": ""The tag \""Crime\"" directly supports the Crime theme."", ""model"": ""gpt_oss_20b""}]","[{""decision"": ""ACCEPT"", ""evidence_tags"": [""Crime""], ""justification"": ""The filtered tag \""Crime\"" explicitly supports the disputed metadata path Crime_and_Justice / Crime."", ""model"": ""qwen_groq""}, {""decision"": ""ACCEPT"", ""evidence_tags"": [""Crime""], ""justification"": ""The tag \""Crime\"" directly matches the disputed Crime theme."", ""model"": ""gpt_oss_groq""}]",ACCEPT,ACCEPT,MAINTAIN,1of3_both_opponents_accept,ACCEPT
9780140097986__genre__Nonfiction / Biography,9780140097986,The survival of Jan Little,Genre,Nonfiction / Biography,1,"[""gpt_oss_20b""]","[""qwen_groq"", ""gpt_oss_groq""]","[""Biography"", ""Blind-deaf"", ""Wilderness survival"", ""Deafblind people"", ""Brazil"", ""Amazon river and valley"", ""Nonfiction"", ""Survival"", ""Adventure""]","[{""decision"": ""MAINTAIN"", ""evidence_tags"": [""Biography"", ""Nonfiction""], ""justification"": ""Both 'Biography' and 'Nonfiction' tags directly support the genre path."", ""model"": ""gpt_oss_20b""}]","[{""decision"": ""ACCEPT"", ""evidence_tags"": [""Biography"", ""Nonfiction""], ""justification"": ""The filtered tags 'Biography' and 'Nonfiction' directly correspond to the disputed genre path 'Nonfiction / Biography'."", ""model"": ""qwen_groq""}, {""decision"": ""ACCEPT"", ""evidence_tags"": [""Biography"", ""Nonfiction""], ""justification"": ""The tags include both Biography and Nonfiction, directly supporting the disputed genre path."", ""model"": ""gpt_oss_groq""}]",ACCEPT,ACCEPT,MAINTAIN,1of3_both_opponents_accept,ACCEPT
9780140112511__metadata__Geographical_Context / World_Region / North_America / United States,9780140112511,Libra,Metadata,Geographical_Context / World_Region / North_America / United States,2,"[""gpt_oss_groq"", ""gpt_oss_20b""]","[""qwen_groq""]","[""Fiction"", ""Assassination"", ""Presidents"", ""Literature"", ""Roman américain"", ""Présidents"", ""Assassinat"", ""Romans, nouvelles"", ""Fiction, historical"", ""Presidents, united states, fiction"", ""American fiction (fictional works by one author)"", ""Oswald, lee harvey"", ""Roman"", ""Fiction, general"", ""American literature"", ""Historical Fiction"", ""Novels"", ""American"", ""Thriller""]","[{""decision"": ""MAINTAIN"", ""evidence_tags"": [""Presidents, united states, fiction""], ""justification"": ""A filtered tag explicitly references \""united states\""."", ""model"": ""gpt_oss_groq""}, {""decision"": ""MAINTAIN"", ""evidence_tags"": [""Presidents, united states, fiction""], ""justification"": ""The tag explicitly references United States."", ""model"": ""gpt_oss_20b""}]","[{""decision"": ""ACCEPT"", ""evidence_tags"": [""Presidents, united states, fiction""], ""justification"": ""The filtered tag 'Presidents, united states, fiction' explicitly contains the wording 'united states', directly supporting the geographical context path."", ""model"": ""qwen_groq""}]",ACCEPT,MAINTAIN,MAINTAIN,2of3_opponent_accepts,ACCEPT
9780140117608__genre__Nonfiction / Biography,9780140117608,Starting Out,Genre,Nonfiction / Biography,1,"[""gpt_oss_20b""]","[""qwen_groq"", ""gpt_oss_groq""]","[""Childhood and youth"", ""Enfance et jeunesse"", ""Biography"", ""Biographies""]","[{""decision"": ""MAINTAIN"", ""evidence_tags"": [""Biography""], ""justification"": ""The tag 'Biography' directly supports the nonfiction biography genre."", ""model"": ""gpt_oss_20b""}]","[{""decision"": ""ACCEPT"", ""evidence_tags"": [""Biography""], ""justification"": ""The filtered tag 'Biography' directly supports the disputed genre path of Nonfiction / Biography."", ""model"": ""qwen_groq""}, {""decision"": ""ACCEPT"", ""evidence_tags"": [""Biography""], ""justification"": ""The tag 'Biography' directly supports the nonfiction biography genre."", ""model"": ""gpt_oss_groq""}]",ACCEPT,ACCEPT,MAINTAIN,1of3_both_opponents_accept,ACCEPT
9780140117608__genre__Nonfiction / Biography / Biography,9780140117608,Starting Out,Genre,Nonfiction / Biography / Biography,1,"[""gpt_oss_groq""]","[""qwen_groq"", ""gpt_oss_20b""]","[""Childhood and youth"", ""Enfance et jeunesse"", ""Biography"", ""Biographies""]","[{""decision"": ""MAINTAIN"", ""evidence_tags"": [""Biography"", ""Biographies""], ""justification"": ""The filtered tags include Biography and Biographies, directly supporting the disputed biography path."", ""model"": ""gpt_oss_groq""}]","[{""decision"": ""ACCEPT"", ""evidence_tags"": [""Biography"", ""Biographies""], ""justification"": ""The filtered tags explicitly include 'Biography' and 'Biographies', directly supporting the disputed genre path."", ""model"": ""qwen_groq""}, {""decision"": ""ACCEPT"", ""evidence_tags"": [""Biography"", ""Biographies""], ""justification"": ""The tags Biography and Biographies directly support the disputed biography path."", ""model"": ""gpt_oss_20b""}]",ACCEPT,MAINTAIN,ACCEPT,1of3_both_opponents_accept,ACCEPT
9780140329124__genre__Fiction,9780140329124,Shot from midfield,Genre,Fiction,2,"[""qwen_groq"", ""gpt_oss_groq""]","[""gpt_oss_20b""]","[""Fiction"", ""Soccer"", ""Children's fiction"", ""Soccer, fiction"", ""Growing Up & Facts of Life"", ""Friendship, Social Skills & School Life"", ""Boys & Men""]","[{""decision"": ""MAINTAIN"", ""evidence_tags"": [""Fiction"", ""Children's fiction"", ""Soccer, fiction""], ""justification"": ""The filtered tags explicitly include 'Fiction', 'Children's fiction', and 'Soccer, fiction', directly supporting the disputed genre path."", ""model"": ""qwen_groq""}, {""decision"": ""MAINTAIN"", ""evidence_tags"": [""Fiction""], ""justification"": ""The tag \""Fiction\"" directly supports the disputed genre path."", ""model"": ""gpt_oss_groq""}]","[{""decision"": ""ACCEPT"", ""evidence_tags"": [""Fiction""], ""justification"": ""The tag 'Fiction' directly supports the disputed genre path."", ""model"": ""gpt_oss_20b""}]",MAINTAIN,MAINTAIN,ACCEPT,2of3_opponent_accepts,ACCEPT
9780140329513__genre__Fiction,9780140329513,The rabbi's girls,Genre,Fiction,2,"[""qwen_groq"", ""gpt_oss_20b""]","[""gpt_oss_groq""]","[""Fiction"", ""Family life"", ""Twenties (20th century)"", ""New baby in family"", ""Juvenile fiction"", ""Rabbis"", ""Jewish American families"", ""Eleven-year-old girls"", ""Jewish American girls"", ""Moving to a new city"", ""Children's fiction"", ""Family life, fiction"", ""Jews, fiction"", ""Families"", ""Family life -- Fiction"", ""Jews -- United States -- Fiction"", ""Jewish"", ""Growing Up & Facts of Life"", ""Multigenerational"", ""Jews"", ""Children's Books""]","[{""decision"": ""MAINTAIN"", ""evidence_tags"": [""Fiction"", ""Juvenile fiction"", ""Children's fiction"", ""Family life, fiction"", ""Jews, fiction"", ""Family life -- Fiction"", ""Jews -- United States -- Fiction""], ""justification"": ""The filtered tags explicitly include 'Fiction' and multiple specific fiction sub-genres such as 'Juvenile fiction' and 'Children's fiction'."", ""model"": ""qwen_groq""}, {""decision"": ""MAINTAIN"", ""evidence_tags"": [""Fiction""], ""justification"": ""The tag \""Fiction\"" directly supports the genre path."", ""model"": ""gpt_oss_20b""}]","[{""decision"": ""ACCEPT"", ""evidence_tags"": [""Fiction""], ""justification"": ""The filtered tags contain the exact tag \""Fiction\"" supporting the disputed genre path."", ""model"": ""gpt_oss_groq""}]",MAINTAIN,ACCEPT,MAINTAIN,2of3_opponent_accepts,ACCEPT
9780140329513__metadata__Geographical_Context / Country_or_National_Context / Country_Based_Context / American Context,9780140329513,The rabbi's girls,Metadata,Geographical_Context / Country_or_National_Context / Country_Based_Context / American Context,2,"[""qwen_groq"", ""gpt_oss_20b""]","[""gpt_oss_groq""]","[""Fiction"", ""Family life"", ""Twenties (20th century)"", ""New baby in family"", ""Juvenile fiction"", ""Rabbis"", ""Jewish American families"", ""Eleven-year-old girls"", ""Jewish American girls"", ""Moving to a new city"", ""Children's fiction"", ""Family life, fiction"", ""Jews, fiction"", ""Families"", ""Family life -- Fiction"", ""Jews -- United States -- Fiction"", ""Jewish"", ""Growing Up & Facts of Life"", ""Multigenerational"", ""Jews"", ""Children's Books""]","[{""decision"": ""MAINTAIN"", ""evidence_tags"": [""Jews -- United States -- Fiction"", ""Jewish American families"", ""Jewish American girls""], ""justification"": ""The filtered tags explicitly reference 'United States' and 'American' contexts, directly supporting the American geographical context."", ""model"": ""qwen_groq""}, {""decision"": ""MAINTAIN"", ""evidence_tags"": [""Jewish American families"", ""Jewish American girls"", ""Jews -- United States -- Fiction""], ""justification"": ""Tags explicitly mention Jewish American families and United States, supporting an American context."", ""model"": ""gpt_oss_20b""}]","[{""decision"": ""ACCEPT"", ""evidence_tags"": [""Jewish American families"", ""Jewish American girls"", ""Jews -- United States -- Fiction""], ""justification"": ""Filtered tags explicitly reference United States/American context."", ""model"": ""gpt_oss_groq""}]",MAINTAIN,ACCEPT,MAINTAIN,2of3_opponent_accepts,ACCEPT
9780140329513__metadata__Geographical_Context / World_Region / North_America / United States,9780140329513,The rabbi's girls,Metadata,Geographical_Context / World_Region / North_America / United States,2,"[""gpt_oss_groq"", ""gpt_oss_20b""]","[""qwen_groq""]","[""Fiction"", ""Family life"", ""Twenties (20th century)"", ""New baby in family"", ""Juvenile fiction"", ""Rabbis"", ""Jewish American families"", ""Eleven-year-old girls"", ""Jewish American girls"", ""Moving to a new city"", ""Children's fiction"", ""Family life, fiction"", ""Jews, fiction"", ""Families"", ""Family life -- Fiction"", ""Jews -- United States -- Fiction"", ""Jewish"", ""Growing Up & Facts of Life"", ""Multigenerational"", ""Jews"", ""Children's Books""]","[{""decision"": ""MAINTAIN"", ""evidence_tags"": [""Jews -- United States -- Fiction""], ""justification"": ""The tag explicitly references the United States."", ""model"": ""gpt_oss_groq""}, {""decision"": ""MAINTAIN"", ""evidence_tags"": [""Jews -- United States -- Fiction""], ""justification"": ""The tag explicitly states the United States."", ""model"": ""gpt_oss_20b""}]","[{""decision"": ""ACCEPT"", ""evidence_tags"": [""Jews -- United States -- Fiction""], ""justification"": ""The tag 'Jews -- United States -- Fiction' explicitly contains the string 'United States', directly supporting the geographical context path."", ""model"": ""qwen_groq""}]",ACCEPT,MAINTAIN,MAINTAIN,2of3_opponent_accepts,ACCEPT
9780140351026__metadata__Thematic_Metadata / Conflict_and_Event_Themes / War_and_Conflict / War,9780140351026,Tale of Troy.,Metadata,Thematic_Metadata / Conflict_and_Event_Themes / War_and_Conflict / War,2,"[""qwen_groq"", ""gpt_oss_groq""]","[""gpt_oss_20b""]","[""Odysseus (Greek mythology)"", ""Legends"", ""Greek Mythology"", ""Trojan War"", ""Juvenile literature"", ""Classical mythology"", ""Children's fiction"", ""Troy (extinct city), fiction"", ""Troy (extinct city), legends"", ""Fiction"", ""Mythology"", ""Classics"", ""Historical Fiction""]","[{""decision"": ""MAINTAIN"", ""evidence_tags"": [""Trojan War""], ""justification"": ""The tag 'Trojan War' explicitly supports the metadata path for War and Conflict."", ""model"": ""qwen_groq""}, {""decision"": ""MAINTAIN"", ""evidence_tags"": [""Trojan War""], ""justification"": ""The tag \""Trojan War\"" explicitly references war."", ""model"": ""gpt_oss_groq""}]","[{""decision"": ""ACCEPT"", ""evidence_tags"": [""Trojan War""], ""justification"": ""The tag 'Trojan War' explicitly indicates war, supporting the War and Conflict metadata path."", ""model"": ""gpt_oss_20b""}]",MAINTAIN,MAINTAIN,ACCEPT,2of3_opponent_accepts,ACCEPT
9780140360226__genre__Fiction / Mystery / Detective Mystery,9780140360226,Cam Jansen,Genre,Fiction / Mystery / Detective Mystery,1,"[""gpt_oss_20b""]","[""qwen_groq"", ""gpt_oss_groq""]","[""Children's fiction"", ""Mystery and detective stories"", ""Jansen, cam (fictitious character), fiction"", ""Mystery"", ""Chapter Books"", ""Juvenile"", ""2nd Grade""]","[{""decision"": ""MAINTAIN"", ""evidence_tags"": [""Mystery and detective stories""], ""justification"": ""The tag directly indicates mystery and detective stories."", ""model"": ""gpt_oss_20b""}]","[{""decision"": ""ACCEPT"", ""evidence_tags"": [""Mystery and detective stories""], ""justification"": ""The filtered tag 'Mystery and detective stories' directly supports the disputed genre path 'Fiction / Mystery / Detective Mystery'."", ""model"": ""qwen_groq""}, {""decision"": ""ACCEPT"", ""evidence_tags"": [""Mystery and detective stories""], ""justification"": ""The tag explicitly references mystery and detective stories, matching the disputed path."", ""model"": ""gpt_oss_groq""}]",ACCEPT,ACCEPT,MAINTAIN,1of3_both_opponents_accept,ACCEPT
9780140360233__genre__Fiction / Adventure,9780140360233,Cam Jansen and the mystery at the monkey house,Genre,Fiction / Adventure,1,"[""gpt_oss_20b""]","[""qwen_groq"", ""gpt_oss_groq""]","[""Mystery and detective stories"", ""Fiction"", ""Juvenile Fiction"", ""Mystery"", ""Children's fiction"", ""Chapter Books"", ""Juvenile"", ""Adventure"", ""School""]","[{""decision"": ""MAINTAIN"", ""evidence_tags"": [""Adventure"", ""Fiction""], ""justification"": ""Both 'Fiction' and 'Adventure' tags directly support the path."", ""model"": ""gpt_oss_20b""}]","[{""decision"": ""ACCEPT"", ""evidence_tags"": [""Fiction"", ""Adventure""], ""justification"": ""The FILTERED TAGS explicitly include both 'Fiction' and 'Adventure', directly supporting the disputed genre path."", ""model"": ""qwen_groq""}, {""decision"": ""ACCEPT"", ""evidence_tags"": [""Adventure"", ""Fiction""], ""justification"": ""Both 'Fiction' and 'Adventure' tags directly support the disputed path."", ""model"": ""gpt_oss_groq""}]",ACCEPT,ACCEPT,MAINTAIN,1of3_both_opponents_accept,ACCEPT
9780140364477__metadata__Thematic_Metadata / Relationship_and_Social_Themes / Friendship,9780140364477,Tell Me Your Best Thing,Metadata,Thematic_Metadata / Relationship_and_Social_Themes / Friendship,2,"[""gpt_oss_groq"", ""gpt_oss_20b""]","[""qwen_groq""]","[""Fiction"", ""Juvenile fiction"", ""Children's fiction"", ""Friendship"", ""Bullies""]","[{""decision"": ""MAINTAIN"", ""evidence_tags"": [""Friendship""], ""justification"": ""The tag \""Friendship\"" directly matches the disputed thematic path."", ""model"": ""gpt_oss_groq""}, {""decision"": ""MAINTAIN"", ""evidence_tags"": [""Friendship""], ""justification"": ""The tag \""Friendship\"" directly supports the Friendship metadata path."", ""model"": ""gpt_oss_20b""}]","[{""decision"": ""ACCEPT"", ""evidence_tags"": [""Friendship""], ""justification"": ""The filtered tag 'Friendship' explicitly matches the disputed metadata path component."", ""model"": ""qwen_groq""}]",ACCEPT,MAINTAIN,MAINTAIN,2of3_opponent_accepts,ACCEPT
9780140364477__metadata__Thematic_Metadata / Relationship_and_Social_Themes / Friendship / Friendship,9780140364477,Tell Me Your Best Thing,Metadata,Thematic_Metadata / Relationship_and_Social_Themes / Friendship / Friendship,1,"[""qwen_groq""]","[""gpt_oss_groq"", ""gpt_oss_20b""]","[""Fiction"", ""Juvenile fiction"", ""Children's fiction"", ""Friendship"", ""Bullies""]","[{""decision"": ""MAINTAIN"", ""evidence_tags"": [""Friendship""], ""justification"": ""The filtered tag 'Friendship' explicitly supports the metadata path Thematic_Metadata / Relationship_and_Social_Themes / Friendship / Friendship."", ""model"": ""qwen_groq""}]","[{""decision"": ""ACCEPT"", ""evidence_tags"": [""Friendship""], ""justification"": ""The filtered tag \""Friendship\"" directly matches the disputed metadata path."", ""model"": ""gpt_oss_groq""}, {""decision"": ""ACCEPT"", ""evidence_tags"": [""Friendship""], ""justification"": ""The tag 'Friendship' directly supports the metadata path."", ""model"": ""gpt_oss_20b""}]",MAINTAIN,ACCEPT,ACCEPT,1of3_both_opponents_accept,ACCEPT
9780140366440__genre__Fiction,9780140366440,"Life's a funny proposition, Horatio",Genre,Fiction,1,"[""qwen_groq""]","[""gpt_oss_groq"", ""gpt_oss_20b""]","[""Conduct of life"", ""Death"", ""Fiction"", ""Grandfathers"", ""Grief"", ""Death, fiction"", ""Grandparents, fiction"", ""Grief -- Fiction."", ""Grandfathers -- Fiction."", ""Conduct of life -- Fiction."", ""Juvenile"", ""Literature & Fiction"", ""Chapter Books & Readers"", ""Chapter Books"", ""Death -- Fiction.""]","[{""decision"": ""MAINTAIN"", ""evidence_tags"": [""Fiction"", ""Literature & Fiction""], ""justification"": ""The filtered tags explicitly include 'Fiction' and 'Literature & Fiction', directly supporting the disputed genre path."", ""model"": ""qwen_groq""}]","[{""decision"": ""ACCEPT"", ""evidence_tags"": [""Fiction"", ""Literature & Fiction""], ""justification"": ""The filtered tags explicitly contain 'Fiction' and 'Literature & Fiction', directly supporting the disputed genre path."", ""model"": ""gpt_oss_groq""}, {""decision"": ""ACCEPT"", ""evidence_tags"": [""Fiction""], ""justification"": ""The filtered tags include the exact tag 'Fiction', directly supporting the disputed genre path."", ""model"": ""gpt_oss_20b""}]",MAINTAIN,ACCEPT,ACCEPT,1of3_both_opponents_accept,ACCEPT
9780140368697__genre__Fiction,9780140368697,Underrunners,Genre,Fiction,2,"[""qwen_groq"", ""gpt_oss_groq""]","[""gpt_oss_20b""]","[""Fiction"", ""Family relationships"", ""Family problems"", ""Kidnapping"", ""Imaginary playmates"", ""Detective and mystery stories"", ""Mystery and detective stories"", ""Child and youth fiction"", ""Adventure and adventurers, fiction"", ""Children's fiction"", ""Young Adult"", ""Literature & Fiction""]","[{""decision"": ""MAINTAIN"", ""evidence_tags"": [""Fiction"", ""Literature & Fiction""], ""justification"": ""The filtered tags explicitly include 'Fiction' and 'Literature & Fiction', directly supporting the disputed genre path."", ""model"": ""qwen_groq""}, {""decision"": ""MAINTAIN"", ""evidence_tags"": [""Fiction""], ""justification"": ""The tag list includes the exact \""Fiction\"" label."", ""model"": ""gpt_oss_groq""}]","[{""decision"": ""ACCEPT"", ""evidence_tags"": [""Fiction""], ""justification"": ""The filtered tags contain the exact 'Fiction' label, directly supporting the disputed genre path."", ""model"": ""gpt_oss_20b""}]",MAINTAIN,MAINTAIN,ACCEPT,2of3_opponent_accepts,ACCEPT
9780140368697__genre__Fiction / Adventure,9780140368697,Underrunners,Genre,Fiction / Adventure,1,"[""gpt_oss_groq""]","[""qwen_groq"", ""gpt_oss_20b""]","[""Fiction"", ""Family relationships"", ""Family problems"", ""Kidnapping"", ""Imaginary playmates"", ""Detective and mystery stories"", ""Mystery and detective stories"", ""Child and youth fiction"", ""Adventure and adventurers, fiction"", ""Children's fiction"", ""Young Adult"", ""Literature & Fiction""]","[{""decision"": ""MAINTAIN"", ""evidence_tags"": [""Adventure and adventurers, fiction""], ""justification"": ""The tag directly indicates adventure fiction."", ""model"": ""gpt_oss_groq""}]","[{""decision"": ""ACCEPT"", ""evidence_tags"": [""Adventure and adventurers, fiction""], ""justification"": ""The filtered tag 'Adventure and adventurers, fiction' directly supports the disputed genre path 'Fiction / Adventure'."", ""model"": ""qwen_groq""}, {""decision"": ""ACCEPT"", ""evidence_tags"": [""Adventure and adventurers, fiction""], ""justification"": ""The tag directly indicates adventure fiction."", ""model"": ""gpt_oss_20b""}]",ACCEPT,MAINTAIN,ACCEPT,1of3_both_opponents_accept,ACCEPT
9780140368697__genre__Fiction / Adventure / General Adventure Fiction / Adventure Fiction,9780140368697,Underrunners,Genre,Fiction / Adventure / General Adventure Fiction / Adventure Fiction,1,"[""qwen_groq""]","[""gpt_oss_groq"", ""gpt_oss_20b""]","[""Fiction"", ""Family relationships"", ""Family problems"", ""Kidnapping"", ""Imaginary playmates"", ""Detective and mystery stories"", ""Mystery and detective stories"", ""Child and youth fiction"", ""Adventure and adventurers, fiction"", ""Children's fiction"", ""Young Adult"", ""Literature & Fiction""]","[{""decision"": ""MAINTAIN"", ""evidence_tags"": [""Adventure and adventurers, fiction""], ""justification"": ""The filtered tag 'Adventure and adventurers, fiction' directly supports the disputed genre path of Adventure Fiction."", ""model"": ""qwen_groq""}]","[{""decision"": ""ACCEPT"", ""evidence_tags"": [""Adventure and adventurers, fiction""], ""justification"": ""The tag 'Adventure and adventurers, fiction' directly supports the Adventure Fiction path."", ""model"": ""gpt_oss_groq""}, {""decision"": ""ACCEPT"", ""evidence_tags"": [""Adventure and adventurers, fiction""], ""justification"": ""The tag 'Adventure and adventurers, fiction' directly supports the Adventure Fiction genre path."", ""model"": ""gpt_oss_20b""}]",MAINTAIN,ACCEPT,ACCEPT,1of3_both_opponents_accept,ACCEPT
9780140369441__genre__Fiction,9780140369441,What My Sister Remembered,Genre,Fiction,1,"[""qwen_groq""]","[""gpt_oss_groq"", ""gpt_oss_20b""]","[""Children's fiction"", ""Sisters, fiction"", ""Siblings, fiction"", ""Family, fiction"", ""Emotions, fiction"", ""Adoption, fiction"", ""Young Adult"", ""Fiction""]","[{""decision"": ""MAINTAIN"", ""evidence_tags"": [""Fiction""], ""justification"": ""The filtered tag 'Fiction' directly supports the disputed genre path."", ""model"": ""qwen_groq""}]","[{""decision"": ""ACCEPT"", ""evidence_tags"": [""Fiction""], ""justification"": ""The filtered tag 'Fiction' directly supports the disputed genre path."", ""model"": ""gpt_oss_groq""}, {""decision"": ""ACCEPT"", ""evidence_tags"": [""Fiction""], ""justification"": ""The tag 'Fiction' directly supports the disputed genre path."", ""model"": ""gpt_oss_20b""}]",MAINTAIN,ACCEPT,ACCEPT,1of3_both_opponents_accept,ACCEPT
9780140369441__metadata__Audience / Age_Group / Young_Adult,9780140369441,What My Sister Remembered,Metadata,Audience / Age_Group / Young_Adult,1,"[""gpt_oss_groq""]","[""qwen_groq"", ""gpt_oss_20b""]","[""Children's fiction"", ""Sisters, fiction"", ""Siblings, fiction"", ""Family, fiction"", ""Emotions, fiction"", ""Adoption, fiction"", ""Young Adult"", ""Fiction""]","[{""decision"": ""MAINTAIN"", ""evidence_tags"": [""Young Adult""], ""justification"": ""The tag \""Young Adult\"" directly matches the disputed audience path."", ""model"": ""gpt_oss_groq""}]","[{""decision"": ""ACCEPT"", ""evidence_tags"": [""Young Adult""], ""justification"": ""The filtered tag \""Young Adult\"" explicitly supports the disputed audience path."", ""model"": ""qwen_groq""}, {""decision"": ""ACCEPT"", ""evidence_tags"": [""Young Adult""], ""justification"": ""The tag \""Young Adult\"" directly supports the audience path."", ""model"": ""gpt_oss_20b""}]",ACCEPT,MAINTAIN,ACCEPT,1of3_both_opponents_accept,ACCEPT
9780140369441__metadata__Audience / Age_Group / Young_Adult / Young Adult Audience,9780140369441,What My Sister Remembered,Metadata,Audience / Age_Group / Young_Adult / Young Adult Audience,2,"[""qwen_groq"", ""gpt_oss_20b""]","[""gpt_oss_groq""]","[""Children's fiction"", ""Sisters, fiction"", ""Siblings, fiction"", ""Family, fiction"", ""Emotions, fiction"", ""Adoption, fiction"", ""Young Adult"", ""Fiction""]","[{""decision"": ""MAINTAIN"", ""evidence_tags"": [""Young Adult""], ""justification"": ""The filtered tag 'Young Adult' explicitly supports the disputed metadata path."", ""model"": ""qwen_groq""}, {""decision"": ""MAINTAIN"", ""evidence_tags"": [""Young Adult""], ""justification"": ""The tag \""Young Adult\"" directly supports the Young Adult audience path."", ""model"": ""gpt_oss_20b""}]","[{""decision"": ""ACCEPT"", ""evidence_tags"": [""Young Adult""], ""justification"": ""The filtered tag \""Young Adult\"" directly supports the Young Adult audience path."", ""model"": ""gpt_oss_groq""}]",MAINTAIN,ACCEPT,MAINTAIN,2of3_opponent_accepts,ACCEPT
9780140388008__genre__Fiction,9780140388008,"Cam Jansen and the Mystery of the Television Dog (Cam Jansen Adventure, Book 4)",Genre,Fiction,1,"[""gpt_oss_20b""]","[""qwen_groq"", ""gpt_oss_groq""]","[""Detective and mystery stories"", ""Mystery and detective stories"", ""Fiction"", ""Juvenile fiction"", ""Cam Jansen (Fictitious character)"", ""Dogs"", ""Mystery"", ""Children's fiction"", ""Dogs, fiction"", ""Adventure and adventurers, fiction"", ""Child and youth fiction"", ""Chapter Books"", ""Realistic Fiction"", ""Middle Grade"", ""Juvenile"", ""Chapter Books & Readers""]","[{""decision"": ""MAINTAIN"", ""evidence_tags"": [""Fiction""], ""justification"": ""The tag \""Fiction\"" directly supports the genre path."", ""model"": ""gpt_oss_20b""}]","[{""decision"": ""ACCEPT"", ""evidence_tags"": [""Fiction""], ""justification"": ""The filtered tag \""Fiction\"" directly matches the disputed genre path."", ""model"": ""qwen_groq""}, {""decision"": ""ACCEPT"", ""evidence_tags"": [""Fiction""], ""justification"": ""The tag \""Fiction\"" directly supports the disputed genre path."", ""model"": ""gpt_oss_groq""}]",ACCEPT,ACCEPT,MAINTAIN,1of3_both_opponents_accept,ACCEPT
9780140388008__genre__Fiction / Adventure,9780140388008,"Cam Jansen and the Mystery of the Television Dog (Cam Jansen Adventure, Book 4)",Genre,Fiction / Adventure,1,"[""gpt_oss_20b""]","[""qwen_groq"", ""gpt_oss_groq""]","[""Detective and mystery stories"", ""Mystery and detective stories"", ""Fiction"", ""Juvenile fiction"", ""Cam Jansen (Fictitious character)"", ""Dogs"", ""Mystery"", ""Children's fiction"", ""Dogs, fiction"", ""Adventure and adventurers, fiction"", ""Child and youth fiction"", ""Chapter Books"", ""Realistic Fiction"", ""Middle Grade"", ""Juvenile"", ""Chapter Books & Readers""]","[{""decision"": ""MAINTAIN"", ""evidence_tags"": [""Adventure and adventurers, fiction"", ""Fiction""], ""justification"": ""The tags include both Fiction and Adventure, directly supporting the path."", ""model"": ""gpt_oss_20b""}]","[{""decision"": ""ACCEPT"", ""evidence_tags"": [""Fiction"", ""Adventure and adventurers, fiction""], ""justification"": ""The filtered tags explicitly include 'Fiction' and 'Adventure and adventurers, fiction', which directly support the disputed genre path."", ""model"": ""qwen_groq""}, {""decision"": ""ACCEPT"", ""evidence_tags"": [""Adventure and adventurers, fiction"", ""Fiction""], ""justification"": ""The tags explicitly include both Fiction and Adventure, directly supporting the disputed path."", ""model"": ""gpt_oss_groq""}]",ACCEPT,ACCEPT,MAINTAIN,1of3_both_opponents_accept,ACCEPT
9780140388008__genre__Fiction / Mystery,9780140388008,"Cam Jansen and the Mystery of the Television Dog (Cam Jansen Adventure, Book 4)",Genre,Fiction / Mystery,1,"[""gpt_oss_20b""]","[""qwen_groq"", ""gpt_oss_groq""]","[""Detective and mystery stories"", ""Mystery and detective stories"", ""Fiction"", ""Juvenile fiction"", ""Cam Jansen (Fictitious character)"", ""Dogs"", ""Mystery"", ""Children's fiction"", ""Dogs, fiction"", ""Adventure and adventurers, fiction"", ""Child and youth fiction"", ""Chapter Books"", ""Realistic Fiction"", ""Middle Grade"", ""Juvenile"", ""Chapter Books & Readers""]","[{""decision"": ""MAINTAIN"", ""evidence_tags"": [""Detective and mystery stories"", ""Mystery and detective stories"", ""Mystery"", ""Fiction""], ""justification"": ""The tags include both Fiction and Mystery, directly supporting the path Fiction / Mystery."", ""model"": ""gpt_oss_20b""}]","[{""decision"": ""ACCEPT"", ""evidence_tags"": [""Fiction"", ""Mystery""], ""justification"": ""The filtered tags explicitly include both 'Fiction' and 'Mystery', directly supporting the disputed genre path."", ""model"": ""qwen_groq""}, {""decision"": ""ACCEPT"", ""evidence_tags"": [""Fiction"", ""Mystery""], ""justification"": ""The tags include both Fiction and Mystery, directly supporting the path."", ""model"": ""gpt_oss_groq""}]",ACCEPT,ACCEPT,MAINTAIN,1of3_both_opponents_accept,ACCEPT
9780140388008__genre__Fiction / Mystery / Detective Mystery,9780140388008,"Cam Jansen and the Mystery of the Television Dog (Cam Jansen Adventure, Book 4)",Genre,Fiction / Mystery / Detective Mystery,1,"[""gpt_oss_20b""]","[""qwen_groq"", ""gpt_oss_groq""]","[""Detective and mystery stories"", ""Mystery and detective stories"", ""Fiction"", ""Juvenile fiction"", ""Cam Jansen (Fictitious character)"", ""Dogs"", ""Mystery"", ""Children's fiction"", ""Dogs, fiction"", ""Adventure and adventurers, fiction"", ""Child and youth fiction"", ""Chapter Books"", ""Realistic Fiction"", ""Middle Grade"", ""Juvenile"", ""Chapter Books & Readers""]","[{""decision"": ""MAINTAIN"", ""evidence_tags"": [""Detective and mystery stories"", ""Mystery and detective stories"", ""Mystery""], ""justification"": ""The tags explicitly reference detective and mystery stories, supporting the disputed genre path."", ""model"": ""gpt_oss_20b""}]","[{""decision"": ""ACCEPT"", ""evidence_tags"": [""Detective and mystery stories"", ""Mystery and detective stories""], ""justification"": ""The filtered tags explicitly include 'Detective and mystery stories' and 'Mystery and detective stories', which directly support the disputed genre path."", ""model"": ""qwen_groq""}, {""decision"": ""ACCEPT"", ""evidence_tags"": [""Detective and mystery stories"", ""Mystery and detective stories"", ""Mystery"", ""Fiction""], ""justification"": ""The filtered tags explicitly include detective and mystery story categories within fiction."", ""model"": ""gpt_oss_groq""}]",ACCEPT,ACCEPT,MAINTAIN,1of3_both_opponents_accept,ACCEPT
9780140388008__metadata__Audience / Age_Group / Child,9780140388008,"Cam Jansen and the Mystery of the Television Dog (Cam Jansen Adventure, Book 4)",Metadata,Audience / Age_Group / Child,1,"[""gpt_oss_20b""]","[""qwen_groq"", ""gpt_oss_groq""]","[""Detective and mystery stories"", ""Mystery and detective stories"", ""Fiction"", ""Juvenile fiction"", ""Cam Jansen (Fictitious character)"", ""Dogs"", ""Mystery"", ""Children's fiction"", ""Dogs, fiction"", ""Adventure and adventurers, fiction"", ""Child and youth fiction"", ""Chapter Books"", ""Realistic Fiction"", ""Middle Grade"", ""Juvenile"", ""Chapter Books & Readers""]","[{""decision"": ""MAINTAIN"", ""evidence_tags"": [""Children's fiction"", ""Juvenile fiction"", ""Child and youth fiction"", ""Middle Grade"", ""Juvenile""], ""justification"": ""The tags explicitly indicate the book is for children."", ""model"": ""gpt_oss_20b""}]","[{""decision"": ""ACCEPT"", ""evidence_tags"": [""Child and youth fiction"", ""Children's fiction"", ""Juvenile fiction""], ""justification"": ""The filtered tags explicitly contain the terms 'Child', 'Children's', and 'Juvenile', directly supporting the 'Child' age group annotation."", ""model"": ""qwen_groq""}, {""decision"": ""ACCEPT"", ""evidence_tags"": [""Children's fiction"", ""Juvenile fiction"", ""Child and youth fiction"", ""Middle Grade"", ""Juvenile""], ""justification"": ""The filtered tags explicitly label the book as children's and juvenile fiction."", ""model"": ""gpt_oss_groq""}]",ACCEPT,ACCEPT,MAINTAIN,1of3_both_opponents_accept,ACCEPT
9780140900835__genre__Fiction / Horror,9780140900835,Cold Blood (Fantail),Genre,Fiction / Horror,1,"[""qwen_groq""]","[""gpt_oss_groq"", ""gpt_oss_20b""]","[""Horror & ghost stories, chillers"", ""Literature & Fiction"", ""Genre Fiction"", ""Horror""]","[{""decision"": ""MAINTAIN"", ""evidence_tags"": [""Horror""], ""justification"": ""The filtered tag 'Horror' directly supports the disputed genre path 'Fiction / Horror'."", ""model"": ""qwen_groq""}]","[{""decision"": ""ACCEPT"", ""evidence_tags"": [""Literature & Fiction"", ""Horror""], ""justification"": ""Filtered tags include both Fiction and Horror, directly supporting the disputed path."", ""model"": ""gpt_oss_groq""}, {""decision"": ""ACCEPT"", ""evidence_tags"": [""Horror"", ""Literature & Fiction"", ""Genre Fiction""], ""justification"": ""The tags include Horror and general fiction categories that directly support Fiction / Horror."", ""model"": ""gpt_oss_20b""}]",MAINTAIN,ACCEPT,ACCEPT,1of3_both_opponents_accept,ACCEPT
9780140900835__genre__Fiction / Horror / Supernatural Horror / Ghost Story,9780140900835,Cold Blood (Fantail),Genre,Fiction / Horror / Supernatural Horror / Ghost Story,2,"[""gpt_oss_groq"", ""gpt_oss_20b""]","[""qwen_groq""]","[""Horror & ghost stories, chillers"", ""Literature & Fiction"", ""Genre Fiction"", ""Horror""]","[{""decision"": ""MAINTAIN"", ""evidence_tags"": [""Horror & ghost stories, chillers"", ""Horror""], ""justification"": ""The tags explicitly reference horror and ghost stories, directly supporting the disputed genre path."", ""model"": ""gpt_oss_groq""}, {""decision"": ""MAINTAIN"", ""evidence_tags"": [""Horror & ghost stories, chillers""], ""justification"": ""The tag \""Horror & ghost stories, chillers\"" directly supports the ghost story genre."", ""model"": ""gpt_oss_20b""}]","[{""decision"": ""ACCEPT"", ""evidence_tags"": [""Horror & ghost stories, chillers""], ""justification"": ""The filtered tag 'Horror & ghost stories, chillers' explicitly contains the term 'ghost stories', directly supporting the disputed genre path."", ""model"": ""qwen_groq""}]",ACCEPT,MAINTAIN,MAINTAIN,2of3_opponent_accepts,ACCEPT
9780151309863__genre__Nonfiction / Biography,9780151309863,Final Gig,Genre,Nonfiction / Biography,2,"[""gpt_oss_groq"", ""gpt_oss_20b""]","[""qwen_groq""]","[""Biography"", ""Motion picture actors and actresses"", ""Young, Gig, 1913-1978"", ""Nonfiction"", ""Film""]","[{""decision"": ""MAINTAIN"", ""evidence_tags"": [""Biography"", ""Nonfiction""], ""justification"": ""The tags include both 'Biography' and 'Nonfiction', directly supporting the disputed genre path."", ""model"": ""gpt_oss_groq""}, {""decision"": ""MAINTAIN"", ""evidence_tags"": [""Biography"", ""Nonfiction""], ""justification"": ""Both 'Biography' and 'Nonfiction' tags directly support the genre path."", ""model"": ""gpt_oss_20b""}]","[{""decision"": ""ACCEPT"", ""evidence_tags"": [""Biography"", ""Nonfiction""], ""justification"": ""The filtered tags explicitly include 'Biography' and 'Nonfiction', which directly constitute the disputed genre path."", ""model"": ""qwen_groq""}]",ACCEPT,MAINTAIN,MAINTAIN,2of3_opponent_accepts,ACCEPT
9780151913206__genre__Fiction,9780151913206,The truth about dragons,Genre,Fiction,1,"[""qwen_groq""]","[""gpt_oss_groq"", ""gpt_oss_20b""]","[""Dragons"", ""Fiction"", ""Fantasy""]","[{""decision"": ""MAINTAIN"", ""evidence_tags"": [""Fiction""], ""justification"": ""The filtered tag 'Fiction' directly matches the disputed genre path."", ""model"": ""qwen_groq""}]","[{""decision"": ""ACCEPT"", ""evidence_tags"": [""Fiction""], ""justification"": ""The filtered tag 'Fiction' directly matches the disputed genre path."", ""model"": ""gpt_oss_groq""}, {""decision"": ""ACCEPT"", ""evidence_tags"": [""Fiction""], ""justification"": ""The filtered tag 'Fiction' directly matches the disputed genre path."", ""model"": ""gpt_oss_20b""}]",MAINTAIN,ACCEPT,ACCEPT,1of3_both_opponents_accept,ACCEPT
9780192829542__metadata__Thematic_Metadata / Knowledge_and_Idea_Themes / Ethics_and_Philosophy,9780192829542,The Communist manifesto,Metadata,Thematic_Metadata / Knowledge_and_Idea_Themes / Ethics_and_Philosophy,2,"[""gpt_oss_groq"", ""gpt_oss_20b""]","[""qwen_groq""]","[""Communism"", ""Sources"", ""Capitalism"", ""Socialism"", ""Social conflict"", ""Marxism"", ""History"", ""Long Now Manual for Civilization"", ""Social justice"", ""Prolétariat"", ""Nonfiction"", ""Politics"", ""Classic Literature"", ""Social contract"", ""Political science"", ""Economics"", ""Capital"", ""Philosophy and ethics"", ""Communisme"", ""Socialisme"", ""Communism."", ""Marxisme"", ""Histoire"", ""Mouvement ouvrier"", ""Marx, karl, 1818-1883"", ""Communism, germany"", ""France, history, february revolution, 1848"", ""Politics and Social Sciences"", ""Ideologies and Doctrines"", ""Communism and Socialism"", ""Politics and government"", ""Biography"", ""Engels, friedrich, 1820-1895"", ""Political and diplomatic history"", ""Political parties"", ""Socialism. Communism. Anarchism"", ""Political Ideologies"", ""Communism & Socialism"", ""Communistisch manifest (Marx)"", ""Manifest der Kommunistischen Partei (Marx, Karl)"", ""Literary collections"", ""Hx39.5.a523 m364 2011"", ""335.4/22"", ""General"", ""Hx276 .m3 1948a"", ""World history"", ""Communist parties"", ""Communism, history"", ""Congresses"", ""Comunismo"", ""Socialismo"", ""Capitalismo"", ""Filosofía marxista"", ""Philosophy"", ""Classics"", ""Sociology""]","[{""decision"": ""MAINTAIN"", ""evidence_tags"": [""Philosophy and ethics"", ""Philosophy""], ""justification"": ""The tags explicitly reference philosophy and ethics, supporting the ethics and philosophy theme."", ""model"": ""gpt_oss_groq""}, {""decision"": ""MAINTAIN"", ""evidence_tags"": [""Philosophy and ethics""], ""justification"": ""The tag 'Philosophy and ethics' directly supports the Ethics_and_Philosophy theme."", ""model"": ""gpt_oss_20b""}]","[{""decision"": ""ACCEPT"", ""evidence_tags"": [""Philosophy and ethics"", ""Philosophy""], ""justification"": ""The filtered tags explicitly include 'Philosophy and ethics' and 'Philosophy', which directly support the disputed path."", ""model"": ""qwen_groq""}]",ACCEPT,MAINTAIN,MAINTAIN,2of3_opponent_accepts,ACCEPT
9780195016161__genre__Nonfiction,9780195016161,Victorian Prose and Poetry,Genre,Nonfiction,1,"[""qwen_groq""]","[""gpt_oss_groq"", ""gpt_oss_20b""]","[""English poetry (collections), 19th century"", ""English prose literature"", ""English poetry"", ""English literature"", ""Anthologies"", ""Poetry"", ""Nonfiction"", ""Literature"", ""19th Century"", ""Reference"", ""Classics"", ""History & Criticism"", ""British & Irish""]","[{""decision"": ""MAINTAIN"", ""evidence_tags"": [""Nonfiction""], ""justification"": ""The filtered tag 'Nonfiction' directly supports the disputed genre path."", ""model"": ""qwen_groq""}]","[{""decision"": ""ACCEPT"", ""evidence_tags"": [""Nonfiction""], ""justification"": ""The filtered tag 'Nonfiction' directly supports the disputed genre path."", ""model"": ""gpt_oss_groq""}, {""decision"": ""ACCEPT"", ""evidence_tags"": [""Nonfiction""], ""justification"": ""The tag 'Nonfiction' directly supports the disputed genre path."", ""model"": ""gpt_oss_20b""}]",MAINTAIN,ACCEPT,ACCEPT,1of3_both_opponents_accept,ACCEPT
9780297817734__genre__Nonfiction,9780297817734,"To hell with Picasso, and other essays",Genre,Nonfiction,1,"[""qwen_groq""]","[""gpt_oss_groq"", ""gpt_oss_20b""]","[""Miscellanea"", ""History"", ""Essays (single author)"", ""Nonfiction"", ""Essays"", ""Arts & Literature""]","[{""decision"": ""MAINTAIN"", ""evidence_tags"": [""Nonfiction""], ""justification"": ""The filtered tag 'Nonfiction' directly matches the disputed genre path."", ""model"": ""qwen_groq""}]","[{""decision"": ""ACCEPT"", ""evidence_tags"": [""Nonfiction""], ""justification"": ""The filtered tag 'Nonfiction' directly matches the disputed genre path."", ""model"": ""gpt_oss_groq""}, {""decision"": ""ACCEPT"", ""evidence_tags"": [""Nonfiction""], ""justification"": ""The filtered tag 'Nonfiction' directly matches the disputed genre path."", ""model"": ""gpt_oss_20b""}]",MAINTAIN,ACCEPT,ACCEPT,1of3_both_opponents_accept,ACCEPT
9780297817734__genre__Nonfiction / History,9780297817734,"To hell with Picasso, and other essays",Genre,Nonfiction / History,2,"[""gpt_oss_groq"", ""gpt_oss_20b""]","[""qwen_groq""]","[""Miscellanea"", ""History"", ""Essays (single author)"", ""Nonfiction"", ""Essays"", ""Arts & Literature""]","[{""decision"": ""MAINTAIN"", ""evidence_tags"": [""History"", ""Nonfiction""], ""justification"": ""Both 'History' and 'Nonfiction' tags directly match the disputed path."", ""model"": ""gpt_oss_groq""}, {""decision"": ""MAINTAIN"", ""evidence_tags"": [""History"", ""Nonfiction""], ""justification"": ""Both 'History' and 'Nonfiction' tags are present in the filtered tags."", ""model"": ""gpt_oss_20b""}]","[{""decision"": ""ACCEPT"", ""evidence_tags"": [""History"", ""Nonfiction""], ""justification"": ""The filtered tags explicitly include both 'Nonfiction' and 'History', directly supporting the disputed genre path."", ""model"": ""qwen_groq""}]",ACCEPT,MAINTAIN,MAINTAIN,2of3_opponent_accepts,ACCEPT
9780300036558__genre__Nonfiction,9780300036558,French in action,Genre,Nonfiction,1,"[""qwen_groq""]","[""gpt_oss_groq"", ""gpt_oss_20b""]","[""Conversation and phrase books"", ""French language"", ""Textbooks for foreign speakers"", ""French language, textbooks for foreign speakers"", ""French language, conversation and phrase books"", ""Français (Langue)"", ""Manuels pour anglophones"", ""Spoken French"", ""Self-instruction"", ""Study and teaching"", ""Foreign language study"", ""Language study"", ""French"", ""French language -- Textbooks for foreign speakers -- English."", ""French language -- Conversation and phrase books."", ""Reference"", ""Nonfiction""]","[{""decision"": ""MAINTAIN"", ""evidence_tags"": [""Nonfiction""], ""justification"": ""The filtered tags explicitly include 'Nonfiction', directly supporting the disputed genre path."", ""model"": ""qwen_groq""}]","[{""decision"": ""ACCEPT"", ""evidence_tags"": [""Nonfiction""], ""justification"": ""The filtered tags contain the exact tag 'Nonfiction', directly supporting the disputed genre path."", ""model"": ""gpt_oss_groq""}, {""decision"": ""ACCEPT"", ""evidence_tags"": [""Nonfiction""], ""justification"": ""The tag 'Nonfiction' directly supports the genre path."", ""model"": ""gpt_oss_20b""}]",MAINTAIN,ACCEPT,ACCEPT,1of3_both_opponents_accept,ACCEPT
9780307247087__genre__Fiction / Horror,9780307247087,No Answer,Genre,Fiction / Horror,1,"[""qwen_groq""]","[""gpt_oss_groq"", ""gpt_oss_20b""]","[""Horror & ghost stories, chillers"", ""Horror & Ghost Stories"", ""Horror stories"", ""Horror"", ""Young Adult"", ""Teen"", ""Thriller"", ""Horror Thriller"", ""Sisters"", ""Telephone"", ""Mystery""]","[{""decision"": ""MAINTAIN"", ""evidence_tags"": [""Horror & ghost stories, chillers"", ""Horror & Ghost Stories"", ""Horror stories"", ""Horror""], ""justification"": ""The filtered tags explicitly list 'Horror' and 'Horror & ghost stories', directly supporting the disputed genre path."", ""model"": ""qwen_groq""}]","[{""decision"": ""ACCEPT"", ""evidence_tags"": [""Horror""], ""justification"": ""The filtered tags include 'Horror', directly supporting the disputed genre path."", ""model"": ""gpt_oss_groq""}, {""decision"": ""ACCEPT"", ""evidence_tags"": [""Horror stories"", ""Horror""], ""justification"": ""The tags 'Horror stories' and 'Horror' directly support a horror fiction classification."", ""model"": ""gpt_oss_20b""}]",MAINTAIN,ACCEPT,ACCEPT,1of3_both_opponents_accept,ACCEPT
9780307249036__genre__Fiction / Horror,9780307249036,Caution: Aliens at Work,Genre,Fiction / Horror,1,"[""qwen_groq""]","[""gpt_oss_groq"", ""gpt_oss_20b""]","[""Juvenile Fiction"", ""Children's 9-12 - Fiction - Horror"", ""Children: Grades 4-6"", ""Horror & ghost stories, chillers"", ""Horror & Ghost Stories"", ""Extraterrestrial beings"", ""Fiction"", ""Science fiction"", ""Supernatural"", ""Horror"", ""Young Adult"", ""Childrens"", ""Children's Books"", ""Science Fiction & Fantasy""]","[{""decision"": ""MAINTAIN"", ""evidence_tags"": [""Children's 9-12 - Fiction - Horror"", ""Horror""], ""justification"": ""The filtered tags explicitly include 'Children's 9-12 - Fiction - Horror' and 'Horror', directly supporting the disputed genre path."", ""model"": ""qwen_groq""}]","[{""decision"": ""ACCEPT"", ""evidence_tags"": [""Children's 9-12 - Fiction - Horror"", ""Horror""], ""justification"": ""Filtered tags explicitly include Horror and a children's fiction horror category."", ""model"": ""gpt_oss_groq""}, {""decision"": ""ACCEPT"", ""evidence_tags"": [""Children's 9-12 - Fiction - Horror"", ""Horror""], ""justification"": ""The tags explicitly list Fiction and Horror, supporting the disputed path."", ""model"": ""gpt_oss_20b""}]",MAINTAIN,ACCEPT,ACCEPT,1of3_both_opponents_accept,ACCEPT
9780307249036__metadata__Audience / Age_Group / Young_Adult / Young Adult Audience,9780307249036,Caution: Aliens at Work,Metadata,Audience / Age_Group / Young_Adult / Young Adult Audience,1,"[""qwen_groq""]","[""gpt_oss_groq"", ""gpt_oss_20b""]","[""Juvenile Fiction"", ""Children's 9-12 - Fiction - Horror"", ""Children: Grades 4-6"", ""Horror & ghost stories, chillers"", ""Horror & Ghost Stories"", ""Extraterrestrial beings"", ""Fiction"", ""Science fiction"", ""Supernatural"", ""Horror"", ""Young Adult"", ""Childrens"", ""Children's Books"", ""Science Fiction & Fantasy""]","[{""decision"": ""MAINTAIN"", ""evidence_tags"": [""Young Adult""], ""justification"": ""The filtered tag 'Young Adult' explicitly supports the disputed metadata path."", ""model"": ""qwen_groq""}]","[{""decision"": ""ACCEPT"", ""evidence_tags"": [""Young Adult""], ""justification"": ""The filtered tag 'Young Adult' directly supports the Young Adult audience metadata."", ""model"": ""gpt_oss_groq""}, {""decision"": ""ACCEPT"", ""evidence_tags"": [""Young Adult""], ""justification"": ""The tag 'Young Adult' directly supports the disputed metadata path."", ""model"": ""gpt_oss_20b""}]",MAINTAIN,ACCEPT,ACCEPT,1of3_both_opponents_accept,ACCEPT
9780307988133__metadata__Audience / Educational_Stage,9780307988133,The School Play,Metadata,Audience / Educational_Stage,2,"[""qwen_groq"", ""gpt_oss_20b""]","[""gpt_oss_groq""]","[""Fiction"", ""Schools"", ""Theater"", ""Stage fright"", ""Children's fiction"", ""Children's literature"", ""Juvenile fiction"", ""Juvenile Fiction / General"", ""Picture Books""]","[{""decision"": ""MAINTAIN"", ""evidence_tags"": [""Children's fiction"", ""Children's literature"", ""Juvenile fiction"", ""Juvenile Fiction / General"", ""Picture Books""], ""justification"": ""The filtered tags explicitly identify the book as 'Children's fiction', 'Juvenile fiction', and 'Picture Books', directly supporting the audience and educational stage metadata."", ""model"": ""qwen_groq""}, {""decision"": ""MAINTAIN"", ""evidence_tags"": [""Children's fiction"", ""Children's literature"", ""Juvenile fiction"", ""Juvenile Fiction / General"", ""Picture Books""], ""justification"": ""The tags explicitly indicate a children/juvenile audience."", ""model"": ""gpt_oss_20b""}]","[{""decision"": ""ACCEPT"", ""evidence_tags"": [""Children's fiction"", ""Children's literature"", ""Juvenile fiction"", ""Juvenile Fiction / General"", ""Picture Books""], ""justification"": ""The tags explicitly identify the book as intended for children and juvenile readers."", ""model"": ""gpt_oss_groq""}]",MAINTAIN,ACCEPT,MAINTAIN,2of3_opponent_accepts,ACCEPT
9780312118112__genre__Fiction / Mystery / Detective Mystery,9780312118112,An easy day for a lady,Genre,Fiction / Mystery / Detective Mystery,1,"[""gpt_oss_20b""]","[""qwen_groq"", ""gpt_oss_groq""]","[""Fiction"", ""Nell Bray (Fictitious character)"", ""Suffragists"", ""Women detectives"", ""England, fiction"", ""Fiction, historical, general"", ""Fiction, mystery & detective, women sleuths"", ""Women detectives -- England -- Fiction"", ""Suffragists -- Fiction"", ""England -- Fiction"", ""Literature & Fiction""]","[{""decision"": ""MAINTAIN"", ""evidence_tags"": [""Fiction, mystery & detective, women sleuths""], ""justification"": ""The tag explicitly indicates a mystery & detective genre."", ""model"": ""gpt_oss_20b""}]","[{""decision"": ""ACCEPT"", ""evidence_tags"": [""Fiction, mystery & detective, women sleuths""], ""justification"": ""The tag 'Fiction, mystery & detective, women sleuths' directly supports the genre classification of Mystery / Detective Mystery."", ""model"": ""qwen_groq""}, {""decision"": ""ACCEPT"", ""evidence_tags"": [""Fiction, mystery & detective, women sleuths""], ""justification"": ""The tag explicitly includes mystery & detective genre."", ""model"": ""gpt_oss_groq""}]",ACCEPT,ACCEPT,MAINTAIN,1of3_both_opponents_accept,ACCEPT
9780312125394__genre__Fiction / Crime Fiction,9780312125394,The cavalier in white,Genre,Fiction / Crime Fiction,1,"[""qwen_groq""]","[""gpt_oss_groq"", ""gpt_oss_20b""]","[""Fiction"", ""Mystery"", ""Crime"", ""Mystery, Thriller & Suspense"", ""Women Sleuths"", ""San francisco (calif.), fiction"", ""California, fiction""]","[{""decision"": ""MAINTAIN"", ""evidence_tags"": [""Crime"", ""Mystery""], ""justification"": ""The filtered tags explicitly include 'Crime' and 'Mystery', which directly support the classification of the book as Crime Fiction."", ""model"": ""qwen_groq""}]","[{""decision"": ""ACCEPT"", ""evidence_tags"": [""Crime""], ""justification"": ""The tag 'Crime' directly supports classification as Crime Fiction."", ""model"": ""gpt_oss_groq""}, {""decision"": ""ACCEPT"", ""evidence_tags"": [""Crime"", ""Fiction""], ""justification"": ""Both 'Crime' and 'Fiction' tags directly support the Crime Fiction classification."", ""model"": ""gpt_oss_20b""}]",MAINTAIN,ACCEPT,ACCEPT,1of3_both_opponents_accept,ACCEPT
9780312125394__genre__Fiction / Mystery,9780312125394,The cavalier in white,Genre,Fiction / Mystery,2,"[""qwen_groq"", ""gpt_oss_groq""]","[""gpt_oss_20b""]","[""Fiction"", ""Mystery"", ""Crime"", ""Mystery, Thriller & Suspense"", ""Women Sleuths"", ""San francisco (calif.), fiction"", ""California, fiction""]","[{""decision"": ""MAINTAIN"", ""evidence_tags"": [""Fiction"", ""Mystery""], ""justification"": ""The filtered tags explicitly include both 'Fiction' and 'Mystery', directly supporting the disputed genre path."", ""model"": ""qwen_groq""}, {""decision"": ""MAINTAIN"", ""evidence_tags"": [""Fiction"", ""Mystery""], ""justification"": ""Both \""Fiction\"" and \""Mystery\"" tags are present, directly supporting the disputed path."", ""model"": ""gpt_oss_groq""}]","[{""decision"": ""ACCEPT"", ""evidence_tags"": [""Fiction"", ""Mystery""], ""justification"": ""Both 'Fiction' and 'Mystery' tags are present in the filtered tags."", ""model"": ""gpt_oss_20b""}]",MAINTAIN,MAINTAIN,ACCEPT,2of3_opponent_accepts,ACCEPT
9780312125394__metadata__Thematic_Metadata / Conflict_and_Event_Themes / Crime_and_Justice / Crime,9780312125394,The cavalier in white,Metadata,Thematic_Metadata / Conflict_and_Event_Themes / Crime_and_Justice / Crime,2,"[""qwen_groq"", ""gpt_oss_20b""]","[""gpt_oss_groq""]","[""Fiction"", ""Mystery"", ""Crime"", ""Mystery, Thriller & Suspense"", ""Women Sleuths"", ""San francisco (calif.), fiction"", ""California, fiction""]","[{""decision"": ""MAINTAIN"", ""evidence_tags"": [""Crime""], ""justification"": ""The filtered tag 'Crime' explicitly supports the metadata path Crime_and_Justice / Crime."", ""model"": ""qwen_groq""}, {""decision"": ""MAINTAIN"", ""evidence_tags"": [""Crime""], ""justification"": ""The tag \""Crime\"" directly supports the Crime metadata path."", ""model"": ""gpt_oss_20b""}]","[{""decision"": ""ACCEPT"", ""evidence_tags"": [""Crime""], ""justification"": ""The filtered tag \""Crime\"" directly matches the disputed metadata path."", ""model"": ""gpt_oss_groq""}]",MAINTAIN,ACCEPT,MAINTAIN,2of3_opponent_accepts,ACCEPT
9780312139223__genre__Fiction,9780312139223,An Arcadian death,Genre,Fiction,1,"[""qwen_groq""]","[""gpt_oss_groq"", ""gpt_oss_20b""]","[""Fiction"", ""Mystery"", ""Police"", ""Fiction, mystery & detective, police procedural"", ""Spain, fiction"", ""Majorca (Spain) -- Fiction."", ""Police -- Spain -- Majorca -- Fiction.""]","[{""decision"": ""MAINTAIN"", ""evidence_tags"": [""Fiction""], ""justification"": ""The filtered tag 'Fiction' directly supports the disputed genre path."", ""model"": ""qwen_groq""}]","[{""decision"": ""ACCEPT"", ""evidence_tags"": [""Fiction""], ""justification"": ""The filtered tag 'Fiction' directly supports the disputed genre path."", ""model"": ""gpt_oss_groq""}, {""decision"": ""ACCEPT"", ""evidence_tags"": [""Fiction""], ""justification"": ""The tag 'Fiction' directly supports the disputed genre path."", ""model"": ""gpt_oss_20b""}]",MAINTAIN,ACCEPT,ACCEPT,1of3_both_opponents_accept,ACCEPT
9780312139223__genre__Fiction / Mystery,9780312139223,An Arcadian death,Genre,Fiction / Mystery,1,"[""qwen_groq""]","[""gpt_oss_groq"", ""gpt_oss_20b""]","[""Fiction"", ""Mystery"", ""Police"", ""Fiction, mystery & detective, police procedural"", ""Spain, fiction"", ""Majorca (Spain) -- Fiction."", ""Police -- Spain -- Majorca -- Fiction.""]","[{""decision"": ""MAINTAIN"", ""evidence_tags"": [""Fiction, mystery & detective, police procedural""], ""justification"": ""The tag 'Fiction, mystery & detective, police procedural' directly supports the disputed genre path of Fiction / Mystery."", ""model"": ""qwen_groq""}]","[{""decision"": ""ACCEPT"", ""evidence_tags"": [""Mystery"", ""Fiction, mystery & detective, police procedural""], ""justification"": ""The filtered tags include both 'Mystery' and a combined 'Fiction, mystery & detective, police procedural' tag, directly supporting the Fiction / Mystery path."", ""model"": ""gpt_oss_groq""}, {""decision"": ""ACCEPT"", ""evidence_tags"": [""Fiction, mystery & detective, police procedural""], ""justification"": ""The tag explicitly lists mystery, supporting the Fiction / Mystery path."", ""model"": ""gpt_oss_20b""}]",MAINTAIN,ACCEPT,ACCEPT,1of3_both_opponents_accept,ACCEPT
9780312209087__genre__Fiction,9780312209087,Sea trials,Genre,Fiction,2,"[""qwen_groq"", ""gpt_oss_20b""]","[""gpt_oss_groq""]","[""Fiction"", ""Submarines (Ships) -- Fiction."", ""Atlantic Ocean -- Fiction."", ""Mystery, Thriller & Suspense"", ""Thrillers & Suspense""]","[{""decision"": ""MAINTAIN"", ""evidence_tags"": [""Fiction"", ""Submarines (Ships) -- Fiction."", ""Atlantic Ocean -- Fiction.""], ""justification"": ""The filtered tags explicitly include 'Fiction' and specific subject-matter fiction tags, directly supporting the disputed genre path."", ""model"": ""qwen_groq""}, {""decision"": ""MAINTAIN"", ""evidence_tags"": [""Fiction""], ""justification"": ""The tag \""Fiction\"" directly supports the genre."", ""model"": ""gpt_oss_20b""}]","[{""decision"": ""ACCEPT"", ""evidence_tags"": [""Fiction""], ""justification"": ""The filtered tags contain the explicit genre tag \""Fiction\""."", ""model"": ""gpt_oss_groq""}]",MAINTAIN,ACCEPT,MAINTAIN,2of3_opponent_accepts,ACCEPT
9780312209087__genre__Fiction / Mystery,9780312209087,Sea trials,Genre,Fiction / Mystery,2,"[""gpt_oss_groq"", ""gpt_oss_20b""]","[""qwen_groq""]","[""Fiction"", ""Submarines (Ships) -- Fiction."", ""Atlantic Ocean -- Fiction."", ""Mystery, Thriller & Suspense"", ""Thrillers & Suspense""]","[{""decision"": ""MAINTAIN"", ""evidence_tags"": [""Fiction"", ""Mystery, Thriller & Suspense""], ""justification"": ""The tags include both Fiction and a Mystery category, directly supporting the disputed path."", ""model"": ""gpt_oss_groq""}, {""decision"": ""MAINTAIN"", ""evidence_tags"": [""Fiction"", ""Mystery, Thriller & Suspense""], ""justification"": ""The tags include both Fiction and Mystery, directly supporting the path."", ""model"": ""gpt_oss_20b""}]","[{""decision"": ""ACCEPT"", ""evidence_tags"": [""Fiction"", ""Mystery, Thriller & Suspense""], ""justification"": ""The filtered tags explicitly include 'Fiction' and 'Mystery, Thriller & Suspense', which directly support the disputed genre path."", ""model"": ""qwen_groq""}]",ACCEPT,MAINTAIN,MAINTAIN,2of3_opponent_accepts,ACCEPT
9780312209087__genre__Fiction / Suspense,9780312209087,Sea trials,Genre,Fiction / Suspense,2,"[""gpt_oss_groq"", ""gpt_oss_20b""]","[""qwen_groq""]","[""Fiction"", ""Submarines (Ships) -- Fiction."", ""Atlantic Ocean -- Fiction."", ""Mystery, Thriller & Suspense"", ""Thrillers & Suspense""]","[{""decision"": ""MAINTAIN"", ""evidence_tags"": [""Fiction"", ""Mystery, Thriller & Suspense""], ""justification"": ""Tags include both Fiction and Suspense-related categories."", ""model"": ""gpt_oss_groq""}, {""decision"": ""MAINTAIN"", ""evidence_tags"": [""Mystery, Thriller & Suspense"", ""Thrillers & Suspense""], ""justification"": ""The tags explicitly include Suspense genres."", ""model"": ""gpt_oss_20b""}]","[{""decision"": ""ACCEPT"", ""evidence_tags"": [""Fiction"", ""Mystery, Thriller & Suspense"", ""Thrillers & Suspense""], ""justification"": ""The filtered tags explicitly include 'Fiction' and multiple categories containing 'Suspense', directly supporting the disputed genre path."", ""model"": ""qwen_groq""}]",ACCEPT,MAINTAIN,MAINTAIN,2of3_opponent_accepts,ACCEPT
9780312254735__metadata__Temporal_Context / Historical_Period / Future,9780312254735,"White Mars, or, The mind set free",Metadata,Temporal_Context / Historical_Period / Future,1,"[""gpt_oss_groq""]","[""qwen_groq"", ""gpt_oss_20b""]","[""Utopias"", ""Colonization"", ""Science fiction"", ""Twenty-first century"", ""Fiction"", ""Utopias -- Fiction"", ""Mars (Planet) -- Fiction"", ""Near Future"", ""Space"", ""Planets"", ""Science Fiction & Fantasy""]","[{""decision"": ""MAINTAIN"", ""evidence_tags"": [""Near Future""], ""justification"": ""The tag \""Near Future\"" explicitly references a future temporal context."", ""model"": ""gpt_oss_groq""}]","[{""decision"": ""ACCEPT"", ""evidence_tags"": [""Near Future""], ""justification"": ""The tag \""Near Future\"" explicitly indicates a future temporal context, directly supporting the disputed path."", ""model"": ""qwen_groq""}, {""decision"": ""ACCEPT"", ""evidence_tags"": [""Near Future""], ""justification"": ""The tag \""Near Future\"" explicitly indicates a future temporal context."", ""model"": ""gpt_oss_20b""}]",ACCEPT,MAINTAIN,ACCEPT,1of3_both_opponents_accept,ACCEPT
9780312254735__metadata__Temporal_Context / Historical_Period / Future / Near Future,9780312254735,"White Mars, or, The mind set free",Metadata,Temporal_Context / Historical_Period / Future / Near Future,2,"[""qwen_groq"", ""gpt_oss_20b""]","[""gpt_oss_groq""]","[""Utopias"", ""Colonization"", ""Science fiction"", ""Twenty-first century"", ""Fiction"", ""Utopias -- Fiction"", ""Mars (Planet) -- Fiction"", ""Near Future"", ""Space"", ""Planets"", ""Science Fiction & Fantasy""]","[{""decision"": ""MAINTAIN"", ""evidence_tags"": [""Near Future""], ""justification"": ""The filtered tag 'Near Future' explicitly supports the disputed metadata path."", ""model"": ""qwen_groq""}, {""decision"": ""MAINTAIN"", ""evidence_tags"": [""Near Future""], ""justification"": ""The tag \""Near Future\"" explicitly supports the Near Future temporal context."", ""model"": ""gpt_oss_20b""}]","[{""decision"": ""ACCEPT"", ""evidence_tags"": [""Near Future""], ""justification"": ""The tag \""Near Future\"" directly supports the Near Future temporal context."", ""model"": ""gpt_oss_groq""}]",MAINTAIN,ACCEPT,MAINTAIN,2of3_opponent_accepts,ACCEPT
9780312392482__genre__Fiction,9780312392482,Hôtel Transylvania,Genre,Fiction,1,"[""qwen_groq""]","[""gpt_oss_groq"", ""gpt_oss_20b""]","[""Fiction"", ""Vampires"", ""Vampires, fiction"", ""Fiction, horror"", ""Saint-Germain, comte de, d. 1784 -- Fiction."", ""Vampires -- Fiction."", ""Horror"", ""Fantasy"", ""Paranormal"", ""Science Fiction & Fantasy""]","[{""decision"": ""MAINTAIN"", ""evidence_tags"": [""Fiction""], ""justification"": ""The filtered tag 'Fiction' directly supports the disputed genre path."", ""model"": ""qwen_groq""}]","[{""decision"": ""ACCEPT"", ""evidence_tags"": [""Fiction""], ""justification"": ""The filtered tag 'Fiction' directly supports the disputed genre path."", ""model"": ""gpt_oss_groq""}, {""decision"": ""ACCEPT"", ""evidence_tags"": [""Fiction""], ""justification"": ""The tag 'Fiction' directly supports the disputed genre path."", ""model"": ""gpt_oss_20b""}]",MAINTAIN,ACCEPT,ACCEPT,1of3_both_opponents_accept,ACCEPT
9780312392482__genre__Fiction / Fantasy,9780312392482,Hôtel Transylvania,Genre,Fiction / Fantasy,2,"[""qwen_groq"", ""gpt_oss_groq""]","[""gpt_oss_20b""]","[""Fiction"", ""Vampires"", ""Vampires, fiction"", ""Fiction, horror"", ""Saint-Germain, comte de, d. 1784 -- Fiction."", ""Vampires -- Fiction."", ""Horror"", ""Fantasy"", ""Paranormal"", ""Science Fiction & Fantasy""]","[{""decision"": ""MAINTAIN"", ""evidence_tags"": [""Fiction"", ""Fantasy""], ""justification"": ""The filtered tags explicitly include both 'Fiction' and 'Fantasy', directly supporting the disputed genre path."", ""model"": ""qwen_groq""}, {""decision"": ""MAINTAIN"", ""evidence_tags"": [""Fiction"", ""Fantasy""], ""justification"": ""Both 'Fiction' and 'Fantasy' tags are present in the source."", ""model"": ""gpt_oss_groq""}]","[{""decision"": ""ACCEPT"", ""evidence_tags"": [""Fiction"", ""Fantasy""], ""justification"": ""Both 'Fiction' and 'Fantasy' tags are present in the filtered tags."", ""model"": ""gpt_oss_20b""}]",MAINTAIN,MAINTAIN,ACCEPT,2of3_opponent_accepts,ACCEPT
9780312392482__genre__Fiction / Horror,9780312392482,Hôtel Transylvania,Genre,Fiction / Horror,1,"[""qwen_groq""]","[""gpt_oss_groq"", ""gpt_oss_20b""]","[""Fiction"", ""Vampires"", ""Vampires, fiction"", ""Fiction, horror"", ""Saint-Germain, comte de, d. 1784 -- Fiction."", ""Vampires -- Fiction."", ""Horror"", ""Fantasy"", ""Paranormal"", ""Science Fiction & Fantasy""]","[{""decision"": ""MAINTAIN"", ""evidence_tags"": [""Fiction, horror""], ""justification"": ""The filtered tag 'Fiction, horror' directly supports the disputed genre path 'Fiction / Horror'."", ""model"": ""qwen_groq""}]","[{""decision"": ""ACCEPT"", ""evidence_tags"": [""Fiction, horror""], ""justification"": ""The filtered tag 'Fiction, horror' directly matches the disputed genre path."", ""model"": ""gpt_oss_groq""}, {""decision"": ""ACCEPT"", ""evidence_tags"": [""Fiction, horror""], ""justification"": ""The tag 'Fiction, horror' directly matches the disputed path."", ""model"": ""gpt_oss_20b""}]",MAINTAIN,ACCEPT,ACCEPT,1of3_both_opponents_accept,ACCEPT
9780312395643__genre__Nonfiction / Medicine and Health / Health and Wellness,9780312395643,Weight Without Losing Your Looks--Or Health,Genre,Nonfiction / Medicine and Health / Health and Wellness,2,"[""qwen_groq"", ""gpt_oss_groq""]","[""gpt_oss_20b""]","[""Health and hygiene"", ""Women"", ""Weight loss"", ""Physiological aspects""]","[{""decision"": ""MAINTAIN"", ""evidence_tags"": [""Health and hygiene"", ""Weight loss""], ""justification"": ""The tags 'Health and hygiene' and 'Weight loss' directly support the classification of the book under Medicine and Health / Health and Wellness."", ""model"": ""qwen_groq""}, {""decision"": ""MAINTAIN"", ""evidence_tags"": [""Health and hygiene"", ""Weight loss"", ""Physiological aspects""], ""justification"": ""The tags directly relate to health topics and weight management, supporting the Health and Wellness classification."", ""model"": ""gpt_oss_groq""}]","[{""decision"": ""ACCEPT"", ""evidence_tags"": [""Health and hygiene"", ""Weight loss"", ""Physiological aspects""], ""justification"": ""The tags directly relate to health and wellness topics."", ""model"": ""gpt_oss_20b""}]",MAINTAIN,MAINTAIN,ACCEPT,2of3_opponent_accepts,ACCEPT
9780312395643__genre__Nonfiction / Medicine and Health / Health and Wellness / Health,9780312395643,Weight Without Losing Your Looks--Or Health,Genre,Nonfiction / Medicine and Health / Health and Wellness / Health,1,"[""gpt_oss_20b""]","[""qwen_groq"", ""gpt_oss_groq""]","[""Health and hygiene"", ""Women"", ""Weight loss"", ""Physiological aspects""]","[{""decision"": ""MAINTAIN"", ""evidence_tags"": [""Health and hygiene""], ""justification"": ""The tag 'Health and hygiene' directly supports the Health genre."", ""model"": ""gpt_oss_20b""}]","[{""decision"": ""ACCEPT"", ""evidence_tags"": [""Health and hygiene""], ""justification"": ""The tag 'Health and hygiene' directly supports the 'Health' category within the disputed genre path."", ""model"": ""qwen_groq""}, {""decision"": ""ACCEPT"", ""evidence_tags"": [""Health and hygiene""], ""justification"": ""The tag 'Health and hygiene' directly aligns with the Health genre."", ""model"": ""gpt_oss_groq""}]",ACCEPT,ACCEPT,MAINTAIN,1of3_both_opponents_accept,ACCEPT
9780312441449__genre__Fiction,9780312441449,"Jeeves, a gentleman's personal gentleman",Genre,Fiction,1,"[""qwen_groq""]","[""gpt_oss_groq"", ""gpt_oss_20b""]","[""Bertie Wooster (Fictitious character)"", ""Fiction"", ""Jeeves (Fictitious character)"", ""Humor"", ""Literature & Fiction"", ""England, fiction"", ""Jeeves (Fictitious character) -- Fiction"", ""Wooster, Bertie (Fictitious character) -- Fiction""]","[{""decision"": ""MAINTAIN"", ""evidence_tags"": [""Fiction"", ""Literature & Fiction""], ""justification"": ""The filtered tags explicitly include 'Fiction' and 'Literature & Fiction', directly supporting the disputed genre path."", ""model"": ""qwen_groq""}]","[{""decision"": ""ACCEPT"", ""evidence_tags"": [""Fiction""], ""justification"": ""The filtered tags contain 'Fiction', directly supporting the disputed genre path."", ""model"": ""gpt_oss_groq""}, {""decision"": ""ACCEPT"", ""evidence_tags"": [""Fiction""], ""justification"": ""The filtered tags include 'Fiction', directly supporting the genre path."", ""model"": ""gpt_oss_20b""}]",MAINTAIN,ACCEPT,ACCEPT,1of3_both_opponents_accept,ACCEPT
9780312531829__genre__Fiction / Science Fiction,9780312531829,Midas world,Genre,Fiction / Science Fiction,2,"[""qwen_groq"", ""gpt_oss_groq""]","[""gpt_oss_20b""]","[""Fiction, general"", ""Science Fiction""]","[{""decision"": ""MAINTAIN"", ""evidence_tags"": [""Science Fiction""], ""justification"": ""The filtered tag 'Science Fiction' directly supports the disputed genre path."", ""model"": ""qwen_groq""}, {""decision"": ""MAINTAIN"", ""evidence_tags"": [""Science Fiction""], ""justification"": ""The tag \""Science Fiction\"" directly matches the disputed genre path."", ""model"": ""gpt_oss_groq""}]","[{""decision"": ""ACCEPT"", ""evidence_tags"": [""Science Fiction""], ""justification"": ""The tag 'Science Fiction' directly matches the disputed genre path."", ""model"": ""gpt_oss_20b""}]",MAINTAIN,MAINTAIN,ACCEPT,2of3_opponent_accepts,ACCEPT
9780312850036__metadata__Temporal_Context / Historical_Period / Contemporary,9780312850036,All about women,Metadata,Temporal_Context / Historical_Period / Contemporary,2,"[""gpt_oss_groq"", ""gpt_oss_20b""]","[""qwen_groq""]","[""Fiction, general"", ""Fiction, short stories (single author)"", ""Contemporary Fiction"", ""Short Stories""]","[{""decision"": ""MAINTAIN"", ""evidence_tags"": [""Contemporary Fiction""], ""justification"": ""The tag 'Contemporary Fiction' explicitly includes the term Contemporary."", ""model"": ""gpt_oss_groq""}, {""decision"": ""MAINTAIN"", ""evidence_tags"": [""Contemporary Fiction""], ""justification"": ""The tag \""Contemporary Fiction\"" explicitly indicates the contemporary period."", ""model"": ""gpt_oss_20b""}]","[{""decision"": ""ACCEPT"", ""evidence_tags"": [""Contemporary Fiction""], ""justification"": ""The filtered tag 'Contemporary Fiction' explicitly contains the term 'Contemporary', directly supporting the Temporal_Context / Historical_Period / Contemporary path."", ""model"": ""qwen_groq""}]",ACCEPT,MAINTAIN,MAINTAIN,2of3_opponent_accepts,ACCEPT
9780312860769__genre__Fiction,9780312860769,The pumpkin rollers,Genre,Fiction,1,"[""qwen_groq""]","[""gpt_oss_groq"", ""gpt_oss_20b""]","[""Fiction"", ""Texas, fiction"", ""Fiction, westerns"", ""Cattle drives -- Fiction"", ""Texas -- Fiction"", ""Westerns"", ""Historical Fiction"", ""Genre Fiction""]","[{""decision"": ""MAINTAIN"", ""evidence_tags"": [""Fiction""], ""justification"": ""The filtered tag 'Fiction' directly supports the disputed genre path."", ""model"": ""qwen_groq""}]","[{""decision"": ""ACCEPT"", ""evidence_tags"": [""Fiction""], ""justification"": ""The filtered tag 'Fiction' directly supports the disputed genre path."", ""model"": ""gpt_oss_groq""}, {""decision"": ""ACCEPT"", ""evidence_tags"": [""Fiction""], ""justification"": ""The tag 'Fiction' directly supports the disputed genre path."", ""model"": ""gpt_oss_20b""}]",MAINTAIN,ACCEPT,ACCEPT,1of3_both_opponents_accept,ACCEPT
9780312886448__genre__Fiction,9780312886448,Woman wanted,Genre,Fiction,2,"[""qwen_groq"", ""gpt_oss_groq""]","[""gpt_oss_20b""]","[""Fiction"", ""Fiction, general"", ""Literature & Fiction"", ""American Love stories"", ""Triangles (Interpersonal relations)""]","[{""decision"": ""MAINTAIN"", ""evidence_tags"": [""Fiction"", ""Fiction, general"", ""Literature & Fiction""], ""justification"": ""The filtered tags explicitly include 'Fiction' and 'Literature & Fiction', directly supporting the disputed genre path."", ""model"": ""qwen_groq""}, {""decision"": ""MAINTAIN"", ""evidence_tags"": [""Fiction""], ""justification"": ""The filtered tags include the exact tag \""Fiction\"" supporting the disputed genre."", ""model"": ""gpt_oss_groq""}]","[{""decision"": ""ACCEPT"", ""evidence_tags"": [""Fiction""], ""justification"": ""The filtered tags contain the exact tag \""Fiction\"" which directly supports the disputed genre path."", ""model"": ""gpt_oss_20b""}]",MAINTAIN,MAINTAIN,ACCEPT,2of3_opponent_accepts,ACCEPT
9780312904463__genre__Nonfiction / Biography,9780312904463,Vicki,Genre,Nonfiction / Biography,1,"[""gpt_oss_20b""]","[""qwen_groq"", ""gpt_oss_groq""]","[""Mistresses"", ""Murder"", ""Biography""]","[{""decision"": ""MAINTAIN"", ""evidence_tags"": [""Biography""], ""justification"": ""The tag 'Biography' directly supports the nonfiction/biography genre path."", ""model"": ""gpt_oss_20b""}]","[{""decision"": ""ACCEPT"", ""evidence_tags"": [""Biography""], ""justification"": ""The filtered tag 'Biography' directly supports the disputed genre path of Nonfiction / Biography."", ""model"": ""qwen_groq""}, {""decision"": ""ACCEPT"", ""evidence_tags"": [""Biography""], ""justification"": ""The tag 'Biography' directly supports the nonfiction/biography genre path."", ""model"": ""gpt_oss_groq""}]",ACCEPT,ACCEPT,MAINTAIN,1of3_both_opponents_accept,ACCEPT
9780312904463__genre__Nonfiction / Biography / Biography,9780312904463,Vicki,Genre,Nonfiction / Biography / Biography,1,"[""gpt_oss_groq""]","[""qwen_groq"", ""gpt_oss_20b""]","[""Mistresses"", ""Murder"", ""Biography""]","[{""decision"": ""MAINTAIN"", ""evidence_tags"": [""Biography""], ""justification"": ""The tag \""Biography\"" directly supports the biography classification."", ""model"": ""gpt_oss_groq""}]","[{""decision"": ""ACCEPT"", ""evidence_tags"": [""Biography""], ""justification"": ""The filtered tag 'Biography' directly supports the disputed genre path 'Nonfiction / Biography / Biography'."", ""model"": ""qwen_groq""}, {""decision"": ""ACCEPT"", ""evidence_tags"": [""Biography""], ""justification"": ""The tag \""Biography\"" directly supports the biography classification."", ""model"": ""gpt_oss_20b""}]",ACCEPT,MAINTAIN,ACCEPT,1of3_both_opponents_accept,ACCEPT
9780312904463__genre__Nonfiction / Biography / Biography / Biography,9780312904463,Vicki,Genre,Nonfiction / Biography / Biography / Biography,1,"[""qwen_groq""]","[""gpt_oss_groq"", ""gpt_oss_20b""]","[""Mistresses"", ""Murder"", ""Biography""]","[{""decision"": ""MAINTAIN"", ""evidence_tags"": [""Biography""], ""justification"": ""The filtered tag 'Biography' directly supports the disputed genre path."", ""model"": ""qwen_groq""}]","[{""decision"": ""ACCEPT"", ""evidence_tags"": [""Biography""], ""justification"": ""The tag 'Biography' directly matches the disputed genre path."", ""model"": ""gpt_oss_groq""}, {""decision"": ""ACCEPT"", ""evidence_tags"": [""Biography""], ""justification"": ""The tag 'Biography' directly supports the disputed genre path."", ""model"": ""gpt_oss_20b""}]",MAINTAIN,ACCEPT,ACCEPT,1of3_both_opponents_accept,ACCEPT
9780312925475__metadata__Temporal_Context / Historical_Period,9780312925475,The mummy case,Metadata,Temporal_Context / Historical_Period,1,"[""qwen_groq""]","[""gpt_oss_groq"", ""gpt_oss_20b""]","[""Amelia Peabody (Fictitious character)"", ""Fiction"", ""Women archaeologists"", ""Mystery and detective stories"", ""Mystery"", ""Peabody, amelia (fictitious character), fiction"", ""Egypt, fiction"", ""Fiction, mystery & detective, women sleuths"", ""Fiction, historical, general"", ""Women archaeologists, fiction"", ""Mystery fiction"", ""Women detectives"", ""Excavations (Archaeology)"", ""Fiction, historical"", ""Fiction, mystery & detective, general"", ""Peabody, Amelia (Fictitious character) -- Fiction"", ""Women archaeologists -- Fiction"", ""Egypt -- Fiction"", ""Historical Fiction"", ""Historical"", ""Egypt"", ""Historical Mystery"", ""Victorian""]","[{""decision"": ""MAINTAIN"", ""evidence_tags"": [""Victorian""], ""justification"": ""The tag 'Victorian' explicitly identifies the historical period associated with the book."", ""model"": ""qwen_groq""}]","[{""decision"": ""ACCEPT"", ""evidence_tags"": [""Victorian""], ""justification"": ""The tag 'Victorian' directly specifies the historical period."", ""model"": ""gpt_oss_groq""}, {""decision"": ""ACCEPT"", ""evidence_tags"": [""Victorian""], ""justification"": ""The tag 'Victorian' explicitly indicates the historical period."", ""model"": ""gpt_oss_20b""}]",MAINTAIN,ACCEPT,ACCEPT,1of3_both_opponents_accept,ACCEPT
9780312953621__genre__Fiction / Comics and Sequential Fiction / Comics,9780312953621,Star Wreck VII,Genre,Fiction / Comics and Sequential Fiction / Comics,1,"[""gpt_oss_20b""]","[""qwen_groq"", ""gpt_oss_groq""]","[""Fiction, science fiction, general"", ""Comics & Graphic Novels"", ""Fiction - Science Fiction"", ""Humor"", ""Science Fiction - General"", ""Fiction / Science Fiction / General"", ""Parodies, imitations, etc"", ""Science Fiction""]","[{""decision"": ""MAINTAIN"", ""evidence_tags"": [""Comics & Graphic Novels""], ""justification"": ""The tag 'Comics & Graphic Novels' directly supports the comics genre path."", ""model"": ""gpt_oss_20b""}]","[{""decision"": ""ACCEPT"", ""evidence_tags"": [""Comics & Graphic Novels""], ""justification"": ""The filtered tag 'Comics & Graphic Novels' directly supports the disputed genre path 'Fiction / Comics and Sequential Fiction / Comics'."", ""model"": ""qwen_groq""}, {""decision"": ""ACCEPT"", ""evidence_tags"": [""Comics & Graphic Novels""], ""justification"": ""The tag 'Comics & Graphic Novels' directly supports the comics genre path."", ""model"": ""gpt_oss_groq""}]",ACCEPT,ACCEPT,MAINTAIN,1of3_both_opponents_accept,ACCEPT
9780312954475__genre__Fiction,9780312954475,"Blood at Fort Bridger (Forts of Freedom, Vol 4)",Genre,Fiction,1,"[""qwen_groq""]","[""gpt_oss_groq"", ""gpt_oss_20b""]","[""Fiction"", ""History"", ""Shoshoni Indians"", ""Fiction, westerns"", ""Fiction - Western"", ""Westerns"", ""Genre Fiction""]","[{""decision"": ""MAINTAIN"", ""evidence_tags"": [""Fiction"", ""Fiction, westerns"", ""Fiction - Western"", ""Westerns"", ""Genre Fiction""], ""justification"": ""The filtered tags explicitly include 'Fiction' and specific sub-genres like 'Fiction, westerns' and 'Westerns', directly supporting the disputed path."", ""model"": ""qwen_groq""}]","[{""decision"": ""ACCEPT"", ""evidence_tags"": [""Fiction""], ""justification"": ""The filtered tags contain the exact tag 'Fiction', directly supporting the disputed path."", ""model"": ""gpt_oss_groq""}, {""decision"": ""ACCEPT"", ""evidence_tags"": [""Fiction"", ""Fiction, westerns"", ""Fiction - Western"", ""Westerns"", ""Genre Fiction""], ""justification"": ""The filtered tags explicitly list Fiction and its western sub‑genres, directly supporting the disputed path."", ""model"": ""gpt_oss_20b""}]",MAINTAIN,ACCEPT,ACCEPT,1of3_both_opponents_accept,ACCEPT
9780312960551__genre__Nonfiction / Biography / Biography,9780312960551,Antonio Banderas,Genre,Nonfiction / Biography / Biography,1,"[""gpt_oss_groq""]","[""qwen_groq"", ""gpt_oss_20b""]","[""Biography"", ""Motion picture actors and actresses"", ""Actors, spain"", ""Biography: general"", ""Entertainment & Performing Arts - Actors & Actresses"", ""Acting & Auditioning"", ""Performing Arts"", ""Biography / Autobiography"", ""Biography/Autobiography"", ""Theater""]","[{""decision"": ""MAINTAIN"", ""evidence_tags"": [""Biography""], ""justification"": ""The tag \""Biography\"" directly matches the disputed genre path."", ""model"": ""gpt_oss_groq""}]","[{""decision"": ""ACCEPT"", ""evidence_tags"": [""Biography""], ""justification"": ""The filtered tag \""Biography\"" directly supports the disputed genre path Nonfiction / Biography / Biography."", ""model"": ""qwen_groq""}, {""decision"": ""ACCEPT"", ""evidence_tags"": [""Biography""], ""justification"": ""The tag \""Biography\"" directly supports the disputed genre path."", ""model"": ""gpt_oss_20b""}]",ACCEPT,MAINTAIN,ACCEPT,1of3_both_opponents_accept,ACCEPT
9780312960551__genre__Nonfiction / Biography / Biography / Biography,9780312960551,Antonio Banderas,Genre,Nonfiction / Biography / Biography / Biography,1,"[""qwen_groq""]","[""gpt_oss_groq"", ""gpt_oss_20b""]","[""Biography"", ""Motion picture actors and actresses"", ""Actors, spain"", ""Biography: general"", ""Entertainment & Performing Arts - Actors & Actresses"", ""Acting & Auditioning"", ""Performing Arts"", ""Biography / Autobiography"", ""Biography/Autobiography"", ""Theater""]","[{""decision"": ""MAINTAIN"", ""evidence_tags"": [""Biography"", ""Biography / Autobiography"", ""Biography/Autobiography""], ""justification"": ""The filtered tags explicitly include 'Biography' and 'Biography / Autobiography', directly supporting the disputed genre path."", ""model"": ""qwen_groq""}]","[{""decision"": ""ACCEPT"", ""evidence_tags"": [""Biography""], ""justification"": ""The filtered tags contain \""Biography\"", directly supporting the disputed genre path."", ""model"": ""gpt_oss_groq""}, {""decision"": ""ACCEPT"", ""evidence_tags"": [""Biography""], ""justification"": ""The tag 'Biography' directly supports the disputed genre path."", ""model"": ""gpt_oss_20b""}]",MAINTAIN,ACCEPT,ACCEPT,1of3_both_opponents_accept,ACCEPT
9780312965600__genre__Fiction / Historical Fiction,9780312965600,"Autumn Thunder (Last Warriors, Bk 1)",Genre,Fiction / Historical Fiction,1,"[""gpt_oss_groq""]","[""qwen_groq"", ""gpt_oss_20b""]","[""Fiction"", ""Fiction - Historical"", ""Genre Fiction"", ""Westerns"", ""Frontier & Pioneer""]","[{""decision"": ""MAINTAIN"", ""evidence_tags"": [""Fiction - Historical""], ""justification"": ""The tag \""Fiction - Historical\"" directly supports the Historical Fiction classification."", ""model"": ""gpt_oss_groq""}]","[{""decision"": ""ACCEPT"", ""evidence_tags"": [""Fiction - Historical""], ""justification"": ""The filtered tag \""Fiction - Historical\"" directly supports the disputed genre path of Historical Fiction."", ""model"": ""qwen_groq""}, {""decision"": ""ACCEPT"", ""evidence_tags"": [""Fiction - Historical""], ""justification"": ""The tag \""Fiction - Historical\"" directly supports the Historical Fiction classification."", ""model"": ""gpt_oss_20b""}]",ACCEPT,MAINTAIN,ACCEPT,1of3_both_opponents_accept,ACCEPT
9780312968182__genre__Fiction,9780312968182,See No Evil (A Marti MacAlister Mystery),Genre,Fiction,1,"[""qwen_groq""]","[""gpt_oss_groq"", ""gpt_oss_20b""]","[""Fiction, mystery & detective, women sleuths"", ""Policewomen, fiction"", ""Mystery & Detective - Police Procedural"", ""Mystery & Detective - Series"", ""Mystery & Detective - Women Sleuths"", ""Fiction / Mystery & Detective / General"", ""Mystery & Detective - General"", ""Fiction"", ""Fiction - Mystery/ Detective"", ""Mystery/Suspense"", ""Mystery"", ""Crime""]","[{""decision"": ""MAINTAIN"", ""evidence_tags"": [""Fiction"", ""Fiction, mystery & detective, women sleuths"", ""Fiction / Mystery & Detective / General"", ""Fiction - Mystery/ Detective""], ""justification"": ""The filtered tags explicitly include 'Fiction' and multiple compound tags starting with 'Fiction', directly supporting the disputed genre path."", ""model"": ""qwen_groq""}]","[{""decision"": ""ACCEPT"", ""evidence_tags"": [""Fiction""], ""justification"": ""The filtered tags contain the exact tag 'Fiction', directly supporting the disputed genre path."", ""model"": ""gpt_oss_groq""}, {""decision"": ""ACCEPT"", ""evidence_tags"": [""Fiction""], ""justification"": ""The tag list contains the exact tag 'Fiction', directly supporting the disputed genre path."", ""model"": ""gpt_oss_20b""}]",MAINTAIN,ACCEPT,ACCEPT,1of3_both_opponents_accept,ACCEPT
9780312968182__genre__Fiction / Suspense,9780312968182,See No Evil (A Marti MacAlister Mystery),Genre,Fiction / Suspense,1,"[""gpt_oss_20b""]","[""qwen_groq"", ""gpt_oss_groq""]","[""Fiction, mystery & detective, women sleuths"", ""Policewomen, fiction"", ""Mystery & Detective - Police Procedural"", ""Mystery & Detective - Series"", ""Mystery & Detective - Women Sleuths"", ""Fiction / Mystery & Detective / General"", ""Mystery & Detective - General"", ""Fiction"", ""Fiction - Mystery/ Detective"", ""Mystery/Suspense"", ""Mystery"", ""Crime""]","[{""decision"": ""MAINTAIN"", ""evidence_tags"": [""Mystery/Suspense""], ""justification"": ""The tag 'Mystery/Suspense' directly supports the Suspense genre."", ""model"": ""gpt_oss_20b""}]","[{""decision"": ""ACCEPT"", ""evidence_tags"": [""Mystery/Suspense""], ""justification"": ""The filtered tag 'Mystery/Suspense' directly supports the disputed genre path 'Fiction / Suspense'."", ""model"": ""qwen_groq""}, {""decision"": ""ACCEPT"", ""evidence_tags"": [""Mystery/Suspense""], ""justification"": ""The tag 'Mystery/Suspense' directly supports the Suspense genre."", ""model"": ""gpt_oss_groq""}]",ACCEPT,ACCEPT,MAINTAIN,1of3_both_opponents_accept,ACCEPT
9780312968182__metadata__Book_Format_and_Form / Textual_Form / Serial_Form / Series,9780312968182,See No Evil (A Marti MacAlister Mystery),Metadata,Book_Format_and_Form / Textual_Form / Serial_Form / Series,1,"[""gpt_oss_groq""]","[""qwen_groq"", ""gpt_oss_20b""]","[""Fiction, mystery & detective, women sleuths"", ""Policewomen, fiction"", ""Mystery & Detective - Police Procedural"", ""Mystery & Detective - Series"", ""Mystery & Detective - Women Sleuths"", ""Fiction / Mystery & Detective / General"", ""Mystery & Detective - General"", ""Fiction"", ""Fiction - Mystery/ Detective"", ""Mystery/Suspense"", ""Mystery"", ""Crime""]","[{""decision"": ""MAINTAIN"", ""evidence_tags"": [""Mystery & Detective - Series""], ""justification"": ""The tag explicitly indicates the book is part of a series."", ""model"": ""gpt_oss_groq""}]","[{""decision"": ""ACCEPT"", ""evidence_tags"": [""Mystery & Detective - Series""], ""justification"": ""The tag 'Mystery & Detective - Series' explicitly indicates that the book is part of a series, directly supporting the Serial_Form / Series path."", ""model"": ""qwen_groq""}, {""decision"": ""ACCEPT"", ""evidence_tags"": [""Mystery & Detective - Series""], ""justification"": ""The tag explicitly indicates the book is part of a series."", ""model"": ""gpt_oss_20b""}]",ACCEPT,MAINTAIN,ACCEPT,1of3_both_opponents_accept,ACCEPT
9780312968182__metadata__Thematic_Metadata / Conflict_and_Event_Themes / Crime_and_Justice / Crime,9780312968182,See No Evil (A Marti MacAlister Mystery),Metadata,Thematic_Metadata / Conflict_and_Event_Themes / Crime_and_Justice / Crime,1,"[""gpt_oss_20b""]","[""qwen_groq"", ""gpt_oss_groq""]","[""Fiction, mystery & detective, women sleuths"", ""Policewomen, fiction"", ""Mystery & Detective - Police Procedural"", ""Mystery & Detective - Series"", ""Mystery & Detective - Women Sleuths"", ""Fiction / Mystery & Detective / General"", ""Mystery & Detective - General"", ""Fiction"", ""Fiction - Mystery/ Detective"", ""Mystery/Suspense"", ""Mystery"", ""Crime""]","[{""decision"": ""MAINTAIN"", ""evidence_tags"": [""Crime""], ""justification"": ""The tag \""Crime\"" directly supports the Crime theme."", ""model"": ""gpt_oss_20b""}]","[{""decision"": ""ACCEPT"", ""evidence_tags"": [""Crime""], ""justification"": ""The filtered tag \""Crime\"" explicitly supports the disputed metadata path Crime_and_Justice / Crime."", ""model"": ""qwen_groq""}, {""decision"": ""ACCEPT"", ""evidence_tags"": [""Crime""], ""justification"": ""The tag \""Crime\"" directly matches the disputed path."", ""model"": ""gpt_oss_groq""}]",ACCEPT,ACCEPT,MAINTAIN,1of3_both_opponents_accept,ACCEPT
9780312970932__genre__Fiction,9780312970932,Indian Territory,Genre,Fiction,1,"[""gpt_oss_20b""]","[""qwen_groq"", ""gpt_oss_groq""]","[""Railroad stories"", ""Fiction"", ""Fiction, historical"", ""Westerns"", ""Westerns - General"", ""Fiction - Western"", ""Historical""]","[{""decision"": ""MAINTAIN"", ""evidence_tags"": [""Fiction""], ""justification"": ""The tag \""Fiction\"" directly supports the genre path."", ""model"": ""gpt_oss_20b""}]","[{""decision"": ""ACCEPT"", ""evidence_tags"": [""Fiction""], ""justification"": ""The filtered tag \""Fiction\"" directly matches the disputed genre path."", ""model"": ""qwen_groq""}, {""decision"": ""ACCEPT"", ""evidence_tags"": [""Fiction""], ""justification"": ""The filtered tag \""Fiction\"" directly supports the disputed genre path."", ""model"": ""gpt_oss_groq""}]",ACCEPT,ACCEPT,MAINTAIN,1of3_both_opponents_accept,ACCEPT
9780316092814__genre__Nonfiction / Politics and Law / Politics,9780316092814,At the highest levels,Genre,Nonfiction / Politics and Law / Politics,1,"[""qwen_groq""]","[""gpt_oss_groq"", ""gpt_oss_20b""]","[""Foreign relations"", ""Cold War"", ""United states, foreign relations, soviet union"", ""Soviet union, foreign relations, united states"", ""United states, foreign relations, 1989-1993"", ""Soviet union, foreign relations, 1985-1991"", ""Bush, george, 1924-2018"", ""Gorbachev, mikhail sergeevich, 1931-2022"", ""Bush, George, 1924-"", ""Gorbachev, Mikhail Sergeevich, 1931-"", ""United States -- Foreign relations -- Soviet Union"", ""Soviet Union -- Foreign relations -- United States"", ""United States -- Foreign relations -- 1989-1993"", ""Soviet Union -- Foreign relations -- 1985-1991"", ""History"", ""Nonfiction"", ""Russia"", ""Politics"", ""American History"", ""Russian History"", ""20th Century"", ""Biographies & Memoirs"", ""Leaders & Notable People"", ""Presidents & Heads of State"", ""US Presidents""]","[{""decision"": ""MAINTAIN"", ""evidence_tags"": [""Politics"", ""Foreign relations"", ""United states, foreign relations, soviet union""], ""justification"": ""The filtered tags explicitly include 'Politics' and specific foreign relations topics between the US and Soviet Union, directly supporting the genre path Nonfiction / Politics and Law / Politics."", ""model"": ""qwen_groq""}]","[{""decision"": ""ACCEPT"", ""evidence_tags"": [""Politics""], ""justification"": ""The tag \""Politics\"" directly matches the disputed genre subcategory."", ""model"": ""gpt_oss_groq""}, {""decision"": ""ACCEPT"", ""evidence_tags"": [""Politics""], ""justification"": ""The tag 'Politics' directly supports the genre path Nonfiction / Politics and Law / Politics."", ""model"": ""gpt_oss_20b""}]",MAINTAIN,ACCEPT,ACCEPT,1of3_both_opponents_accept,ACCEPT
9780316092814__metadata__Geographical_Context / World_Region / North_America / United States,9780316092814,At the highest levels,Metadata,Geographical_Context / World_Region / North_America / United States,2,"[""qwen_groq"", ""gpt_oss_20b""]","[""gpt_oss_groq""]","[""Foreign relations"", ""Cold War"", ""United states, foreign relations, soviet union"", ""Soviet union, foreign relations, united states"", ""United states, foreign relations, 1989-1993"", ""Soviet union, foreign relations, 1985-1991"", ""Bush, george, 1924-2018"", ""Gorbachev, mikhail sergeevich, 1931-2022"", ""Bush, George, 1924-"", ""Gorbachev, Mikhail Sergeevich, 1931-"", ""United States -- Foreign relations -- Soviet Union"", ""Soviet Union -- Foreign relations -- United States"", ""United States -- Foreign relations -- 1989-1993"", ""Soviet Union -- Foreign relations -- 1985-1991"", ""History"", ""Nonfiction"", ""Russia"", ""Politics"", ""American History"", ""Russian History"", ""20th Century"", ""Biographies & Memoirs"", ""Leaders & Notable People"", ""Presidents & Heads of State"", ""US Presidents""]","[{""decision"": ""MAINTAIN"", ""evidence_tags"": [""United States -- Foreign relations -- Soviet Union"", ""United States -- Foreign relations -- 1989-1993"", ""US Presidents""], ""justification"": ""The filtered tags explicitly reference the 'United States' in multiple subject headings and category labels, directly supporting the geographical context path."", ""model"": ""qwen_groq""}, {""decision"": ""MAINTAIN"", ""evidence_tags"": [""United States -- Foreign relations -- Soviet Union""], ""justification"": ""The tag explicitly references the United States in a foreign relations context."", ""model"": ""gpt_oss_20b""}]","[{""decision"": ""ACCEPT"", ""evidence_tags"": [""United States -- Foreign relations -- Soviet Union"", ""United States -- Foreign relations -- 1989-1993"", ""US Presidents""], ""justification"": ""Filtered tags explicitly mention \""United States\"", directly supporting the United States geographical context."", ""model"": ""gpt_oss_groq""}]",MAINTAIN,ACCEPT,MAINTAIN,2of3_opponent_accepts,ACCEPT
9780316170925__metadata__Audience / Age_Group / Adult,9780316170925,Heiress,Metadata,Audience / Age_Group / Adult,1,"[""gpt_oss_groq""]","[""qwen_groq"", ""gpt_oss_20b""]","[""Fiction"", ""Inheritance and succession"", ""Romance"", ""Sisters"", ""Contemporary Romance"", ""Contemporary"", ""Adult Fiction""]","[{""decision"": ""MAINTAIN"", ""evidence_tags"": [""Adult Fiction""], ""justification"": ""The tag \""Adult Fiction\"" explicitly indicates an adult audience."", ""model"": ""gpt_oss_groq""}]","[{""decision"": ""ACCEPT"", ""evidence_tags"": [""Adult Fiction""], ""justification"": ""The tag \""Adult Fiction\"" explicitly identifies the audience as adult."", ""model"": ""qwen_groq""}, {""decision"": ""ACCEPT"", ""evidence_tags"": [""Adult Fiction""], ""justification"": ""The tag \""Adult Fiction\"" explicitly indicates an adult audience."", ""model"": ""gpt_oss_20b""}]",ACCEPT,MAINTAIN,ACCEPT,1of3_both_opponents_accept,ACCEPT
9780316170925__metadata__Temporal_Context / Publication_Period / Contemporary_Publication,9780316170925,Heiress,Metadata,Temporal_Context / Publication_Period / Contemporary_Publication,1,"[""gpt_oss_groq""]","[""qwen_groq"", ""gpt_oss_20b""]","[""Fiction"", ""Inheritance and succession"", ""Romance"", ""Sisters"", ""Contemporary Romance"", ""Contemporary"", ""Adult Fiction""]","[{""decision"": ""MAINTAIN"", ""evidence_tags"": [""Contemporary Romance"", ""Contemporary""], ""justification"": ""The tags explicitly label the work as contemporary."", ""model"": ""gpt_oss_groq""}]","[{""decision"": ""ACCEPT"", ""evidence_tags"": [""Contemporary"", ""Contemporary Romance""], ""justification"": ""The filtered tags explicitly include 'Contemporary' and 'Contemporary Romance', directly supporting the classification under Contemporary_Publication."", ""model"": ""qwen_groq""}, {""decision"": ""ACCEPT"", ""evidence_tags"": [""Contemporary""], ""justification"": ""The tag \""Contemporary\"" directly supports the contemporary publication period."", ""model"": ""gpt_oss_20b""}]",ACCEPT,MAINTAIN,ACCEPT,1of3_both_opponents_accept,ACCEPT
9780345353016__genre__Fiction / Action Fiction / Military and Combat Fiction / Military Fiction,9780345353016,"Robotech : The Sentinels, Dark Powers",Genre,Fiction / Action Fiction / Military and Combat Fiction / Military Fiction,1,"[""gpt_oss_20b""]","[""qwen_groq"", ""gpt_oss_groq""]","[""Science Fiction"", ""Media Tie In"", ""Space Opera"", ""Military Fiction"", ""Science Fiction & Fantasy""]","[{""decision"": ""MAINTAIN"", ""evidence_tags"": [""Military Fiction""], ""justification"": ""The tag \""Military Fiction\"" directly supports the disputed genre path."", ""model"": ""gpt_oss_20b""}]","[{""decision"": ""ACCEPT"", ""evidence_tags"": [""Military Fiction""], ""justification"": ""The filtered tag 'Military Fiction' directly matches the terminal node of the disputed genre path."", ""model"": ""qwen_groq""}, {""decision"": ""ACCEPT"", ""evidence_tags"": [""Military Fiction""], ""justification"": ""The filtered tag \""Military Fiction\"" directly matches the disputed genre path."", ""model"": ""gpt_oss_groq""}]",ACCEPT,ACCEPT,MAINTAIN,1of3_both_opponents_accept,ACCEPT
9780345353016__genre__Fiction / Science Fiction / General Science Fiction / Science Fiction,9780345353016,"Robotech : The Sentinels, Dark Powers",Genre,Fiction / Science Fiction / General Science Fiction / Science Fiction,1,"[""gpt_oss_20b""]","[""qwen_groq"", ""gpt_oss_groq""]","[""Science Fiction"", ""Media Tie In"", ""Space Opera"", ""Military Fiction"", ""Science Fiction & Fantasy""]","[{""decision"": ""MAINTAIN"", ""evidence_tags"": [""Science Fiction""], ""justification"": ""The tag \""Science Fiction\"" directly supports the disputed genre path."", ""model"": ""gpt_oss_20b""}]","[{""decision"": ""ACCEPT"", ""evidence_tags"": [""Science Fiction""], ""justification"": ""The filtered tag \""Science Fiction\"" directly supports the disputed genre path."", ""model"": ""qwen_groq""}, {""decision"": ""ACCEPT"", ""evidence_tags"": [""Science Fiction""], ""justification"": ""The tag \""Science Fiction\"" directly matches the disputed genre path."", ""model"": ""gpt_oss_groq""}]",ACCEPT,ACCEPT,MAINTAIN,1of3_both_opponents_accept,ACCEPT
9780345380487__genre__Fiction / Science Fiction,9780345380487,Hammer and anvil,Genre,Fiction / Science Fiction,1,"[""gpt_oss_groq""]","[""qwen_groq"", ""gpt_oss_20b""]","[""Science fiction"", ""Alternate History"", ""Fiction"", ""Literature & Fiction""]","[{""decision"": ""MAINTAIN"", ""evidence_tags"": [""Science fiction""], ""justification"": ""The tag \""Science fiction\"" directly matches the disputed genre path."", ""model"": ""gpt_oss_groq""}]","[{""decision"": ""ACCEPT"", ""evidence_tags"": [""Science fiction"", ""Fiction""], ""justification"": ""The filtered tags explicitly include 'Science fiction' and 'Fiction', which directly support the disputed genre path."", ""model"": ""qwen_groq""}, {""decision"": ""ACCEPT"", ""evidence_tags"": [""Science fiction"", ""Fiction""], ""justification"": ""Both \""Science fiction\"" and \""Fiction\"" tags directly support the disputed path."", ""model"": ""gpt_oss_20b""}]",ACCEPT,MAINTAIN,ACCEPT,1of3_both_opponents_accept,ACCEPT
9780345380487__genre__Fiction / Science Fiction / General Science Fiction / Science Fiction,9780345380487,Hammer and anvil,Genre,Fiction / Science Fiction / General Science Fiction / Science Fiction,2,"[""qwen_groq"", ""gpt_oss_20b""]","[""gpt_oss_groq""]","[""Science fiction"", ""Alternate History"", ""Fiction"", ""Literature & Fiction""]","[{""decision"": ""MAINTAIN"", ""evidence_tags"": [""Science fiction""], ""justification"": ""The filtered tag 'Science fiction' directly supports the disputed genre path."", ""model"": ""qwen_groq""}, {""decision"": ""MAINTAIN"", ""evidence_tags"": [""Science fiction""], ""justification"": ""The tag \""Science fiction\"" directly supports the Science Fiction genre path."", ""model"": ""gpt_oss_20b""}]","[{""decision"": ""ACCEPT"", ""evidence_tags"": [""Science fiction""], ""justification"": ""The filtered tag \""Science fiction\"" directly matches the disputed genre path."", ""model"": ""gpt_oss_groq""}]",MAINTAIN,ACCEPT,MAINTAIN,2of3_opponent_accepts,ACCEPT
9780345386830__genre__Fiction / Crime Fiction / Legal and Courtroom Fiction / Legal Fiction,9780345386830,Double jeopardy,Genre,Fiction / Crime Fiction / Legal and Courtroom Fiction / Legal Fiction,1,"[""qwen_groq""]","[""gpt_oss_groq"", ""gpt_oss_20b""]","[""Fiction, mystery & detective, general"", ""Lawyers, fiction"", ""Fiction, legal"", ""Mystery"", ""Legal Thriller"", ""Thriller"", ""Mystery Thriller"", ""Crime"", ""Mystery, Thriller & Suspense"", ""Thrillers & Suspense"", ""Kidnapping"", ""Fiction"", ""Legal""]","[{""decision"": ""MAINTAIN"", ""evidence_tags"": [""Fiction, legal"", ""Legal Thriller"", ""Lawyers, fiction""], ""justification"": ""The filtered tags explicitly include 'Fiction, legal' and 'Legal Thriller', which directly support the classification of the book as Legal Fiction."", ""model"": ""qwen_groq""}]","[{""decision"": ""ACCEPT"", ""evidence_tags"": [""Fiction, legal""], ""justification"": ""The tag 'Fiction, legal' directly supports the Legal Fiction classification."", ""model"": ""gpt_oss_groq""}, {""decision"": ""ACCEPT"", ""evidence_tags"": [""Fiction, legal"", ""Legal Thriller"", ""Lawyers, fiction""], ""justification"": ""The tags explicitly include Fiction, legal, Legal Thriller, and Lawyers, fiction, which directly support the Legal Fiction classification."", ""model"": ""gpt_oss_20b""}]",MAINTAIN,ACCEPT,ACCEPT,1of3_both_opponents_accept,ACCEPT
9780345386830__genre__Fiction / Mystery,9780345386830,Double jeopardy,Genre,Fiction / Mystery,2,"[""qwen_groq"", ""gpt_oss_20b""]","[""gpt_oss_groq""]","[""Fiction, mystery & detective, general"", ""Lawyers, fiction"", ""Fiction, legal"", ""Mystery"", ""Legal Thriller"", ""Thriller"", ""Mystery Thriller"", ""Crime"", ""Mystery, Thriller & Suspense"", ""Thrillers & Suspense"", ""Kidnapping"", ""Fiction"", ""Legal""]","[{""decision"": ""MAINTAIN"", ""evidence_tags"": [""Fiction, mystery & detective, general"", ""Mystery"", ""Fiction""], ""justification"": ""The filtered tags explicitly include 'Fiction, mystery & detective, general' and 'Mystery', directly supporting the disputed genre path."", ""model"": ""qwen_groq""}, {""decision"": ""MAINTAIN"", ""evidence_tags"": [""Fiction, mystery & detective, general"", ""Mystery""], ""justification"": ""The tags explicitly include both Fiction and Mystery, supporting the path."", ""model"": ""gpt_oss_20b""}]","[{""decision"": ""ACCEPT"", ""evidence_tags"": [""Fiction, mystery & detective, general"", ""Mystery"", ""Fiction""], ""justification"": ""The filtered tags explicitly include both Fiction and Mystery, directly supporting the disputed path."", ""model"": ""gpt_oss_groq""}]",MAINTAIN,ACCEPT,MAINTAIN,2of3_opponent_accepts,ACCEPT
9780345387325__genre__Fiction,9780345387325,Kingdoms Of The Night,Genre,Fiction,1,"[""qwen_groq""]","[""gpt_oss_groq"", ""gpt_oss_20b""]","[""Fiction"", ""Fantasy"", ""High Fantasy"", ""Science Fiction & Fantasy"", ""Epic""]","[{""decision"": ""MAINTAIN"", ""evidence_tags"": [""Fiction""], ""justification"": ""The filtered tag 'Fiction' directly matches the disputed genre path."", ""model"": ""qwen_groq""}]","[{""decision"": ""ACCEPT"", ""evidence_tags"": [""Fiction""], ""justification"": ""The filtered tag 'Fiction' directly matches the disputed genre path."", ""model"": ""gpt_oss_groq""}, {""decision"": ""ACCEPT"", ""evidence_tags"": [""Fiction""], ""justification"": ""The filtered tag 'Fiction' directly matches the disputed genre path."", ""model"": ""gpt_oss_20b""}]",MAINTAIN,ACCEPT,ACCEPT,1of3_both_opponents_accept,ACCEPT
9780345387325__genre__Fiction / Fantasy,9780345387325,Kingdoms Of The Night,Genre,Fiction / Fantasy,2,"[""qwen_groq"", ""gpt_oss_20b""]","[""gpt_oss_groq""]","[""Fiction"", ""Fantasy"", ""High Fantasy"", ""Science Fiction & Fantasy"", ""Epic""]","[{""decision"": ""MAINTAIN"", ""evidence_tags"": [""Fiction"", ""Fantasy""], ""justification"": ""The filtered tags explicitly include both 'Fiction' and 'Fantasy', directly supporting the disputed genre path."", ""model"": ""qwen_groq""}, {""decision"": ""MAINTAIN"", ""evidence_tags"": [""Fiction"", ""Fantasy""], ""justification"": ""Both 'Fiction' and 'Fantasy' tags directly support the path."", ""model"": ""gpt_oss_20b""}]","[{""decision"": ""ACCEPT"", ""evidence_tags"": [""Fiction"", ""Fantasy""], ""justification"": ""The filtered tags include both 'Fiction' and 'Fantasy', directly supporting the disputed path."", ""model"": ""gpt_oss_groq""}]",MAINTAIN,ACCEPT,MAINTAIN,2of3_opponent_accepts,ACCEPT
9780345418067__genre__Fiction,9780345418067,Blind Justice,Genre,Fiction,1,"[""qwen_groq""]","[""gpt_oss_groq"", ""gpt_oss_20b""]","[""Ben Kincaid (Fictitious character)"", ""Fiction"", ""Fiction, suspense"", ""Legal"", ""Mystery & Detective - General"", ""Mystery"", ""Legal Thriller"", ""Thriller"", ""Crime"", ""Mystery, Thriller & Suspense"", ""Thrillers & Suspense""]","[{""decision"": ""MAINTAIN"", ""evidence_tags"": [""Fiction""], ""justification"": ""The filtered tag 'Fiction' directly supports the disputed genre path."", ""model"": ""qwen_groq""}]","[{""decision"": ""ACCEPT"", ""evidence_tags"": [""Fiction""], ""justification"": ""The filtered tag \""Fiction\"" directly matches the disputed genre path."", ""model"": ""gpt_oss_groq""}, {""decision"": ""ACCEPT"", ""evidence_tags"": [""Fiction""], ""justification"": ""The tag 'Fiction' directly supports the disputed genre path."", ""model"": ""gpt_oss_20b""}]",MAINTAIN,ACCEPT,ACCEPT,1of3_both_opponents_accept,ACCEPT
9780345418067__genre__Fiction / Crime Fiction / Legal and Courtroom Fiction / Legal Fiction,9780345418067,Blind Justice,Genre,Fiction / Crime Fiction / Legal and Courtroom Fiction / Legal Fiction,1,"[""qwen_groq""]","[""gpt_oss_groq"", ""gpt_oss_20b""]","[""Ben Kincaid (Fictitious character)"", ""Fiction"", ""Fiction, suspense"", ""Legal"", ""Mystery & Detective - General"", ""Mystery"", ""Legal Thriller"", ""Thriller"", ""Crime"", ""Mystery, Thriller & Suspense"", ""Thrillers & Suspense""]","[{""decision"": ""MAINTAIN"", ""evidence_tags"": [""Legal Thriller"", ""Legal""], ""justification"": ""The filtered tags 'Legal Thriller' and 'Legal' directly support the classification of the book as Legal Fiction."", ""model"": ""qwen_groq""}]","[{""decision"": ""ACCEPT"", ""evidence_tags"": [""Legal"", ""Legal Thriller""], ""justification"": ""The tags 'Legal' and 'Legal Thriller' directly substantiate the legal fiction classification."", ""model"": ""gpt_oss_groq""}, {""decision"": ""ACCEPT"", ""evidence_tags"": [""Legal Thriller"", ""Legal""], ""justification"": ""The tags 'Legal Thriller' and 'Legal' directly indicate the book is a legal-themed work, supporting the Legal Fiction classification."", ""model"": ""gpt_oss_20b""}]",MAINTAIN,ACCEPT,ACCEPT,1of3_both_opponents_accept,ACCEPT
9780345418067__metadata__Thematic_Metadata / Conflict_and_Event_Themes / Crime_and_Justice / Crime,9780345418067,Blind Justice,Metadata,Thematic_Metadata / Conflict_and_Event_Themes / Crime_and_Justice / Crime,2,"[""qwen_groq"", ""gpt_oss_groq""]","[""gpt_oss_20b""]","[""Ben Kincaid (Fictitious character)"", ""Fiction"", ""Fiction, suspense"", ""Legal"", ""Mystery & Detective - General"", ""Mystery"", ""Legal Thriller"", ""Thriller"", ""Crime"", ""Mystery, Thriller & Suspense"", ""Thrillers & Suspense""]","[{""decision"": ""MAINTAIN"", ""evidence_tags"": [""Crime""], ""justification"": ""The filtered tag 'Crime' explicitly supports the metadata path Crime_and_Justice / Crime."", ""model"": ""qwen_groq""}, {""decision"": ""MAINTAIN"", ""evidence_tags"": [""Crime""], ""justification"": ""The tag \""Crime\"" directly supports the Crime theme."", ""model"": ""gpt_oss_groq""}]","[{""decision"": ""ACCEPT"", ""evidence_tags"": [""Crime""], ""justification"": ""The tag 'Crime' directly supports the Crime_and_Justice / Crime path."", ""model"": ""gpt_oss_20b""}]",MAINTAIN,MAINTAIN,ACCEPT,2of3_opponent_accepts,ACCEPT
9780370314679__genre__Fiction / Adventure,9780370314679,The shining company,Genre,Fiction / Adventure,2,"[""qwen_groq"", ""gpt_oss_groq""]","[""gpt_oss_20b""]","[""Fiction"", ""Historical fiction"", ""Historical"", ""Young Adult"", ""Adventure"", ""Great Britain -- History -- Anglo-Saxon period, 449-1066 -- Fiction."", ""Great Britain -- History -- Anglo-Saxon period, 449-1066 -- Juvenile fiction.""]","[{""decision"": ""MAINTAIN"", ""evidence_tags"": [""Fiction"", ""Adventure""], ""justification"": ""The filtered tags explicitly include both 'Fiction' and 'Adventure', directly supporting the disputed genre path."", ""model"": ""qwen_groq""}, {""decision"": ""MAINTAIN"", ""evidence_tags"": [""Fiction"", ""Adventure""], ""justification"": ""Both 'Fiction' and 'Adventure' tags are present, directly supporting the disputed path."", ""model"": ""gpt_oss_groq""}]","[{""decision"": ""ACCEPT"", ""evidence_tags"": [""Fiction"", ""Adventure""], ""justification"": ""Both 'Fiction' and 'Adventure' tags are present in the filtered tags."", ""model"": ""gpt_oss_20b""}]",MAINTAIN,MAINTAIN,ACCEPT,2of3_opponent_accepts,ACCEPT
9780370314679__genre__Fiction / Historical Fiction,9780370314679,The shining company,Genre,Fiction / Historical Fiction,2,"[""qwen_groq"", ""gpt_oss_groq""]","[""gpt_oss_20b""]","[""Fiction"", ""Historical fiction"", ""Historical"", ""Young Adult"", ""Adventure"", ""Great Britain -- History -- Anglo-Saxon period, 449-1066 -- Fiction."", ""Great Britain -- History -- Anglo-Saxon period, 449-1066 -- Juvenile fiction.""]","[{""decision"": ""MAINTAIN"", ""evidence_tags"": [""Fiction"", ""Historical fiction"", ""Great Britain -- History -- Anglo-Saxon period, 449-1066 -- Fiction.""], ""justification"": ""The filtered tags explicitly include 'Historical fiction' and a specific subject heading for fiction set in the Anglo-Saxon period, directly supporting the disputed genre path."", ""model"": ""qwen_groq""}, {""decision"": ""MAINTAIN"", ""evidence_tags"": [""Fiction"", ""Historical fiction""], ""justification"": ""The tags explicitly include both Fiction and Historical fiction."", ""model"": ""gpt_oss_groq""}]","[{""decision"": ""ACCEPT"", ""evidence_tags"": [""Historical fiction""], ""justification"": ""The tag 'Historical fiction' directly supports the disputed genre path."", ""model"": ""gpt_oss_20b""}]",MAINTAIN,MAINTAIN,ACCEPT,2of3_opponent_accepts,ACCEPT
9780370314679__genre__Fiction / Historical Fiction / Historical Adventure Fiction,9780370314679,The shining company,Genre,Fiction / Historical Fiction / Historical Adventure Fiction,1,"[""gpt_oss_20b""]","[""qwen_groq"", ""gpt_oss_groq""]","[""Fiction"", ""Historical fiction"", ""Historical"", ""Young Adult"", ""Adventure"", ""Great Britain -- History -- Anglo-Saxon period, 449-1066 -- Fiction."", ""Great Britain -- History -- Anglo-Saxon period, 449-1066 -- Juvenile fiction.""]","[{""decision"": ""MAINTAIN"", ""evidence_tags"": [""Historical fiction"", ""Adventure""], ""justification"": ""The tags include both Historical fiction and Adventure, supporting the combined Historical Adventure Fiction genre."", ""model"": ""gpt_oss_20b""}]","[{""decision"": ""ACCEPT"", ""evidence_tags"": [""Historical fiction"", ""Adventure""], ""justification"": ""The presence of both 'Historical fiction' and 'Adventure' in the filtered tags directly supports the combined genre path of Historical Adventure Fiction."", ""model"": ""qwen_groq""}, {""decision"": ""ACCEPT"", ""evidence_tags"": [""Historical fiction"", ""Adventure""], ""justification"": ""Both Historical fiction and Adventure tags are present, supporting the Historical Adventure Fiction classification."", ""model"": ""gpt_oss_groq""}]",ACCEPT,ACCEPT,MAINTAIN,1of3_both_opponents_accept,ACCEPT
9780370314679__metadata__Audience / Age_Group / Young_Adult,9780370314679,The shining company,Metadata,Audience / Age_Group / Young_Adult,1,"[""gpt_oss_groq""]","[""qwen_groq"", ""gpt_oss_20b""]","[""Fiction"", ""Historical fiction"", ""Historical"", ""Young Adult"", ""Adventure"", ""Great Britain -- History -- Anglo-Saxon period, 449-1066 -- Fiction."", ""Great Britain -- History -- Anglo-Saxon period, 449-1066 -- Juvenile fiction.""]","[{""decision"": ""MAINTAIN"", ""evidence_tags"": [""Young Adult""], ""justification"": ""The tag \""Young Adult\"" directly supports the Young_Adult age group."", ""model"": ""gpt_oss_groq""}]","[{""decision"": ""ACCEPT"", ""evidence_tags"": [""Young Adult""], ""justification"": ""The filtered tag \""Young Adult\"" explicitly supports the disputed metadata path Audience / Age_Group / Young_Adult."", ""model"": ""qwen_groq""}, {""decision"": ""ACCEPT"", ""evidence_tags"": [""Young Adult""], ""justification"": ""The tag \""Young Adult\"" directly supports the Young_Adult age group."", ""model"": ""gpt_oss_20b""}]",ACCEPT,MAINTAIN,ACCEPT,1of3_both_opponents_accept,ACCEPT
9780370314679__metadata__Audience / Age_Group / Young_Adult / Young Adult Audience,9780370314679,The shining company,Metadata,Audience / Age_Group / Young_Adult / Young Adult Audience,2,"[""qwen_groq"", ""gpt_oss_20b""]","[""gpt_oss_groq""]","[""Fiction"", ""Historical fiction"", ""Historical"", ""Young Adult"", ""Adventure"", ""Great Britain -- History -- Anglo-Saxon period, 449-1066 -- Fiction."", ""Great Britain -- History -- Anglo-Saxon period, 449-1066 -- Juvenile fiction.""]","[{""decision"": ""MAINTAIN"", ""evidence_tags"": [""Young Adult""], ""justification"": ""The filtered tag 'Young Adult' explicitly supports the disputed path."", ""model"": ""qwen_groq""}, {""decision"": ""MAINTAIN"", ""evidence_tags"": [""Young Adult""], ""justification"": ""The tag \""Young Adult\"" explicitly indicates the audience."", ""model"": ""gpt_oss_20b""}]","[{""decision"": ""ACCEPT"", ""evidence_tags"": [""Young Adult""], ""justification"": ""The tag \""Young Adult\"" explicitly indicates the audience."", ""model"": ""gpt_oss_groq""}]",MAINTAIN,ACCEPT,MAINTAIN,2of3_opponent_accepts,ACCEPT
9780370314679__metadata__Temporal_Context / Historical_Period,9780370314679,The shining company,Metadata,Temporal_Context / Historical_Period,2,"[""qwen_groq"", ""gpt_oss_groq""]","[""gpt_oss_20b""]","[""Fiction"", ""Historical fiction"", ""Historical"", ""Young Adult"", ""Adventure"", ""Great Britain -- History -- Anglo-Saxon period, 449-1066 -- Fiction."", ""Great Britain -- History -- Anglo-Saxon period, 449-1066 -- Juvenile fiction.""]","[{""decision"": ""MAINTAIN"", ""evidence_tags"": [""Great Britain -- History -- Anglo-Saxon period, 449-1066 -- Fiction."", ""Great Britain -- History -- Anglo-Saxon period, 449-1066 -- Juvenile fiction.""], ""justification"": ""The filtered tags explicitly identify the historical period as the Anglo-Saxon period, 449-1066."", ""model"": ""qwen_groq""}, {""decision"": ""MAINTAIN"", ""evidence_tags"": [""Great Britain -- History -- Anglo-Saxon period, 449-1066 -- Fiction."", ""Great Britain -- History -- Anglo-Saxon period, 449-1066 -- Juvenile fiction.""], ""justification"": ""The tags explicitly reference the Anglo-Saxon period, a specific historical period."", ""model"": ""gpt_oss_groq""}]","[{""decision"": ""ACCEPT"", ""evidence_tags"": [""Great Britain -- History -- Anglo-Saxon period, 449-1066 -- Fiction.""], ""justification"": ""The tag explicitly names the Anglo‑Saxon period, 449‑1066."", ""model"": ""gpt_oss_20b""}]",MAINTAIN,MAINTAIN,ACCEPT,2of3_opponent_accepts,ACCEPT
9780373028344__genre__Fiction / Romance / General Romance / Romance,9780373028344,"Tempest In The Tropics (Harlequin Romance, No. 2834) (Harlequin Romance, No. 2834)",Genre,Fiction / Romance / General Romance / Romance,2,"[""qwen_groq"", ""gpt_oss_20b""]","[""gpt_oss_groq""]","[""Romance - Contemporary"", ""Fiction"", ""Romance: Modern"", ""Romance"", ""Harlequin Romance""]","[{""decision"": ""MAINTAIN"", ""evidence_tags"": [""Romance"", ""Harlequin Romance""], ""justification"": ""The filtered tags 'Romance' and 'Harlequin Romance' directly support the disputed genre path 'Fiction / Romance / General Romance / Romance'."", ""model"": ""qwen_groq""}, {""decision"": ""MAINTAIN"", ""evidence_tags"": [""Romance"", ""Harlequin Romance""], ""justification"": ""The tags include Romance and Harlequin Romance, supporting the Romance genre path."", ""model"": ""gpt_oss_20b""}]","[{""decision"": ""ACCEPT"", ""evidence_tags"": [""Romance"", ""Harlequin Romance""], ""justification"": ""The tags 'Romance' and 'Harlequin Romance' directly confirm the Romance genre path."", ""model"": ""gpt_oss_groq""}]",MAINTAIN,ACCEPT,MAINTAIN,2of3_opponent_accepts,ACCEPT
9780373028344__metadata__Temporal_Context / Historical_Period / Contemporary,9780373028344,"Tempest In The Tropics (Harlequin Romance, No. 2834) (Harlequin Romance, No. 2834)",Metadata,Temporal_Context / Historical_Period / Contemporary,2,"[""qwen_groq"", ""gpt_oss_groq""]","[""gpt_oss_20b""]","[""Romance - Contemporary"", ""Fiction"", ""Romance: Modern"", ""Romance"", ""Harlequin Romance""]","[{""decision"": ""MAINTAIN"", ""evidence_tags"": [""Romance - Contemporary"", ""Romance: Modern""], ""justification"": ""The filtered tags explicitly include 'Romance - Contemporary' and 'Romance: Modern', directly supporting the Contemporary historical period."", ""model"": ""qwen_groq""}, {""decision"": ""MAINTAIN"", ""evidence_tags"": [""Romance - Contemporary""], ""justification"": ""The tag 'Romance - Contemporary' explicitly indicates a contemporary historical period."", ""model"": ""gpt_oss_groq""}]","[{""decision"": ""ACCEPT"", ""evidence_tags"": [""Romance - Contemporary"", ""Romance: Modern""], ""justification"": ""The filtered tags explicitly state 'Romance - Contemporary' and 'Romance: Modern', confirming a contemporary historical period."", ""model"": ""gpt_oss_20b""}]",MAINTAIN,MAINTAIN,ACCEPT,2of3_opponent_accepts,ACCEPT
9780373028344__metadata__Temporal_Context / Historical_Period / Modern,9780373028344,"Tempest In The Tropics (Harlequin Romance, No. 2834) (Harlequin Romance, No. 2834)",Metadata,Temporal_Context / Historical_Period / Modern,1,"[""gpt_oss_20b""]","[""qwen_groq"", ""gpt_oss_groq""]","[""Romance - Contemporary"", ""Fiction"", ""Romance: Modern"", ""Romance"", ""Harlequin Romance""]","[{""decision"": ""MAINTAIN"", ""evidence_tags"": [""Romance: Modern""], ""justification"": ""The tag 'Romance: Modern' explicitly indicates a modern historical period."", ""model"": ""gpt_oss_20b""}]","[{""decision"": ""ACCEPT"", ""evidence_tags"": [""Romance: Modern""], ""justification"": ""The tag 'Romance: Modern' explicitly supports the classification of the temporal context as Modern."", ""model"": ""qwen_groq""}, {""decision"": ""ACCEPT"", ""evidence_tags"": [""Romance: Modern""], ""justification"": ""The tag 'Romance: Modern' directly indicates a modern historical period."", ""model"": ""gpt_oss_groq""}]",ACCEPT,ACCEPT,MAINTAIN,1of3_both_opponents_accept,ACCEPT
9780373033263__genre__Fiction / Romance / General Romance,9780373033263,On Blueberry Hill,Genre,Fiction / Romance / General Romance,1,"[""gpt_oss_20b""]","[""qwen_groq"", ""gpt_oss_groq""]","[""Fiction, general"", ""Romance - General"", ""Fiction"", ""Fiction - Romance"", ""Literature & Fiction""]","[{""decision"": ""MAINTAIN"", ""evidence_tags"": [""Fiction, general"", ""Romance - General"", ""Fiction - Romance""], ""justification"": ""The tags directly support Fiction, Romance, and General Romance."", ""model"": ""gpt_oss_20b""}]","[{""decision"": ""ACCEPT"", ""evidence_tags"": [""Romance - General"", ""Fiction - Romance""], ""justification"": ""The filtered tags 'Romance - General' and 'Fiction - Romance' directly support the disputed genre path of Fiction / Romance / General Romance."", ""model"": ""qwen_groq""}, {""decision"": ""ACCEPT"", ""evidence_tags"": [""Fiction, general"", ""Romance - General"", ""Fiction - Romance""], ""justification"": ""The filtered tags explicitly include Fiction, Romance, and General Romance."", ""model"": ""gpt_oss_groq""}]",ACCEPT,ACCEPT,MAINTAIN,1of3_both_opponents_accept,ACCEPT
9780373033263__genre__Fiction / Romance / General Romance / Romance,9780373033263,On Blueberry Hill,Genre,Fiction / Romance / General Romance / Romance,2,"[""qwen_groq"", ""gpt_oss_groq""]","[""gpt_oss_20b""]","[""Fiction, general"", ""Romance - General"", ""Fiction"", ""Fiction - Romance"", ""Literature & Fiction""]","[{""decision"": ""MAINTAIN"", ""evidence_tags"": [""Romance - General"", ""Fiction - Romance""], ""justification"": ""The filtered tags 'Romance - General' and 'Fiction - Romance' directly support the disputed genre path of Fiction / Romance / General Romance / Romance."", ""model"": ""qwen_groq""}, {""decision"": ""MAINTAIN"", ""evidence_tags"": [""Fiction - Romance"", ""Romance - General""], ""justification"": ""Filtered tags directly include both fiction romance and general romance."", ""model"": ""gpt_oss_groq""}]","[{""decision"": ""ACCEPT"", ""evidence_tags"": [""Fiction - Romance"", ""Romance - General""], ""justification"": ""The filtered tags directly include Fiction - Romance and Romance - General, matching the disputed genre path."", ""model"": ""gpt_oss_20b""}]",MAINTAIN,MAINTAIN,ACCEPT,2of3_opponent_accepts,ACCEPT
9780373033737__genre__Fiction / Romance / General Romance / Romance,9780373033737,Best For Last (Sealed With A Kiss),Genre,Fiction / Romance / General Romance / Romance,2,"[""qwen_groq"", ""gpt_oss_20b""]","[""gpt_oss_groq""]","[""Fiction, general"", ""Romance - General"", ""Fiction - Romance"", ""Romance"", ""Literature & Fiction""]","[{""decision"": ""MAINTAIN"", ""evidence_tags"": [""Romance - General"", ""Fiction - Romance""], ""justification"": ""The filtered tags 'Romance - General' and 'Fiction - Romance' directly support the disputed genre path of Fiction / Romance / General Romance / Romance."", ""model"": ""qwen_groq""}, {""decision"": ""MAINTAIN"", ""evidence_tags"": [""Fiction, general"", ""Romance - General"", ""Fiction - Romance""], ""justification"": ""The filtered tags directly match the components of the disputed genre path."", ""model"": ""gpt_oss_20b""}]","[{""decision"": ""ACCEPT"", ""evidence_tags"": [""Fiction - Romance"", ""Romance - General""], ""justification"": ""The filtered tags directly match the Fiction‑Romance and General Romance components of the disputed path."", ""model"": ""gpt_oss_groq""}]",MAINTAIN,ACCEPT,MAINTAIN,2of3_opponent_accepts,ACCEPT
9780373033805__genre__Fiction / Romance / General Romance,9780373033805,The Best Man,Genre,Fiction / Romance / General Romance,1,"[""gpt_oss_groq""]","[""qwen_groq"", ""gpt_oss_20b""]","[""Fiction, romance, general"", ""American fiction"", ""Fiction, general"", ""Fiction"", ""Fiction - Romance"", ""Romance - General"", ""Romance""]","[{""decision"": ""MAINTAIN"", ""evidence_tags"": [""Fiction, romance, general""], ""justification"": ""The tag \""Fiction, romance, general\"" directly matches the disputed genre path."", ""model"": ""gpt_oss_groq""}]","[{""decision"": ""ACCEPT"", ""evidence_tags"": [""Fiction, romance, general"", ""Fiction - Romance"", ""Romance - General""], ""justification"": ""The filtered tags explicitly contain the components 'Fiction', 'Romance', and 'General', directly supporting the disputed genre path."", ""model"": ""qwen_groq""}, {""decision"": ""ACCEPT"", ""evidence_tags"": [""Fiction, romance, general""], ""justification"": ""The tag \""Fiction, romance, general\"" directly matches the disputed genre path."", ""model"": ""gpt_oss_20b""}]",ACCEPT,MAINTAIN,ACCEPT,1of3_both_opponents_accept,ACCEPT
9780373033805__genre__Fiction / Romance / General Romance / Romance,9780373033805,The Best Man,Genre,Fiction / Romance / General Romance / Romance,2,"[""qwen_groq"", ""gpt_oss_20b""]","[""gpt_oss_groq""]","[""Fiction, romance, general"", ""American fiction"", ""Fiction, general"", ""Fiction"", ""Fiction - Romance"", ""Romance - General"", ""Romance""]","[{""decision"": ""MAINTAIN"", ""evidence_tags"": [""Fiction, romance, general"", ""Romance - General""], ""justification"": ""The filtered tags 'Fiction, romance, general' and 'Romance - General' directly support the disputed genre path."", ""model"": ""qwen_groq""}, {""decision"": ""MAINTAIN"", ""evidence_tags"": [""Fiction, romance, general"", ""Romance - General""], ""justification"": ""The tags confirm Fiction, romance, and general romance, matching the disputed path."", ""model"": ""gpt_oss_20b""}]","[{""decision"": ""ACCEPT"", ""evidence_tags"": [""Fiction, romance, general"", ""Romance - General""], ""justification"": ""The filtered tags directly include Fiction, romance, and general romance, matching the disputed path."", ""model"": ""gpt_oss_groq""}]",MAINTAIN,ACCEPT,MAINTAIN,2of3_opponent_accepts,ACCEPT
9780373033805__metadata__Geographical_Context / Country_or_National_Context / Country_Based_Context / American Context,9780373033805,The Best Man,Metadata,Geographical_Context / Country_or_National_Context / Country_Based_Context / American Context,2,"[""qwen_groq"", ""gpt_oss_20b""]","[""gpt_oss_groq""]","[""Fiction, romance, general"", ""American fiction"", ""Fiction, general"", ""Fiction"", ""Fiction - Romance"", ""Romance - General"", ""Romance""]","[{""decision"": ""MAINTAIN"", ""evidence_tags"": [""American fiction""], ""justification"": ""The tag 'American fiction' explicitly supports the American Context path."", ""model"": ""qwen_groq""}, {""decision"": ""MAINTAIN"", ""evidence_tags"": [""American fiction""], ""justification"": ""The tag \""American fiction\"" explicitly indicates an American context."", ""model"": ""gpt_oss_20b""}]","[{""decision"": ""ACCEPT"", ""evidence_tags"": [""American fiction""], ""justification"": ""The tag \""American fiction\"" explicitly provides an American context."", ""model"": ""gpt_oss_groq""}]",MAINTAIN,ACCEPT,MAINTAIN,2of3_opponent_accepts,ACCEPT
9780373035380__genre__Fiction / Romance,9780373035380,Make Believe Mother (Kids & Kisses),Genre,Fiction / Romance,1,"[""gpt_oss_groq""]","[""qwen_groq"", ""gpt_oss_20b""]","[""Romance - Contemporary"", ""Fiction - Romance"", ""Family Life"", ""Parenthood & Children""]","[{""decision"": ""MAINTAIN"", ""evidence_tags"": [""Fiction - Romance""], ""justification"": ""The tag \""Fiction - Romance\"" directly matches the disputed genre path."", ""model"": ""gpt_oss_groq""}]","[{""decision"": ""ACCEPT"", ""evidence_tags"": [""Fiction - Romance""], ""justification"": ""The filtered tag \""Fiction - Romance\"" directly matches the disputed genre path."", ""model"": ""qwen_groq""}, {""decision"": ""ACCEPT"", ""evidence_tags"": [""Fiction - Romance""], ""justification"": ""The tag \""Fiction - Romance\"" directly matches the disputed genre path."", ""model"": ""gpt_oss_20b""}]",ACCEPT,MAINTAIN,ACCEPT,1of3_both_opponents_accept,ACCEPT
9780373035380__metadata__Temporal_Context / Historical_Period / Contemporary,9780373035380,Make Believe Mother (Kids & Kisses),Metadata,Temporal_Context / Historical_Period / Contemporary,1,"[""qwen_groq""]","[""gpt_oss_groq"", ""gpt_oss_20b""]","[""Romance - Contemporary"", ""Fiction - Romance"", ""Family Life"", ""Parenthood & Children""]","[{""decision"": ""MAINTAIN"", ""evidence_tags"": [""Romance - Contemporary""], ""justification"": ""The tag 'Romance - Contemporary' explicitly supports the classification of the book as Contemporary."", ""model"": ""qwen_groq""}]","[{""decision"": ""ACCEPT"", ""evidence_tags"": [""Romance - Contemporary""], ""justification"": ""The tag 'Romance - Contemporary' explicitly indicates a contemporary historical period."", ""model"": ""gpt_oss_groq""}, {""decision"": ""ACCEPT"", ""evidence_tags"": [""Romance - Contemporary""], ""justification"": ""The tag 'Romance - Contemporary' directly indicates a contemporary setting."", ""model"": ""gpt_oss_20b""}]",MAINTAIN,ACCEPT,ACCEPT,1of3_both_opponents_accept,ACCEPT
9780373035397__genre__Fiction / Romance,9780373035397,Bachelor Available (Texas Grooms Wanted),Genre,Fiction / Romance,1,"[""gpt_oss_groq""]","[""qwen_groq"", ""gpt_oss_20b""]","[""Romance - Contemporary"", ""Romance"", ""Contemporary"", ""Fiction - Romance"", ""Fiction""]","[{""decision"": ""MAINTAIN"", ""evidence_tags"": [""Fiction - Romance""], ""justification"": ""The tag \""Fiction - Romance\"" directly matches the disputed genre path."", ""model"": ""gpt_oss_groq""}]","[{""decision"": ""ACCEPT"", ""evidence_tags"": [""Fiction - Romance""], ""justification"": ""The filtered tag \""Fiction - Romance\"" directly matches the disputed genre path."", ""model"": ""qwen_groq""}, {""decision"": ""ACCEPT"", ""evidence_tags"": [""Fiction - Romance""], ""justification"": ""The tag \""Fiction - Romance\"" directly matches the disputed genre path."", ""model"": ""gpt_oss_20b""}]",ACCEPT,MAINTAIN,ACCEPT,1of3_both_opponents_accept,ACCEPT
9780373035458__genre__Fiction / Romance / General Romance,9780373035458,Undercover Fiancee (Love Undercover),Genre,Fiction / Romance / General Romance,1,"[""gpt_oss_groq""]","[""qwen_groq"", ""gpt_oss_20b""]","[""Romance - General"", ""Romance - Contemporary"", ""Fiction - Romance"", ""Romance"", ""Contemporary""]","[{""decision"": ""MAINTAIN"", ""evidence_tags"": [""Fiction - Romance"", ""Romance - General""], ""justification"": ""Filtered tags include both Fiction Romance and Romance General, directly matching the disputed path."", ""model"": ""gpt_oss_groq""}]","[{""decision"": ""ACCEPT"", ""evidence_tags"": [""Fiction - Romance"", ""Romance - General""], ""justification"": ""The filtered tags 'Fiction - Romance' and 'Romance - General' directly correspond to the components of the disputed path 'Fiction / Romance / General Romance'."", ""model"": ""qwen_groq""}, {""decision"": ""ACCEPT"", ""evidence_tags"": [""Fiction - Romance"", ""Romance - General""], ""justification"": ""Both tags directly match the components of the disputed path."", ""model"": ""gpt_oss_20b""}]",ACCEPT,MAINTAIN,ACCEPT,1of3_both_opponents_accept,ACCEPT
9780373035458__genre__Fiction / Romance / General Romance / Romance,9780373035458,Undercover Fiancee (Love Undercover),Genre,Fiction / Romance / General Romance / Romance,2,"[""qwen_groq"", ""gpt_oss_20b""]","[""gpt_oss_groq""]","[""Romance - General"", ""Romance - Contemporary"", ""Fiction - Romance"", ""Romance"", ""Contemporary""]","[{""decision"": ""MAINTAIN"", ""evidence_tags"": [""Romance - General"", ""Fiction - Romance"", ""Romance""], ""justification"": ""The filtered tags explicitly include 'Romance - General' and 'Fiction - Romance', which directly support the disputed path 'Fiction / Romance / General Romance / Romance'."", ""model"": ""qwen_groq""}, {""decision"": ""MAINTAIN"", ""evidence_tags"": [""Fiction - Romance"", ""Romance - General""], ""justification"": ""Both Fiction - Romance and Romance - General tags directly support the disputed path."", ""model"": ""gpt_oss_20b""}]","[{""decision"": ""ACCEPT"", ""evidence_tags"": [""Fiction - Romance"", ""Romance - General""], ""justification"": ""The filtered tags include both 'Fiction - Romance' and 'Romance - General', directly matching the disputed path."", ""model"": ""gpt_oss_groq""}]",MAINTAIN,ACCEPT,MAINTAIN,2of3_opponent_accepts,ACCEPT
9780373036509__genre__Fiction / Romance,9780373036509,A Child in Need,Genre,Fiction / Romance,1,"[""gpt_oss_groq""]","[""qwen_groq"", ""gpt_oss_20b""]","[""Fiction, Romance, Contemporary"", ""Romance - Contemporary"", ""Fiction - Romance"", ""Romance: Modern"", ""Literature & Fiction"", ""Genre Fiction"", ""Family Life"", ""Parenthood & Children""]","[{""decision"": ""MAINTAIN"", ""evidence_tags"": [""Fiction - Romance""], ""justification"": ""The tag \""Fiction - Romance\"" directly supports the disputed genre path."", ""model"": ""gpt_oss_groq""}]","[{""decision"": ""ACCEPT"", ""evidence_tags"": [""Fiction - Romance"", ""Fiction, Romance, Contemporary""], ""justification"": ""The filtered tags explicitly list 'Fiction - Romance' and 'Fiction, Romance, Contemporary', directly supporting the disputed genre path."", ""model"": ""qwen_groq""}, {""decision"": ""ACCEPT"", ""evidence_tags"": [""Fiction - Romance""], ""justification"": ""The tag \""Fiction - Romance\"" directly matches the disputed genre path."", ""model"": ""gpt_oss_20b""}]",ACCEPT,MAINTAIN,ACCEPT,1of3_both_opponents_accept,ACCEPT
9780373036509__metadata__Temporal_Context / Publication_Period / Contemporary_Publication,9780373036509,A Child in Need,Metadata,Temporal_Context / Publication_Period / Contemporary_Publication,1,"[""gpt_oss_20b""]","[""qwen_groq"", ""gpt_oss_groq""]","[""Fiction, Romance, Contemporary"", ""Romance - Contemporary"", ""Fiction - Romance"", ""Romance: Modern"", ""Literature & Fiction"", ""Genre Fiction"", ""Family Life"", ""Parenthood & Children""]","[{""decision"": ""MAINTAIN"", ""evidence_tags"": [""Fiction, Romance, Contemporary"", ""Romance - Contemporary"", ""Romance: Modern""], ""justification"": ""The tags explicitly state the work is contemporary."", ""model"": ""gpt_oss_20b""}]","[{""decision"": ""ACCEPT"", ""evidence_tags"": [""Fiction, Romance, Contemporary"", ""Romance - Contemporary"", ""Romance: Modern""], ""justification"": ""The filtered tags explicitly label the work as 'Contemporary' and 'Modern', directly supporting the Temporal_Context / Publication_Period / Contemporary_Publication path."", ""model"": ""qwen_groq""}, {""decision"": ""ACCEPT"", ""evidence_tags"": [""Fiction, Romance, Contemporary"", ""Romance - Contemporary"", ""Romance: Modern""], ""justification"": ""The tags explicitly label the work as contemporary."", ""model"": ""gpt_oss_groq""}]",ACCEPT,ACCEPT,MAINTAIN,1of3_both_opponents_accept,ACCEPT
9780373057764__genre__Fiction / Romance,9780373057764,"Good Golly, Miss Molly",Genre,Fiction / Romance,1,"[""gpt_oss_groq""]","[""qwen_groq"", ""gpt_oss_20b""]","[""Romance"", ""Contemporary"", ""Fiction""]","[{""decision"": ""MAINTAIN"", ""evidence_tags"": [""Romance"", ""Fiction""], ""justification"": ""Both \""Fiction\"" and \""Romance\"" tags directly match the disputed path."", ""model"": ""gpt_oss_groq""}]","[{""decision"": ""ACCEPT"", ""evidence_tags"": [""Fiction"", ""Romance""], ""justification"": ""The filtered tags 'Fiction' and 'Romance' directly correspond to the components of the disputed genre path."", ""model"": ""qwen_groq""}, {""decision"": ""ACCEPT"", ""evidence_tags"": [""Romance"", ""Fiction""], ""justification"": ""Both tags directly match the disputed genre path."", ""model"": ""gpt_oss_20b""}]",ACCEPT,MAINTAIN,ACCEPT,1of3_both_opponents_accept,ACCEPT
9780373075454__genre__Fiction / Romance / General Romance,9780373075454,Sterling Advice,Genre,Fiction / Romance / General Romance,1,"[""gpt_oss_groq""]","[""qwen_groq"", ""gpt_oss_20b""]","[""Romance"", ""Fiction"", ""Romance - General"", ""Romantic Suspense""]","[{""decision"": ""MAINTAIN"", ""evidence_tags"": [""Fiction"", ""Romance - General""], ""justification"": ""Filtered tags include both Fiction and Romance - General, directly supporting the disputed path."", ""model"": ""gpt_oss_groq""}]","[{""decision"": ""ACCEPT"", ""evidence_tags"": [""Fiction"", ""Romance - General""], ""justification"": ""The filtered tags 'Fiction' and 'Romance - General' directly correspond to the components of the disputed path 'Fiction / Romance / General Romance'."", ""model"": ""qwen_groq""}, {""decision"": ""ACCEPT"", ""evidence_tags"": [""Fiction"", ""Romance - General""], ""justification"": ""The tags include Fiction and Romance - General, matching the disputed path."", ""model"": ""gpt_oss_20b""}]",ACCEPT,MAINTAIN,ACCEPT,1of3_both_opponents_accept,ACCEPT
9780373075454__genre__Fiction / Romance / General Romance / Romance,9780373075454,Sterling Advice,Genre,Fiction / Romance / General Romance / Romance,2,"[""qwen_groq"", ""gpt_oss_20b""]","[""gpt_oss_groq""]","[""Romance"", ""Fiction"", ""Romance - General"", ""Romantic Suspense""]","[{""decision"": ""MAINTAIN"", ""evidence_tags"": [""Romance"", ""Fiction"", ""Romance - General""], ""justification"": ""The filtered tags 'Fiction', 'Romance', and 'Romance - General' directly support the disputed genre path."", ""model"": ""qwen_groq""}, {""decision"": ""MAINTAIN"", ""evidence_tags"": [""Romance"", ""Romance - General""], ""justification"": ""The tags Romance and Romance - General directly support the disputed genre path."", ""model"": ""gpt_oss_20b""}]","[{""decision"": ""ACCEPT"", ""evidence_tags"": [""Fiction"", ""Romance"", ""Romance - General""], ""justification"": ""The filtered tags include Fiction, Romance, and Romance - General, which directly match the disputed path."", ""model"": ""gpt_oss_groq""}]",MAINTAIN,ACCEPT,MAINTAIN,2of3_opponent_accepts,ACCEPT
9780373076895__metadata__Temporal_Context / Historical_Period / Modern,9780373076895,Roughneck,Metadata,Temporal_Context / Historical_Period / Modern,1,"[""gpt_oss_20b""]","[""qwen_groq"", ""gpt_oss_groq""]","[""Fiction, general"", ""Romance - Contemporary"", ""Romance - General"", ""Fiction"", ""Fiction - Romance"", ""Romance: Modern"", ""Literature & Fiction"", ""Contemporary Fiction"", ""Romance""]","[{""decision"": ""MAINTAIN"", ""evidence_tags"": [""Romance: Modern""], ""justification"": ""The tag 'Romance: Modern' explicitly indicates a modern historical period."", ""model"": ""gpt_oss_20b""}]","[{""decision"": ""ACCEPT"", ""evidence_tags"": [""Romance: Modern""], ""justification"": ""The tag 'Romance: Modern' explicitly contains the word 'Modern', directly supporting the Temporal_Context / Historical_Period / Modern path."", ""model"": ""qwen_groq""}, {""decision"": ""ACCEPT"", ""evidence_tags"": [""Romance: Modern""], ""justification"": ""The tag 'Romance: Modern' explicitly denotes a modern historical period."", ""model"": ""gpt_oss_groq""}]",ACCEPT,ACCEPT,MAINTAIN,1of3_both_opponents_accept,ACCEPT
9780373086870__genre__Fiction / Romance / General Romance,9780373086870,Finally Home,Genre,Fiction / Romance / General Romance,1,"[""gpt_oss_groq""]","[""qwen_groq"", ""gpt_oss_20b""]","[""Fiction, general"", ""Romance - General"", ""Romance"", ""Contemporary""]","[{""decision"": ""MAINTAIN"", ""evidence_tags"": [""Fiction, general"", ""Romance - General""], ""justification"": ""The tags directly include Fiction and a general Romance category, matching the disputed path."", ""model"": ""gpt_oss_groq""}]","[{""decision"": ""ACCEPT"", ""evidence_tags"": [""Fiction, general"", ""Romance - General""], ""justification"": ""The filtered tags 'Fiction, general' and 'Romance - General' directly correspond to the components of the disputed path 'Fiction / Romance / General Romance'."", ""model"": ""qwen_groq""}, {""decision"": ""ACCEPT"", ""evidence_tags"": [""Fiction, general"", ""Romance - General""], ""justification"": ""The tags include Fiction and a general Romance category that match the disputed path."", ""model"": ""gpt_oss_20b""}]",ACCEPT,MAINTAIN,ACCEPT,1of3_both_opponents_accept,ACCEPT
9780373086870__genre__Fiction / Romance / General Romance / Romance,9780373086870,Finally Home,Genre,Fiction / Romance / General Romance / Romance,2,"[""qwen_groq"", ""gpt_oss_20b""]","[""gpt_oss_groq""]","[""Fiction, general"", ""Romance - General"", ""Romance"", ""Contemporary""]","[{""decision"": ""MAINTAIN"", ""evidence_tags"": [""Romance - General"", ""Romance""], ""justification"": ""The filtered tags 'Romance - General' and 'Romance' directly support the disputed genre path."", ""model"": ""qwen_groq""}, {""decision"": ""MAINTAIN"", ""evidence_tags"": [""Fiction, general"", ""Romance - General"", ""Romance""], ""justification"": ""The tags directly indicate Fiction general and Romance general, supporting the disputed genre path."", ""model"": ""gpt_oss_20b""}]","[{""decision"": ""ACCEPT"", ""evidence_tags"": [""Romance - General"", ""Romance""], ""justification"": ""The filtered tags include both 'Romance - General' and 'Romance', directly supporting the disputed genre path."", ""model"": ""gpt_oss_groq""}]",MAINTAIN,ACCEPT,MAINTAIN,2of3_opponent_accepts,ACCEPT
9780373093595__metadata__Temporal_Context / Historical_Period / Modern,9780373093595,Something Worth Keeping,Metadata,Temporal_Context / Historical_Period / Modern,2,"[""gpt_oss_groq"", ""gpt_oss_20b""]","[""qwen_groq""]","[""Fiction"", ""Romance"", ""Contemporary"", ""Romance - Contemporary"", ""Romance: Modern""]","[{""decision"": ""MAINTAIN"", ""evidence_tags"": [""Romance: Modern""], ""justification"": ""The tag 'Romance: Modern' explicitly includes the term Modern."", ""model"": ""gpt_oss_groq""}, {""decision"": ""MAINTAIN"", ""evidence_tags"": [""Romance: Modern""], ""justification"": ""The tag 'Romance: Modern' explicitly indicates the Modern period."", ""model"": ""gpt_oss_20b""}]","[{""decision"": ""ACCEPT"", ""evidence_tags"": [""Romance: Modern""], ""justification"": ""The tag 'Romance: Modern' explicitly contains the term 'Modern', directly supporting the disputed path."", ""model"": ""qwen_groq""}]",ACCEPT,MAINTAIN,MAINTAIN,2of3_opponent_accepts,ACCEPT
9780373093861__genre__Fiction / Romance,9780373093861,Mandrego,Genre,Fiction / Romance,1,"[""gpt_oss_groq""]","[""qwen_groq"", ""gpt_oss_20b""]","[""Romance - Contemporary"", ""Fiction"", ""Romance: Modern"", ""Romance"", ""Contemporary""]","[{""decision"": ""MAINTAIN"", ""evidence_tags"": [""Fiction"", ""Romance""], ""justification"": ""The tags include both \""Fiction\"" and \""Romance\"", directly supporting the disputed path."", ""model"": ""gpt_oss_groq""}]","[{""decision"": ""ACCEPT"", ""evidence_tags"": [""Fiction"", ""Romance""], ""justification"": ""The filtered tags explicitly include both 'Fiction' and 'Romance', directly supporting the disputed genre path."", ""model"": ""qwen_groq""}, {""decision"": ""ACCEPT"", ""evidence_tags"": [""Fiction"", ""Romance""], ""justification"": ""The tags include both Fiction and Romance."", ""model"": ""gpt_oss_20b""}]",ACCEPT,MAINTAIN,ACCEPT,1of3_both_opponents_accept,ACCEPT
9780373093861__metadata__Temporal_Context / Historical_Period / Modern,9780373093861,Mandrego,Metadata,Temporal_Context / Historical_Period / Modern,1,"[""gpt_oss_20b""]","[""qwen_groq"", ""gpt_oss_groq""]","[""Romance - Contemporary"", ""Fiction"", ""Romance: Modern"", ""Romance"", ""Contemporary""]","[{""decision"": ""MAINTAIN"", ""evidence_tags"": [""Romance: Modern""], ""justification"": ""The tag 'Romance: Modern' explicitly indicates a modern historical period."", ""model"": ""gpt_oss_20b""}]","[{""decision"": ""ACCEPT"", ""evidence_tags"": [""Romance: Modern""], ""justification"": ""The tag 'Romance: Modern' explicitly contains the term 'Modern', directly supporting the disputed path Temporal_Context / Historical_Period / Modern."", ""model"": ""qwen_groq""}, {""decision"": ""ACCEPT"", ""evidence_tags"": [""Romance: Modern""], ""justification"": ""The tag 'Romance: Modern' explicitly denotes a modern historical period."", ""model"": ""gpt_oss_groq""}]",ACCEPT,ACCEPT,MAINTAIN,1of3_both_opponents_accept,ACCEPT
9780373094189__genre__Fiction / Romance,9780373094189,Torn Asunder,Genre,Fiction / Romance,1,"[""gpt_oss_groq""]","[""qwen_groq"", ""gpt_oss_20b""]","[""Fiction, general"", ""Fiction - General"", ""Fiction"", ""Romance"", ""Contemporary""]","[{""decision"": ""MAINTAIN"", ""evidence_tags"": [""Fiction"", ""Romance""], ""justification"": ""Both 'Fiction' and 'Romance' tags directly match the disputed path."", ""model"": ""gpt_oss_groq""}]","[{""decision"": ""ACCEPT"", ""evidence_tags"": [""Fiction"", ""Romance""], ""justification"": ""The filtered tags 'Fiction' and 'Romance' directly correspond to the components of the disputed genre path."", ""model"": ""qwen_groq""}, {""decision"": ""ACCEPT"", ""evidence_tags"": [""Fiction"", ""Romance""], ""justification"": ""Both 'Fiction' and 'Romance' tags directly support the path."", ""model"": ""gpt_oss_20b""}]",ACCEPT,MAINTAIN,ACCEPT,1of3_both_opponents_accept,ACCEPT
9780373094189__metadata__Temporal_Context / Historical_Period / Contemporary,9780373094189,Torn Asunder,Metadata,Temporal_Context / Historical_Period / Contemporary,2,"[""qwen_groq"", ""gpt_oss_groq""]","[""gpt_oss_20b""]","[""Fiction, general"", ""Fiction - General"", ""Fiction"", ""Romance"", ""Contemporary""]","[{""decision"": ""MAINTAIN"", ""evidence_tags"": [""Contemporary""], ""justification"": ""The filtered tag 'Contemporary' explicitly supports the disputed metadata path."", ""model"": ""qwen_groq""}, {""decision"": ""MAINTAIN"", ""evidence_tags"": [""Contemporary""], ""justification"": ""The tag \""Contemporary\"" directly supports the Contemporary historical period path."", ""model"": ""gpt_oss_groq""}]","[{""decision"": ""ACCEPT"", ""evidence_tags"": [""Contemporary""], ""justification"": ""The tag 'Contemporary' directly supports the Contemporary historical period."", ""model"": ""gpt_oss_20b""}]",MAINTAIN,MAINTAIN,ACCEPT,2of3_opponent_accepts,ACCEPT
9780373097876__genre__Fiction / Romance / General Romance / Romance,9780373097876,He's a Bad Boy,Genre,Fiction / Romance / General Romance / Romance,1,"[""qwen_groq""]","[""gpt_oss_groq"", ""gpt_oss_20b""]","[""Fiction, general"", ""Romance - General"", ""Fiction - Romance"", ""Fiction""]","[{""decision"": ""MAINTAIN"", ""evidence_tags"": [""Fiction - Romance"", ""Romance - General""], ""justification"": ""The filtered tags 'Fiction - Romance' and 'Romance - General' directly support the disputed genre path of Fiction / Romance / General Romance."", ""model"": ""qwen_groq""}]","[{""decision"": ""ACCEPT"", ""evidence_tags"": [""Fiction - Romance"", ""Romance - General""], ""justification"": ""The filtered tags directly match the Fiction and Romance levels of the disputed path."", ""model"": ""gpt_oss_groq""}, {""decision"": ""ACCEPT"", ""evidence_tags"": [""Fiction - Romance"", ""Romance - General""], ""justification"": ""The tags directly match the Fiction/Romance and General Romance levels of the disputed path."", ""model"": ""gpt_oss_20b""}]",MAINTAIN,ACCEPT,ACCEPT,1of3_both_opponents_accept,ACCEPT
9780373098606__genre__Fiction / Romance / General Romance,9780373098606,Summertime (The Breen Men),Genre,Fiction / Romance / General Romance,2,"[""gpt_oss_groq"", ""gpt_oss_20b""]","[""qwen_groq""]","[""Fiction, general"", ""Romance - General"", ""Fiction - Romance"", ""Romance: Regency""]","[{""decision"": ""MAINTAIN"", ""evidence_tags"": [""Fiction - Romance"", ""Romance - General""], ""justification"": ""The tags directly indicate Fiction > Romance and Romance > General."", ""model"": ""gpt_oss_groq""}, {""decision"": ""MAINTAIN"", ""evidence_tags"": [""Fiction, general"", ""Romance - General"", ""Fiction - Romance""], ""justification"": ""The tags directly support Fiction, Romance, and General Romance."", ""model"": ""gpt_oss_20b""}]","[{""decision"": ""ACCEPT"", ""evidence_tags"": [""Fiction - Romance"", ""Romance - General""], ""justification"": ""The filtered tags 'Fiction - Romance' and 'Romance - General' directly support the disputed genre path of Fiction / Romance / General Romance."", ""model"": ""qwen_groq""}]",ACCEPT,MAINTAIN,MAINTAIN,2of3_opponent_accepts,ACCEPT
9780373098606__genre__Fiction / Romance / General Romance / Romance,9780373098606,Summertime (The Breen Men),Genre,Fiction / Romance / General Romance / Romance,1,"[""qwen_groq""]","[""gpt_oss_groq"", ""gpt_oss_20b""]","[""Fiction, general"", ""Romance - General"", ""Fiction - Romance"", ""Romance: Regency""]","[{""decision"": ""MAINTAIN"", ""evidence_tags"": [""Romance - General"", ""Fiction - Romance""], ""justification"": ""The filtered tags 'Romance - General' and 'Fiction - Romance' directly support the disputed genre path of Fiction / Romance / General Romance / Romance."", ""model"": ""qwen_groq""}]","[{""decision"": ""ACCEPT"", ""evidence_tags"": [""Romance - General"", ""Fiction - Romance""], ""justification"": ""The tags directly match the Romance and Fiction hierarchy required."", ""model"": ""gpt_oss_groq""}, {""decision"": ""ACCEPT"", ""evidence_tags"": [""Romance - General"", ""Fiction - Romance""], ""justification"": ""Both tags directly match the disputed genre path."", ""model"": ""gpt_oss_20b""}]",MAINTAIN,ACCEPT,ACCEPT,1of3_both_opponents_accept,ACCEPT
9780373098620__genre__Fiction / Romance / General Romance,9780373098620,Far To Go (Family Found) (Silhouette Special Edition No. 862),Genre,Fiction / Romance / General Romance,1,"[""gpt_oss_groq""]","[""qwen_groq"", ""gpt_oss_20b""]","[""Romance - General"", ""Fiction"", ""Fiction - Romance"", ""Romance""]","[{""decision"": ""MAINTAIN"", ""evidence_tags"": [""Romance - General"", ""Fiction"", ""Fiction - Romance"", ""Romance""], ""justification"": ""The filtered tags include Fiction, Romance, and Romance - General, directly matching the disputed path."", ""model"": ""gpt_oss_groq""}]","[{""decision"": ""ACCEPT"", ""evidence_tags"": [""Fiction"", ""Romance - General""], ""justification"": ""The filtered tags 'Fiction' and 'Romance - General' directly correspond to the components of the disputed path 'Fiction / Romance / General Romance'."", ""model"": ""qwen_groq""}, {""decision"": ""ACCEPT"", ""evidence_tags"": [""Fiction"", ""Romance"", ""Fiction - Romance"", ""Romance - General""], ""justification"": ""All levels of the path are directly matched by the filtered tags."", ""model"": ""gpt_oss_20b""}]",ACCEPT,MAINTAIN,ACCEPT,1of3_both_opponents_accept,ACCEPT
9780373098620__genre__Fiction / Romance / General Romance / Romance,9780373098620,Far To Go (Family Found) (Silhouette Special Edition No. 862),Genre,Fiction / Romance / General Romance / Romance,2,"[""qwen_groq"", ""gpt_oss_20b""]","[""gpt_oss_groq""]","[""Romance - General"", ""Fiction"", ""Fiction - Romance"", ""Romance""]","[{""decision"": ""MAINTAIN"", ""evidence_tags"": [""Romance - General"", ""Fiction - Romance""], ""justification"": ""The filtered tags 'Romance - General' and 'Fiction - Romance' directly support the disputed genre path 'Fiction / Romance / General Romance / Romance'."", ""model"": ""qwen_groq""}, {""decision"": ""MAINTAIN"", ""evidence_tags"": [""Fiction"", ""Fiction - Romance"", ""Romance"", ""Romance - General""], ""justification"": ""All components of the path are directly represented by the filtered tags."", ""model"": ""gpt_oss_20b""}]","[{""decision"": ""ACCEPT"", ""evidence_tags"": [""Fiction"", ""Fiction - Romance"", ""Romance - General"", ""Romance""], ""justification"": ""The filtered tags directly match each component of the disputed genre path."", ""model"": ""gpt_oss_groq""}]",MAINTAIN,ACCEPT,MAINTAIN,2of3_opponent_accepts,ACCEPT
9780373112203__genre__Fiction / Romance / General Romance / Romance,9780373112203,Devil's Shadow,Genre,Fiction / Romance / General Romance / Romance,2,"[""qwen_groq"", ""gpt_oss_20b""]","[""gpt_oss_groq""]","[""Fiction"", ""Romance"", ""Romance - General"", ""Literature & Fiction""]","[{""decision"": ""MAINTAIN"", ""evidence_tags"": [""Romance - General""], ""justification"": ""The filtered tag 'Romance - General' directly supports the disputed genre path 'Fiction / Romance / General Romance / Romance'."", ""model"": ""qwen_groq""}, {""decision"": ""MAINTAIN"", ""evidence_tags"": [""Fiction"", ""Romance"", ""Romance - General""], ""justification"": ""The filtered tags include Fiction, Romance, and Romance - General, which directly support the disputed genre path."", ""model"": ""gpt_oss_20b""}]","[{""decision"": ""ACCEPT"", ""evidence_tags"": [""Fiction"", ""Romance"", ""Romance - General""], ""justification"": ""The filtered tags include Fiction, Romance, and Romance - General, directly matching the disputed genre hierarchy."", ""model"": ""gpt_oss_groq""}]",MAINTAIN,ACCEPT,MAINTAIN,2of3_opponent_accepts,ACCEPT
9780373113392__genre__Fiction / Romance / General Romance,9780373113392,Time For Trust,Genre,Fiction / Romance / General Romance,1,"[""gpt_oss_groq""]","[""qwen_groq"", ""gpt_oss_20b""]","[""Fiction, Romance, Contemporary"", ""Families, fiction"", ""Man-woman relationships, fiction"", ""Romance - General"", ""Fiction"", ""Romance"", ""Category Romance""]","[{""decision"": ""MAINTAIN"", ""evidence_tags"": [""Romance - General""], ""justification"": ""The tag \""Romance - General\"" directly supports the disputed genre path."", ""model"": ""gpt_oss_groq""}]","[{""decision"": ""ACCEPT"", ""evidence_tags"": [""Romance - General""], ""justification"": ""The filtered tag \""Romance - General\"" directly supports the disputed genre path Fiction / Romance / General Romance."", ""model"": ""qwen_groq""}, {""decision"": ""ACCEPT"", ""evidence_tags"": [""Romance - General""], ""justification"": ""The tag \""Romance - General\"" directly matches the disputed genre path."", ""model"": ""gpt_oss_20b""}]",ACCEPT,MAINTAIN,ACCEPT,1of3_both_opponents_accept,ACCEPT
9780373113392__genre__Fiction / Romance / General Romance / Romance,9780373113392,Time For Trust,Genre,Fiction / Romance / General Romance / Romance,2,"[""qwen_groq"", ""gpt_oss_20b""]","[""gpt_oss_groq""]","[""Fiction, Romance, Contemporary"", ""Families, fiction"", ""Man-woman relationships, fiction"", ""Romance - General"", ""Fiction"", ""Romance"", ""Category Romance""]","[{""decision"": ""MAINTAIN"", ""evidence_tags"": [""Romance - General"", ""Romance""], ""justification"": ""The filtered tag 'Romance - General' directly supports the disputed genre path 'Fiction / Romance / General Romance / Romance'."", ""model"": ""qwen_groq""}, {""decision"": ""MAINTAIN"", ""evidence_tags"": [""Fiction, Romance, Contemporary"", ""Romance - General"", ""Romance""], ""justification"": ""The tags explicitly list Romance and a general romance category within fiction."", ""model"": ""gpt_oss_20b""}]","[{""decision"": ""ACCEPT"", ""evidence_tags"": [""Romance - General"", ""Romance""], ""justification"": ""The filtered tags include both 'Romance - General' and 'Romance', directly matching the disputed genre hierarchy."", ""model"": ""gpt_oss_groq""}]",MAINTAIN,ACCEPT,MAINTAIN,2of3_opponent_accepts,ACCEPT
9780373117796__genre__Fiction / Romance / General Romance / Romance,9780373117796,Unfaithful Wife (Presents Plus),Genre,Fiction / Romance / General Romance / Romance,2,"[""qwen_groq"", ""gpt_oss_20b""]","[""gpt_oss_groq""]","[""Fiction, general"", ""Fiction, Romance, Contemporary"", ""Fiction"", ""Fiction, romance, general"", ""Fiction - Romance"", ""Romance - General"", ""Romance"", ""Contemporary Romance"", ""Contemporary"", ""Marriage Of Convenience"", ""Second Chance"", ""Literature & Fiction"", ""Genre Fiction"", ""Family Life"", ""Marriage & Divorce""]","[{""decision"": ""MAINTAIN"", ""evidence_tags"": [""Fiction, romance, general"", ""Romance - General""], ""justification"": ""The filtered tags explicitly include 'Fiction, romance, general' and 'Romance - General', which directly support the disputed genre path."", ""model"": ""qwen_groq""}, {""decision"": ""MAINTAIN"", ""evidence_tags"": [""Fiction, romance, general"", ""Romance - General""], ""justification"": ""The tags explicitly list Fiction and romance with a general subcategory, matching the disputed path."", ""model"": ""gpt_oss_20b""}]","[{""decision"": ""ACCEPT"", ""evidence_tags"": [""Fiction, romance, general"", ""Romance - General""], ""justification"": ""The filtered tags explicitly list Fiction romance general and Romance - General, matching the disputed path."", ""model"": ""gpt_oss_groq""}]",MAINTAIN,ACCEPT,MAINTAIN,2of3_opponent_accepts,ACCEPT
9780373117796__metadata__Thematic_Metadata / Relationship_and_Social_Themes / Family,9780373117796,Unfaithful Wife (Presents Plus),Metadata,Thematic_Metadata / Relationship_and_Social_Themes / Family,2,"[""gpt_oss_groq"", ""gpt_oss_20b""]","[""qwen_groq""]","[""Fiction, general"", ""Fiction, Romance, Contemporary"", ""Fiction"", ""Fiction, romance, general"", ""Fiction - Romance"", ""Romance - General"", ""Romance"", ""Contemporary Romance"", ""Contemporary"", ""Marriage Of Convenience"", ""Second Chance"", ""Literature & Fiction"", ""Genre Fiction"", ""Family Life"", ""Marriage & Divorce""]","[{""decision"": ""MAINTAIN"", ""evidence_tags"": [""Family Life""], ""justification"": ""The tag \""Family Life\"" directly references family themes."", ""model"": ""gpt_oss_groq""}, {""decision"": ""MAINTAIN"", ""evidence_tags"": [""Family Life""], ""justification"": ""The tag 'Family Life' explicitly indicates a family theme."", ""model"": ""gpt_oss_20b""}]","[{""decision"": ""ACCEPT"", ""evidence_tags"": [""Family Life""], ""justification"": ""The tag 'Family Life' explicitly supports the Family thematic path."", ""model"": ""qwen_groq""}]",ACCEPT,MAINTAIN,MAINTAIN,2of3_opponent_accepts,ACCEPT
9780373119882__genre__Fiction / Romance / General Romance / Romance,9780373119882,"All Male (Harlequin Presents , No 1988)",Genre,Fiction / Romance / General Romance / Romance,1,"[""qwen_groq""]","[""gpt_oss_groq"", ""gpt_oss_20b""]","[""Fiction, romance, erotica"", ""Fiction, romance, erotic"", ""Revenge"", ""Fiction"", ""Businessmen"", ""Premarital sex"", ""Romance - General"", ""Romance - Contemporary"", ""Fiction - Romance"", ""Romance: Modern"", ""Romance"", ""Contemporary""]","[{""decision"": ""MAINTAIN"", ""evidence_tags"": [""Romance - General"", ""Fiction - Romance"", ""Romance""], ""justification"": ""The filtered tags explicitly include 'Romance - General' and 'Fiction - Romance', which directly support the disputed genre path."", ""model"": ""qwen_groq""}]","[{""decision"": ""ACCEPT"", ""evidence_tags"": [""Romance - General"", ""Fiction - Romance"", ""Romance""], ""justification"": ""The filtered tags directly include Romance - General and Fiction - Romance, matching the disputed genre hierarchy."", ""model"": ""gpt_oss_groq""}, {""decision"": ""ACCEPT"", ""evidence_tags"": [""Romance - General"", ""Fiction - Romance"", ""Romance""], ""justification"": ""The filtered tags explicitly include Romance and its broader categories, directly supporting the disputed genre path."", ""model"": ""gpt_oss_20b""}]",MAINTAIN,ACCEPT,ACCEPT,1of3_both_opponents_accept,ACCEPT
9780373119882__metadata__Temporal_Context / Historical_Period / Contemporary,9780373119882,"All Male (Harlequin Presents , No 1988)",Metadata,Temporal_Context / Historical_Period / Contemporary,2,"[""qwen_groq"", ""gpt_oss_groq""]","[""gpt_oss_20b""]","[""Fiction, romance, erotica"", ""Fiction, romance, erotic"", ""Revenge"", ""Fiction"", ""Businessmen"", ""Premarital sex"", ""Romance - General"", ""Romance - Contemporary"", ""Fiction - Romance"", ""Romance: Modern"", ""Romance"", ""Contemporary""]","[{""decision"": ""MAINTAIN"", ""evidence_tags"": [""Romance - Contemporary"", ""Contemporary""], ""justification"": ""The filtered tags explicitly include 'Romance - Contemporary' and 'Contemporary', directly supporting the Temporal_Context / Historical_Period / Contemporary path."", ""model"": ""qwen_groq""}, {""decision"": ""MAINTAIN"", ""evidence_tags"": [""Romance - Contemporary"", ""Contemporary""], ""justification"": ""The tags explicitly label the work as contemporary."", ""model"": ""gpt_oss_groq""}]","[{""decision"": ""ACCEPT"", ""evidence_tags"": [""Romance - Contemporary"", ""Contemporary""], ""justification"": ""The filtered tags explicitly contain 'Romance - Contemporary' and 'Contemporary', supporting the contemporary temporal context."", ""model"": ""gpt_oss_20b""}]",MAINTAIN,MAINTAIN,ACCEPT,2of3_opponent_accepts,ACCEPT
9780373119882__metadata__Temporal_Context / Historical_Period / Modern,9780373119882,"All Male (Harlequin Presents , No 1988)",Metadata,Temporal_Context / Historical_Period / Modern,1,"[""gpt_oss_20b""]","[""qwen_groq"", ""gpt_oss_groq""]","[""Fiction, romance, erotica"", ""Fiction, romance, erotic"", ""Revenge"", ""Fiction"", ""Businessmen"", ""Premarital sex"", ""Romance - General"", ""Romance - Contemporary"", ""Fiction - Romance"", ""Romance: Modern"", ""Romance"", ""Contemporary""]","[{""decision"": ""MAINTAIN"", ""evidence_tags"": [""Romance: Modern"", ""Romance - Contemporary""], ""justification"": ""The tags explicitly state the romance is modern."", ""model"": ""gpt_oss_20b""}]","[{""decision"": ""ACCEPT"", ""evidence_tags"": [""Romance: Modern"", ""Romance - Contemporary""], ""justification"": ""The filtered tags explicitly contain the terms 'Modern' and 'Contemporary', directly supporting the Temporal_Context / Historical_Period / Modern path."", ""model"": ""qwen_groq""}, {""decision"": ""ACCEPT"", ""evidence_tags"": [""Romance: Modern"", ""Romance - Contemporary""], ""justification"": ""The tags explicitly label the romance as modern."", ""model"": ""gpt_oss_groq""}]",ACCEPT,ACCEPT,MAINTAIN,1of3_both_opponents_accept,ACCEPT
9780373120567__metadata__Audience / Age_Group / Adult,9780373120567,The mistress bride,Metadata,Audience / Age_Group / Adult,2,"[""gpt_oss_groq"", ""gpt_oss_20b""]","[""qwen_groq""]","[""Fiction, romance, general"", ""Fiction"", ""Arranged marriage"", ""Man-woman relationships, fiction"", ""Marriage, fiction"", ""Pregnancy, fiction"", ""Romance"", ""Contemporary Romance"", ""Contemporary"", ""Adult"", ""Category Romance"", ""Literature & Fiction""]","[{""decision"": ""MAINTAIN"", ""evidence_tags"": [""Adult""], ""justification"": ""The tag \""Adult\"" directly indicates the audience age group."", ""model"": ""gpt_oss_groq""}, {""decision"": ""MAINTAIN"", ""evidence_tags"": [""Adult""], ""justification"": ""The tag \""Adult\"" explicitly indicates the adult audience."", ""model"": ""gpt_oss_20b""}]","[{""decision"": ""ACCEPT"", ""evidence_tags"": [""Adult""], ""justification"": ""The filtered tag \""Adult\"" explicitly supports the metadata path Audience / Age_Group / Adult."", ""model"": ""qwen_groq""}]",ACCEPT,MAINTAIN,MAINTAIN,2of3_opponent_accepts,ACCEPT
9780373120567__metadata__Audience / Age_Group / Adult / General Adult Audience,9780373120567,The mistress bride,Metadata,Audience / Age_Group / Adult / General Adult Audience,1,"[""qwen_groq""]","[""gpt_oss_groq"", ""gpt_oss_20b""]","[""Fiction, romance, general"", ""Fiction"", ""Arranged marriage"", ""Man-woman relationships, fiction"", ""Marriage, fiction"", ""Pregnancy, fiction"", ""Romance"", ""Contemporary Romance"", ""Contemporary"", ""Adult"", ""Category Romance"", ""Literature & Fiction""]","[{""decision"": ""MAINTAIN"", ""evidence_tags"": [""Adult""], ""justification"": ""The filtered tag 'Adult' explicitly supports the classification of the audience as Adult."", ""model"": ""qwen_groq""}]","[{""decision"": ""ACCEPT"", ""evidence_tags"": [""Adult""], ""justification"": ""The tag 'Adult' explicitly indicates a general adult audience."", ""model"": ""gpt_oss_groq""}, {""decision"": ""ACCEPT"", ""evidence_tags"": [""Adult""], ""justification"": ""The tag 'Adult' directly supports the Adult audience classification."", ""model"": ""gpt_oss_20b""}]",MAINTAIN,ACCEPT,ACCEPT,1of3_both_opponents_accept,ACCEPT
9780373120567__metadata__Thematic_Metadata / Relationship_and_Social_Themes / Love_and_Intimacy / Marriage,9780373120567,The mistress bride,Metadata,Thematic_Metadata / Relationship_and_Social_Themes / Love_and_Intimacy / Marriage,2,"[""qwen_groq"", ""gpt_oss_20b""]","[""gpt_oss_groq""]","[""Fiction, romance, general"", ""Fiction"", ""Arranged marriage"", ""Man-woman relationships, fiction"", ""Marriage, fiction"", ""Pregnancy, fiction"", ""Romance"", ""Contemporary Romance"", ""Contemporary"", ""Adult"", ""Category Romance"", ""Literature & Fiction""]","[{""decision"": ""MAINTAIN"", ""evidence_tags"": [""Marriage, fiction"", ""Arranged marriage""], ""justification"": ""The filtered tags explicitly include 'Marriage, fiction' and 'Arranged marriage', directly supporting the metadata path for Marriage."", ""model"": ""qwen_groq""}, {""decision"": ""MAINTAIN"", ""evidence_tags"": [""Arranged marriage"", ""Marriage, fiction"", ""Man-woman relationships, fiction""], ""justification"": ""The tags explicitly mention marriage and man-woman relationships, supporting the marriage theme."", ""model"": ""gpt_oss_20b""}]","[{""decision"": ""ACCEPT"", ""evidence_tags"": [""Arranged marriage"", ""Marriage, fiction""], ""justification"": ""Filtered tags explicitly reference marriage, supporting the marriage thematic path."", ""model"": ""gpt_oss_groq""}]",MAINTAIN,ACCEPT,MAINTAIN,2of3_opponent_accepts,ACCEPT
9780373120659__genre__Fiction / Romance,9780373120659,Secret Daughter,Genre,Fiction / Romance,1,"[""gpt_oss_groq""]","[""qwen_groq"", ""gpt_oss_20b""]","[""Romance"", ""Fiction - Romance"", ""Romance - Contemporary"", ""Fiction""]","[{""decision"": ""MAINTAIN"", ""evidence_tags"": [""Fiction - Romance""], ""justification"": ""The tag \""Fiction - Romance\"" directly matches the disputed genre path."", ""model"": ""gpt_oss_groq""}]","[{""decision"": ""ACCEPT"", ""evidence_tags"": [""Fiction - Romance""], ""justification"": ""The filtered tag \""Fiction - Romance\"" directly matches the disputed genre path."", ""model"": ""qwen_groq""}, {""decision"": ""ACCEPT"", ""evidence_tags"": [""Fiction - Romance""], ""justification"": ""The tag \""Fiction - Romance\"" directly matches the disputed genre path."", ""model"": ""gpt_oss_20b""}]",ACCEPT,MAINTAIN,ACCEPT,1of3_both_opponents_accept,ACCEPT
9780373120673__genre__Fiction / Romance / General Romance,9780373120673,Convenient Bridegroom (Society Weddings),Genre,Fiction / Romance / General Romance,1,"[""gpt_oss_groq""]","[""qwen_groq"", ""gpt_oss_20b""]","[""Fiction, Romance, Contemporary"", ""Fiction, romance, general"", ""Romance - Contemporary"", ""Romance - General"", ""Fiction - Romance"", ""Romance"", ""Contemporary""]","[{""decision"": ""MAINTAIN"", ""evidence_tags"": [""Fiction, romance, general""], ""justification"": ""The tag directly matches the disputed Fiction → Romance → General Romance path."", ""model"": ""gpt_oss_groq""}]","[{""decision"": ""ACCEPT"", ""evidence_tags"": [""Fiction, romance, general"", ""Romance - General""], ""justification"": ""The filtered tags explicitly contain the hierarchy 'Fiction, romance, general' and 'Romance - General', directly supporting the disputed path."", ""model"": ""qwen_groq""}, {""decision"": ""ACCEPT"", ""evidence_tags"": [""Fiction, romance, general""], ""justification"": ""The tag \""Fiction, romance, general\"" directly matches the disputed path."", ""model"": ""gpt_oss_20b""}]",ACCEPT,MAINTAIN,ACCEPT,1of3_both_opponents_accept,ACCEPT
9780373120673__genre__Fiction / Romance / General Romance / Romance,9780373120673,Convenient Bridegroom (Society Weddings),Genre,Fiction / Romance / General Romance / Romance,2,"[""qwen_groq"", ""gpt_oss_20b""]","[""gpt_oss_groq""]","[""Fiction, Romance, Contemporary"", ""Fiction, romance, general"", ""Romance - Contemporary"", ""Romance - General"", ""Fiction - Romance"", ""Romance"", ""Contemporary""]","[{""decision"": ""MAINTAIN"", ""evidence_tags"": [""Fiction, romance, general"", ""Romance - General""], ""justification"": ""The filtered tags explicitly include 'Fiction, romance, general' and 'Romance - General', which directly support the disputed path 'Fiction / Romance / General Romance / Romance'."", ""model"": ""qwen_groq""}, {""decision"": ""MAINTAIN"", ""evidence_tags"": [""Fiction, romance, general""], ""justification"": ""The tag \""Fiction, romance, general\"" directly supports the path Fiction / Romance / General Romance / Romance."", ""model"": ""gpt_oss_20b""}]","[{""decision"": ""ACCEPT"", ""evidence_tags"": [""Fiction, romance, general"", ""Romance - General""], ""justification"": ""The filtered tags explicitly include general romance classifications that match the disputed path."", ""model"": ""gpt_oss_groq""}]",MAINTAIN,ACCEPT,MAINTAIN,2of3_opponent_accepts,ACCEPT
9780373121229__genre__Fiction / Romance / General Romance / Romance,9780373121229,The Pleasure King's Bride,Genre,Fiction / Romance / General Romance / Romance,2,"[""qwen_groq"", ""gpt_oss_20b""]","[""gpt_oss_groq""]","[""Fiction, Romance, Contemporary"", ""Romance - Contemporary"", ""Contemporary Romance"", ""Romance"", ""Contemporary"", ""Romance - General"", ""Fiction - Romance"", ""Romance: Modern"", ""Fiction""]","[{""decision"": ""MAINTAIN"", ""evidence_tags"": [""Romance - General"", ""Fiction - Romance""], ""justification"": ""The filtered tags 'Romance - General' and 'Fiction - Romance' directly support the disputed genre path."", ""model"": ""qwen_groq""}, {""decision"": ""MAINTAIN"", ""evidence_tags"": [""Fiction, Romance, Contemporary"", ""Romance - General""], ""justification"": ""The tags include both Fiction and Romance, and specifically General Romance."", ""model"": ""gpt_oss_20b""}]","[{""decision"": ""ACCEPT"", ""evidence_tags"": [""Romance - General"", ""Fiction - Romance""], ""justification"": ""Filtered tags directly include Romance - General and Fiction - Romance, matching the disputed path."", ""model"": ""gpt_oss_groq""}]",MAINTAIN,ACCEPT,MAINTAIN,2of3_opponent_accepts,ACCEPT
9780373121229__metadata__Temporal_Context / Historical_Period / Contemporary,9780373121229,The Pleasure King's Bride,Metadata,Temporal_Context / Historical_Period / Contemporary,2,"[""qwen_groq"", ""gpt_oss_groq""]","[""gpt_oss_20b""]","[""Fiction, Romance, Contemporary"", ""Romance - Contemporary"", ""Contemporary Romance"", ""Romance"", ""Contemporary"", ""Romance - General"", ""Fiction - Romance"", ""Romance: Modern"", ""Fiction""]","[{""decision"": ""MAINTAIN"", ""evidence_tags"": [""Fiction, Romance, Contemporary"", ""Romance - Contemporary"", ""Contemporary Romance"", ""Contemporary"", ""Romance: Modern""], ""justification"": ""The filtered tags explicitly include 'Contemporary' and 'Romance - Contemporary', directly supporting the Temporal_Context / Historical_Period / Contemporary path."", ""model"": ""qwen_groq""}, {""decision"": ""MAINTAIN"", ""evidence_tags"": [""Contemporary"", ""Contemporary Romance"", ""Romance - Contemporary"", ""Fiction, Romance, Contemporary""], ""justification"": ""The filtered tags explicitly label the book as Contemporary."", ""model"": ""gpt_oss_groq""}]","[{""decision"": ""ACCEPT"", ""evidence_tags"": [""Contemporary"", ""Contemporary Romance"", ""Romance - Contemporary"", ""Fiction, Romance, Contemporary""], ""justification"": ""The filtered tags explicitly contain 'Contemporary' and related romance tags."", ""model"": ""gpt_oss_20b""}]",MAINTAIN,MAINTAIN,ACCEPT,2of3_opponent_accepts,ACCEPT
9780373121229__metadata__Temporal_Context / Historical_Period / Modern,9780373121229,The Pleasure King's Bride,Metadata,Temporal_Context / Historical_Period / Modern,1,"[""gpt_oss_20b""]","[""qwen_groq"", ""gpt_oss_groq""]","[""Fiction, Romance, Contemporary"", ""Romance - Contemporary"", ""Contemporary Romance"", ""Romance"", ""Contemporary"", ""Romance - General"", ""Fiction - Romance"", ""Romance: Modern"", ""Fiction""]","[{""decision"": ""MAINTAIN"", ""evidence_tags"": [""Romance: Modern""], ""justification"": ""The tag 'Romance: Modern' explicitly indicates a modern historical period."", ""model"": ""gpt_oss_20b""}]","[{""decision"": ""ACCEPT"", ""evidence_tags"": [""Romance: Modern""], ""justification"": ""The tag 'Romance: Modern' explicitly contains the term 'Modern', directly supporting the disputed path Temporal_Context / Historical_Period / Modern."", ""model"": ""qwen_groq""}, {""decision"": ""ACCEPT"", ""evidence_tags"": [""Romance: Modern""], ""justification"": ""The tag 'Romance: Modern' explicitly denotes a modern historical period."", ""model"": ""gpt_oss_groq""}]",ACCEPT,ACCEPT,MAINTAIN,1of3_both_opponents_accept,ACCEPT
9780373121328__genre__Fiction / Romance / General Romance,9780373121328,Bought,Genre,Fiction / Romance / General Romance,1,"[""gpt_oss_groq""]","[""qwen_groq"", ""gpt_oss_20b""]","[""Fiction, romance, general"", ""Romance - Contemporary"", ""Fiction - Romance"", ""Romance: Modern"", ""Romance"", ""Contemporary Romance"", ""Marriage Of Convenience"", ""Romantic"", ""Romance - General"", ""Fiction""]","[{""decision"": ""MAINTAIN"", ""evidence_tags"": [""Fiction, romance, general"", ""Romance - General""], ""justification"": ""Filtered tags directly include general romance classifications within fiction."", ""model"": ""gpt_oss_groq""}]","[{""decision"": ""ACCEPT"", ""evidence_tags"": [""Fiction, romance, general"", ""Romance - General""], ""justification"": ""The filtered tags explicitly contain 'Fiction, romance, general' and 'Romance - General', which directly map to the disputed path Fiction / Romance / General Romance."", ""model"": ""qwen_groq""}, {""decision"": ""ACCEPT"", ""evidence_tags"": [""Fiction, romance, general"", ""Romance - General""], ""justification"": ""The filtered tags explicitly list general romance within fiction."", ""model"": ""gpt_oss_20b""}]",ACCEPT,MAINTAIN,ACCEPT,1of3_both_opponents_accept,ACCEPT
9780373121328__genre__Fiction / Romance / General Romance / Romance,9780373121328,Bought,Genre,Fiction / Romance / General Romance / Romance,2,"[""qwen_groq"", ""gpt_oss_20b""]","[""gpt_oss_groq""]","[""Fiction, romance, general"", ""Romance - Contemporary"", ""Fiction - Romance"", ""Romance: Modern"", ""Romance"", ""Contemporary Romance"", ""Marriage Of Convenience"", ""Romantic"", ""Romance - General"", ""Fiction""]","[{""decision"": ""MAINTAIN"", ""evidence_tags"": [""Fiction, romance, general"", ""Romance - General""], ""justification"": ""The filtered tags explicitly include 'Fiction, romance, general' and 'Romance - General', which directly support the disputed genre path."", ""model"": ""qwen_groq""}, {""decision"": ""MAINTAIN"", ""evidence_tags"": [""Fiction, romance, general"", ""Romance - General""], ""justification"": ""The tags explicitly list fiction, romance, and general, matching the disputed path."", ""model"": ""gpt_oss_20b""}]","[{""decision"": ""ACCEPT"", ""evidence_tags"": [""Fiction, romance, general"", ""Romance - General""], ""justification"": ""The filtered tags explicitly contain 'Fiction, romance, general' and 'Romance - General', matching the disputed path."", ""model"": ""gpt_oss_groq""}]",MAINTAIN,ACCEPT,MAINTAIN,2of3_opponent_accepts,ACCEPT
9780373121618__genre__Fiction / Romance / General Romance,9780373121618,Seduction Scheme,Genre,Fiction / Romance / General Romance,1,"[""gpt_oss_groq""]","[""qwen_groq"", ""gpt_oss_20b""]","[""Romance - Contemporary"", ""Romance - General"", ""Fiction - Romance"", ""Romance: Modern"", ""Romance"", ""Fiction""]","[{""decision"": ""MAINTAIN"", ""evidence_tags"": [""Fiction - Romance"", ""Romance - General""], ""justification"": ""Filtered tags include both Fiction‑Romance and Romance‑General, directly supporting the disputed path."", ""model"": ""gpt_oss_groq""}]","[{""decision"": ""ACCEPT"", ""evidence_tags"": [""Fiction - Romance"", ""Romance - General""], ""justification"": ""The filtered tags 'Fiction - Romance' and 'Romance - General' directly support the disputed path 'Fiction / Romance / General Romance'."", ""model"": ""qwen_groq""}, {""decision"": ""ACCEPT"", ""evidence_tags"": [""Fiction - Romance"", ""Romance - General""], ""justification"": ""Both tags directly match the components of the disputed path."", ""model"": ""gpt_oss_20b""}]",ACCEPT,MAINTAIN,ACCEPT,1of3_both_opponents_accept,ACCEPT
9780373121618__genre__Fiction / Romance / General Romance / Romance,9780373121618,Seduction Scheme,Genre,Fiction / Romance / General Romance / Romance,2,"[""qwen_groq"", ""gpt_oss_20b""]","[""gpt_oss_groq""]","[""Romance - Contemporary"", ""Romance - General"", ""Fiction - Romance"", ""Romance: Modern"", ""Romance"", ""Fiction""]","[{""decision"": ""MAINTAIN"", ""evidence_tags"": [""Fiction - Romance"", ""Romance - General""], ""justification"": ""The filtered tags 'Fiction - Romance' and 'Romance - General' directly support the disputed genre path 'Fiction / Romance / General Romance / Romance'."", ""model"": ""qwen_groq""}, {""decision"": ""MAINTAIN"", ""evidence_tags"": [""Fiction - Romance"", ""Romance - General""], ""justification"": ""Both Fiction/Romance and General Romance are directly supported by the tags."", ""model"": ""gpt_oss_20b""}]","[{""decision"": ""ACCEPT"", ""evidence_tags"": [""Fiction - Romance"", ""Romance - General""], ""justification"": ""The tags directly match the Fiction > Romance and General Romance levels of the disputed path."", ""model"": ""gpt_oss_groq""}]",MAINTAIN,ACCEPT,MAINTAIN,2of3_opponent_accepts,ACCEPT
9780373121618__metadata__Temporal_Context / Historical_Period / Contemporary,9780373121618,Seduction Scheme,Metadata,Temporal_Context / Historical_Period / Contemporary,2,"[""qwen_groq"", ""gpt_oss_groq""]","[""gpt_oss_20b""]","[""Romance - Contemporary"", ""Romance - General"", ""Fiction - Romance"", ""Romance: Modern"", ""Romance"", ""Fiction""]","[{""decision"": ""MAINTAIN"", ""evidence_tags"": [""Romance - Contemporary"", ""Romance: Modern""], ""justification"": ""The filtered tags explicitly include 'Romance - Contemporary' and 'Romance: Modern', directly supporting the Contemporary historical period."", ""model"": ""qwen_groq""}, {""decision"": ""MAINTAIN"", ""evidence_tags"": [""Romance - Contemporary""], ""justification"": ""The tag 'Romance - Contemporary' directly indicates a contemporary historical period."", ""model"": ""gpt_oss_groq""}]","[{""decision"": ""ACCEPT"", ""evidence_tags"": [""Romance - Contemporary""], ""justification"": ""The tag 'Romance - Contemporary' directly indicates a contemporary historical period."", ""model"": ""gpt_oss_20b""}]",MAINTAIN,MAINTAIN,ACCEPT,2of3_opponent_accepts,ACCEPT
9780373121618__metadata__Temporal_Context / Historical_Period / Modern,9780373121618,Seduction Scheme,Metadata,Temporal_Context / Historical_Period / Modern,1,"[""gpt_oss_20b""]","[""qwen_groq"", ""gpt_oss_groq""]","[""Romance - Contemporary"", ""Romance - General"", ""Fiction - Romance"", ""Romance: Modern"", ""Romance"", ""Fiction""]","[{""decision"": ""MAINTAIN"", ""evidence_tags"": [""Romance: Modern""], ""justification"": ""The tag 'Romance: Modern' explicitly indicates a modern historical period."", ""model"": ""gpt_oss_20b""}]","[{""decision"": ""ACCEPT"", ""evidence_tags"": [""Romance: Modern""], ""justification"": ""The tag 'Romance: Modern' explicitly contains the word 'Modern', directly supporting the Temporal_Context / Historical_Period / Modern path."", ""model"": ""qwen_groq""}, {""decision"": ""ACCEPT"", ""evidence_tags"": [""Romance: Modern""], ""justification"": ""The tag 'Romance: Modern' explicitly denotes a modern historical period."", ""model"": ""gpt_oss_groq""}]",ACCEPT,ACCEPT,MAINTAIN,1of3_both_opponents_accept,ACCEPT
9780373121861__metadata__Temporal_Context / Historical_Period / Contemporary,9780373121861,YESTERDAY AND FOREVER,Metadata,Temporal_Context / Historical_Period / Contemporary,1,"[""qwen_groq""]","[""gpt_oss_groq"", ""gpt_oss_20b""]","[""Fiction"", ""Romance"", ""Romance - Contemporary"", ""Contemporary Romance"", ""Romance - General"", ""Fiction - Romance"", ""Romance: Modern"", ""Romantic"", ""Fiction, romance, general""]","[{""decision"": ""MAINTAIN"", ""evidence_tags"": [""Romance - Contemporary"", ""Contemporary Romance"", ""Romance: Modern""], ""justification"": ""The filtered tags explicitly include 'Romance - Contemporary' and 'Contemporary Romance', directly supporting the Contemporary historical period classification."", ""model"": ""qwen_groq""}]","[{""decision"": ""ACCEPT"", ""evidence_tags"": [""Romance - Contemporary"", ""Contemporary Romance"", ""Romance: Modern""], ""justification"": ""The filtered tags explicitly contain 'Contemporary', supporting the Contemporary historical period classification."", ""model"": ""gpt_oss_groq""}, {""decision"": ""ACCEPT"", ""evidence_tags"": [""Romance - Contemporary"", ""Contemporary Romance"", ""Romance: Modern""], ""justification"": ""The filtered tags explicitly contain contemporary romance labels that support the Contemporary historical period classification."", ""model"": ""gpt_oss_20b""}]",MAINTAIN,ACCEPT,ACCEPT,1of3_both_opponents_accept,ACCEPT
9780373121861__metadata__Temporal_Context / Historical_Period / Modern,9780373121861,YESTERDAY AND FOREVER,Metadata,Temporal_Context / Historical_Period / Modern,2,"[""gpt_oss_groq"", ""gpt_oss_20b""]","[""qwen_groq""]","[""Fiction"", ""Romance"", ""Romance - Contemporary"", ""Contemporary Romance"", ""Romance - General"", ""Fiction - Romance"", ""Romance: Modern"", ""Romantic"", ""Fiction, romance, general""]","[{""decision"": ""MAINTAIN"", ""evidence_tags"": [""Romance: Modern""], ""justification"": ""The tag \""Romance: Modern\"" explicitly indicates a modern historical period."", ""model"": ""gpt_oss_groq""}, {""decision"": ""MAINTAIN"", ""evidence_tags"": [""Romance: Modern""], ""justification"": ""The tag 'Romance: Modern' explicitly indicates a modern historical period."", ""model"": ""gpt_oss_20b""}]","[{""decision"": ""ACCEPT"", ""evidence_tags"": [""Romance: Modern""], ""justification"": ""The tag 'Romance: Modern' explicitly contains the term 'Modern', directly supporting the disputed path Temporal_Context / Historical_Period / Modern."", ""model"": ""qwen_groq""}]",ACCEPT,MAINTAIN,MAINTAIN,2of3_opponent_accepts,ACCEPT
9780373161782__genre__Fiction / Romance,9780373161782,This Day Forward,Genre,Fiction / Romance,1,"[""gpt_oss_groq""]","[""qwen_groq"", ""gpt_oss_20b""]","[""Romance - Contemporary"", ""Fiction"", ""Romance: Modern"", ""Romance"", ""Contemporary""]","[{""decision"": ""MAINTAIN"", ""evidence_tags"": [""Fiction"", ""Romance""], ""justification"": ""The tags include both \""Fiction\"" and \""Romance\"", directly supporting the disputed path."", ""model"": ""gpt_oss_groq""}]","[{""decision"": ""ACCEPT"", ""evidence_tags"": [""Fiction"", ""Romance""], ""justification"": ""The filtered tags explicitly include both 'Fiction' and 'Romance', directly supporting the disputed genre path."", ""model"": ""qwen_groq""}, {""decision"": ""ACCEPT"", ""evidence_tags"": [""Fiction"", ""Romance""], ""justification"": ""The tags include both Fiction and Romance."", ""model"": ""gpt_oss_20b""}]",ACCEPT,MAINTAIN,ACCEPT,1of3_both_opponents_accept,ACCEPT
9780373161782__genre__Fiction / Romance / General Romance / Romance,9780373161782,This Day Forward,Genre,Fiction / Romance / General Romance / Romance,2,"[""qwen_groq"", ""gpt_oss_20b""]","[""gpt_oss_groq""]","[""Romance - Contemporary"", ""Fiction"", ""Romance: Modern"", ""Romance"", ""Contemporary""]","[{""decision"": ""MAINTAIN"", ""evidence_tags"": [""Romance"", ""Romance - Contemporary"", ""Romance: Modern""], ""justification"": ""The filtered tags explicitly include 'Romance' and contemporary romance variants, directly supporting the disputed genre path."", ""model"": ""qwen_groq""}, {""decision"": ""MAINTAIN"", ""evidence_tags"": [""Romance"", ""Romance - Contemporary"", ""Romance: Modern""], ""justification"": ""The tags include Romance and contemporary romance, directly supporting the Romance genre path."", ""model"": ""gpt_oss_20b""}]","[{""decision"": ""ACCEPT"", ""evidence_tags"": [""Romance""], ""justification"": ""The filtered tags contain the exact genre label 'Romance' supporting the disputed path."", ""model"": ""gpt_oss_groq""}]",MAINTAIN,ACCEPT,MAINTAIN,2of3_opponent_accepts,ACCEPT
9780373161782__metadata__Temporal_Context / Historical_Period / Modern,9780373161782,This Day Forward,Metadata,Temporal_Context / Historical_Period / Modern,1,"[""gpt_oss_groq""]","[""qwen_groq"", ""gpt_oss_20b""]","[""Romance - Contemporary"", ""Fiction"", ""Romance: Modern"", ""Romance"", ""Contemporary""]","[{""decision"": ""MAINTAIN"", ""evidence_tags"": [""Romance: Modern""], ""justification"": ""The tag 'Romance: Modern' explicitly indicates a modern historical period."", ""model"": ""gpt_oss_groq""}]","[{""decision"": ""ACCEPT"", ""evidence_tags"": [""Romance: Modern""], ""justification"": ""The tag 'Romance: Modern' explicitly contains the term 'Modern', directly supporting the disputed path Temporal_Context / Historical_Period / Modern."", ""model"": ""qwen_groq""}, {""decision"": ""ACCEPT"", ""evidence_tags"": [""Romance: Modern""], ""justification"": ""The tag 'Romance: Modern' explicitly indicates a modern historical period."", ""model"": ""gpt_oss_20b""}]",ACCEPT,MAINTAIN,ACCEPT,1of3_both_opponents_accept,ACCEPT
9780373167463__genre__Fiction / Romance,9780373167463,Daddy By Destiny,Genre,Fiction / Romance,1,"[""gpt_oss_groq""]","[""qwen_groq"", ""gpt_oss_20b""]","[""Romance"", ""Fiction"", ""Romance - Contemporary"", ""Contemporary""]","[{""decision"": ""MAINTAIN"", ""evidence_tags"": [""Romance"", ""Fiction""], ""justification"": ""Both \""Romance\"" and \""Fiction\"" tags are present, directly supporting the disputed path."", ""model"": ""gpt_oss_groq""}]","[{""decision"": ""ACCEPT"", ""evidence_tags"": [""Fiction"", ""Romance""], ""justification"": ""The FILTERED TAGS explicitly contain both 'Fiction' and 'Romance', directly supporting the disputed genre path."", ""model"": ""qwen_groq""}, {""decision"": ""ACCEPT"", ""evidence_tags"": [""Romance"", ""Fiction""], ""justification"": ""Both Romance and Fiction tags are present in the filtered tags."", ""model"": ""gpt_oss_20b""}]",ACCEPT,MAINTAIN,ACCEPT,1of3_both_opponents_accept,ACCEPT
9780373167494__metadata__Temporal_Context / Historical_Period / Contemporary,9780373167494,If Wishes Were...Daddies,Metadata,Temporal_Context / Historical_Period / Contemporary,2,"[""qwen_groq"", ""gpt_oss_groq""]","[""gpt_oss_20b""]","[""Fiction, romance, general"", ""Single mothers"", ""Fiction"", ""Romance - General"", ""Romance - Contemporary"", ""Fiction - Romance"", ""Romance: Modern"", ""Romance""]","[{""decision"": ""MAINTAIN"", ""evidence_tags"": [""Romance - Contemporary"", ""Romance: Modern""], ""justification"": ""The filtered tags explicitly include 'Romance - Contemporary' and 'Romance: Modern', directly supporting the Contemporary historical period."", ""model"": ""qwen_groq""}, {""decision"": ""MAINTAIN"", ""evidence_tags"": [""Romance - Contemporary""], ""justification"": ""The tag explicitly includes 'Contemporary', supporting the contemporary temporal context."", ""model"": ""gpt_oss_groq""}]","[{""decision"": ""ACCEPT"", ""evidence_tags"": [""Romance - Contemporary""], ""justification"": ""The tag 'Romance - Contemporary' explicitly supports the contemporary temporal context."", ""model"": ""gpt_oss_20b""}]",MAINTAIN,MAINTAIN,ACCEPT,2of3_opponent_accepts,ACCEPT
9780373167494__metadata__Temporal_Context / Historical_Period / Modern,9780373167494,If Wishes Were...Daddies,Metadata,Temporal_Context / Historical_Period / Modern,1,"[""gpt_oss_20b""]","[""qwen_groq"", ""gpt_oss_groq""]","[""Fiction, romance, general"", ""Single mothers"", ""Fiction"", ""Romance - General"", ""Romance - Contemporary"", ""Fiction - Romance"", ""Romance: Modern"", ""Romance""]","[{""decision"": ""MAINTAIN"", ""evidence_tags"": [""Romance: Modern""], ""justification"": ""The tag 'Romance: Modern' explicitly indicates the modern period."", ""model"": ""gpt_oss_20b""}]","[{""decision"": ""ACCEPT"", ""evidence_tags"": [""Romance: Modern""], ""justification"": ""The tag 'Romance: Modern' explicitly supports the Temporal_Context / Historical_Period / Modern path."", ""model"": ""qwen_groq""}, {""decision"": ""ACCEPT"", ""evidence_tags"": [""Romance: Modern""], ""justification"": ""The tag 'Romance: Modern' explicitly denotes a modern temporal context."", ""model"": ""gpt_oss_groq""}]",ACCEPT,ACCEPT,MAINTAIN,1of3_both_opponents_accept,ACCEPT
9780373168484__genre__Fiction / Romance / General Romance,9780373168484,A Little Office Romance,Genre,Fiction / Romance / General Romance,1,"[""gpt_oss_groq""]","[""qwen_groq"", ""gpt_oss_20b""]","[""Romance fiction"", ""Fiction, romance, contemporary"", ""Romance - Contemporary"", ""Romance - General"", ""Fiction - Romance"", ""Romance: Modern"", ""Romance"", ""Contemporary""]","[{""decision"": ""MAINTAIN"", ""evidence_tags"": [""Fiction - Romance"", ""Romance - General""], ""justification"": ""The tags explicitly denote Fiction > Romance and Romance > General, matching the disputed path."", ""model"": ""gpt_oss_groq""}]","[{""decision"": ""ACCEPT"", ""evidence_tags"": [""Fiction - Romance"", ""Romance - General""], ""justification"": ""The filtered tags 'Fiction - Romance' and 'Romance - General' directly correspond to the components of the disputed path 'Fiction / Romance / General Romance'."", ""model"": ""qwen_groq""}, {""decision"": ""ACCEPT"", ""evidence_tags"": [""Fiction - Romance"", ""Romance - General""], ""justification"": ""The tags explicitly indicate Fiction > Romance and Romance > General, matching the disputed path."", ""model"": ""gpt_oss_20b""}]",ACCEPT,MAINTAIN,ACCEPT,1of3_both_opponents_accept,ACCEPT
9780373168484__genre__Fiction / Romance / General Romance / Romance,9780373168484,A Little Office Romance,Genre,Fiction / Romance / General Romance / Romance,2,"[""qwen_groq"", ""gpt_oss_20b""]","[""gpt_oss_groq""]","[""Romance fiction"", ""Fiction, romance, contemporary"", ""Romance - Contemporary"", ""Romance - General"", ""Fiction - Romance"", ""Romance: Modern"", ""Romance"", ""Contemporary""]","[{""decision"": ""MAINTAIN"", ""evidence_tags"": [""Romance - General"", ""Fiction - Romance""], ""justification"": ""The filtered tags 'Romance - General' and 'Fiction - Romance' directly support the disputed genre path."", ""model"": ""qwen_groq""}, {""decision"": ""MAINTAIN"", ""evidence_tags"": [""Romance - General"", ""Romance""], ""justification"": ""The tags 'Romance - General' and 'Romance' directly support the path Fiction / Romance / General Romance / Romance."", ""model"": ""gpt_oss_20b""}]","[{""decision"": ""ACCEPT"", ""evidence_tags"": [""Romance - General"", ""Fiction - Romance""], ""justification"": ""The tags directly match the Romance and General Romance levels within Fiction."", ""model"": ""gpt_oss_groq""}]",MAINTAIN,ACCEPT,MAINTAIN,2of3_opponent_accepts,ACCEPT
9780373190973__genre__Fiction / Romance,9780373190973,Baby talk,Genre,Fiction / Romance,2,"[""qwen_groq"", ""gpt_oss_groq""]","[""gpt_oss_20b""]","[""Fiction, general"", ""Literature & Fiction"", ""Contemporary Fiction"", ""Romance""]","[{""decision"": ""MAINTAIN"", ""evidence_tags"": [""Literature & Fiction"", ""Romance""], ""justification"": ""The filtered tags explicitly include 'Literature & Fiction' and 'Romance', directly supporting the disputed genre path."", ""model"": ""qwen_groq""}, {""decision"": ""MAINTAIN"", ""evidence_tags"": [""Romance""], ""justification"": ""The filtered tags include a direct 'Romance' tag supporting the disputed path."", ""model"": ""gpt_oss_groq""}]","[{""decision"": ""ACCEPT"", ""evidence_tags"": [""Romance""], ""justification"": ""The tag 'Romance' directly supports the disputed genre path."", ""model"": ""gpt_oss_20b""}]",MAINTAIN,MAINTAIN,ACCEPT,2of3_opponent_accepts,ACCEPT
9780373194452__metadata__Temporal_Context / Historical_Period / Modern,9780373194452,"Too Hard To Handle (Romance, 1445)",Metadata,Temporal_Context / Historical_Period / Modern,1,"[""gpt_oss_20b""]","[""qwen_groq"", ""gpt_oss_groq""]","[""Fiction, romance, contemporary"", ""Romance - Contemporary"", ""Romance - General"", ""Fiction"", ""Fiction - Romance"", ""Romance: Modern"", ""Romantic""]","[{""decision"": ""MAINTAIN"", ""evidence_tags"": [""Romance: Modern""], ""justification"": ""The tag 'Romance: Modern' explicitly indicates a modern historical period."", ""model"": ""gpt_oss_20b""}]","[{""decision"": ""ACCEPT"", ""evidence_tags"": [""Romance: Modern""], ""justification"": ""The tag 'Romance: Modern' explicitly supports the classification of the temporal context as Modern."", ""model"": ""qwen_groq""}, {""decision"": ""ACCEPT"", ""evidence_tags"": [""Romance: Modern""], ""justification"": ""The tag 'Romance: Modern' directly indicates a modern historical period."", ""model"": ""gpt_oss_groq""}]",ACCEPT,ACCEPT,MAINTAIN,1of3_both_opponents_accept,ACCEPT
9780373194636__genre__Fiction / Romance,9780373194636,Cherish The Boss (The Circle K Sisters),Genre,Fiction / Romance,1,"[""gpt_oss_20b""]","[""qwen_groq"", ""gpt_oss_groq""]","[""Fiction, romance, general"", ""Romance - Contemporary"", ""Romance - General"", ""Fiction"", ""Fiction - Romance"", ""Romance: Modern"", ""Romance"", ""Contemporary""]","[{""decision"": ""MAINTAIN"", ""evidence_tags"": [""Fiction - Romance""], ""justification"": ""Tag 'Fiction - Romance' directly supports the path."", ""model"": ""gpt_oss_20b""}]","[{""decision"": ""ACCEPT"", ""evidence_tags"": [""Fiction - Romance""], ""justification"": ""The tag 'Fiction - Romance' directly matches the disputed genre path."", ""model"": ""qwen_groq""}, {""decision"": ""ACCEPT"", ""evidence_tags"": [""Fiction - Romance""], ""justification"": ""The tag 'Fiction - Romance' directly matches the disputed path."", ""model"": ""gpt_oss_groq""}]",ACCEPT,ACCEPT,MAINTAIN,1of3_both_opponents_accept,ACCEPT
9780373194636__genre__Fiction / Romance / General Romance,9780373194636,Cherish The Boss (The Circle K Sisters),Genre,Fiction / Romance / General Romance,1,"[""gpt_oss_groq""]","[""qwen_groq"", ""gpt_oss_20b""]","[""Fiction, romance, general"", ""Romance - Contemporary"", ""Romance - General"", ""Fiction"", ""Fiction - Romance"", ""Romance: Modern"", ""Romance"", ""Contemporary""]","[{""decision"": ""MAINTAIN"", ""evidence_tags"": [""Fiction, romance, general"", ""Romance - General""], ""justification"": ""Filtered tags directly include general romance classifications."", ""model"": ""gpt_oss_groq""}]","[{""decision"": ""ACCEPT"", ""evidence_tags"": [""Fiction, romance, general"", ""Romance - General""], ""justification"": ""The filtered tags explicitly include 'Fiction, romance, general' and 'Romance - General', which directly support the disputed path."", ""model"": ""qwen_groq""}, {""decision"": ""ACCEPT"", ""evidence_tags"": [""Fiction, romance, general"", ""Romance - General""], ""justification"": ""Both filtered tags directly match the disputed general romance classification."", ""model"": ""gpt_oss_20b""}]",ACCEPT,MAINTAIN,ACCEPT,1of3_both_opponents_accept,ACCEPT
9780373194636__genre__Fiction / Romance / General Romance / Romance,9780373194636,Cherish The Boss (The Circle K Sisters),Genre,Fiction / Romance / General Romance / Romance,2,"[""qwen_groq"", ""gpt_oss_20b""]","[""gpt_oss_groq""]","[""Fiction, romance, general"", ""Romance - Contemporary"", ""Romance - General"", ""Fiction"", ""Fiction - Romance"", ""Romance: Modern"", ""Romance"", ""Contemporary""]","[{""decision"": ""MAINTAIN"", ""evidence_tags"": [""Fiction, romance, general"", ""Romance - General""], ""justification"": ""The filtered tags explicitly include 'Fiction, romance, general' and 'Romance - General', which directly support the disputed path 'Fiction / Romance / General Romance / Romance'."", ""model"": ""qwen_groq""}, {""decision"": ""MAINTAIN"", ""evidence_tags"": [""Fiction, romance, general"", ""Romance - General""], ""justification"": ""The tags explicitly include Fiction, romance, general and Romance - General, matching the disputed path."", ""model"": ""gpt_oss_20b""}]","[{""decision"": ""ACCEPT"", ""evidence_tags"": [""Fiction, romance, general"", ""Romance - General""], ""justification"": ""The filtered tags directly include the required fiction and general romance categories."", ""model"": ""gpt_oss_groq""}]",MAINTAIN,ACCEPT,MAINTAIN,2of3_opponent_accepts,ACCEPT
9780373194636__metadata__Temporal_Context / Historical_Period / Modern,9780373194636,Cherish The Boss (The Circle K Sisters),Metadata,Temporal_Context / Historical_Period / Modern,1,"[""gpt_oss_20b""]","[""qwen_groq"", ""gpt_oss_groq""]","[""Fiction, romance, general"", ""Romance - Contemporary"", ""Romance - General"", ""Fiction"", ""Fiction - Romance"", ""Romance: Modern"", ""Romance"", ""Contemporary""]","[{""decision"": ""MAINTAIN"", ""evidence_tags"": [""Romance: Modern""], ""justification"": ""The tag 'Romance: Modern' explicitly indicates the modern period."", ""model"": ""gpt_oss_20b""}]","[{""decision"": ""ACCEPT"", ""evidence_tags"": [""Romance: Modern""], ""justification"": ""The tag 'Romance: Modern' explicitly supports the Temporal_Context / Historical_Period / Modern path."", ""model"": ""qwen_groq""}, {""decision"": ""ACCEPT"", ""evidence_tags"": [""Romance: Modern""], ""justification"": ""The tag 'Romance: Modern' directly indicates the modern period."", ""model"": ""gpt_oss_groq""}]",ACCEPT,ACCEPT,MAINTAIN,1of3_both_opponents_accept,ACCEPT
9780373194636__metadata__Temporal_Context / Publication_Period / Contemporary_Publication,9780373194636,Cherish The Boss (The Circle K Sisters),Metadata,Temporal_Context / Publication_Period / Contemporary_Publication,1,"[""gpt_oss_20b""]","[""qwen_groq"", ""gpt_oss_groq""]","[""Fiction, romance, general"", ""Romance - Contemporary"", ""Romance - General"", ""Fiction"", ""Fiction - Romance"", ""Romance: Modern"", ""Romance"", ""Contemporary""]","[{""decision"": ""MAINTAIN"", ""evidence_tags"": [""Romance - Contemporary"", ""Romance: Modern""], ""justification"": ""The tags explicitly label the book as contemporary romance."", ""model"": ""gpt_oss_20b""}]","[{""decision"": ""ACCEPT"", ""evidence_tags"": [""Romance - Contemporary"", ""Contemporary""], ""justification"": ""The filtered tags explicitly contain the term 'Contemporary', directly supporting the metadata path for Contemporary_Publication."", ""model"": ""qwen_groq""}, {""decision"": ""ACCEPT"", ""evidence_tags"": [""Romance - Contemporary"", ""Romance: Modern"", ""Contemporary""], ""justification"": ""The filtered tags explicitly label the work as contemporary."", ""model"": ""gpt_oss_groq""}]",ACCEPT,ACCEPT,MAINTAIN,1of3_both_opponents_accept,ACCEPT
9780373201389__metadata__Temporal_Context / Historical_Period / Modern,9780373201389,Rocky Mountain Men (By Request) (Harlequin by Request),Metadata,Temporal_Context / Historical_Period / Modern,1,"[""gpt_oss_20b""]","[""qwen_groq"", ""gpt_oss_groq""]","[""Fiction, general"", ""Romance fiction"", ""Romance - Contemporary"", ""Fiction - Romance"", ""Romance: Modern"", ""Romance"", ""Contemporary"", ""Fiction""]","[{""decision"": ""MAINTAIN"", ""evidence_tags"": [""Romance: Modern""], ""justification"": ""The tag 'Romance: Modern' explicitly indicates a modern temporal context."", ""model"": ""gpt_oss_20b""}]","[{""decision"": ""ACCEPT"", ""evidence_tags"": [""Romance: Modern""], ""justification"": ""The tag 'Romance: Modern' explicitly supports the temporal context of Modern."", ""model"": ""qwen_groq""}, {""decision"": ""ACCEPT"", ""evidence_tags"": [""Romance: Modern""], ""justification"": ""The tag 'Romance: Modern' explicitly denotes a modern temporal context."", ""model"": ""gpt_oss_groq""}]",ACCEPT,ACCEPT,MAINTAIN,1of3_both_opponents_accept,ACCEPT
9780373222506__genre__Fiction,9780373222506,Haunted,Genre,Fiction,1,"[""gpt_oss_groq""]","[""qwen_groq"", ""gpt_oss_20b""]","[""Halloween stories"", ""Fiction, mystery & detective, general"", ""Mystery & Detective - General"", ""Fiction"", ""Fiction - Mystery/ Detective"", ""Romance"", ""Contemporary""]","[{""decision"": ""MAINTAIN"", ""evidence_tags"": [""Fiction""], ""justification"": ""The filtered tags include the exact tag \""Fiction\"" supporting the disputed genre."", ""model"": ""gpt_oss_groq""}]","[{""decision"": ""ACCEPT"", ""evidence_tags"": [""Fiction""], ""justification"": ""The filtered tags contain the exact string \""Fiction\"", which directly supports the disputed genre path."", ""model"": ""qwen_groq""}, {""decision"": ""ACCEPT"", ""evidence_tags"": [""Fiction""], ""justification"": ""The tag \""Fiction\"" directly supports the disputed genre path."", ""model"": ""gpt_oss_20b""}]",ACCEPT,MAINTAIN,ACCEPT,1of3_both_opponents_accept,ACCEPT
9780373222544__genre__Fiction / Romance / General Romance,9780373222544,Santa Claus Is Coming,Genre,Fiction / Romance / General Romance,1,"[""gpt_oss_groq""]","[""qwen_groq"", ""gpt_oss_20b""]","[""Fiction"", ""Holiday"", ""Christmas"", ""Romance - General""]","[{""decision"": ""MAINTAIN"", ""evidence_tags"": [""Fiction"", ""Romance - General""], ""justification"": ""The tags include both Fiction and a general Romance category."", ""model"": ""gpt_oss_groq""}]","[{""decision"": ""ACCEPT"", ""evidence_tags"": [""Fiction"", ""Romance - General""], ""justification"": ""The filtered tags explicitly include 'Fiction' and 'Romance - General', which directly correspond to the components of the disputed genre path."", ""model"": ""qwen_groq""}, {""decision"": ""ACCEPT"", ""evidence_tags"": [""Fiction"", ""Romance - General""], ""justification"": ""The tags include both Fiction and a general Romance category."", ""model"": ""gpt_oss_20b""}]",ACCEPT,MAINTAIN,ACCEPT,1of3_both_opponents_accept,ACCEPT
9780373222544__genre__Fiction / Romance / General Romance / Romance,9780373222544,Santa Claus Is Coming,Genre,Fiction / Romance / General Romance / Romance,2,"[""qwen_groq"", ""gpt_oss_20b""]","[""gpt_oss_groq""]","[""Fiction"", ""Holiday"", ""Christmas"", ""Romance - General""]","[{""decision"": ""MAINTAIN"", ""evidence_tags"": [""Fiction"", ""Romance - General""], ""justification"": ""The filtered tags 'Fiction' and 'Romance - General' directly support the disputed genre path 'Fiction / Romance / General Romance / Romance'."", ""model"": ""qwen_groq""}, {""decision"": ""MAINTAIN"", ""evidence_tags"": [""Fiction"", ""Romance - General""], ""justification"": ""The tags include Fiction and Romance - General, supporting the disputed genre path."", ""model"": ""gpt_oss_20b""}]","[{""decision"": ""ACCEPT"", ""evidence_tags"": [""Fiction"", ""Romance - General""], ""justification"": ""The filtered tags include both Fiction and Romance - General, directly supporting the disputed genre path."", ""model"": ""gpt_oss_groq""}]",MAINTAIN,ACCEPT,MAINTAIN,2of3_opponent_accepts,ACCEPT
9780373222582__genre__Fiction / Romance / General Romance,9780373222582,Simon Says,Genre,Fiction / Romance / General Romance,2,"[""gpt_oss_groq"", ""gpt_oss_20b""]","[""qwen_groq""]","[""Fiction"", ""Fiction - Romance"", ""Romance - General"", ""Literature & Fiction""]","[{""decision"": ""MAINTAIN"", ""evidence_tags"": [""Fiction"", ""Romance - General""], ""justification"": ""The tags include both Fiction and General Romance, matching the disputed path."", ""model"": ""gpt_oss_groq""}, {""decision"": ""MAINTAIN"", ""evidence_tags"": [""Fiction - Romance"", ""Romance - General""], ""justification"": ""The tags directly support Fiction, Romance, and General Romance."", ""model"": ""gpt_oss_20b""}]","[{""decision"": ""ACCEPT"", ""evidence_tags"": [""Fiction"", ""Fiction - Romance"", ""Romance - General""], ""justification"": ""The filtered tags explicitly contain 'Fiction', 'Fiction - Romance', and 'Romance - General', which directly correspond to the components of the disputed path 'Fiction / Romance / General Romance'."", ""model"": ""qwen_groq""}]",ACCEPT,MAINTAIN,MAINTAIN,2of3_opponent_accepts,ACCEPT
9780373222582__genre__Fiction / Romance / General Romance / Romance,9780373222582,Simon Says,Genre,Fiction / Romance / General Romance / Romance,1,"[""qwen_groq""]","[""gpt_oss_groq"", ""gpt_oss_20b""]","[""Fiction"", ""Fiction - Romance"", ""Romance - General"", ""Literature & Fiction""]","[{""decision"": ""MAINTAIN"", ""evidence_tags"": [""Fiction - Romance"", ""Romance - General""], ""justification"": ""The filtered tags 'Fiction - Romance' and 'Romance - General' directly support the disputed genre path of Fiction / Romance / General Romance."", ""model"": ""qwen_groq""}]","[{""decision"": ""ACCEPT"", ""evidence_tags"": [""Fiction - Romance"", ""Romance - General""], ""justification"": ""The filtered tags directly match the Fiction, Romance, and General Romance levels of the disputed path."", ""model"": ""gpt_oss_groq""}, {""decision"": ""ACCEPT"", ""evidence_tags"": [""Fiction - Romance"", ""Romance - General""], ""justification"": ""The tags 'Fiction - Romance' and 'Romance - General' directly support the disputed genre path."", ""model"": ""gpt_oss_20b""}]",MAINTAIN,ACCEPT,ACCEPT,1of3_both_opponents_accept,ACCEPT
9780373224708__genre__Fiction / Mystery,9780373224708,"Missing Hour (Intrigue , No 470)",Genre,Fiction / Mystery,1,"[""gpt_oss_20b""]","[""qwen_groq"", ""gpt_oss_groq""]","[""Romance"", ""Fiction - Romance"", ""Romance - Contemporary"", ""Contemporary Fiction"", ""Mystery & Detective - General""]","[{""decision"": ""MAINTAIN"", ""evidence_tags"": [""Mystery & Detective - General""], ""justification"": ""The tag 'Mystery & Detective - General' directly supports the Mystery genre."", ""model"": ""gpt_oss_20b""}]","[{""decision"": ""ACCEPT"", ""evidence_tags"": [""Mystery & Detective - General""], ""justification"": ""The filtered tag 'Mystery & Detective - General' directly supports the disputed genre path 'Fiction / Mystery'."", ""model"": ""qwen_groq""}, {""decision"": ""ACCEPT"", ""evidence_tags"": [""Mystery & Detective - General""], ""justification"": ""The tag 'Mystery & Detective - General' directly supports the Mystery genre."", ""model"": ""gpt_oss_groq""}]",ACCEPT,ACCEPT,MAINTAIN,1of3_both_opponents_accept,ACCEPT
9780373224708__genre__Fiction / Romance,9780373224708,"Missing Hour (Intrigue , No 470)",Genre,Fiction / Romance,1,"[""gpt_oss_groq""]","[""qwen_groq"", ""gpt_oss_20b""]","[""Romance"", ""Fiction - Romance"", ""Romance - Contemporary"", ""Contemporary Fiction"", ""Mystery & Detective - General""]","[{""decision"": ""MAINTAIN"", ""evidence_tags"": [""Fiction - Romance""], ""justification"": ""The tag \""Fiction - Romance\"" directly matches the disputed genre path."", ""model"": ""gpt_oss_groq""}]","[{""decision"": ""ACCEPT"", ""evidence_tags"": [""Fiction - Romance""], ""justification"": ""The filtered tag \""Fiction - Romance\"" directly matches the disputed genre path."", ""model"": ""qwen_groq""}, {""decision"": ""ACCEPT"", ""evidence_tags"": [""Fiction - Romance""], ""justification"": ""The tag \""Fiction - Romance\"" directly matches the disputed genre path."", ""model"": ""gpt_oss_20b""}]",ACCEPT,MAINTAIN,ACCEPT,1of3_both_opponents_accept,ACCEPT
9780373224753__genre__Fiction / Romance,9780373224753,Fugitive Father,Genre,Fiction / Romance,2,"[""gpt_oss_groq"", ""gpt_oss_20b""]","[""qwen_groq""]","[""Fiction, suspense"", ""Fiction, thrillers, suspense"", ""Romance"", ""Fiction"", ""Fiction - Romance"", ""Literature & Fiction""]","[{""decision"": ""MAINTAIN"", ""evidence_tags"": [""Romance"", ""Fiction - Romance""], ""justification"": ""The tags explicitly include Romance and Fiction - Romance, directly supporting the disputed genre path."", ""model"": ""gpt_oss_groq""}, {""decision"": ""MAINTAIN"", ""evidence_tags"": [""Romance"", ""Fiction - Romance""], ""justification"": ""The filtered tags include both 'Romance' and 'Fiction - Romance', directly supporting the Fiction/Romance path."", ""model"": ""gpt_oss_20b""}]","[{""decision"": ""ACCEPT"", ""evidence_tags"": [""Fiction - Romance"", ""Romance""], ""justification"": ""The filtered tags explicitly include 'Fiction - Romance' and 'Romance', directly supporting the disputed genre path."", ""model"": ""qwen_groq""}]",ACCEPT,MAINTAIN,MAINTAIN,2of3_opponent_accepts,ACCEPT
9780373224753__genre__Fiction / Suspense,9780373224753,Fugitive Father,Genre,Fiction / Suspense,1,"[""gpt_oss_20b""]","[""qwen_groq"", ""gpt_oss_groq""]","[""Fiction, suspense"", ""Fiction, thrillers, suspense"", ""Romance"", ""Fiction"", ""Fiction - Romance"", ""Literature & Fiction""]","[{""decision"": ""MAINTAIN"", ""evidence_tags"": [""Fiction, suspense""], ""justification"": ""The tag 'Fiction, suspense' directly supports the Fiction / Suspense path."", ""model"": ""gpt_oss_20b""}]","[{""decision"": ""ACCEPT"", ""evidence_tags"": [""Fiction, suspense""], ""justification"": ""The filtered tag 'Fiction, suspense' directly supports the disputed genre path."", ""model"": ""qwen_groq""}, {""decision"": ""ACCEPT"", ""evidence_tags"": [""Fiction, suspense""], ""justification"": ""The tag 'Fiction, suspense' directly matches the disputed path."", ""model"": ""gpt_oss_groq""}]",ACCEPT,ACCEPT,MAINTAIN,1of3_both_opponents_accept,ACCEPT
9780373224951__genre__Fiction / Romance / General Romance,9780373224951,All I Want for Christmas,Genre,Fiction / Romance / General Romance,1,"[""gpt_oss_groq""]","[""qwen_groq"", ""gpt_oss_20b""]","[""Fiction, general"", ""Romance"", ""Fiction"", ""Fiction - Romance"", ""Romance: Modern"", ""Romance - General"", ""Romance - Contemporary"", ""Christmas"", ""Literature & Fiction"", ""Genre Fiction"", ""Holidays""]","[{""decision"": ""MAINTAIN"", ""evidence_tags"": [""Fiction"", ""Romance"", ""Romance - General""], ""justification"": ""The tags include Fiction, Romance, and Romance - General, directly matching the disputed path."", ""model"": ""gpt_oss_groq""}]","[{""decision"": ""ACCEPT"", ""evidence_tags"": [""Romance - General"", ""Fiction""], ""justification"": ""The tag 'Romance - General' directly corresponds to the disputed path 'General Romance' within the 'Fiction' category."", ""model"": ""qwen_groq""}, {""decision"": ""ACCEPT"", ""evidence_tags"": [""Fiction - Romance"", ""Romance - General""], ""justification"": ""The tags include both Fiction - Romance and Romance - General, matching the disputed path."", ""model"": ""gpt_oss_20b""}]",ACCEPT,MAINTAIN,ACCEPT,1of3_both_opponents_accept,ACCEPT
9780373224951__genre__Fiction / Romance / General Romance / Romance,9780373224951,All I Want for Christmas,Genre,Fiction / Romance / General Romance / Romance,2,"[""qwen_groq"", ""gpt_oss_20b""]","[""gpt_oss_groq""]","[""Fiction, general"", ""Romance"", ""Fiction"", ""Fiction - Romance"", ""Romance: Modern"", ""Romance - General"", ""Romance - Contemporary"", ""Christmas"", ""Literature & Fiction"", ""Genre Fiction"", ""Holidays""]","[{""decision"": ""MAINTAIN"", ""evidence_tags"": [""Romance - General"", ""Fiction - Romance""], ""justification"": ""The filtered tags 'Romance - General' and 'Fiction - Romance' directly support the disputed genre path of Fiction / Romance / General Romance / Romance."", ""model"": ""qwen_groq""}, {""decision"": ""MAINTAIN"", ""evidence_tags"": [""Fiction - Romance"", ""Romance - General""], ""justification"": ""The tags directly support Fiction, Romance, and General Romance."", ""model"": ""gpt_oss_20b""}]","[{""decision"": ""ACCEPT"", ""evidence_tags"": [""Romance - General"", ""Fiction - Romance""], ""justification"": ""The tags directly match the Fiction, Romance, and General Romance components of the disputed path."", ""model"": ""gpt_oss_groq""}]",MAINTAIN,ACCEPT,MAINTAIN,2of3_opponent_accepts,ACCEPT
9780373224951__metadata__Temporal_Context / Historical_Period / Contemporary,9780373224951,All I Want for Christmas,Metadata,Temporal_Context / Historical_Period / Contemporary,2,"[""qwen_groq"", ""gpt_oss_groq""]","[""gpt_oss_20b""]","[""Fiction, general"", ""Romance"", ""Fiction"", ""Fiction - Romance"", ""Romance: Modern"", ""Romance - General"", ""Romance - Contemporary"", ""Christmas"", ""Literature & Fiction"", ""Genre Fiction"", ""Holidays""]","[{""decision"": ""MAINTAIN"", ""evidence_tags"": [""Romance: Modern"", ""Romance - Contemporary""], ""justification"": ""The filtered tags explicitly include 'Romance: Modern' and 'Romance - Contemporary', which directly support the Temporal_Context / Historical_Period / Contemporary path."", ""model"": ""qwen_groq""}, {""decision"": ""MAINTAIN"", ""evidence_tags"": [""Romance - Contemporary""], ""justification"": ""The tag explicitly includes 'Contemporary', supporting the contemporary historical period."", ""model"": ""gpt_oss_groq""}]","[{""decision"": ""ACCEPT"", ""evidence_tags"": [""Romance - Contemporary""], ""justification"": ""The tag 'Romance - Contemporary' explicitly indicates a contemporary historical period."", ""model"": ""gpt_oss_20b""}]",MAINTAIN,MAINTAIN,ACCEPT,2of3_opponent_accepts,ACCEPT
9780373224951__metadata__Temporal_Context / Historical_Period / Modern,9780373224951,All I Want for Christmas,Metadata,Temporal_Context / Historical_Period / Modern,1,"[""gpt_oss_20b""]","[""qwen_groq"", ""gpt_oss_groq""]","[""Fiction, general"", ""Romance"", ""Fiction"", ""Fiction - Romance"", ""Romance: Modern"", ""Romance - General"", ""Romance - Contemporary"", ""Christmas"", ""Literature & Fiction"", ""Genre Fiction"", ""Holidays""]","[{""decision"": ""MAINTAIN"", ""evidence_tags"": [""Romance: Modern""], ""justification"": ""The tag 'Romance: Modern' explicitly indicates a modern historical period."", ""model"": ""gpt_oss_20b""}]","[{""decision"": ""ACCEPT"", ""evidence_tags"": [""Romance: Modern""], ""justification"": ""The tag 'Romance: Modern' explicitly contains the term 'Modern', directly supporting the Temporal_Context / Historical_Period / Modern path."", ""model"": ""qwen_groq""}, {""decision"": ""ACCEPT"", ""evidence_tags"": [""Romance: Modern""], ""justification"": ""The tag 'Romance: Modern' explicitly denotes a modern historical period."", ""model"": ""gpt_oss_groq""}]",ACCEPT,ACCEPT,MAINTAIN,1of3_both_opponents_accept,ACCEPT
9780373225231__genre__Fiction / Mystery,9780373225231,Her Eyewitness,Genre,Fiction / Mystery,1,"[""gpt_oss_20b""]","[""qwen_groq"", ""gpt_oss_groq""]","[""Romance"", ""Fiction - Romance"", ""Romance - Contemporary"", ""Mystery, Thriller & Suspense"", ""Thrillers & Suspense"", ""Crime"", ""Murder""]","[{""decision"": ""MAINTAIN"", ""evidence_tags"": [""Mystery, Thriller & Suspense""], ""justification"": ""The tag includes Mystery, directly supporting the Fiction / Mystery path."", ""model"": ""gpt_oss_20b""}]","[{""decision"": ""ACCEPT"", ""evidence_tags"": [""Mystery, Thriller & Suspense""], ""justification"": ""The filtered tag 'Mystery, Thriller & Suspense' explicitly contains the term 'Mystery', directly supporting the disputed genre path."", ""model"": ""qwen_groq""}, {""decision"": ""ACCEPT"", ""evidence_tags"": [""Mystery, Thriller & Suspense""], ""justification"": ""The tag 'Mystery, Thriller & Suspense' directly supports the Mystery genre."", ""model"": ""gpt_oss_groq""}]",ACCEPT,ACCEPT,MAINTAIN,1of3_both_opponents_accept,ACCEPT
9780373225231__genre__Fiction / Romance,9780373225231,Her Eyewitness,Genre,Fiction / Romance,1,"[""gpt_oss_groq""]","[""qwen_groq"", ""gpt_oss_20b""]","[""Romance"", ""Fiction - Romance"", ""Romance - Contemporary"", ""Mystery, Thriller & Suspense"", ""Thrillers & Suspense"", ""Crime"", ""Murder""]","[{""decision"": ""MAINTAIN"", ""evidence_tags"": [""Fiction - Romance""], ""justification"": ""The tag \""Fiction - Romance\"" directly matches the disputed genre path."", ""model"": ""gpt_oss_groq""}]","[{""decision"": ""ACCEPT"", ""evidence_tags"": [""Fiction - Romance""], ""justification"": ""The filtered tag \""Fiction - Romance\"" directly supports the disputed genre path."", ""model"": ""qwen_groq""}, {""decision"": ""ACCEPT"", ""evidence_tags"": [""Fiction - Romance""], ""justification"": ""The tag \""Fiction - Romance\"" directly matches the disputed genre path."", ""model"": ""gpt_oss_20b""}]",ACCEPT,MAINTAIN,ACCEPT,1of3_both_opponents_accept,ACCEPT
9780373225231__genre__Fiction / Thriller,9780373225231,Her Eyewitness,Genre,Fiction / Thriller,1,"[""gpt_oss_groq""]","[""qwen_groq"", ""gpt_oss_20b""]","[""Romance"", ""Fiction - Romance"", ""Romance - Contemporary"", ""Mystery, Thriller & Suspense"", ""Thrillers & Suspense"", ""Crime"", ""Murder""]","[{""decision"": ""MAINTAIN"", ""evidence_tags"": [""Mystery, Thriller & Suspense"", ""Thrillers & Suspense""], ""justification"": ""Filtered tags explicitly include Thriller categories."", ""model"": ""gpt_oss_groq""}]","[{""decision"": ""ACCEPT"", ""evidence_tags"": [""Mystery, Thriller & Suspense"", ""Thrillers & Suspense""], ""justification"": ""The filtered tags explicitly include 'Thrillers & Suspense' and 'Mystery, Thriller & Suspense', directly supporting the Fiction / Thriller path."", ""model"": ""qwen_groq""}, {""decision"": ""ACCEPT"", ""evidence_tags"": [""Mystery, Thriller & Suspense"", ""Thrillers & Suspense""], ""justification"": ""Both filtered tags explicitly include Thriller categories."", ""model"": ""gpt_oss_20b""}]",ACCEPT,MAINTAIN,ACCEPT,1of3_both_opponents_accept,ACCEPT
9780373225231__metadata__Thematic_Metadata / Conflict_and_Event_Themes / Crime_and_Justice / Crime,9780373225231,Her Eyewitness,Metadata,Thematic_Metadata / Conflict_and_Event_Themes / Crime_and_Justice / Crime,1,"[""qwen_groq""]","[""gpt_oss_groq"", ""gpt_oss_20b""]","[""Romance"", ""Fiction - Romance"", ""Romance - Contemporary"", ""Mystery, Thriller & Suspense"", ""Thrillers & Suspense"", ""Crime"", ""Murder""]","[{""decision"": ""MAINTAIN"", ""evidence_tags"": [""Crime""], ""justification"": ""The filtered tag 'Crime' explicitly supports the metadata path Crime_and_Justice / Crime."", ""model"": ""qwen_groq""}]","[{""decision"": ""ACCEPT"", ""evidence_tags"": [""Crime""], ""justification"": ""The filtered tag \""Crime\"" directly matches the disputed metadata path."", ""model"": ""gpt_oss_groq""}, {""decision"": ""ACCEPT"", ""evidence_tags"": [""Crime""], ""justification"": ""The tag 'Crime' directly supports the path Crime_and_Justice / Crime."", ""model"": ""gpt_oss_20b""}]",MAINTAIN,ACCEPT,ACCEPT,1of3_both_opponents_accept,ACCEPT
9780373225590__genre__Fiction / Romance / General Romance / Romance,9780373225590,"Heart Of A Lawman (Sons Of Silver Springs) (Intrigue, 559)",Genre,Fiction / Romance / General Romance / Romance,2,"[""qwen_groq"", ""gpt_oss_20b""]","[""gpt_oss_groq""]","[""Romance"", ""Romantic Suspense"", ""Suspense"", ""Fiction - Romance""]","[{""decision"": ""MAINTAIN"", ""evidence_tags"": [""Romance"", ""Fiction - Romance""], ""justification"": ""The filtered tags 'Romance' and 'Fiction - Romance' directly support the disputed genre path."", ""model"": ""qwen_groq""}, {""decision"": ""MAINTAIN"", ""evidence_tags"": [""Romance""], ""justification"": ""The tag \""Romance\"" directly supports the disputed genre path."", ""model"": ""gpt_oss_20b""}]","[{""decision"": ""ACCEPT"", ""evidence_tags"": [""Romance"", ""Fiction - Romance""], ""justification"": ""The tags 'Romance' and 'Fiction - Romance' directly support the disputed Romance genre path."", ""model"": ""gpt_oss_groq""}]",MAINTAIN,ACCEPT,MAINTAIN,2of3_opponent_accepts,ACCEPT
9780373241347__genre__Fiction / Romance / General Romance,9780373241347,Just Jessie (Women To Watch),Genre,Fiction / Romance / General Romance,1,"[""gpt_oss_groq""]","[""qwen_groq"", ""gpt_oss_20b""]","[""Fiction"", ""Romance"", ""Fiction - Romance"", ""Romance - General"", ""Contemporary Fiction""]","[{""decision"": ""MAINTAIN"", ""evidence_tags"": [""Fiction - Romance"", ""Romance - General""], ""justification"": ""Filtered tags include both Fiction‑Romance and Romance‑General, directly matching the disputed path."", ""model"": ""gpt_oss_groq""}]","[{""decision"": ""ACCEPT"", ""evidence_tags"": [""Fiction - Romance"", ""Romance - General""], ""justification"": ""The filtered tags 'Fiction - Romance' and 'Romance - General' directly correspond to the components of the disputed path 'Fiction / Romance / General Romance'."", ""model"": ""qwen_groq""}, {""decision"": ""ACCEPT"", ""evidence_tags"": [""Fiction - Romance"", ""Romance - General""], ""justification"": ""Both tags directly match the levels of the disputed path."", ""model"": ""gpt_oss_20b""}]",ACCEPT,MAINTAIN,ACCEPT,1of3_both_opponents_accept,ACCEPT
9780373241347__genre__Fiction / Romance / General Romance / Romance,9780373241347,Just Jessie (Women To Watch),Genre,Fiction / Romance / General Romance / Romance,2,"[""qwen_groq"", ""gpt_oss_20b""]","[""gpt_oss_groq""]","[""Fiction"", ""Romance"", ""Fiction - Romance"", ""Romance - General"", ""Contemporary Fiction""]","[{""decision"": ""MAINTAIN"", ""evidence_tags"": [""Fiction - Romance"", ""Romance - General""], ""justification"": ""The filtered tags 'Fiction - Romance' and 'Romance - General' directly support the disputed genre path."", ""model"": ""qwen_groq""}, {""decision"": ""MAINTAIN"", ""evidence_tags"": [""Fiction - Romance"", ""Romance - General""], ""justification"": ""The tags directly match the components of the disputed genre path."", ""model"": ""gpt_oss_20b""}]","[{""decision"": ""ACCEPT"", ""evidence_tags"": [""Fiction - Romance"", ""Romance - General""], ""justification"": ""The filtered tags directly correspond to the disputed genre hierarchy."", ""model"": ""gpt_oss_groq""}]",MAINTAIN,ACCEPT,MAINTAIN,2of3_opponent_accepts,ACCEPT
9780373242726__genre__Fiction / Romance,9780373242726,Cowboy'S Code,Genre,Fiction / Romance,1,"[""gpt_oss_groq""]","[""qwen_groq"", ""gpt_oss_20b""]","[""Romance"", ""Fiction - Romance"", ""Romance - Contemporary"", ""Literature & Fiction""]","[{""decision"": ""MAINTAIN"", ""evidence_tags"": [""Fiction - Romance""], ""justification"": ""The tag \""Fiction - Romance\"" directly matches the disputed genre path."", ""model"": ""gpt_oss_groq""}]","[{""decision"": ""ACCEPT"", ""evidence_tags"": [""Fiction - Romance""], ""justification"": ""The filtered tag \""Fiction - Romance\"" directly matches the disputed genre path."", ""model"": ""qwen_groq""}, {""decision"": ""ACCEPT"", ""evidence_tags"": [""Fiction - Romance""], ""justification"": ""The tag \""Fiction - Romance\"" directly matches the disputed genre path."", ""model"": ""gpt_oss_20b""}]",ACCEPT,MAINTAIN,ACCEPT,1of3_both_opponents_accept,ACCEPT
9780373243112__genre__Fiction / Romance / General Romance,9780373243112,Cowboy's Caress (A Ranching Family),Genre,Fiction / Romance / General Romance,1,"[""gpt_oss_groq""]","[""qwen_groq"", ""gpt_oss_20b""]","[""Fiction, romance, general"", ""Single fathers"", ""Fiction"", ""Romance"", ""Romance - Contemporary"", ""Fiction - Romance"", ""Family Life""]","[{""decision"": ""MAINTAIN"", ""evidence_tags"": [""Fiction, romance, general""], ""justification"": ""The tag directly matches the disputed genre path."", ""model"": ""gpt_oss_groq""}]","[{""decision"": ""ACCEPT"", ""evidence_tags"": [""Fiction, romance, general""], ""justification"": ""The filtered tag 'Fiction, romance, general' directly matches the disputed genre path."", ""model"": ""qwen_groq""}, {""decision"": ""ACCEPT"", ""evidence_tags"": [""Fiction, romance, general""], ""justification"": ""The tag \""Fiction, romance, general\"" directly matches the disputed genre path."", ""model"": ""gpt_oss_20b""}]",ACCEPT,MAINTAIN,ACCEPT,1of3_both_opponents_accept,ACCEPT
9780373243112__genre__Fiction / Romance / General Romance / Romance,9780373243112,Cowboy's Caress (A Ranching Family),Genre,Fiction / Romance / General Romance / Romance,2,"[""qwen_groq"", ""gpt_oss_20b""]","[""gpt_oss_groq""]","[""Fiction, romance, general"", ""Single fathers"", ""Fiction"", ""Romance"", ""Romance - Contemporary"", ""Fiction - Romance"", ""Family Life""]","[{""decision"": ""MAINTAIN"", ""evidence_tags"": [""Fiction, romance, general"", ""Fiction - Romance"", ""Romance""], ""justification"": ""The filtered tags explicitly include 'Fiction, romance, general' and 'Fiction - Romance', which directly support the disputed genre path."", ""model"": ""qwen_groq""}, {""decision"": ""MAINTAIN"", ""evidence_tags"": [""Fiction, romance, general""], ""justification"": ""The tag 'Fiction, romance, general' directly supports the disputed genre path."", ""model"": ""gpt_oss_20b""}]","[{""decision"": ""ACCEPT"", ""evidence_tags"": [""Fiction, romance, general"", ""Fiction - Romance"", ""Romance""], ""justification"": ""The filtered tags explicitly contain Fiction and Romance categories, matching the disputed path."", ""model"": ""gpt_oss_groq""}]",MAINTAIN,ACCEPT,MAINTAIN,2of3_opponent_accepts,ACCEPT
9780373243112__metadata__Temporal_Context / Historical_Period / Contemporary,9780373243112,Cowboy's Caress (A Ranching Family),Metadata,Temporal_Context / Historical_Period / Contemporary,2,"[""qwen_groq"", ""gpt_oss_groq""]","[""gpt_oss_20b""]","[""Fiction, romance, general"", ""Single fathers"", ""Fiction"", ""Romance"", ""Romance - Contemporary"", ""Fiction - Romance"", ""Family Life""]","[{""decision"": ""MAINTAIN"", ""evidence_tags"": [""Romance - Contemporary""], ""justification"": ""The tag 'Romance - Contemporary' explicitly supports the classification of the book as Contemporary."", ""model"": ""qwen_groq""}, {""decision"": ""MAINTAIN"", ""evidence_tags"": [""Romance - Contemporary""], ""justification"": ""The tag 'Romance - Contemporary' explicitly indicates a contemporary historical period."", ""model"": ""gpt_oss_groq""}]","[{""decision"": ""ACCEPT"", ""evidence_tags"": [""Romance - Contemporary""], ""justification"": ""The tag 'Romance - Contemporary' explicitly indicates a contemporary historical period."", ""model"": ""gpt_oss_20b""}]",MAINTAIN,MAINTAIN,ACCEPT,2of3_opponent_accepts,ACCEPT
9780373243266__genre__Fiction / Romance,9780373243266,Wild Mustang,Genre,Fiction / Romance,1,"[""gpt_oss_groq""]","[""qwen_groq"", ""gpt_oss_20b""]","[""Romance"", ""Fiction - Romance"", ""Romance - Contemporary"", ""Contemporary Fiction""]","[{""decision"": ""MAINTAIN"", ""evidence_tags"": [""Fiction - Romance""], ""justification"": ""The tag \""Fiction - Romance\"" directly supports the disputed genre path."", ""model"": ""gpt_oss_groq""}]","[{""decision"": ""ACCEPT"", ""evidence_tags"": [""Fiction - Romance""], ""justification"": ""The filtered tag \""Fiction - Romance\"" directly corresponds to the disputed genre path."", ""model"": ""qwen_groq""}, {""decision"": ""ACCEPT"", ""evidence_tags"": [""Fiction - Romance""], ""justification"": ""The tag \""Fiction - Romance\"" directly matches the disputed genre path."", ""model"": ""gpt_oss_20b""}]",ACCEPT,MAINTAIN,ACCEPT,1of3_both_opponents_accept,ACCEPT
9780373251988__genre__Fiction / Romance,9780373251988,Straight from the Heart,Genre,Fiction / Romance,1,"[""gpt_oss_20b""]","[""qwen_groq"", ""gpt_oss_groq""]","[""Fiction"", ""Romance"", ""Contemporary Romance"", ""Contemporary"", ""Large type books""]","[{""decision"": ""MAINTAIN"", ""evidence_tags"": [""Fiction"", ""Romance""], ""justification"": ""Both 'Fiction' and 'Romance' tags directly support the Fiction/Romance path."", ""model"": ""gpt_oss_20b""}]","[{""decision"": ""ACCEPT"", ""evidence_tags"": [""Fiction"", ""Romance""], ""justification"": ""The filtered tags explicitly include both 'Fiction' and 'Romance', directly supporting the disputed genre path."", ""model"": ""qwen_groq""}, {""decision"": ""ACCEPT"", ""evidence_tags"": [""Fiction"", ""Romance""], ""justification"": ""The filtered tags include both 'Fiction' and 'Romance', directly supporting the disputed path."", ""model"": ""gpt_oss_groq""}]",ACCEPT,ACCEPT,MAINTAIN,1of3_both_opponents_accept,ACCEPT
9780373255252__genre__Fiction / Romance / General Romance,9780373255252,Perfect Husband,Genre,Fiction / Romance / General Romance,1,"[""gpt_oss_groq""]","[""qwen_groq"", ""gpt_oss_20b""]","[""Fiction, general"", ""Romance - General"", ""Fiction"", ""Romance""]","[{""decision"": ""MAINTAIN"", ""evidence_tags"": [""Fiction"", ""Romance - General""], ""justification"": ""The tags include both Fiction and Romance - General, directly matching the disputed path."", ""model"": ""gpt_oss_groq""}]","[{""decision"": ""ACCEPT"", ""evidence_tags"": [""Fiction"", ""Romance - General""], ""justification"": ""The filtered tags 'Fiction' and 'Romance - General' directly correspond to the components of the disputed path 'Fiction / Romance / General Romance'."", ""model"": ""qwen_groq""}, {""decision"": ""ACCEPT"", ""evidence_tags"": [""Fiction"", ""Romance - General""], ""justification"": ""The tags include Fiction and Romance - General, matching the disputed path."", ""model"": ""gpt_oss_20b""}]",ACCEPT,MAINTAIN,ACCEPT,1of3_both_opponents_accept,ACCEPT
9780373255252__genre__Fiction / Romance / General Romance / Romance,9780373255252,Perfect Husband,Genre,Fiction / Romance / General Romance / Romance,2,"[""qwen_groq"", ""gpt_oss_20b""]","[""gpt_oss_groq""]","[""Fiction, general"", ""Romance - General"", ""Fiction"", ""Romance""]","[{""decision"": ""MAINTAIN"", ""evidence_tags"": [""Romance - General"", ""Fiction""], ""justification"": ""The filtered tags 'Fiction' and 'Romance - General' directly support the disputed genre path 'Fiction / Romance / General Romance / Romance'."", ""model"": ""qwen_groq""}, {""decision"": ""MAINTAIN"", ""evidence_tags"": [""Fiction, general"", ""Romance - General""], ""justification"": ""The tags directly indicate Fiction and Romance, supporting the path."", ""model"": ""gpt_oss_20b""}]","[{""decision"": ""ACCEPT"", ""evidence_tags"": [""Fiction"", ""Romance - General""], ""justification"": ""The tags provide direct evidence for both Fiction and General Romance."", ""model"": ""gpt_oss_groq""}]",MAINTAIN,ACCEPT,MAINTAIN,2of3_opponent_accepts,ACCEPT
9780373258352__genre__Fiction / Romance / General Romance,9780373258352,While He Was Sleeping,Genre,Fiction / Romance / General Romance,1,"[""gpt_oss_groq""]","[""qwen_groq"", ""gpt_oss_20b""]","[""Fiction"", ""Contemporary romance"", ""Private investigators"", ""Harlequin Temptation"", ""The Wrong Bed series"", ""Fiction, romance, general"", ""Romance - General"", ""Romance - Contemporary"", ""Fiction - Romance"", ""Romance"", ""Romantic""]","[{""decision"": ""MAINTAIN"", ""evidence_tags"": [""Fiction, romance, general"", ""Romance - General""], ""justification"": ""Filtered tags explicitly include general romance classifications."", ""model"": ""gpt_oss_groq""}]","[{""decision"": ""ACCEPT"", ""evidence_tags"": [""Fiction, romance, general"", ""Romance - General""], ""justification"": ""The filtered tags explicitly contain 'Fiction, romance, general' and 'Romance - General', which directly support the disputed path."", ""model"": ""qwen_groq""}, {""decision"": ""ACCEPT"", ""evidence_tags"": [""Fiction, romance, general"", ""Romance - General""], ""justification"": ""The filtered tags explicitly include general romance classifications that match the disputed path."", ""model"": ""gpt_oss_20b""}]",ACCEPT,MAINTAIN,ACCEPT,1of3_both_opponents_accept,ACCEPT
9780373258352__genre__Fiction / Romance / General Romance / Romance,9780373258352,While He Was Sleeping,Genre,Fiction / Romance / General Romance / Romance,2,"[""qwen_groq"", ""gpt_oss_20b""]","[""gpt_oss_groq""]","[""Fiction"", ""Contemporary romance"", ""Private investigators"", ""Harlequin Temptation"", ""The Wrong Bed series"", ""Fiction, romance, general"", ""Romance - General"", ""Romance - Contemporary"", ""Fiction - Romance"", ""Romance"", ""Romantic""]","[{""decision"": ""MAINTAIN"", ""evidence_tags"": [""Fiction, romance, general"", ""Romance - General""], ""justification"": ""The filtered tags explicitly include 'Fiction, romance, general' and 'Romance - General', which directly support the disputed genre path."", ""model"": ""qwen_groq""}, {""decision"": ""MAINTAIN"", ""evidence_tags"": [""Fiction, romance, general"", ""Romance - General""], ""justification"": ""The tags explicitly list Fiction and Romance with a general subcategory, matching the disputed path."", ""model"": ""gpt_oss_20b""}]","[{""decision"": ""ACCEPT"", ""evidence_tags"": [""Fiction, romance, general"", ""Romance - General""], ""justification"": ""The filtered tags explicitly include general romance categories matching the disputed path."", ""model"": ""gpt_oss_groq""}]",MAINTAIN,ACCEPT,MAINTAIN,2of3_opponent_accepts,ACCEPT
9780373258499__genre__Fiction / Romance,9780373258499,"The Littlest Stowaway (Bachelors & Babies, Book 2)",Genre,Fiction / Romance,1,"[""gpt_oss_20b""]","[""qwen_groq"", ""gpt_oss_groq""]","[""Fiction"", ""Romance"", ""Contemporary"", ""Abandoned children"", ""Air pilots""]","[{""decision"": ""MAINTAIN"", ""evidence_tags"": [""Fiction"", ""Romance""], ""justification"": ""Both 'Fiction' and 'Romance' tags directly support the path."", ""model"": ""gpt_oss_20b""}]","[{""decision"": ""ACCEPT"", ""evidence_tags"": [""Fiction"", ""Romance""], ""justification"": ""The filtered tags explicitly include both 'Fiction' and 'Romance', directly supporting the disputed genre path."", ""model"": ""qwen_groq""}, {""decision"": ""ACCEPT"", ""evidence_tags"": [""Fiction"", ""Romance""], ""justification"": ""The filtered tags include both 'Fiction' and 'Romance', directly supporting the path."", ""model"": ""gpt_oss_groq""}]",ACCEPT,ACCEPT,MAINTAIN,1of3_both_opponents_accept,ACCEPT
9780373270347__genre__Fiction,9780373270347,Sharing the Darkness,Genre,Fiction,1,"[""qwen_groq""]","[""gpt_oss_groq"", ""gpt_oss_20b""]","[""Fiction"", ""Paranormal romance"", ""Gothic"", ""telekinesis"", ""clairvoyance"", ""telepathy"", ""single mother"", ""Parapsychology"", ""Romance"", ""Paranormal"", ""Horror"", ""Ghosts""]","[{""decision"": ""MAINTAIN"", ""evidence_tags"": [""Fiction""], ""justification"": ""The filtered tag 'Fiction' directly supports the disputed genre path."", ""model"": ""qwen_groq""}]","[{""decision"": ""ACCEPT"", ""evidence_tags"": [""Fiction""], ""justification"": ""The filtered tag 'Fiction' directly supports the disputed genre path."", ""model"": ""gpt_oss_groq""}, {""decision"": ""ACCEPT"", ""evidence_tags"": [""Fiction""], ""justification"": ""The tag 'Fiction' directly supports the disputed genre path."", ""model"": ""gpt_oss_20b""}]",MAINTAIN,ACCEPT,ACCEPT,1of3_both_opponents_accept,ACCEPT
9780373270347__genre__Fiction / Romance,9780373270347,Sharing the Darkness,Genre,Fiction / Romance,1,"[""qwen_groq""]","[""gpt_oss_groq"", ""gpt_oss_20b""]","[""Fiction"", ""Paranormal romance"", ""Gothic"", ""telekinesis"", ""clairvoyance"", ""telepathy"", ""single mother"", ""Parapsychology"", ""Romance"", ""Paranormal"", ""Horror"", ""Ghosts""]","[{""decision"": ""MAINTAIN"", ""evidence_tags"": [""Fiction"", ""Romance""], ""justification"": ""The filtered tags explicitly include both 'Fiction' and 'Romance', directly supporting the disputed genre path."", ""model"": ""qwen_groq""}]","[{""decision"": ""ACCEPT"", ""evidence_tags"": [""Fiction"", ""Romance""], ""justification"": ""Both 'Fiction' and 'Romance' tags are present, directly supporting the disputed path."", ""model"": ""gpt_oss_groq""}, {""decision"": ""ACCEPT"", ""evidence_tags"": [""Fiction"", ""Romance""], ""justification"": ""Both 'Fiction' and 'Romance' tags directly support the disputed genre path."", ""model"": ""gpt_oss_20b""}]",MAINTAIN,ACCEPT,ACCEPT,1of3_both_opponents_accept,ACCEPT
9780373270958__genre__Fiction / Romance / General Romance,9780373270958,The Lawman and the Lady,Genre,Fiction / Romance / General Romance,1,"[""gpt_oss_groq""]","[""qwen_groq"", ""gpt_oss_20b""]","[""Romance"", ""Fiction - Romance"", ""Romance - General"", ""Romance - Contemporary"", ""Literature & Fiction""]","[{""decision"": ""MAINTAIN"", ""evidence_tags"": [""Fiction - Romance"", ""Romance - General""], ""justification"": ""The tags directly match the Fiction > Romance > General Romance hierarchy."", ""model"": ""gpt_oss_groq""}]","[{""decision"": ""ACCEPT"", ""evidence_tags"": [""Fiction - Romance"", ""Romance - General""], ""justification"": ""The filtered tags 'Fiction - Romance' and 'Romance - General' directly correspond to the components of the disputed path 'Fiction / Romance / General Romance'."", ""model"": ""qwen_groq""}, {""decision"": ""ACCEPT"", ""evidence_tags"": [""Fiction - Romance"", ""Romance - General""], ""justification"": ""Both tags directly match the Fiction > Romance > General Romance hierarchy."", ""model"": ""gpt_oss_20b""}]",ACCEPT,MAINTAIN,ACCEPT,1of3_both_opponents_accept,ACCEPT
9780373270958__genre__Fiction / Romance / General Romance / Romance,9780373270958,The Lawman and the Lady,Genre,Fiction / Romance / General Romance / Romance,2,"[""qwen_groq"", ""gpt_oss_20b""]","[""gpt_oss_groq""]","[""Romance"", ""Fiction - Romance"", ""Romance - General"", ""Romance - Contemporary"", ""Literature & Fiction""]","[{""decision"": ""MAINTAIN"", ""evidence_tags"": [""Romance - General"", ""Fiction - Romance""], ""justification"": ""The filtered tags 'Romance - General' and 'Fiction - Romance' directly support the disputed genre path of Fiction / Romance / General Romance / Romance."", ""model"": ""qwen_groq""}, {""decision"": ""MAINTAIN"", ""evidence_tags"": [""Fiction - Romance"", ""Romance - General""], ""justification"": ""The tags directly support the Fiction / Romance / General Romance / Romance path."", ""model"": ""gpt_oss_20b""}]","[{""decision"": ""ACCEPT"", ""evidence_tags"": [""Romance - General"", ""Fiction - Romance""], ""justification"": ""The filtered tags match the Romance and Fiction hierarchy of the disputed path."", ""model"": ""gpt_oss_groq""}]",MAINTAIN,ACCEPT,MAINTAIN,2of3_opponent_accepts,ACCEPT
9780373286232__genre__Fiction / Romance,9780373286232,Dandelion,Genre,Fiction / Romance,2,"[""qwen_groq"", ""gpt_oss_groq""]","[""gpt_oss_20b""]","[""Fiction"", ""Romance"", ""Historical""]","[{""decision"": ""MAINTAIN"", ""evidence_tags"": [""Fiction"", ""Romance""], ""justification"": ""The filtered tags explicitly include both 'Fiction' and 'Romance', directly supporting the disputed genre path."", ""model"": ""qwen_groq""}, {""decision"": ""MAINTAIN"", ""evidence_tags"": [""Fiction"", ""Romance""], ""justification"": ""Both 'Fiction' and 'Romance' tags directly match the disputed path."", ""model"": ""gpt_oss_groq""}]","[{""decision"": ""ACCEPT"", ""evidence_tags"": [""Fiction"", ""Romance""], ""justification"": ""Both 'Fiction' and 'Romance' tags directly support the disputed genre path."", ""model"": ""gpt_oss_20b""}]",MAINTAIN,MAINTAIN,ACCEPT,2of3_opponent_accepts,ACCEPT
9780373286232__genre__Fiction / Romance / General Romance / Romance,9780373286232,Dandelion,Genre,Fiction / Romance / General Romance / Romance,1,"[""gpt_oss_20b""]","[""qwen_groq"", ""gpt_oss_groq""]","[""Fiction"", ""Romance"", ""Historical""]","[{""decision"": ""MAINTAIN"", ""evidence_tags"": [""Fiction"", ""Romance""], ""justification"": ""The path includes Fiction and Romance, both present in the filtered tags."", ""model"": ""gpt_oss_20b""}]","[{""decision"": ""ACCEPT"", ""evidence_tags"": [""Fiction"", ""Romance""], ""justification"": ""The disputed path is fully supported by the presence of 'Fiction' and 'Romance' in the filtered tags, with 'General Romance' serving as a valid intermediate category for the broad 'Romance' tag."", ""model"": ""qwen_groq""}, {""decision"": ""ACCEPT"", ""evidence_tags"": [""Fiction"", ""Romance""], ""justification"": ""The filtered tags include both Fiction and Romance, matching the disputed path."", ""model"": ""gpt_oss_groq""}]",ACCEPT,ACCEPT,MAINTAIN,1of3_both_opponents_accept,ACCEPT
9780373286874__genre__Fiction / Romance / General Romance,9780373286874,Improbable Eden,Genre,Fiction / Romance / General Romance,2,"[""gpt_oss_groq"", ""gpt_oss_20b""]","[""qwen_groq""]","[""Fiction, general"", ""Romance - General"", ""Fiction"", ""Romance"", ""Literature & Fiction""]","[{""decision"": ""MAINTAIN"", ""evidence_tags"": [""Fiction"", ""Romance - General""], ""justification"": ""The tags include both Fiction and Romance - General, directly matching the disputed path."", ""model"": ""gpt_oss_groq""}, {""decision"": ""MAINTAIN"", ""evidence_tags"": [""Fiction, general"", ""Romance - General""], ""justification"": ""Both tags directly support Fiction and General Romance."", ""model"": ""gpt_oss_20b""}]","[{""decision"": ""ACCEPT"", ""evidence_tags"": [""Fiction"", ""Romance - General""], ""justification"": ""The filtered tags 'Fiction' and 'Romance - General' directly correspond to the components of the disputed path 'Fiction / Romance / General Romance'."", ""model"": ""qwen_groq""}]",ACCEPT,MAINTAIN,MAINTAIN,2of3_opponent_accepts,ACCEPT
9780373286874__genre__Fiction / Romance / General Romance / Romance,9780373286874,Improbable Eden,Genre,Fiction / Romance / General Romance / Romance,1,"[""qwen_groq""]","[""gpt_oss_groq"", ""gpt_oss_20b""]","[""Fiction, general"", ""Romance - General"", ""Fiction"", ""Romance"", ""Literature & Fiction""]","[{""decision"": ""MAINTAIN"", ""evidence_tags"": [""Romance - General"", ""Romance""], ""justification"": ""The filtered tag 'Romance - General' directly supports the disputed genre path 'Fiction / Romance / General Romance / Romance'."", ""model"": ""qwen_groq""}]","[{""decision"": ""ACCEPT"", ""evidence_tags"": [""Romance - General"", ""Romance""], ""justification"": ""The filtered tags include both Romance and its general subcategory, directly supporting the disputed path."", ""model"": ""gpt_oss_groq""}, {""decision"": ""ACCEPT"", ""evidence_tags"": [""Romance - General"", ""Romance""], ""justification"": ""The tags 'Romance - General' and 'Romance' directly support the Romance genre in the path."", ""model"": ""gpt_oss_20b""}]",MAINTAIN,ACCEPT,ACCEPT,1of3_both_opponents_accept,ACCEPT
9780373287147__genre__Fiction / Romance / General Romance / Romance,9780373287147,Wyoming Territory,Genre,Fiction / Romance / General Romance / Romance,2,"[""qwen_groq"", ""gpt_oss_20b""]","[""gpt_oss_groq""]","[""Fiction, general"", ""Romance - General"", ""Fiction"", ""Fiction - Romance"", ""Romance""]","[{""decision"": ""MAINTAIN"", ""evidence_tags"": [""Romance - General"", ""Fiction - Romance""], ""justification"": ""The filtered tags 'Romance - General' and 'Fiction - Romance' directly support the disputed genre path of Fiction / Romance / General Romance."", ""model"": ""qwen_groq""}, {""decision"": ""MAINTAIN"", ""evidence_tags"": [""Fiction, general"", ""Romance - General"", ""Romance""], ""justification"": ""The tags directly support Fiction, Romance, and General Romance."", ""model"": ""gpt_oss_20b""}]","[{""decision"": ""ACCEPT"", ""evidence_tags"": [""Romance - General"", ""Fiction - Romance""], ""justification"": ""The tags directly provide Romance (general) and Fiction Romance support for the disputed path."", ""model"": ""gpt_oss_groq""}]",MAINTAIN,ACCEPT,MAINTAIN,2of3_opponent_accepts,ACCEPT
9780373288113__genre__Fiction / Romance,9780373288113,The Heart's Desire (The Heart's series),Genre,Fiction / Romance,1,"[""gpt_oss_groq""]","[""qwen_groq"", ""gpt_oss_20b""]","[""Fiction, Romance, Historical"", ""Romance - General"", ""Fiction - Romance"", ""Historical Romance"", ""Romance"", ""Historical"", ""Regency"", ""Historical Fiction"", ""Fiction"", ""Romance: Regency""]","[{""decision"": ""MAINTAIN"", ""evidence_tags"": [""Fiction - Romance""], ""justification"": ""The tag \""Fiction - Romance\"" directly matches the disputed genre path."", ""model"": ""gpt_oss_groq""}]","[{""decision"": ""ACCEPT"", ""evidence_tags"": [""Fiction - Romance""], ""justification"": ""The tag \""Fiction - Romance\"" directly matches the disputed genre path."", ""model"": ""qwen_groq""}, {""decision"": ""ACCEPT"", ""evidence_tags"": [""Fiction - Romance""], ""justification"": ""The tag \""Fiction - Romance\"" directly matches the disputed genre path."", ""model"": ""gpt_oss_20b""}]",ACCEPT,MAINTAIN,ACCEPT,1of3_both_opponents_accept,ACCEPT
9780373288113__genre__Fiction / Romance / General Romance / Romance,9780373288113,The Heart's Desire (The Heart's series),Genre,Fiction / Romance / General Romance / Romance,2,"[""qwen_groq"", ""gpt_oss_20b""]","[""gpt_oss_groq""]","[""Fiction, Romance, Historical"", ""Romance - General"", ""Fiction - Romance"", ""Historical Romance"", ""Romance"", ""Historical"", ""Regency"", ""Historical Fiction"", ""Fiction"", ""Romance: Regency""]","[{""decision"": ""MAINTAIN"", ""evidence_tags"": [""Romance - General"", ""Fiction - Romance""], ""justification"": ""The filtered tags 'Romance - General' and 'Fiction - Romance' directly support the disputed genre path."", ""model"": ""qwen_groq""}, {""decision"": ""MAINTAIN"", ""evidence_tags"": [""Romance - General"", ""Fiction - Romance""], ""justification"": ""The tags directly indicate Fiction/Romance and a General Romance subcategory."", ""model"": ""gpt_oss_20b""}]","[{""decision"": ""ACCEPT"", ""evidence_tags"": [""Romance - General"", ""Fiction - Romance""], ""justification"": ""The tags directly provide Fiction, Romance, and a General Romance subcategory."", ""model"": ""gpt_oss_groq""}]",MAINTAIN,ACCEPT,MAINTAIN,2of3_opponent_accepts,ACCEPT
9780373288113__metadata__Temporal_Context / Historical_Period,9780373288113,The Heart's Desire (The Heart's series),Metadata,Temporal_Context / Historical_Period,2,"[""qwen_groq"", ""gpt_oss_20b""]","[""gpt_oss_groq""]","[""Fiction, Romance, Historical"", ""Romance - General"", ""Fiction - Romance"", ""Historical Romance"", ""Romance"", ""Historical"", ""Regency"", ""Historical Fiction"", ""Fiction"", ""Romance: Regency""]","[{""decision"": ""MAINTAIN"", ""evidence_tags"": [""Historical Romance"", ""Regency"", ""Romance: Regency""], ""justification"": ""The filtered tags explicitly include 'Historical Romance' and 'Regency', directly supporting the Temporal_Context / Historical_Period path."", ""model"": ""qwen_groq""}, {""decision"": ""MAINTAIN"", ""evidence_tags"": [""Historical Romance"", ""Historical"", ""Regency"", ""Historical Fiction""], ""justification"": ""The tags explicitly reference historical periods."", ""model"": ""gpt_oss_20b""}]","[{""decision"": ""ACCEPT"", ""evidence_tags"": [""Historical Romance"", ""Regency"", ""Romance: Regency"", ""Historical"", ""Historical Fiction""], ""justification"": ""The tags explicitly reference historical romance and the Regency period, confirming the temporal context."", ""model"": ""gpt_oss_groq""}]",MAINTAIN,ACCEPT,MAINTAIN,2of3_opponent_accepts,ACCEPT
9780373289097__genre__Fiction / Romance,9780373289097,Warrior's Deception,Genre,Fiction / Romance,1,"[""gpt_oss_groq""]","[""qwen_groq"", ""gpt_oss_20b""]","[""Fiction - Romance"", ""Romance"", ""Historical Romance"", ""Romance - Historical"", ""Harlequin Historical"", ""Fiction""]","[{""decision"": ""MAINTAIN"", ""evidence_tags"": [""Fiction - Romance""], ""justification"": ""The tag \""Fiction - Romance\"" directly matches the disputed genre path."", ""model"": ""gpt_oss_groq""}]","[{""decision"": ""ACCEPT"", ""evidence_tags"": [""Fiction - Romance""], ""justification"": ""The filtered tag \""Fiction - Romance\"" directly matches the disputed genre path."", ""model"": ""qwen_groq""}, {""decision"": ""ACCEPT"", ""evidence_tags"": [""Fiction - Romance""], ""justification"": ""The tag \""Fiction - Romance\"" directly matches the disputed genre path."", ""model"": ""gpt_oss_20b""}]",ACCEPT,MAINTAIN,ACCEPT,1of3_both_opponents_accept,ACCEPT
9780373289097__genre__Fiction / Romance / General Romance / Romance,9780373289097,Warrior's Deception,Genre,Fiction / Romance / General Romance / Romance,1,"[""qwen_groq""]","[""gpt_oss_groq"", ""gpt_oss_20b""]","[""Fiction - Romance"", ""Romance"", ""Historical Romance"", ""Romance - Historical"", ""Harlequin Historical"", ""Fiction""]","[{""decision"": ""MAINTAIN"", ""evidence_tags"": [""Fiction - Romance"", ""Romance""], ""justification"": ""The filtered tags 'Fiction - Romance' and 'Romance' directly support the disputed genre path."", ""model"": ""qwen_groq""}]","[{""decision"": ""ACCEPT"", ""evidence_tags"": [""Romance""], ""justification"": ""The filtered tag \""Romance\"" directly matches the disputed Romance genre path."", ""model"": ""gpt_oss_groq""}, {""decision"": ""ACCEPT"", ""evidence_tags"": [""Romance""], ""justification"": ""The tag 'Romance' directly supports the disputed genre path."", ""model"": ""gpt_oss_20b""}]",MAINTAIN,ACCEPT,ACCEPT,1of3_both_opponents_accept,ACCEPT
9780373289226__genre__Fiction / Romance / General Romance / Romance,9780373289226,Velvet Touch,Genre,Fiction / Romance / General Romance / Romance,2,"[""qwen_groq"", ""gpt_oss_20b""]","[""gpt_oss_groq""]","[""Fiction, general"", ""Fiction"", ""Fiction - Romance"", ""Romance - Historical"", ""Historical Romance"", ""Romance"", ""Historical"", ""Literature & Fiction"", ""Genre Fiction"", ""Romance: Regency"", ""Romance - General""]","[{""decision"": ""MAINTAIN"", ""evidence_tags"": [""Romance - General"", ""Fiction - Romance""], ""justification"": ""The filtered tags 'Romance - General' and 'Fiction - Romance' directly support the disputed genre path of Fiction / Romance / General Romance / Romance."", ""model"": ""qwen_groq""}, {""decision"": ""MAINTAIN"", ""evidence_tags"": [""Fiction - Romance"", ""Romance - General""], ""justification"": ""The tags directly indicate Fiction Romance and General Romance."", ""model"": ""gpt_oss_20b""}]","[{""decision"": ""ACCEPT"", ""evidence_tags"": [""Fiction - Romance"", ""Romance - General""], ""justification"": ""The tags 'Fiction - Romance' and 'Romance - General' directly match the disputed genre hierarchy."", ""model"": ""gpt_oss_groq""}]",MAINTAIN,ACCEPT,MAINTAIN,2of3_opponent_accepts,ACCEPT
9780373289226__metadata__Temporal_Context / Historical_Period,9780373289226,Velvet Touch,Metadata,Temporal_Context / Historical_Period,2,"[""qwen_groq"", ""gpt_oss_20b""]","[""gpt_oss_groq""]","[""Fiction, general"", ""Fiction"", ""Fiction - Romance"", ""Romance - Historical"", ""Historical Romance"", ""Romance"", ""Historical"", ""Literature & Fiction"", ""Genre Fiction"", ""Romance: Regency"", ""Romance - General""]","[{""decision"": ""MAINTAIN"", ""evidence_tags"": [""Romance - Historical"", ""Historical Romance"", ""Romance: Regency""], ""justification"": ""The filtered tags explicitly include 'Romance - Historical', 'Historical Romance', and 'Romance: Regency', which directly support the Temporal_Context / Historical_Period path."", ""model"": ""qwen_groq""}, {""decision"": ""MAINTAIN"", ""evidence_tags"": [""Romance - Historical"", ""Historical Romance"", ""Romance: Regency"", ""Historical""], ""justification"": ""The tags explicitly indicate a historical setting."", ""model"": ""gpt_oss_20b""}]","[{""decision"": ""ACCEPT"", ""evidence_tags"": [""Romance - Historical"", ""Historical Romance"", ""Romance: Regency"", ""Historical""], ""justification"": ""The filtered tags explicitly denote a historical romance setting."", ""model"": ""gpt_oss_groq""}]",MAINTAIN,ACCEPT,MAINTAIN,2of3_opponent_accepts,ACCEPT
9780373290499__genre__Fiction / Romance / General Romance / Love Story,9780373290499,The Highlander's Maiden,Genre,Fiction / Romance / General Romance / Love Story,2,"[""qwen_groq"", ""gpt_oss_20b""]","[""gpt_oss_groq""]","[""Historical fiction"", ""Love stories"", ""Fiction, romance, general"", ""Romance: historical"", ""Fiction"", ""Fiction - Romance"", ""Romance"", ""Historical Romance"", ""Scottish"", ""Highlanders""]","[{""decision"": ""MAINTAIN"", ""evidence_tags"": [""Fiction, romance, general"", ""Love stories""], ""justification"": ""The filtered tags 'Fiction, romance, general' and 'Love stories' directly support the disputed genre path."", ""model"": ""qwen_groq""}, {""decision"": ""MAINTAIN"", ""evidence_tags"": [""Love stories"", ""Romance""], ""justification"": ""The tags 'Love stories' and 'Romance' directly support the disputed genre path."", ""model"": ""gpt_oss_20b""}]","[{""decision"": ""ACCEPT"", ""evidence_tags"": [""Fiction, romance, general"", ""Love stories"", ""Romance""], ""justification"": ""The filtered tags directly include 'Fiction, romance, general', 'Love stories', and 'Romance', supporting the disputed genre path."", ""model"": ""gpt_oss_groq""}]",MAINTAIN,ACCEPT,MAINTAIN,2of3_opponent_accepts,ACCEPT
9780373291076__genre__Fiction / Romance,9780373291076,The Conqueror (Knights of The Black Rose),Genre,Fiction / Romance,2,"[""qwen_groq"", ""gpt_oss_groq""]","[""gpt_oss_20b""]","[""Fiction, romance, historical"", ""Fiction, romance, historical, general"", ""Romance - Historical"", ""Historical Romance"", ""Romance"", ""Historical"", ""Medieval"", ""Fiction - Romance"", ""Fiction""]","[{""decision"": ""MAINTAIN"", ""evidence_tags"": [""Fiction, romance, historical"", ""Romance - Historical"", ""Historical Romance"", ""Fiction - Romance""], ""justification"": ""Multiple filtered tags explicitly classify the book as Fiction and Romance, directly supporting the disputed genre path."", ""model"": ""qwen_groq""}, {""decision"": ""MAINTAIN"", ""evidence_tags"": [""Fiction - Romance""], ""justification"": ""The tag explicitly combines Fiction and Romance, directly supporting the disputed path."", ""model"": ""gpt_oss_groq""}]","[{""decision"": ""ACCEPT"", ""evidence_tags"": [""Fiction, romance, historical"", ""Fiction - Romance""], ""justification"": ""The filtered tags explicitly list both Fiction and Romance, directly supporting the disputed genre path."", ""model"": ""gpt_oss_20b""}]",MAINTAIN,MAINTAIN,ACCEPT,2of3_opponent_accepts,ACCEPT
9780373510122__genre__Fiction / Romance / General Romance / Romance,9780373510122,"Playing The Odds (Nora Roberts: Language of Love, No 12)",Genre,Fiction / Romance / General Romance / Romance,2,"[""qwen_groq"", ""gpt_oss_20b""]","[""gpt_oss_groq""]","[""Fiction"", ""Contemporary Romance"", ""Romance"", ""Contemporary"", ""Women's Fiction"", ""Large type books"", ""Blackjack"", ""Card dealers"", ""Gamblers"", ""Cruise ships"", ""Language of Love series"", ""The MacGregors series"", ""Macgregor family"", ""Silhouette Special Edition"", ""Harlequin"", ""Adult""]","[{""decision"": ""MAINTAIN"", ""evidence_tags"": [""Romance"", ""Fiction""], ""justification"": ""The filtered tags explicitly include 'Fiction' and 'Romance', which directly support the disputed genre path."", ""model"": ""qwen_groq""}, {""decision"": ""MAINTAIN"", ""evidence_tags"": [""Romance"", ""Contemporary Romance""], ""justification"": ""The filtered tags include 'Romance' and 'Contemporary Romance', directly supporting the Romance genre path."", ""model"": ""gpt_oss_20b""}]","[{""decision"": ""ACCEPT"", ""evidence_tags"": [""Fiction"", ""Romance""], ""justification"": ""The tags include both Fiction and Romance, directly supporting the disputed genre path."", ""model"": ""gpt_oss_groq""}]",MAINTAIN,ACCEPT,MAINTAIN,2of3_opponent_accepts,ACCEPT
9780373510122__metadata__Audience / Age_Group / Adult,9780373510122,"Playing The Odds (Nora Roberts: Language of Love, No 12)",Metadata,Audience / Age_Group / Adult,2,"[""gpt_oss_groq"", ""gpt_oss_20b""]","[""qwen_groq""]","[""Fiction"", ""Contemporary Romance"", ""Romance"", ""Contemporary"", ""Women's Fiction"", ""Large type books"", ""Blackjack"", ""Card dealers"", ""Gamblers"", ""Cruise ships"", ""Language of Love series"", ""The MacGregors series"", ""Macgregor family"", ""Silhouette Special Edition"", ""Harlequin"", ""Adult""]","[{""decision"": ""MAINTAIN"", ""evidence_tags"": [""Adult""], ""justification"": ""The tag \""Adult\"" directly supports the Audience / Age_Group / Adult path."", ""model"": ""gpt_oss_groq""}, {""decision"": ""MAINTAIN"", ""evidence_tags"": [""Adult""], ""justification"": ""The tag \""Adult\"" explicitly indicates the adult audience."", ""model"": ""gpt_oss_20b""}]","[{""decision"": ""ACCEPT"", ""evidence_tags"": [""Adult""], ""justification"": ""The filtered tag \""Adult\"" explicitly supports the Audience / Age_Group / Adult path."", ""model"": ""qwen_groq""}]",ACCEPT,MAINTAIN,MAINTAIN,2of3_opponent_accepts,ACCEPT
9780373510122__metadata__Audience / Age_Group / Adult / General Adult Audience,9780373510122,"Playing The Odds (Nora Roberts: Language of Love, No 12)",Metadata,Audience / Age_Group / Adult / General Adult Audience,1,"[""qwen_groq""]","[""gpt_oss_groq"", ""gpt_oss_20b""]","[""Fiction"", ""Contemporary Romance"", ""Romance"", ""Contemporary"", ""Women's Fiction"", ""Large type books"", ""Blackjack"", ""Card dealers"", ""Gamblers"", ""Cruise ships"", ""Language of Love series"", ""The MacGregors series"", ""Macgregor family"", ""Silhouette Special Edition"", ""Harlequin"", ""Adult""]","[{""decision"": ""MAINTAIN"", ""evidence_tags"": [""Adult""], ""justification"": ""The filtered tag 'Adult' explicitly supports the classification of the audience as Adult."", ""model"": ""qwen_groq""}]","[{""decision"": ""ACCEPT"", ""evidence_tags"": [""Adult""], ""justification"": ""The filtered tag \""Adult\"" directly confirms an adult audience."", ""model"": ""gpt_oss_groq""}, {""decision"": ""ACCEPT"", ""evidence_tags"": [""Adult""], ""justification"": ""The tag 'Adult' directly supports the Adult audience classification."", ""model"": ""gpt_oss_20b""}]",MAINTAIN,ACCEPT,ACCEPT,1of3_both_opponents_accept,ACCEPT
9780373510122__metadata__Character_and_Representation_Metadata / Protagonist_Profile / Group_Profile / Family-Centered,9780373510122,"Playing The Odds (Nora Roberts: Language of Love, No 12)",Metadata,Character_and_Representation_Metadata / Protagonist_Profile / Group_Profile / Family-Centered,1,"[""qwen_groq""]","[""gpt_oss_groq"", ""gpt_oss_20b""]","[""Fiction"", ""Contemporary Romance"", ""Romance"", ""Contemporary"", ""Women's Fiction"", ""Large type books"", ""Blackjack"", ""Card dealers"", ""Gamblers"", ""Cruise ships"", ""Language of Love series"", ""The MacGregors series"", ""Macgregor family"", ""Silhouette Special Edition"", ""Harlequin"", ""Adult""]","[{""decision"": ""MAINTAIN"", ""evidence_tags"": [""Macgregor family""], ""justification"": ""The tag 'Macgregor family' explicitly supports the Family-Centered group profile."", ""model"": ""qwen_groq""}]","[{""decision"": ""ACCEPT"", ""evidence_tags"": [""Macgregor family""], ""justification"": ""The tag 'Macgregor family' explicitly denotes a family group, supporting the Family-Centered profile."", ""model"": ""gpt_oss_groq""}, {""decision"": ""ACCEPT"", ""evidence_tags"": [""Macgregor family""], ""justification"": ""The tag 'Macgregor family' explicitly indicates a family-centered group profile."", ""model"": ""gpt_oss_20b""}]",MAINTAIN,ACCEPT,ACCEPT,1of3_both_opponents_accept,ACCEPT
9780373510122__metadata__Series_and_Publication_Metadata / Edition_Metadata / Edition_Type,9780373510122,"Playing The Odds (Nora Roberts: Language of Love, No 12)",Metadata,Series_and_Publication_Metadata / Edition_Metadata / Edition_Type,1,"[""gpt_oss_20b""]","[""qwen_groq"", ""gpt_oss_groq""]","[""Fiction"", ""Contemporary Romance"", ""Romance"", ""Contemporary"", ""Women's Fiction"", ""Large type books"", ""Blackjack"", ""Card dealers"", ""Gamblers"", ""Cruise ships"", ""Language of Love series"", ""The MacGregors series"", ""Macgregor family"", ""Silhouette Special Edition"", ""Harlequin"", ""Adult""]","[{""decision"": ""MAINTAIN"", ""evidence_tags"": [""Silhouette Special Edition""], ""justification"": ""The tag 'Silhouette Special Edition' explicitly indicates an edition type."", ""model"": ""gpt_oss_20b""}]","[{""decision"": ""ACCEPT"", ""evidence_tags"": [""Silhouette Special Edition""], ""justification"": ""The tag 'Silhouette Special Edition' explicitly identifies the edition type of the book."", ""model"": ""qwen_groq""}, {""decision"": ""ACCEPT"", ""evidence_tags"": [""Silhouette Special Edition""], ""justification"": ""The tag explicitly denotes the edition type."", ""model"": ""gpt_oss_groq""}]",ACCEPT,ACCEPT,MAINTAIN,1of3_both_opponents_accept,ACCEPT
9780373510122__metadata__Temporal_Context / Historical_Period / Contemporary,9780373510122,"Playing The Odds (Nora Roberts: Language of Love, No 12)",Metadata,Temporal_Context / Historical_Period / Contemporary,2,"[""gpt_oss_groq"", ""gpt_oss_20b""]","[""qwen_groq""]","[""Fiction"", ""Contemporary Romance"", ""Romance"", ""Contemporary"", ""Women's Fiction"", ""Large type books"", ""Blackjack"", ""Card dealers"", ""Gamblers"", ""Cruise ships"", ""Language of Love series"", ""The MacGregors series"", ""Macgregor family"", ""Silhouette Special Edition"", ""Harlequin"", ""Adult""]","[{""decision"": ""MAINTAIN"", ""evidence_tags"": [""Contemporary""], ""justification"": ""The tag \""Contemporary\"" directly confirms the contemporary historical period."", ""model"": ""gpt_oss_groq""}, {""decision"": ""MAINTAIN"", ""evidence_tags"": [""Contemporary Romance"", ""Contemporary""], ""justification"": ""The tags explicitly include 'Contemporary'."", ""model"": ""gpt_oss_20b""}]","[{""decision"": ""ACCEPT"", ""evidence_tags"": [""Contemporary""], ""justification"": ""The filtered tag 'Contemporary' explicitly supports the metadata path Temporal_Context / Historical_Period / Contemporary."", ""model"": ""qwen_groq""}]",ACCEPT,MAINTAIN,MAINTAIN,2of3_opponent_accepts,ACCEPT
9780373510412__genre__Fiction,9780373510412,Risky Business,Genre,Fiction,1,"[""gpt_oss_20b""]","[""qwen_groq"", ""gpt_oss_groq""]","[""Fiction"", ""Love stories, American"", ""Contemporary Fiction"", ""Romance Fiction"", ""Fiction, general"", ""Romance"", ""Contemporary Romance"", ""Contemporary"", ""Businesswomen"", ""Man-woman relationships"", ""Murder"", ""Investigation"", ""Attempted murder"", ""1980s""]","[{""decision"": ""MAINTAIN"", ""evidence_tags"": [""Fiction, general""], ""justification"": ""The tag 'Fiction, general' directly supports the Fiction genre path."", ""model"": ""gpt_oss_20b""}]","[{""decision"": ""ACCEPT"", ""evidence_tags"": [""Fiction"", ""Fiction, general""], ""justification"": ""The filtered tags explicitly include 'Fiction' and 'Fiction, general', which directly support the disputed genre path."", ""model"": ""qwen_groq""}, {""decision"": ""ACCEPT"", ""evidence_tags"": [""Fiction, general""], ""justification"": ""The tag 'Fiction, general' directly indicates the book is fiction."", ""model"": ""gpt_oss_groq""}]",ACCEPT,ACCEPT,MAINTAIN,1of3_both_opponents_accept,ACCEPT
9780373510412__genre__Fiction / Romance / General Romance / Love Story,9780373510412,Risky Business,Genre,Fiction / Romance / General Romance / Love Story,2,"[""qwen_groq"", ""gpt_oss_20b""]","[""gpt_oss_groq""]","[""Fiction"", ""Love stories, American"", ""Contemporary Fiction"", ""Romance Fiction"", ""Fiction, general"", ""Romance"", ""Contemporary Romance"", ""Contemporary"", ""Businesswomen"", ""Man-woman relationships"", ""Murder"", ""Investigation"", ""Attempted murder"", ""1980s""]","[{""decision"": ""MAINTAIN"", ""evidence_tags"": [""Love stories, American"", ""Romance""], ""justification"": ""The filtered tags explicitly include 'Love stories, American' and 'Romance', which directly support the disputed genre path."", ""model"": ""qwen_groq""}, {""decision"": ""MAINTAIN"", ""evidence_tags"": [""Fiction"", ""Romance Fiction"", ""Love stories, American""], ""justification"": ""The tags directly support Fiction, Romance, and Love Story."", ""model"": ""gpt_oss_20b""}]","[{""decision"": ""ACCEPT"", ""evidence_tags"": [""Fiction"", ""Romance"", ""Love stories, American""], ""justification"": ""The filtered tags include Fiction, Romance, and a love story tag, directly supporting the disputed path."", ""model"": ""gpt_oss_groq""}]",MAINTAIN,ACCEPT,MAINTAIN,2of3_opponent_accepts,ACCEPT
9780373510412__metadata__Geographical_Context / Country_or_National_Context / Country_Based_Context / American Context,9780373510412,Risky Business,Metadata,Geographical_Context / Country_or_National_Context / Country_Based_Context / American Context,2,"[""qwen_groq"", ""gpt_oss_20b""]","[""gpt_oss_groq""]","[""Fiction"", ""Love stories, American"", ""Contemporary Fiction"", ""Romance Fiction"", ""Fiction, general"", ""Romance"", ""Contemporary Romance"", ""Contemporary"", ""Businesswomen"", ""Man-woman relationships"", ""Murder"", ""Investigation"", ""Attempted murder"", ""1980s""]","[{""decision"": ""MAINTAIN"", ""evidence_tags"": [""Love stories, American""], ""justification"": ""The tag 'Love stories, American' explicitly contains the word 'American', directly supporting the American Context path."", ""model"": ""qwen_groq""}, {""decision"": ""MAINTAIN"", ""evidence_tags"": [""Love stories, American""], ""justification"": ""The tag explicitly states \""American\""."", ""model"": ""gpt_oss_20b""}]","[{""decision"": ""ACCEPT"", ""evidence_tags"": [""Love stories, American""], ""justification"": ""The tag explicitly includes the word \""American\""."", ""model"": ""gpt_oss_groq""}]",MAINTAIN,ACCEPT,MAINTAIN,2of3_opponent_accepts,ACCEPT
9780373510412__metadata__Thematic_Metadata / Relationship_and_Social_Themes / Love_and_Intimacy / Love,9780373510412,Risky Business,Metadata,Thematic_Metadata / Relationship_and_Social_Themes / Love_and_Intimacy / Love,1,"[""gpt_oss_20b""]","[""qwen_groq"", ""gpt_oss_groq""]","[""Fiction"", ""Love stories, American"", ""Contemporary Fiction"", ""Romance Fiction"", ""Fiction, general"", ""Romance"", ""Contemporary Romance"", ""Contemporary"", ""Businesswomen"", ""Man-woman relationships"", ""Murder"", ""Investigation"", ""Attempted murder"", ""1980s""]","[{""decision"": ""MAINTAIN"", ""evidence_tags"": [""Love stories, American""], ""justification"": ""The tag \""Love stories, American\"" explicitly indicates a love theme."", ""model"": ""gpt_oss_20b""}]","[{""decision"": ""ACCEPT"", ""evidence_tags"": [""Love stories, American"", ""Romance""], ""justification"": ""The filtered tags explicitly include 'Love stories, American' and 'Romance', which directly support the 'Love' thematic metadata path."", ""model"": ""qwen_groq""}, {""decision"": ""ACCEPT"", ""evidence_tags"": [""Love stories, American"", ""Romance"", ""Romance Fiction"", ""Contemporary Romance"", ""Man-woman relationships""], ""justification"": ""The filtered tags explicitly reference love and romance themes."", ""model"": ""gpt_oss_groq""}]",ACCEPT,ACCEPT,MAINTAIN,1of3_both_opponents_accept,ACCEPT
9780373614752__genre__Fiction / Adventure / General Adventure Fiction,9780373614752,Evil Alliance (Superbolan),Genre,Fiction / Adventure / General Adventure Fiction,1,"[""gpt_oss_groq""]","[""qwen_groq"", ""gpt_oss_20b""]","[""Fiction, men's adventure"", ""Bolan, mack (fictitious character), fiction"", ""Action & Adventure""]","[{""decision"": ""MAINTAIN"", ""evidence_tags"": [""Fiction, men's adventure"", ""Action & Adventure""], ""justification"": ""The tags explicitly denote fiction and adventure, matching the disputed genre path."", ""model"": ""gpt_oss_groq""}]","[{""decision"": ""ACCEPT"", ""evidence_tags"": [""Fiction, men's adventure"", ""Action & Adventure""], ""justification"": ""The filtered tags explicitly identify the work as fiction and adventure, directly supporting the disputed genre path."", ""model"": ""qwen_groq""}, {""decision"": ""ACCEPT"", ""evidence_tags"": [""Fiction, men's adventure"", ""Action & Adventure""], ""justification"": ""Both tags explicitly indicate fiction and adventure, matching the disputed genre path."", ""model"": ""gpt_oss_20b""}]",ACCEPT,MAINTAIN,ACCEPT,1of3_both_opponents_accept,ACCEPT
9780373614752__genre__Fiction / Adventure / General Adventure Fiction / Action Adventure,9780373614752,Evil Alliance (Superbolan),Genre,Fiction / Adventure / General Adventure Fiction / Action Adventure,2,"[""qwen_groq"", ""gpt_oss_20b""]","[""gpt_oss_groq""]","[""Fiction, men's adventure"", ""Bolan, mack (fictitious character), fiction"", ""Action & Adventure""]","[{""decision"": ""MAINTAIN"", ""evidence_tags"": [""Action & Adventure""], ""justification"": ""The filtered tag 'Action & Adventure' directly supports the disputed genre path 'Action Adventure'."", ""model"": ""qwen_groq""}, {""decision"": ""MAINTAIN"", ""evidence_tags"": [""Action & Adventure""], ""justification"": ""The tag \""Action & Adventure\"" directly supports the Action Adventure genre path."", ""model"": ""gpt_oss_20b""}]","[{""decision"": ""ACCEPT"", ""evidence_tags"": [""Action & Adventure""], ""justification"": ""The tag \""Action & Adventure\"" directly matches the disputed Action Adventure genre."", ""model"": ""gpt_oss_groq""}]",MAINTAIN,ACCEPT,MAINTAIN,2of3_opponent_accepts,ACCEPT
9780373614813__genre__Fiction,9780373614813,Mack Bolan,Genre,Fiction,2,"[""qwen_groq"", ""gpt_oss_20b""]","[""gpt_oss_groq""]","[""Vietnam War, 1961-1975"", ""Mack Bolan (Fictitious character)"", ""Fiction"", ""Mafia"", ""Veterans"", ""Fiction, men's adventure"", ""Fiction, action & adventure"", ""Action & Adventure""]","[{""decision"": ""MAINTAIN"", ""evidence_tags"": [""Fiction""], ""justification"": ""The filtered tag 'Fiction' directly supports the disputed genre path."", ""model"": ""qwen_groq""}, {""decision"": ""MAINTAIN"", ""evidence_tags"": [""Fiction""], ""justification"": ""The tag 'Fiction' directly supports the genre path."", ""model"": ""gpt_oss_20b""}]","[{""decision"": ""ACCEPT"", ""evidence_tags"": [""Fiction""], ""justification"": ""The filtered tag 'Fiction' directly supports the disputed genre path."", ""model"": ""gpt_oss_groq""}]",MAINTAIN,ACCEPT,MAINTAIN,2of3_opponent_accepts,ACCEPT
9780373614837__genre__Fiction,9780373614837,Mack Bolan,Genre,Fiction,2,"[""qwen_groq"", ""gpt_oss_20b""]","[""gpt_oss_groq""]","[""Vietnam War, 1961-1975"", ""Mack Bolan (Fictitious character)"", ""Fiction"", ""Mafia"", ""Veterans"", ""Fiction, men's adventure"", ""Fiction, action & adventure"", ""Action & Adventure""]","[{""decision"": ""MAINTAIN"", ""evidence_tags"": [""Fiction"", ""Mack Bolan (Fictitious character)"", ""Fiction, men's adventure"", ""Fiction, action & adventure""], ""justification"": ""The filtered tags explicitly include 'Fiction' and specific fiction sub-genres, directly supporting the disputed path."", ""model"": ""qwen_groq""}, {""decision"": ""MAINTAIN"", ""evidence_tags"": [""Fiction""], ""justification"": ""The tag 'Fiction' directly supports the genre path."", ""model"": ""gpt_oss_20b""}]","[{""decision"": ""ACCEPT"", ""evidence_tags"": [""Fiction""], ""justification"": ""The filtered tags contain the explicit genre tag 'Fiction'."", ""model"": ""gpt_oss_groq""}]",MAINTAIN,ACCEPT,MAINTAIN,2of3_opponent_accepts,ACCEPT
9780373638086__genre__Fiction / Science Fiction / General Science Fiction / Science Fiction,9780373638086,"Deep Trek (Earthblood #2) (Earthblood, No 2)",Genre,Fiction / Science Fiction / General Science Fiction / Science Fiction,1,"[""qwen_groq""]","[""gpt_oss_groq"", ""gpt_oss_20b""]","[""Fiction, general"", ""Post Apocalyptic"", ""Action"", ""Science Fiction""]","[{""decision"": ""MAINTAIN"", ""evidence_tags"": [""Science Fiction""], ""justification"": ""The filtered tag 'Science Fiction' directly supports the disputed genre path."", ""model"": ""qwen_groq""}]","[{""decision"": ""ACCEPT"", ""evidence_tags"": [""Science Fiction""], ""justification"": ""The filtered tag \""Science Fiction\"" directly matches the disputed genre path."", ""model"": ""gpt_oss_groq""}, {""decision"": ""ACCEPT"", ""evidence_tags"": [""Science Fiction""], ""justification"": ""The tag 'Science Fiction' directly matches the disputed path."", ""model"": ""gpt_oss_20b""}]",MAINTAIN,ACCEPT,ACCEPT,1of3_both_opponents_accept,ACCEPT
9780373704569__genre__Fiction / Romance / General Romance,9780373704569,Gun-Shy,Genre,Fiction / Romance / General Romance,1,"[""gpt_oss_groq""]","[""qwen_groq"", ""gpt_oss_20b""]","[""Child witnesses"", ""Single mothers"", ""Widows"", ""Fiction"", ""Fiction, general"", ""California"", ""Romance - General"", ""Fiction - General""]","[{""decision"": ""MAINTAIN"", ""evidence_tags"": [""Fiction"", ""Romance - General""], ""justification"": ""The tags include both Fiction and Romance - General, directly supporting the disputed path."", ""model"": ""gpt_oss_groq""}]","[{""decision"": ""ACCEPT"", ""evidence_tags"": [""Fiction"", ""Romance - General""], ""justification"": ""The filtered tags explicitly include 'Fiction' and 'Romance - General', which directly correspond to the components of the disputed path 'Fiction / Romance / General Romance'."", ""model"": ""qwen_groq""}, {""decision"": ""ACCEPT"", ""evidence_tags"": [""Fiction"", ""Romance - General""], ""justification"": ""The tags include Fiction and Romance - General, matching the disputed path."", ""model"": ""gpt_oss_20b""}]",ACCEPT,MAINTAIN,ACCEPT,1of3_both_opponents_accept,ACCEPT
9780373704569__genre__Fiction / Romance / General Romance / Romance,9780373704569,Gun-Shy,Genre,Fiction / Romance / General Romance / Romance,2,"[""qwen_groq"", ""gpt_oss_20b""]","[""gpt_oss_groq""]","[""Child witnesses"", ""Single mothers"", ""Widows"", ""Fiction"", ""Fiction, general"", ""California"", ""Romance - General"", ""Fiction - General""]","[{""decision"": ""MAINTAIN"", ""evidence_tags"": [""Romance - General""], ""justification"": ""The filtered tag 'Romance - General' directly supports the disputed genre path 'Fiction / Romance / General Romance / Romance'."", ""model"": ""qwen_groq""}, {""decision"": ""MAINTAIN"", ""evidence_tags"": [""Fiction"", ""Romance - General""], ""justification"": ""The tags include Fiction and a romance category, supporting the path."", ""model"": ""gpt_oss_20b""}]","[{""decision"": ""ACCEPT"", ""evidence_tags"": [""Romance - General"", ""Fiction""], ""justification"": ""The tags include both Fiction and Romance - General, directly supporting the disputed genre path."", ""model"": ""gpt_oss_groq""}]",MAINTAIN,ACCEPT,MAINTAIN,2of3_opponent_accepts,ACCEPT
9780373705412__genre__Fiction / Romance,9780373705412,Cradle of Dreams,Genre,Fiction / Romance,2,"[""gpt_oss_groq"", ""gpt_oss_20b""]","[""qwen_groq""]","[""Fiction"", ""Romance"", ""Contemporary""]","[{""decision"": ""MAINTAIN"", ""evidence_tags"": [""Fiction"", ""Romance""], ""justification"": ""Both 'Fiction' and 'Romance' tags directly match the disputed path."", ""model"": ""gpt_oss_groq""}, {""decision"": ""MAINTAIN"", ""evidence_tags"": [""Fiction"", ""Romance""], ""justification"": ""Both 'Fiction' and 'Romance' tags directly support the path."", ""model"": ""gpt_oss_20b""}]","[{""decision"": ""ACCEPT"", ""evidence_tags"": [""Fiction"", ""Romance""], ""justification"": ""The disputed path 'Fiction / Romance' is directly supported by the presence of both 'Fiction' and 'Romance' in the filtered tags."", ""model"": ""qwen_groq""}]",ACCEPT,MAINTAIN,MAINTAIN,2of3_opponent_accepts,ACCEPT
9780373709823__genre__Fiction,9780373709823,Rodeo!,Genre,Fiction,1,"[""qwen_groq""]","[""gpt_oss_groq"", ""gpt_oss_20b""]","[""Rodeos"", ""Romance"", ""Cowboys"", ""Rodeo performers"", ""Fiction"", ""Contemporary""]","[{""decision"": ""MAINTAIN"", ""evidence_tags"": [""Fiction""], ""justification"": ""The filtered tag 'Fiction' directly supports the disputed genre path."", ""model"": ""qwen_groq""}]","[{""decision"": ""ACCEPT"", ""evidence_tags"": [""Fiction""], ""justification"": ""The filtered tag 'Fiction' directly supports the disputed genre path."", ""model"": ""gpt_oss_groq""}, {""decision"": ""ACCEPT"", ""evidence_tags"": [""Fiction""], ""justification"": ""The tag 'Fiction' directly supports the disputed genre path."", ""model"": ""gpt_oss_20b""}]",MAINTAIN,ACCEPT,ACCEPT,1of3_both_opponents_accept,ACCEPT
9780373760541__genre__Fiction / Romance,9780373760541,Lovers Only,Genre,Fiction / Romance,1,"[""gpt_oss_groq""]","[""qwen_groq"", ""gpt_oss_20b""]","[""Romance"", ""Contemporary Fiction""]","[{""decision"": ""MAINTAIN"", ""evidence_tags"": [""Romance""], ""justification"": ""The tag \""Romance\"" directly supports the Romance subgenre within Fiction."", ""model"": ""gpt_oss_groq""}]","[{""decision"": ""ACCEPT"", ""evidence_tags"": [""Romance""], ""justification"": ""The filtered tag 'Romance' directly supports the disputed genre path 'Fiction / Romance'."", ""model"": ""qwen_groq""}, {""decision"": ""ACCEPT"", ""evidence_tags"": [""Romance""], ""justification"": ""The tag \""Romance\"" directly supports the Romance subgenre within Fiction."", ""model"": ""gpt_oss_20b""}]",ACCEPT,MAINTAIN,ACCEPT,1of3_both_opponents_accept,ACCEPT
9780373760541__genre__Fiction / Romance / General Romance / Romance,9780373760541,Lovers Only,Genre,Fiction / Romance / General Romance / Romance,2,"[""qwen_groq"", ""gpt_oss_20b""]","[""gpt_oss_groq""]","[""Romance"", ""Contemporary Fiction""]","[{""decision"": ""MAINTAIN"", ""evidence_tags"": [""Romance""], ""justification"": ""The filtered tag 'Romance' directly supports the disputed genre path."", ""model"": ""qwen_groq""}, {""decision"": ""MAINTAIN"", ""evidence_tags"": [""Romance""], ""justification"": ""The tag 'Romance' directly supports the Romance genre path."", ""model"": ""gpt_oss_20b""}]","[{""decision"": ""ACCEPT"", ""evidence_tags"": [""Romance""], ""justification"": ""The tag 'Romance' directly matches the Romance component of the disputed path."", ""model"": ""gpt_oss_groq""}]",MAINTAIN,ACCEPT,MAINTAIN,2of3_opponent_accepts,ACCEPT
9780373762491__genre__Fiction / Romance / General Romance,9780373762491,Heart Of Texas (Man Of The Month/Man Of The Month Anniversary),Genre,Fiction / Romance / General Romance,1,"[""gpt_oss_groq""]","[""qwen_groq"", ""gpt_oss_20b""]","[""Fiction, romance, general"", ""Romance"", ""Contemporary""]","[{""decision"": ""MAINTAIN"", ""evidence_tags"": [""Fiction, romance, general""], ""justification"": ""The tag directly matches the disputed hierarchy."", ""model"": ""gpt_oss_groq""}]","[{""decision"": ""ACCEPT"", ""evidence_tags"": [""Fiction, romance, general""], ""justification"": ""The filtered tag 'Fiction, romance, general' directly corresponds to the disputed genre path 'Fiction / Romance / General Romance'."", ""model"": ""qwen_groq""}, {""decision"": ""ACCEPT"", ""evidence_tags"": [""Fiction, romance, general""], ""justification"": ""The tag \""Fiction, romance, general\"" directly matches the disputed genre hierarchy."", ""model"": ""gpt_oss_20b""}]",ACCEPT,MAINTAIN,ACCEPT,1of3_both_opponents_accept,ACCEPT
9780373762491__genre__Fiction / Romance / General Romance / Romance,9780373762491,Heart Of Texas (Man Of The Month/Man Of The Month Anniversary),Genre,Fiction / Romance / General Romance / Romance,2,"[""qwen_groq"", ""gpt_oss_20b""]","[""gpt_oss_groq""]","[""Fiction, romance, general"", ""Romance"", ""Contemporary""]","[{""decision"": ""MAINTAIN"", ""evidence_tags"": [""Fiction, romance, general"", ""Romance""], ""justification"": ""The filtered tags explicitly include 'Fiction, romance, general' and 'Romance', which directly support the disputed genre path."", ""model"": ""qwen_groq""}, {""decision"": ""MAINTAIN"", ""evidence_tags"": [""Fiction, romance, general"", ""Romance""], ""justification"": ""The tags explicitly list fiction, romance, and general, matching the disputed path."", ""model"": ""gpt_oss_20b""}]","[{""decision"": ""ACCEPT"", ""evidence_tags"": [""Fiction, romance, general"", ""Romance""], ""justification"": ""The filtered tags directly include Fiction, romance, general and Romance, matching the disputed path."", ""model"": ""gpt_oss_groq""}]",MAINTAIN,ACCEPT,MAINTAIN,2of3_opponent_accepts,ACCEPT
9780373763146__genre__Fiction / Romance / General Romance / Romance,9780373763146,One Snowbound Weekend...,Genre,Fiction / Romance / General Romance / Romance,2,"[""qwen_groq"", ""gpt_oss_20b""]","[""gpt_oss_groq""]","[""Romance"", ""Second Chance"", ""Contemporary"", ""Romantic""]","[{""decision"": ""MAINTAIN"", ""evidence_tags"": [""Romance""], ""justification"": ""The filtered tag 'Romance' directly supports the disputed genre path."", ""model"": ""qwen_groq""}, {""decision"": ""MAINTAIN"", ""evidence_tags"": [""Romance""], ""justification"": ""The tag 'Romance' directly supports the Romance genre path."", ""model"": ""gpt_oss_20b""}]","[{""decision"": ""ACCEPT"", ""evidence_tags"": [""Romance""], ""justification"": ""The filtered tag 'Romance' directly matches the disputed Romance genre path."", ""model"": ""gpt_oss_groq""}]",MAINTAIN,ACCEPT,MAINTAIN,2of3_opponent_accepts,ACCEPT
9780373763191__genre__Fiction / Romance / General Romance,9780373763191,Lady With A Past,Genre,Fiction / Romance / General Romance,1,"[""gpt_oss_groq""]","[""qwen_groq"", ""gpt_oss_20b""]","[""Fiction, romance, general"", ""Literature & Fiction"", ""Humorous""]","[{""decision"": ""MAINTAIN"", ""evidence_tags"": [""Fiction, romance, general""], ""justification"": ""The tag \""Fiction, romance, general\"" directly matches the disputed genre path."", ""model"": ""gpt_oss_groq""}]","[{""decision"": ""ACCEPT"", ""evidence_tags"": [""Fiction, romance, general""], ""justification"": ""The filtered tag \""Fiction, romance, general\"" directly corresponds to the disputed genre path \""Fiction / Romance / General Romance\""."", ""model"": ""qwen_groq""}, {""decision"": ""ACCEPT"", ""evidence_tags"": [""Fiction, romance, general""], ""justification"": ""The tag \""Fiction, romance, general\"" directly matches the disputed genre path."", ""model"": ""gpt_oss_20b""}]",ACCEPT,MAINTAIN,ACCEPT,1of3_both_opponents_accept,ACCEPT
9780373763191__genre__Fiction / Romance / General Romance / Romance,9780373763191,Lady With A Past,Genre,Fiction / Romance / General Romance / Romance,2,"[""qwen_groq"", ""gpt_oss_20b""]","[""gpt_oss_groq""]","[""Fiction, romance, general"", ""Literature & Fiction"", ""Humorous""]","[{""decision"": ""MAINTAIN"", ""evidence_tags"": [""Fiction, romance, general""], ""justification"": ""The filtered tag 'Fiction, romance, general' directly supports the disputed genre path 'Fiction / Romance / General Romance / Romance'."", ""model"": ""qwen_groq""}, {""decision"": ""MAINTAIN"", ""evidence_tags"": [""Fiction, romance, general""], ""justification"": ""The tag 'Fiction, romance, general' directly supports the disputed genre path."", ""model"": ""gpt_oss_20b""}]","[{""decision"": ""ACCEPT"", ""evidence_tags"": [""Fiction, romance, general""], ""justification"": ""The filtered tag 'Fiction, romance, general' directly matches the disputed genre hierarchy."", ""model"": ""gpt_oss_groq""}]",MAINTAIN,ACCEPT,MAINTAIN,2of3_opponent_accepts,ACCEPT
9780373833276__genre__Fiction / Romance / General Romance,9780373833276,Love's Choices,Genre,Fiction / Romance / General Romance,1,"[""gpt_oss_groq""]","[""qwen_groq"", ""gpt_oss_20b""]","[""Fiction, romance, general"", ""Romance fiction"", ""Romance"", ""Contemporary"", ""Contemporary Romance"", ""Second Chance""]","[{""decision"": ""MAINTAIN"", ""evidence_tags"": [""Fiction, romance, general""], ""justification"": ""The tag \""Fiction, romance, general\"" directly matches the disputed genre path."", ""model"": ""gpt_oss_groq""}]","[{""decision"": ""ACCEPT"", ""evidence_tags"": [""Fiction, romance, general""], ""justification"": ""The filtered tag \""Fiction, romance, general\"" directly corresponds to the disputed genre path."", ""model"": ""qwen_groq""}, {""decision"": ""ACCEPT"", ""evidence_tags"": [""Fiction, romance, general""], ""justification"": ""The tag \""Fiction, romance, general\"" directly matches the disputed genre path."", ""model"": ""gpt_oss_20b""}]",ACCEPT,MAINTAIN,ACCEPT,1of3_both_opponents_accept,ACCEPT
9780373833276__genre__Fiction / Romance / General Romance / Romance,9780373833276,Love's Choices,Genre,Fiction / Romance / General Romance / Romance,2,"[""qwen_groq"", ""gpt_oss_20b""]","[""gpt_oss_groq""]","[""Fiction, romance, general"", ""Romance fiction"", ""Romance"", ""Contemporary"", ""Contemporary Romance"", ""Second Chance""]","[{""decision"": ""MAINTAIN"", ""evidence_tags"": [""Fiction, romance, general"", ""Romance""], ""justification"": ""The filtered tag 'Fiction, romance, general' directly supports the disputed genre path 'Fiction / Romance / General Romance / Romance'."", ""model"": ""qwen_groq""}, {""decision"": ""MAINTAIN"", ""evidence_tags"": [""Fiction, romance, general"", ""Romance fiction""], ""justification"": ""The tags explicitly list Fiction, romance, general and romance fiction, supporting the disputed genre path."", ""model"": ""gpt_oss_20b""}]","[{""decision"": ""ACCEPT"", ""evidence_tags"": [""Fiction, romance, general"", ""Romance""], ""justification"": ""The filtered tags include both 'Fiction, romance, general' and 'Romance', directly matching the disputed genre hierarchy."", ""model"": ""gpt_oss_groq""}]",MAINTAIN,ACCEPT,MAINTAIN,2of3_opponent_accepts,ACCEPT
9780373833276__metadata__Temporal_Context / Publication_Period / Contemporary_Publication,9780373833276,Love's Choices,Metadata,Temporal_Context / Publication_Period / Contemporary_Publication,1,"[""gpt_oss_20b""]","[""qwen_groq"", ""gpt_oss_groq""]","[""Fiction, romance, general"", ""Romance fiction"", ""Romance"", ""Contemporary"", ""Contemporary Romance"", ""Second Chance""]","[{""decision"": ""MAINTAIN"", ""evidence_tags"": [""Contemporary"", ""Contemporary Romance""], ""justification"": ""The tags explicitly contain \""Contemporary\"" and \""Contemporary Romance\""."", ""model"": ""gpt_oss_20b""}]","[{""decision"": ""ACCEPT"", ""evidence_tags"": [""Contemporary"", ""Contemporary Romance""], ""justification"": ""The filtered tags explicitly include 'Contemporary' and 'Contemporary Romance', directly supporting the metadata path for a contemporary publication context."", ""model"": ""qwen_groq""}, {""decision"": ""ACCEPT"", ""evidence_tags"": [""Contemporary"", ""Contemporary Romance""], ""justification"": ""The tags explicitly include \""Contemporary\"" and \""Contemporary Romance\""."", ""model"": ""gpt_oss_groq""}]",ACCEPT,ACCEPT,MAINTAIN,1of3_both_opponents_accept,ACCEPT
9780373880355__metadata__Audience / Age_Group / Young_Adult,9780373880355,Just Like Jessica,Metadata,Audience / Age_Group / Young_Adult,1,"[""gpt_oss_groq""]","[""qwen_groq"", ""gpt_oss_20b""]","[""Fiction"", ""Self-acceptance"", ""Sisters"", ""Children: Young Adult (Gr. 7-9)""]","[{""decision"": ""MAINTAIN"", ""evidence_tags"": [""Children: Young Adult (Gr. 7-9)""], ""justification"": ""The tag explicitly identifies the audience as Young Adult."", ""model"": ""gpt_oss_groq""}]","[{""decision"": ""ACCEPT"", ""evidence_tags"": [""Children: Young Adult (Gr. 7-9)""], ""justification"": ""The filtered tag 'Children: Young Adult (Gr. 7-9)' explicitly identifies the audience as Young Adult."", ""model"": ""qwen_groq""}, {""decision"": ""ACCEPT"", ""evidence_tags"": [""Children: Young Adult (Gr. 7-9)""], ""justification"": ""The tag explicitly identifies the audience as Young Adult."", ""model"": ""gpt_oss_20b""}]",ACCEPT,MAINTAIN,ACCEPT,1of3_both_opponents_accept,ACCEPT
9780373880355__metadata__Audience / Age_Group / Young_Adult / Young Adult Audience,9780373880355,Just Like Jessica,Metadata,Audience / Age_Group / Young_Adult / Young Adult Audience,2,"[""qwen_groq"", ""gpt_oss_20b""]","[""gpt_oss_groq""]","[""Fiction"", ""Self-acceptance"", ""Sisters"", ""Children: Young Adult (Gr. 7-9)""]","[{""decision"": ""MAINTAIN"", ""evidence_tags"": [""Children: Young Adult (Gr. 7-9)""], ""justification"": ""The filtered tag 'Children: Young Adult (Gr. 7-9)' explicitly supports the Young Adult audience classification."", ""model"": ""qwen_groq""}, {""decision"": ""MAINTAIN"", ""evidence_tags"": [""Children: Young Adult (Gr. 7-9)""], ""justification"": ""The tag explicitly indicates a young adult audience."", ""model"": ""gpt_oss_20b""}]","[{""decision"": ""ACCEPT"", ""evidence_tags"": [""Children: Young Adult (Gr. 7-9)""], ""justification"": ""The tag explicitly indicates a young adult audience."", ""model"": ""gpt_oss_groq""}]",MAINTAIN,ACCEPT,MAINTAIN,2of3_opponent_accepts,ACCEPT
9780374183899__genre__Fiction / Romance,9780374183899,Last lovers,Genre,Fiction / Romance,1,"[""gpt_oss_groq""]","[""qwen_groq"", ""gpt_oss_20b""]","[""Fiction"", ""Blind women"", ""Painters"", ""Friendship"", ""Americans"", ""France, fiction"", ""Paris (france), fiction"", ""Fiction, general"", ""Americans -- France -- Fiction."", ""Blind women -- Fiction."", ""Friendship -- Fiction."", ""Painters -- Fiction."", ""Paris (France) -- Fiction."", ""Romance"", ""Contemporary"", ""Novels"", ""Literature & Fiction""]","[{""decision"": ""MAINTAIN"", ""evidence_tags"": [""Fiction"", ""Romance""], ""justification"": ""Both \""Fiction\"" and \""Romance\"" tags are present in the source."", ""model"": ""gpt_oss_groq""}]","[{""decision"": ""ACCEPT"", ""evidence_tags"": [""Fiction"", ""Romance""], ""justification"": ""The disputed path 'Fiction / Romance' is directly supported by the presence of both 'Fiction' and 'Romance' in the filtered tags."", ""model"": ""qwen_groq""}, {""decision"": ""ACCEPT"", ""evidence_tags"": [""Fiction"", ""Romance""], ""justification"": ""Both \""Fiction\"" and \""Romance\"" tags are present in the filtered tags."", ""model"": ""gpt_oss_20b""}]",ACCEPT,MAINTAIN,ACCEPT,1of3_both_opponents_accept,ACCEPT
9780374183899__metadata__Temporal_Context / Historical_Period / Contemporary,9780374183899,Last lovers,Metadata,Temporal_Context / Historical_Period / Contemporary,2,"[""qwen_groq"", ""gpt_oss_20b""]","[""gpt_oss_groq""]","[""Fiction"", ""Blind women"", ""Painters"", ""Friendship"", ""Americans"", ""France, fiction"", ""Paris (france), fiction"", ""Fiction, general"", ""Americans -- France -- Fiction."", ""Blind women -- Fiction."", ""Friendship -- Fiction."", ""Painters -- Fiction."", ""Paris (France) -- Fiction."", ""Romance"", ""Contemporary"", ""Novels"", ""Literature & Fiction""]","[{""decision"": ""MAINTAIN"", ""evidence_tags"": [""Contemporary""], ""justification"": ""The filtered tag 'Contemporary' explicitly supports the disputed path Temporal_Context / Historical_Period / Contemporary."", ""model"": ""qwen_groq""}, {""decision"": ""MAINTAIN"", ""evidence_tags"": [""Contemporary""], ""justification"": ""The tag 'Contemporary' directly supports the Contemporary historical period."", ""model"": ""gpt_oss_20b""}]","[{""decision"": ""ACCEPT"", ""evidence_tags"": [""Contemporary""], ""justification"": ""The tag 'Contemporary' directly matches the disputed temporal context."", ""model"": ""gpt_oss_groq""}]",MAINTAIN,ACCEPT,MAINTAIN,2of3_opponent_accepts,ACCEPT
9780374183899__metadata__Thematic_Metadata / Relationship_and_Social_Themes / Friendship,9780374183899,Last lovers,Metadata,Thematic_Metadata / Relationship_and_Social_Themes / Friendship,1,"[""gpt_oss_groq""]","[""qwen_groq"", ""gpt_oss_20b""]","[""Fiction"", ""Blind women"", ""Painters"", ""Friendship"", ""Americans"", ""France, fiction"", ""Paris (france), fiction"", ""Fiction, general"", ""Americans -- France -- Fiction."", ""Blind women -- Fiction."", ""Friendship -- Fiction."", ""Painters -- Fiction."", ""Paris (France) -- Fiction."", ""Romance"", ""Contemporary"", ""Novels"", ""Literature & Fiction""]","[{""decision"": ""MAINTAIN"", ""evidence_tags"": [""Friendship""], ""justification"": ""The tag \""Friendship\"" directly supports the Friendship thematic metadata."", ""model"": ""gpt_oss_groq""}]","[{""decision"": ""ACCEPT"", ""evidence_tags"": [""Friendship"", ""Friendship -- Fiction.""], ""justification"": ""The filtered tags explicitly include 'Friendship' and 'Friendship -- Fiction', directly supporting the disputed metadata path."", ""model"": ""qwen_groq""}, {""decision"": ""ACCEPT"", ""evidence_tags"": [""Friendship""], ""justification"": ""The tag \""Friendship\"" directly supports the Friendship thematic metadata."", ""model"": ""gpt_oss_20b""}]",ACCEPT,MAINTAIN,ACCEPT,1of3_both_opponents_accept,ACCEPT
9780374183899__metadata__Thematic_Metadata / Relationship_and_Social_Themes / Friendship / Friendship,9780374183899,Last lovers,Metadata,Thematic_Metadata / Relationship_and_Social_Themes / Friendship / Friendship,2,"[""qwen_groq"", ""gpt_oss_20b""]","[""gpt_oss_groq""]","[""Fiction"", ""Blind women"", ""Painters"", ""Friendship"", ""Americans"", ""France, fiction"", ""Paris (france), fiction"", ""Fiction, general"", ""Americans -- France -- Fiction."", ""Blind women -- Fiction."", ""Friendship -- Fiction."", ""Painters -- Fiction."", ""Paris (France) -- Fiction."", ""Romance"", ""Contemporary"", ""Novels"", ""Literature & Fiction""]","[{""decision"": ""MAINTAIN"", ""evidence_tags"": [""Friendship"", ""Friendship -- Fiction.""], ""justification"": ""The filtered tags explicitly include 'Friendship' and 'Friendship -- Fiction', directly supporting the disputed metadata path."", ""model"": ""qwen_groq""}, {""decision"": ""MAINTAIN"", ""evidence_tags"": [""Friendship"", ""Friendship -- Fiction.""], ""justification"": ""The tags explicitly include 'Friendship', supporting the Friendship theme."", ""model"": ""gpt_oss_20b""}]","[{""decision"": ""ACCEPT"", ""evidence_tags"": [""Friendship"", ""Friendship -- Fiction.""], ""justification"": ""The filtered tags explicitly contain 'Friendship' and 'Friendship -- Fiction.', directly supporting the disputed path."", ""model"": ""gpt_oss_groq""}]",MAINTAIN,ACCEPT,MAINTAIN,2of3_opponent_accepts,ACCEPT
9780374311902__genre__Fiction,9780374311902,Cat and mouse in the night,Genre,Fiction,2,"[""qwen_groq"", ""gpt_oss_20b""]","[""gpt_oss_groq""]","[""Fiction"", ""Mice"", ""Cats"", ""Night"", ""Children's fiction"", ""Picture Books"", ""Children's Books"", ""Growing Up & Facts of Life"", ""Family Life"", ""Sleep""]","[{""decision"": ""MAINTAIN"", ""evidence_tags"": [""Fiction"", ""Children's fiction""], ""justification"": ""The filtered tags explicitly include 'Fiction' and 'Children's fiction', directly supporting the disputed genre path."", ""model"": ""qwen_groq""}, {""decision"": ""MAINTAIN"", ""evidence_tags"": [""Children's fiction""], ""justification"": ""The tag 'Children's fiction' directly supports the genre 'Fiction'."", ""model"": ""gpt_oss_20b""}]","[{""decision"": ""ACCEPT"", ""evidence_tags"": [""Fiction""], ""justification"": ""The filtered tags contain the explicit tag 'Fiction', directly supporting the disputed genre path."", ""model"": ""gpt_oss_groq""}]",MAINTAIN,ACCEPT,MAINTAIN,2of3_opponent_accepts,ACCEPT
9780374413392__genre__Fiction,9780374413392,Coming About,Genre,Fiction,2,"[""qwen_groq"", ""gpt_oss_20b""]","[""gpt_oss_groq""]","[""Children's fiction"", ""Sailing, fiction"", ""Fiction"", ""Friendship"", ""Schools"", ""Children: Young Adult (Gr. 10-12)""]","[{""decision"": ""MAINTAIN"", ""evidence_tags"": [""Fiction"", ""Children's fiction"", ""Sailing, fiction""], ""justification"": ""The filtered tags explicitly include 'Fiction' and specific fiction sub-genres, directly supporting the disputed path."", ""model"": ""qwen_groq""}, {""decision"": ""MAINTAIN"", ""evidence_tags"": [""Fiction""], ""justification"": ""The tag \""Fiction\"" directly supports the genre path."", ""model"": ""gpt_oss_20b""}]","[{""decision"": ""ACCEPT"", ""evidence_tags"": [""Fiction""], ""justification"": ""The filtered tags contain the exact tag \""Fiction\"" supporting the disputed genre path."", ""model"": ""gpt_oss_groq""}]",MAINTAIN,ACCEPT,MAINTAIN,2of3_opponent_accepts,ACCEPT
9780374413392__metadata__Audience / Age_Group / Young_Adult,9780374413392,Coming About,Metadata,Audience / Age_Group / Young_Adult,1,"[""gpt_oss_groq""]","[""qwen_groq"", ""gpt_oss_20b""]","[""Children's fiction"", ""Sailing, fiction"", ""Fiction"", ""Friendship"", ""Schools"", ""Children: Young Adult (Gr. 10-12)""]","[{""decision"": ""MAINTAIN"", ""evidence_tags"": [""Children: Young Adult (Gr. 10-12)""], ""justification"": ""The tag explicitly identifies the audience as Young Adult."", ""model"": ""gpt_oss_groq""}]","[{""decision"": ""ACCEPT"", ""evidence_tags"": [""Children: Young Adult (Gr. 10-12)""], ""justification"": ""The filtered tag 'Children: Young Adult (Gr. 10-12)' explicitly identifies the audience as Young Adult."", ""model"": ""qwen_groq""}, {""decision"": ""ACCEPT"", ""evidence_tags"": [""Children: Young Adult (Gr. 10-12)""], ""justification"": ""The tag explicitly identifies the audience as Young Adult."", ""model"": ""gpt_oss_20b""}]",ACCEPT,MAINTAIN,ACCEPT,1of3_both_opponents_accept,ACCEPT
9780374413392__metadata__Audience / Age_Group / Young_Adult / Young Adult Audience,9780374413392,Coming About,Metadata,Audience / Age_Group / Young_Adult / Young Adult Audience,2,"[""qwen_groq"", ""gpt_oss_20b""]","[""gpt_oss_groq""]","[""Children's fiction"", ""Sailing, fiction"", ""Fiction"", ""Friendship"", ""Schools"", ""Children: Young Adult (Gr. 10-12)""]","[{""decision"": ""MAINTAIN"", ""evidence_tags"": [""Children: Young Adult (Gr. 10-12)""], ""justification"": ""The filtered tag 'Children: Young Adult (Gr. 10-12)' explicitly supports the Young Adult audience classification."", ""model"": ""qwen_groq""}, {""decision"": ""MAINTAIN"", ""evidence_tags"": [""Children: Young Adult (Gr. 10-12)""], ""justification"": ""The tag explicitly identifies the book as for young adults."", ""model"": ""gpt_oss_20b""}]","[{""decision"": ""ACCEPT"", ""evidence_tags"": [""Children: Young Adult (Gr. 10-12)""], ""justification"": ""The tag explicitly identifies the book as for young adults."", ""model"": ""gpt_oss_groq""}]",MAINTAIN,ACCEPT,MAINTAIN,2of3_opponent_accepts,ACCEPT
9780374413392__metadata__Thematic_Metadata / Relationship_and_Social_Themes / Friendship / Friendship,9780374413392,Coming About,Metadata,Thematic_Metadata / Relationship_and_Social_Themes / Friendship / Friendship,2,"[""qwen_groq"", ""gpt_oss_20b""]","[""gpt_oss_groq""]","[""Children's fiction"", ""Sailing, fiction"", ""Fiction"", ""Friendship"", ""Schools"", ""Children: Young Adult (Gr. 10-12)""]","[{""decision"": ""MAINTAIN"", ""evidence_tags"": [""Friendship""], ""justification"": ""The filtered tag 'Friendship' explicitly supports the disputed metadata path."", ""model"": ""qwen_groq""}, {""decision"": ""MAINTAIN"", ""evidence_tags"": [""Friendship""], ""justification"": ""The tag \""Friendship\"" directly supports the Friendship theme."", ""model"": ""gpt_oss_20b""}]","[{""decision"": ""ACCEPT"", ""evidence_tags"": [""Friendship""], ""justification"": ""The filtered tag \""Friendship\"" directly supports the Friendship thematic path."", ""model"": ""gpt_oss_groq""}]",MAINTAIN,ACCEPT,MAINTAIN,2of3_opponent_accepts,ACCEPT
9780374424442__genre__Fiction,9780374424442,For the life of Laetitia,Genre,Fiction,2,"[""qwen_groq"", ""gpt_oss_20b""]","[""gpt_oss_groq""]","[""Children's fiction"", ""Schools, fiction"", ""Family life, fiction"", ""Caribbean area, fiction"", ""Coming Of Age"", ""Teen"", ""Fiction""]","[{""decision"": ""MAINTAIN"", ""evidence_tags"": [""Fiction""], ""justification"": ""The filtered tag 'Fiction' directly supports the disputed genre path."", ""model"": ""qwen_groq""}, {""decision"": ""MAINTAIN"", ""evidence_tags"": [""Fiction""], ""justification"": ""The tag \""Fiction\"" directly supports the disputed genre path."", ""model"": ""gpt_oss_20b""}]","[{""decision"": ""ACCEPT"", ""evidence_tags"": [""Fiction""], ""justification"": ""The filtered tag \""Fiction\"" directly supports the disputed genre path."", ""model"": ""gpt_oss_groq""}]",MAINTAIN,ACCEPT,MAINTAIN,2of3_opponent_accepts,ACCEPT
9780374424442__metadata__Audience / Age_Group / Teen,9780374424442,For the life of Laetitia,Metadata,Audience / Age_Group / Teen,1,"[""gpt_oss_groq""]","[""qwen_groq"", ""gpt_oss_20b""]","[""Children's fiction"", ""Schools, fiction"", ""Family life, fiction"", ""Caribbean area, fiction"", ""Coming Of Age"", ""Teen"", ""Fiction""]","[{""decision"": ""MAINTAIN"", ""evidence_tags"": [""Teen""], ""justification"": ""The tag \""Teen\"" directly indicates the teen age group."", ""model"": ""gpt_oss_groq""}]","[{""decision"": ""ACCEPT"", ""evidence_tags"": [""Teen""], ""justification"": ""The filtered tag \""Teen\"" explicitly supports the metadata path Audience / Age_Group / Teen."", ""model"": ""qwen_groq""}, {""decision"": ""ACCEPT"", ""evidence_tags"": [""Teen""], ""justification"": ""The tag \""Teen\"" explicitly indicates the teen age group."", ""model"": ""gpt_oss_20b""}]",ACCEPT,MAINTAIN,ACCEPT,1of3_both_opponents_accept,ACCEPT
9780374424442__metadata__Audience / Age_Group / Teen / Teen Audience,9780374424442,For the life of Laetitia,Metadata,Audience / Age_Group / Teen / Teen Audience,2,"[""qwen_groq"", ""gpt_oss_20b""]","[""gpt_oss_groq""]","[""Children's fiction"", ""Schools, fiction"", ""Family life, fiction"", ""Caribbean area, fiction"", ""Coming Of Age"", ""Teen"", ""Fiction""]","[{""decision"": ""MAINTAIN"", ""evidence_tags"": [""Teen""], ""justification"": ""The filtered tag 'Teen' explicitly supports the audience classification."", ""model"": ""qwen_groq""}, {""decision"": ""MAINTAIN"", ""evidence_tags"": [""Teen""], ""justification"": ""The tag \""Teen\"" directly indicates a teen audience."", ""model"": ""gpt_oss_20b""}]","[{""decision"": ""ACCEPT"", ""evidence_tags"": [""Teen""], ""justification"": ""The filtered tag \""Teen\"" explicitly indicates a teen audience."", ""model"": ""gpt_oss_groq""}]",MAINTAIN,ACCEPT,MAINTAIN,2of3_opponent_accepts,ACCEPT
9780374427672__genre__Fiction / Mystery,9780374427672,Goody Hall,Genre,Fiction / Mystery,1,"[""qwen_groq""]","[""gpt_oss_groq"", ""gpt_oss_20b""]","[""Juvenile fiction"", ""Detective and mystery stories"", ""Mystery and detective stories"", ""Reading Level-Grade 5"", ""Reading Level-Grade 4"", ""Reading Level-Grade 7"", ""Reading Level-Grade 6"", ""Children's fiction"", ""Mystery"", ""Middle Grade"", ""Fiction"", ""Childrens"", ""Juvenile"", ""Reading Level-Grade 8""]","[{""decision"": ""MAINTAIN"", ""evidence_tags"": [""Fiction"", ""Mystery""], ""justification"": ""The filtered tags explicitly include both 'Fiction' and 'Mystery', directly supporting the disputed genre path."", ""model"": ""qwen_groq""}]","[{""decision"": ""ACCEPT"", ""evidence_tags"": [""Fiction"", ""Mystery""], ""justification"": ""The filtered tags include both 'Fiction' and 'Mystery', directly supporting the disputed genre path."", ""model"": ""gpt_oss_groq""}, {""decision"": ""ACCEPT"", ""evidence_tags"": [""Fiction"", ""Mystery""], ""justification"": ""Both 'Fiction' and 'Mystery' tags directly support the disputed genre path."", ""model"": ""gpt_oss_20b""}]",MAINTAIN,ACCEPT,ACCEPT,1of3_both_opponents_accept,ACCEPT
9780374427672__genre__Fiction / Mystery / Detective Mystery,9780374427672,Goody Hall,Genre,Fiction / Mystery / Detective Mystery,2,"[""qwen_groq"", ""gpt_oss_groq""]","[""gpt_oss_20b""]","[""Juvenile fiction"", ""Detective and mystery stories"", ""Mystery and detective stories"", ""Reading Level-Grade 5"", ""Reading Level-Grade 4"", ""Reading Level-Grade 7"", ""Reading Level-Grade 6"", ""Children's fiction"", ""Mystery"", ""Middle Grade"", ""Fiction"", ""Childrens"", ""Juvenile"", ""Reading Level-Grade 8""]","[{""decision"": ""MAINTAIN"", ""evidence_tags"": [""Detective and mystery stories"", ""Mystery and detective stories"", ""Mystery""], ""justification"": ""The filtered tags explicitly include 'Detective and mystery stories' and 'Mystery', which directly support the disputed genre path of Fiction / Mystery / Detective Mystery."", ""model"": ""qwen_groq""}, {""decision"": ""MAINTAIN"", ""evidence_tags"": [""Fiction"", ""Detective and mystery stories""], ""justification"": ""The tags include both Fiction and Detective/Mystery categories, directly supporting the disputed path."", ""model"": ""gpt_oss_groq""}]","[{""decision"": ""ACCEPT"", ""evidence_tags"": [""Detective and mystery stories"", ""Mystery and detective stories"", ""Mystery"", ""Fiction""], ""justification"": ""The tags explicitly include detective mystery and fiction categories."", ""model"": ""gpt_oss_20b""}]",MAINTAIN,MAINTAIN,ACCEPT,2of3_opponent_accepts,ACCEPT
9780375806025__genre__Fiction,9780375806025,Arthur's first kiss,Genre,Fiction,2,"[""qwen_groq"", ""gpt_oss_20b""]","[""gpt_oss_groq""]","[""Fiction"", ""Animals"", ""Brothers and sisters"", ""Toy and movable books"", ""Aardvark"", ""Parties"", ""Kissing"", ""Juvenile fiction"", ""Arthur (Fictitious character : Brown)"", ""Brothers and sisters, fiction"", ""Children's fiction"", ""Aardvark, fiction"", ""Arthur (fictitious character : brown), fiction"", ""Parties, fiction"", ""Animals, fiction"", ""Kissing -- Fiction"", ""Brothers and sisters -- Fiction"", ""Picture Books"", ""2nd Grade"", ""Children's Books"", ""Growing Up & Facts of Life"", ""Family Life"", ""New Experiences"", ""Aardvark -- Fiction"", ""Animals -- Fiction"", ""Parties -- Fiction""]","[{""decision"": ""MAINTAIN"", ""evidence_tags"": [""Fiction"", ""Juvenile fiction"", ""Children's fiction""], ""justification"": ""The filtered tags explicitly include 'Fiction', 'Juvenile fiction', and 'Children's fiction', directly supporting the disputed genre path."", ""model"": ""qwen_groq""}, {""decision"": ""MAINTAIN"", ""evidence_tags"": [""Fiction""], ""justification"": ""The tag \""Fiction\"" directly supports the genre path."", ""model"": ""gpt_oss_20b""}]","[{""decision"": ""ACCEPT"", ""evidence_tags"": [""Fiction""], ""justification"": ""The tag \""Fiction\"" directly supports the disputed genre path."", ""model"": ""gpt_oss_groq""}]",MAINTAIN,ACCEPT,MAINTAIN,2of3_opponent_accepts,ACCEPT
9780380677023__genre__Fiction,9780380677023,Hunter in the dark.,Genre,Fiction,2,"[""qwen_groq"", ""gpt_oss_20b""]","[""gpt_oss_groq""]","[""Fiction"", ""Adventure and adventurers, fiction"", ""Hunting, fiction"", ""Young Adult"", ""Children's fiction""]","[{""decision"": ""MAINTAIN"", ""evidence_tags"": [""Fiction""], ""justification"": ""The filtered tag 'Fiction' directly supports the disputed genre path."", ""model"": ""qwen_groq""}, {""decision"": ""MAINTAIN"", ""evidence_tags"": [""Fiction""], ""justification"": ""The tag \""Fiction\"" directly supports the genre path."", ""model"": ""gpt_oss_20b""}]","[{""decision"": ""ACCEPT"", ""evidence_tags"": [""Fiction""], ""justification"": ""The filtered tag \""Fiction\"" directly supports the disputed genre path."", ""model"": ""gpt_oss_groq""}]",MAINTAIN,ACCEPT,MAINTAIN,2of3_opponent_accepts,ACCEPT
9780380677023__genre__Fiction / Adventure,9780380677023,Hunter in the dark.,Genre,Fiction / Adventure,1,"[""gpt_oss_20b""]","[""qwen_groq"", ""gpt_oss_groq""]","[""Fiction"", ""Adventure and adventurers, fiction"", ""Hunting, fiction"", ""Young Adult"", ""Children's fiction""]","[{""decision"": ""MAINTAIN"", ""evidence_tags"": [""Fiction"", ""Adventure and adventurers, fiction""], ""justification"": ""Both Fiction and Adventure are present in the filtered tags."", ""model"": ""gpt_oss_20b""}]","[{""decision"": ""ACCEPT"", ""evidence_tags"": [""Fiction"", ""Adventure and adventurers, fiction""], ""justification"": ""The filtered tags explicitly include 'Fiction' and 'Adventure and adventurers, fiction', directly supporting the disputed genre path."", ""model"": ""qwen_groq""}, {""decision"": ""ACCEPT"", ""evidence_tags"": [""Fiction"", ""Adventure and adventurers, fiction""], ""justification"": ""Filtered tags include both Fiction and Adventure within fiction, directly supporting the path."", ""model"": ""gpt_oss_groq""}]",ACCEPT,ACCEPT,MAINTAIN,1of3_both_opponents_accept,ACCEPT
9780380677023__genre__Fiction / Adventure / General Adventure Fiction / Adventure Fiction,9780380677023,Hunter in the dark.,Genre,Fiction / Adventure / General Adventure Fiction / Adventure Fiction,2,"[""qwen_groq"", ""gpt_oss_groq""]","[""gpt_oss_20b""]","[""Fiction"", ""Adventure and adventurers, fiction"", ""Hunting, fiction"", ""Young Adult"", ""Children's fiction""]","[{""decision"": ""MAINTAIN"", ""evidence_tags"": [""Adventure and adventurers, fiction""], ""justification"": ""The tag 'Adventure and adventurers, fiction' directly supports the classification of the book as Adventure Fiction."", ""model"": ""qwen_groq""}, {""decision"": ""MAINTAIN"", ""evidence_tags"": [""Adventure and adventurers, fiction""], ""justification"": ""The tag directly indicates adventure fiction."", ""model"": ""gpt_oss_groq""}]","[{""decision"": ""ACCEPT"", ""evidence_tags"": [""Adventure and adventurers, fiction""], ""justification"": ""The tag directly indicates adventure fiction."", ""model"": ""gpt_oss_20b""}]",MAINTAIN,MAINTAIN,ACCEPT,2of3_opponent_accepts,ACCEPT
9780380704972__genre__Fiction,9780380704972,Josie Gambit,Genre,Fiction,1,"[""qwen_groq""]","[""gpt_oss_groq"", ""gpt_oss_20b""]","[""Children's fiction"", ""Mystery and detective stories"", ""Fiction""]","[{""decision"": ""MAINTAIN"", ""evidence_tags"": [""Fiction""], ""justification"": ""The filtered tag 'Fiction' directly matches the disputed genre path."", ""model"": ""qwen_groq""}]","[{""decision"": ""ACCEPT"", ""evidence_tags"": [""Fiction""], ""justification"": ""The filtered tag 'Fiction' directly matches the disputed genre path."", ""model"": ""gpt_oss_groq""}, {""decision"": ""ACCEPT"", ""evidence_tags"": [""Fiction""], ""justification"": ""The filtered tag 'Fiction' directly matches the disputed genre path."", ""model"": ""gpt_oss_20b""}]",MAINTAIN,ACCEPT,ACCEPT,1of3_both_opponents_accept,ACCEPT
9780380707300__genre__Fiction,9780380707300,Desert Stake-Out,Genre,Fiction,1,"[""qwen_groq""]","[""gpt_oss_groq"", ""gpt_oss_20b""]","[""Fiction, mystery & detective, general"", ""Westerns"", ""Genre Fiction""]","[{""decision"": ""MAINTAIN"", ""evidence_tags"": [""Fiction, mystery & detective, general"", ""Genre Fiction""], ""justification"": ""The filtered tags explicitly include 'Fiction' as the primary category and 'Genre Fiction', directly supporting the disputed path."", ""model"": ""qwen_groq""}]","[{""decision"": ""ACCEPT"", ""evidence_tags"": [""Fiction, mystery & detective, general"", ""Genre Fiction""], ""justification"": ""The filtered tags explicitly contain 'Fiction' and 'Genre Fiction', directly supporting the disputed path."", ""model"": ""gpt_oss_groq""}, {""decision"": ""ACCEPT"", ""evidence_tags"": [""Fiction, mystery & detective, general""], ""justification"": ""The tag 'Fiction, mystery & detective, general' explicitly includes Fiction."", ""model"": ""gpt_oss_20b""}]",MAINTAIN,ACCEPT,ACCEPT,1of3_both_opponents_accept,ACCEPT
9780380707300__genre__Fiction / Mystery,9780380707300,Desert Stake-Out,Genre,Fiction / Mystery,1,"[""gpt_oss_20b""]","[""qwen_groq"", ""gpt_oss_groq""]","[""Fiction, mystery & detective, general"", ""Westerns"", ""Genre Fiction""]","[{""decision"": ""MAINTAIN"", ""evidence_tags"": [""Fiction, mystery & detective, general""], ""justification"": ""The tag explicitly indicates fiction with mystery and detective elements."", ""model"": ""gpt_oss_20b""}]","[{""decision"": ""ACCEPT"", ""evidence_tags"": [""Fiction, mystery & detective, general""], ""justification"": ""The filtered tag 'Fiction, mystery & detective, general' directly supports the genre path 'Fiction / Mystery'."", ""model"": ""qwen_groq""}, {""decision"": ""ACCEPT"", ""evidence_tags"": [""Fiction, mystery & detective, general""], ""justification"": ""The tag explicitly includes mystery within fiction."", ""model"": ""gpt_oss_groq""}]",ACCEPT,ACCEPT,MAINTAIN,1of3_both_opponents_accept,ACCEPT
9780380709229__genre__Fiction / Romance,9780380709229,The Luckiest Girl,Genre,Fiction / Romance,1,"[""gpt_oss_groq""]","[""qwen_groq"", ""gpt_oss_20b""]","[""Fiction"", ""Teenage girls"", ""Love, fiction"", ""Teenagers"", ""Young Adult"", ""Romance"", ""Realistic Fiction"", ""California, fiction"", ""Girls, fiction""]","[{""decision"": ""MAINTAIN"", ""evidence_tags"": [""Fiction"", ""Romance""], ""justification"": ""Both 'Fiction' and 'Romance' tags directly support the disputed path."", ""model"": ""gpt_oss_groq""}]","[{""decision"": ""ACCEPT"", ""evidence_tags"": [""Fiction"", ""Romance""], ""justification"": ""The filtered tags explicitly include both 'Fiction' and 'Romance', directly supporting the disputed genre path."", ""model"": ""qwen_groq""}, {""decision"": ""ACCEPT"", ""evidence_tags"": [""Fiction"", ""Romance""], ""justification"": ""Both tags directly support the Fiction/Romance path."", ""model"": ""gpt_oss_20b""}]",ACCEPT,MAINTAIN,ACCEPT,1of3_both_opponents_accept,ACCEPT
9780380709229__metadata__Audience / Age_Group / Young_Adult,9780380709229,The Luckiest Girl,Metadata,Audience / Age_Group / Young_Adult,1,"[""gpt_oss_groq""]","[""qwen_groq"", ""gpt_oss_20b""]","[""Fiction"", ""Teenage girls"", ""Love, fiction"", ""Teenagers"", ""Young Adult"", ""Romance"", ""Realistic Fiction"", ""California, fiction"", ""Girls, fiction""]","[{""decision"": ""MAINTAIN"", ""evidence_tags"": [""Young Adult""], ""justification"": ""The tag \""Young Adult\"" directly supports the disputed audience path."", ""model"": ""gpt_oss_groq""}]","[{""decision"": ""ACCEPT"", ""evidence_tags"": [""Young Adult""], ""justification"": ""The filtered tag \""Young Adult\"" explicitly supports the disputed audience path."", ""model"": ""qwen_groq""}, {""decision"": ""ACCEPT"", ""evidence_tags"": [""Young Adult""], ""justification"": ""The tag \""Young Adult\"" directly supports the audience path."", ""model"": ""gpt_oss_20b""}]",ACCEPT,MAINTAIN,ACCEPT,1of3_both_opponents_accept,ACCEPT
9780380709229__metadata__Audience / Age_Group / Young_Adult / Young Adult Audience,9780380709229,The Luckiest Girl,Metadata,Audience / Age_Group / Young_Adult / Young Adult Audience,2,"[""qwen_groq"", ""gpt_oss_20b""]","[""gpt_oss_groq""]","[""Fiction"", ""Teenage girls"", ""Love, fiction"", ""Teenagers"", ""Young Adult"", ""Romance"", ""Realistic Fiction"", ""California, fiction"", ""Girls, fiction""]","[{""decision"": ""MAINTAIN"", ""evidence_tags"": [""Young Adult""], ""justification"": ""The filtered tag 'Young Adult' explicitly supports the disputed metadata path."", ""model"": ""qwen_groq""}, {""decision"": ""MAINTAIN"", ""evidence_tags"": [""Young Adult""], ""justification"": ""The tag 'Young Adult' explicitly indicates the audience."", ""model"": ""gpt_oss_20b""}]","[{""decision"": ""ACCEPT"", ""evidence_tags"": [""Young Adult""], ""justification"": ""The tag \""Young Adult\"" explicitly indicates the young adult audience."", ""model"": ""gpt_oss_groq""}]",MAINTAIN,ACCEPT,MAINTAIN,2of3_opponent_accepts,ACCEPT
9780380709229__metadata__Thematic_Metadata / Relationship_and_Social_Themes / Love_and_Intimacy,9780380709229,The Luckiest Girl,Metadata,Thematic_Metadata / Relationship_and_Social_Themes / Love_and_Intimacy,1,"[""gpt_oss_groq""]","[""qwen_groq"", ""gpt_oss_20b""]","[""Fiction"", ""Teenage girls"", ""Love, fiction"", ""Teenagers"", ""Young Adult"", ""Romance"", ""Realistic Fiction"", ""California, fiction"", ""Girls, fiction""]","[{""decision"": ""MAINTAIN"", ""evidence_tags"": [""Love, fiction""], ""justification"": ""The tag \""Love, fiction\"" directly references love, supporting the love and intimacy theme."", ""model"": ""gpt_oss_groq""}]","[{""decision"": ""ACCEPT"", ""evidence_tags"": [""Love, fiction""], ""justification"": ""The tag \""Love, fiction\"" explicitly supports the Love_and_Intimacy thematic path."", ""model"": ""qwen_groq""}, {""decision"": ""ACCEPT"", ""evidence_tags"": [""Love, fiction""], ""justification"": ""The tag \""Love, fiction\"" explicitly references love, supporting the Love_and_Intimacy theme."", ""model"": ""gpt_oss_20b""}]",ACCEPT,MAINTAIN,ACCEPT,1of3_both_opponents_accept,ACCEPT
9780380709229__metadata__Thematic_Metadata / Relationship_and_Social_Themes / Love_and_Intimacy / Love,9780380709229,The Luckiest Girl,Metadata,Thematic_Metadata / Relationship_and_Social_Themes / Love_and_Intimacy / Love,2,"[""qwen_groq"", ""gpt_oss_20b""]","[""gpt_oss_groq""]","[""Fiction"", ""Teenage girls"", ""Love, fiction"", ""Teenagers"", ""Young Adult"", ""Romance"", ""Realistic Fiction"", ""California, fiction"", ""Girls, fiction""]","[{""decision"": ""MAINTAIN"", ""evidence_tags"": [""Love, fiction"", ""Romance""], ""justification"": ""The filtered tags explicitly include 'Love, fiction' and 'Romance', directly supporting the Love metadata path."", ""model"": ""qwen_groq""}, {""decision"": ""MAINTAIN"", ""evidence_tags"": [""Love, fiction""], ""justification"": ""The tag 'Love, fiction' explicitly supports the Love theme."", ""model"": ""gpt_oss_20b""}]","[{""decision"": ""ACCEPT"", ""evidence_tags"": [""Love, fiction"", ""Romance""], ""justification"": ""The filtered tags explicitly include love-related categories."", ""model"": ""gpt_oss_groq""}]",MAINTAIN,ACCEPT,MAINTAIN,2of3_opponent_accepts,ACCEPT
9780380718269__genre__Fiction / Science Fiction,9780380718269,Me Two,Genre,Fiction / Science Fiction,2,"[""gpt_oss_groq"", ""gpt_oss_20b""]","[""qwen_groq""]","[""Science fiction"", ""Juvenile fiction"", ""Children's fiction"", ""Boys, fiction""]","[{""decision"": ""MAINTAIN"", ""evidence_tags"": [""Science fiction""], ""justification"": ""The tag \""Science fiction\"" directly supports the Science Fiction genre."", ""model"": ""gpt_oss_groq""}, {""decision"": ""MAINTAIN"", ""evidence_tags"": [""Science fiction""], ""justification"": ""The tag \""Science fiction\"" directly supports the disputed genre path."", ""model"": ""gpt_oss_20b""}]","[{""decision"": ""ACCEPT"", ""evidence_tags"": [""Science fiction""], ""justification"": ""The filtered tag \""Science fiction\"" directly supports the disputed genre path."", ""model"": ""qwen_groq""}]",ACCEPT,MAINTAIN,MAINTAIN,2of3_opponent_accepts,ACCEPT
9780380718269__genre__Fiction / Science Fiction / General Science Fiction / Science Fiction,9780380718269,Me Two,Genre,Fiction / Science Fiction / General Science Fiction / Science Fiction,1,"[""qwen_groq""]","[""gpt_oss_groq"", ""gpt_oss_20b""]","[""Science fiction"", ""Juvenile fiction"", ""Children's fiction"", ""Boys, fiction""]","[{""decision"": ""MAINTAIN"", ""evidence_tags"": [""Science fiction""], ""justification"": ""The filtered tag 'Science fiction' directly supports the disputed genre path."", ""model"": ""qwen_groq""}]","[{""decision"": ""ACCEPT"", ""evidence_tags"": [""Science fiction""], ""justification"": ""The filtered tag 'Science fiction' directly matches the disputed genre path."", ""model"": ""gpt_oss_groq""}, {""decision"": ""ACCEPT"", ""evidence_tags"": [""Science fiction""], ""justification"": ""The tag 'Science fiction' directly supports the disputed genre path."", ""model"": ""gpt_oss_20b""}]",MAINTAIN,ACCEPT,ACCEPT,1of3_both_opponents_accept,ACCEPT
9780380724994__genre__Fiction,9780380724994,B.J.'s Billion-Dollar Bet,Genre,Fiction,2,"[""qwen_groq"", ""gpt_oss_20b""]","[""gpt_oss_groq""]","[""Fiction"", ""Lotteries -- Fiction."", ""Wagers"", ""Friendship, fiction"", ""Children's 9-12"", ""Lotteries""]","[{""decision"": ""MAINTAIN"", ""evidence_tags"": [""Fiction"", ""Lotteries -- Fiction."", ""Friendship, fiction""], ""justification"": ""The filtered tags explicitly include 'Fiction' and specific fiction sub-genres such as 'Lotteries -- Fiction.' and 'Friendship, fiction', directly supporting the disputed path."", ""model"": ""qwen_groq""}, {""decision"": ""MAINTAIN"", ""evidence_tags"": [""Fiction""], ""justification"": ""The tag \""Fiction\"" directly supports the genre path."", ""model"": ""gpt_oss_20b""}]","[{""decision"": ""ACCEPT"", ""evidence_tags"": [""Fiction""], ""justification"": ""The filtered tag \""Fiction\"" directly supports the disputed genre path."", ""model"": ""gpt_oss_groq""}]",MAINTAIN,ACCEPT,MAINTAIN,2of3_opponent_accepts,ACCEPT
9780380724994__metadata__Thematic_Metadata / Relationship_and_Social_Themes / Friendship,9780380724994,B.J.'s Billion-Dollar Bet,Metadata,Thematic_Metadata / Relationship_and_Social_Themes / Friendship,2,"[""qwen_groq"", ""gpt_oss_groq""]","[""gpt_oss_20b""]","[""Fiction"", ""Lotteries -- Fiction."", ""Wagers"", ""Friendship, fiction"", ""Children's 9-12"", ""Lotteries""]","[{""decision"": ""MAINTAIN"", ""evidence_tags"": [""Friendship, fiction""], ""justification"": ""The filtered tag 'Friendship, fiction' explicitly supports the metadata path for Friendship."", ""model"": ""qwen_groq""}, {""decision"": ""MAINTAIN"", ""evidence_tags"": [""Friendship, fiction""], ""justification"": ""The tag explicitly includes Friendship."", ""model"": ""gpt_oss_groq""}]","[{""decision"": ""ACCEPT"", ""evidence_tags"": [""Friendship, fiction""], ""justification"": ""The tag explicitly includes Friendship, supporting the path."", ""model"": ""gpt_oss_20b""}]",MAINTAIN,MAINTAIN,ACCEPT,2of3_opponent_accepts,ACCEPT
9780380724994__metadata__Thematic_Metadata / Relationship_and_Social_Themes / Friendship / Friendship,9780380724994,B.J.'s Billion-Dollar Bet,Metadata,Thematic_Metadata / Relationship_and_Social_Themes / Friendship / Friendship,1,"[""gpt_oss_20b""]","[""qwen_groq"", ""gpt_oss_groq""]","[""Fiction"", ""Lotteries -- Fiction."", ""Wagers"", ""Friendship, fiction"", ""Children's 9-12"", ""Lotteries""]","[{""decision"": ""MAINTAIN"", ""evidence_tags"": [""Friendship, fiction""], ""justification"": ""The tag 'Friendship, fiction' explicitly indicates a friendship theme."", ""model"": ""gpt_oss_20b""}]","[{""decision"": ""ACCEPT"", ""evidence_tags"": [""Friendship, fiction""], ""justification"": ""The filtered tag 'Friendship, fiction' explicitly supports the metadata path for Friendship."", ""model"": ""qwen_groq""}, {""decision"": ""ACCEPT"", ""evidence_tags"": [""Friendship, fiction""], ""justification"": ""The tag 'Friendship, fiction' directly indicates a friendship theme."", ""model"": ""gpt_oss_groq""}]",ACCEPT,ACCEPT,MAINTAIN,1of3_both_opponents_accept,ACCEPT
9780380725021__genre__Fiction,9780380725021,Their Kind of Town (A Chicago Mystery),Genre,Fiction,1,"[""qwen_groq""]","[""gpt_oss_groq"", ""gpt_oss_20b""]","[""Women journalists"", ""Fiction"", ""Police"", ""Fiction, mystery & detective, general"", ""Illinois, fiction"", ""Chicago (ill.), fiction""]","[{""decision"": ""MAINTAIN"", ""evidence_tags"": [""Fiction"", ""Fiction, mystery & detective, general"", ""Illinois, fiction"", ""Chicago (ill.), fiction""], ""justification"": ""The filtered tags explicitly include 'Fiction' and multiple sub-genres under fiction, directly supporting the disputed path."", ""model"": ""qwen_groq""}]","[{""decision"": ""ACCEPT"", ""evidence_tags"": [""Fiction""], ""justification"": ""The filtered tags contain the exact tag 'Fiction', directly supporting the disputed path."", ""model"": ""gpt_oss_groq""}, {""decision"": ""ACCEPT"", ""evidence_tags"": [""Fiction""], ""justification"": ""The filtered tags include the exact tag 'Fiction', directly supporting the disputed path."", ""model"": ""gpt_oss_20b""}]",MAINTAIN,ACCEPT,ACCEPT,1of3_both_opponents_accept,ACCEPT
9780380729371__genre__Fiction / Mystery,9780380729371,Black Hearts and Slow Dancing,Genre,Fiction / Mystery,2,"[""gpt_oss_groq"", ""gpt_oss_20b""]","[""qwen_groq""]","[""Fiction"", ""Mac Fontana (Fictitious character)"", ""Fire fighters"", ""Fiction, mystery & detective, general"", ""Washington (state), fiction"", ""Mystery"", ""Crime"", ""Mystery, Thriller & Suspense"", ""Hard-Boiled"", ""Fontana, mac (fictitious character), fiction""]","[{""decision"": ""MAINTAIN"", ""evidence_tags"": [""Fiction"", ""Mystery"", ""Fiction, mystery & detective, general""], ""justification"": ""Filtered tags include both Fiction and Mystery, directly supporting the disputed path."", ""model"": ""gpt_oss_groq""}, {""decision"": ""MAINTAIN"", ""evidence_tags"": [""Fiction, mystery & detective, general"", ""Mystery""], ""justification"": ""The tags explicitly include both Fiction and Mystery, supporting the path Fiction / Mystery."", ""model"": ""gpt_oss_20b""}]","[{""decision"": ""ACCEPT"", ""evidence_tags"": [""Fiction"", ""Mystery"", ""Fiction, mystery & detective, general""], ""justification"": ""The filtered tags explicitly include 'Fiction' and 'Mystery', directly supporting the disputed genre path."", ""model"": ""qwen_groq""}]",ACCEPT,MAINTAIN,MAINTAIN,2of3_opponent_accepts,ACCEPT
9780380729371__metadata__Thematic_Metadata / Conflict_and_Event_Themes / Crime_and_Justice / Crime,9780380729371,Black Hearts and Slow Dancing,Metadata,Thematic_Metadata / Conflict_and_Event_Themes / Crime_and_Justice / Crime,2,"[""qwen_groq"", ""gpt_oss_groq""]","[""gpt_oss_20b""]","[""Fiction"", ""Mac Fontana (Fictitious character)"", ""Fire fighters"", ""Fiction, mystery & detective, general"", ""Washington (state), fiction"", ""Mystery"", ""Crime"", ""Mystery, Thriller & Suspense"", ""Hard-Boiled"", ""Fontana, mac (fictitious character), fiction""]","[{""decision"": ""MAINTAIN"", ""evidence_tags"": [""Crime""], ""justification"": ""The filtered tag 'Crime' explicitly supports the disputed metadata path Crime_and_Justice / Crime."", ""model"": ""qwen_groq""}, {""decision"": ""MAINTAIN"", ""evidence_tags"": [""Crime""], ""justification"": ""The tag \""Crime\"" directly supports the Crime metadata path."", ""model"": ""gpt_oss_groq""}]","[{""decision"": ""ACCEPT"", ""evidence_tags"": [""Crime""], ""justification"": ""The tag \""Crime\"" directly supports the Crime metadata path."", ""model"": ""gpt_oss_20b""}]",MAINTAIN,MAINTAIN,ACCEPT,2of3_opponent_accepts,ACCEPT
9780380729821__genre__Fiction,9780380729821,Operation,Genre,Fiction,2,"[""qwen_groq"", ""gpt_oss_20b""]","[""gpt_oss_groq""]","[""Fiction"", ""Fiction, thrillers, espionage"", ""Women""]","[{""decision"": ""MAINTAIN"", ""evidence_tags"": [""Fiction"", ""Fiction, thrillers, espionage""], ""justification"": ""The filtered tags explicitly include 'Fiction' and 'Fiction, thrillers, espionage', directly supporting the disputed genre path."", ""model"": ""qwen_groq""}, {""decision"": ""MAINTAIN"", ""evidence_tags"": [""Fiction""], ""justification"": ""The tag \""Fiction\"" directly supports the disputed genre path."", ""model"": ""gpt_oss_20b""}]","[{""decision"": ""ACCEPT"", ""evidence_tags"": [""Fiction""], ""justification"": ""The filtered tag \""Fiction\"" directly supports the disputed genre path."", ""model"": ""gpt_oss_groq""}]",MAINTAIN,ACCEPT,MAINTAIN,2of3_opponent_accepts,ACCEPT
9780380731466__genre__Fiction,9780380731466,"Blood Artists, The",Genre,Fiction,1,"[""qwen_groq""]","[""gpt_oss_groq"", ""gpt_oss_20b""]","[""Fiction, medical"", ""Fiction, thrillers"", ""Horror"", ""Thriller"", ""Mystery"", ""Suspense"", ""Mystery Thriller"", ""Medical""]","[{""decision"": ""MAINTAIN"", ""evidence_tags"": [""Fiction, medical"", ""Fiction, thrillers""], ""justification"": ""The filtered tags explicitly include 'Fiction, medical' and 'Fiction, thrillers', which directly support the broader genre path of Fiction."", ""model"": ""qwen_groq""}]","[{""decision"": ""ACCEPT"", ""evidence_tags"": [""Fiction, medical"", ""Fiction, thrillers""], ""justification"": ""The filtered tags include specific Fiction subgenres, confirming the broader Fiction classification."", ""model"": ""gpt_oss_groq""}, {""decision"": ""ACCEPT"", ""evidence_tags"": [""Fiction, medical"", ""Fiction, thrillers""], ""justification"": ""Both tags explicitly contain the genre Fiction."", ""model"": ""gpt_oss_20b""}]",MAINTAIN,ACCEPT,ACCEPT,1of3_both_opponents_accept,ACCEPT
9780380731466__genre__Fiction / Thriller,9780380731466,"Blood Artists, The",Genre,Fiction / Thriller,2,"[""qwen_groq"", ""gpt_oss_groq""]","[""gpt_oss_20b""]","[""Fiction, medical"", ""Fiction, thrillers"", ""Horror"", ""Thriller"", ""Mystery"", ""Suspense"", ""Mystery Thriller"", ""Medical""]","[{""decision"": ""MAINTAIN"", ""evidence_tags"": [""Fiction, thrillers"", ""Thriller""], ""justification"": ""The filtered tags explicitly include 'Fiction, thrillers' and 'Thriller', directly supporting the disputed genre path."", ""model"": ""qwen_groq""}, {""decision"": ""MAINTAIN"", ""evidence_tags"": [""Fiction, thrillers""], ""justification"": ""The tag 'Fiction, thrillers' directly supports the Fiction / Thriller path."", ""model"": ""gpt_oss_groq""}]","[{""decision"": ""ACCEPT"", ""evidence_tags"": [""Fiction, thrillers"", ""Thriller""], ""justification"": ""Both tags directly indicate a thriller genre."", ""model"": ""gpt_oss_20b""}]",MAINTAIN,MAINTAIN,ACCEPT,2of3_opponent_accepts,ACCEPT
9780380752683__genre__Fiction,9780380752683,Remington No. 3,Genre,Fiction,1,"[""gpt_oss_groq""]","[""qwen_groq"", ""gpt_oss_20b""]","[""Fiction, westerns"", ""Westerns - General"", ""Fiction - Western""]","[{""decision"": ""MAINTAIN"", ""evidence_tags"": [""Fiction, westerns"", ""Fiction - Western""], ""justification"": ""Filtered tags explicitly include the term \""Fiction\""."", ""model"": ""gpt_oss_groq""}]","[{""decision"": ""ACCEPT"", ""evidence_tags"": [""Fiction, westerns"", ""Fiction - Western""], ""justification"": ""The filtered tags explicitly contain the term 'Fiction', directly supporting the disputed genre path."", ""model"": ""qwen_groq""}, {""decision"": ""ACCEPT"", ""evidence_tags"": [""Fiction, westerns"", ""Fiction - Western""], ""justification"": ""Both filtered tags contain the term \""Fiction\""."", ""model"": ""gpt_oss_20b""}]",ACCEPT,MAINTAIN,ACCEPT,1of3_both_opponents_accept,ACCEPT
9780380755530__genre__Fiction / Romance,9780380755530,Lovestorm,Genre,Fiction / Romance,1,"[""gpt_oss_20b""]","[""qwen_groq"", ""gpt_oss_groq""]","[""Fiction, general"", ""Romance""]","[{""decision"": ""MAINTAIN"", ""evidence_tags"": [""Fiction, general"", ""Romance""], ""justification"": ""Both Fiction and Romance are directly listed in the filtered tags."", ""model"": ""gpt_oss_20b""}]","[{""decision"": ""ACCEPT"", ""evidence_tags"": [""Fiction, general"", ""Romance""], ""justification"": ""The filtered tags explicitly list both 'Fiction, general' and 'Romance', directly supporting the disputed genre path."", ""model"": ""qwen_groq""}, {""decision"": ""ACCEPT"", ""evidence_tags"": [""Fiction, general"", ""Romance""], ""justification"": ""Both required tags appear in the filtered list."", ""model"": ""gpt_oss_groq""}]",ACCEPT,ACCEPT,MAINTAIN,1of3_both_opponents_accept,ACCEPT
9780380757022__metadata__Audience / Age_Group / Teen,9780380757022,Color war!,Metadata,Audience / Age_Group / Teen,1,"[""gpt_oss_groq""]","[""qwen_groq"", ""gpt_oss_20b""]","[""Camps"", ""Fiction"", ""Children's fiction"", ""Camping, fiction"", ""Young Adult"", ""Teen & Young Adult""]","[{""decision"": ""MAINTAIN"", ""evidence_tags"": [""Teen & Young Adult""], ""justification"": ""The tag explicitly includes 'Teen', supporting the teen audience classification."", ""model"": ""gpt_oss_groq""}]","[{""decision"": ""ACCEPT"", ""evidence_tags"": [""Teen & Young Adult""], ""justification"": ""The filtered tag 'Teen & Young Adult' explicitly contains the word 'Teen', directly supporting the Audience / Age_Group / Teen path."", ""model"": ""qwen_groq""}, {""decision"": ""ACCEPT"", ""evidence_tags"": [""Teen & Young Adult""], ""justification"": ""The tag explicitly includes 'Teen', supporting the teen audience classification."", ""model"": ""gpt_oss_20b""}]",ACCEPT,MAINTAIN,ACCEPT,1of3_both_opponents_accept,ACCEPT
9780380757022__metadata__Audience / Age_Group / Teen / Teen Audience,9780380757022,Color war!,Metadata,Audience / Age_Group / Teen / Teen Audience,2,"[""qwen_groq"", ""gpt_oss_20b""]","[""gpt_oss_groq""]","[""Camps"", ""Fiction"", ""Children's fiction"", ""Camping, fiction"", ""Young Adult"", ""Teen & Young Adult""]","[{""decision"": ""MAINTAIN"", ""evidence_tags"": [""Teen & Young Adult""], ""justification"": ""The filtered tag 'Teen & Young Adult' explicitly supports the classification of the audience as Teen."", ""model"": ""qwen_groq""}, {""decision"": ""MAINTAIN"", ""evidence_tags"": [""Young Adult"", ""Teen & Young Adult""], ""justification"": ""The tags explicitly include 'Young Adult' and 'Teen & Young Adult', indicating a teen audience."", ""model"": ""gpt_oss_20b""}]","[{""decision"": ""ACCEPT"", ""evidence_tags"": [""Teen & Young Adult"", ""Young Adult""], ""justification"": ""The filtered tags explicitly include 'Teen & Young Adult' and 'Young Adult', confirming a teen audience."", ""model"": ""gpt_oss_groq""}]",MAINTAIN,ACCEPT,MAINTAIN,2of3_opponent_accepts,ACCEPT
9780380759095__genre__Fiction,9780380759095,Looking for trouble,Genre,Fiction,2,"[""qwen_groq"", ""gpt_oss_20b""]","[""gpt_oss_groq""]","[""Fiction"", ""Camps"", ""Friendship"", ""Children, fiction"", ""Children's fiction"", ""Camps, fiction"", ""Middle Grade"", ""Children's Books""]","[{""decision"": ""MAINTAIN"", ""evidence_tags"": [""Fiction"", ""Children, fiction"", ""Children's fiction"", ""Camps, fiction""], ""justification"": ""The filtered tags explicitly include 'Fiction' and multiple specific fiction sub-genres, directly supporting the disputed path."", ""model"": ""qwen_groq""}, {""decision"": ""MAINTAIN"", ""evidence_tags"": [""Children, fiction"", ""Children's fiction""], ""justification"": ""The tags explicitly label the book as fiction for children."", ""model"": ""gpt_oss_20b""}]","[{""decision"": ""ACCEPT"", ""evidence_tags"": [""Fiction""], ""justification"": ""The filtered tags contain the exact tag 'Fiction', directly supporting the disputed path."", ""model"": ""gpt_oss_groq""}]",MAINTAIN,ACCEPT,MAINTAIN,2of3_opponent_accepts,ACCEPT
9780380759095__metadata__Thematic_Metadata / Relationship_and_Social_Themes / Friendship,9780380759095,Looking for trouble,Metadata,Thematic_Metadata / Relationship_and_Social_Themes / Friendship,2,"[""qwen_groq"", ""gpt_oss_groq""]","[""gpt_oss_20b""]","[""Fiction"", ""Camps"", ""Friendship"", ""Children, fiction"", ""Children's fiction"", ""Camps, fiction"", ""Middle Grade"", ""Children's Books""]","[{""decision"": ""MAINTAIN"", ""evidence_tags"": [""Friendship""], ""justification"": ""The filtered tag 'Friendship' explicitly supports the disputed metadata path."", ""model"": ""qwen_groq""}, {""decision"": ""MAINTAIN"", ""evidence_tags"": [""Friendship""], ""justification"": ""The tag \""Friendship\"" directly supports the Friendship thematic path."", ""model"": ""gpt_oss_groq""}]","[{""decision"": ""ACCEPT"", ""evidence_tags"": [""Friendship""], ""justification"": ""The tag 'Friendship' directly supports the Friendship thematic path."", ""model"": ""gpt_oss_20b""}]",MAINTAIN,MAINTAIN,ACCEPT,2of3_opponent_accepts,ACCEPT
9780380759095__metadata__Thematic_Metadata / Relationship_and_Social_Themes / Friendship / Friendship,9780380759095,Looking for trouble,Metadata,Thematic_Metadata / Relationship_and_Social_Themes / Friendship / Friendship,1,"[""gpt_oss_20b""]","[""qwen_groq"", ""gpt_oss_groq""]","[""Fiction"", ""Camps"", ""Friendship"", ""Children, fiction"", ""Children's fiction"", ""Camps, fiction"", ""Middle Grade"", ""Children's Books""]","[{""decision"": ""MAINTAIN"", ""evidence_tags"": [""Friendship""], ""justification"": ""The tag \""Friendship\"" directly supports the Friendship metadata path."", ""model"": ""gpt_oss_20b""}]","[{""decision"": ""ACCEPT"", ""evidence_tags"": [""Friendship""], ""justification"": ""The filtered tag 'Friendship' explicitly supports the metadata path Thematic_Metadata / Relationship_and_Social_Themes / Friendship / Friendship."", ""model"": ""qwen_groq""}, {""decision"": ""ACCEPT"", ""evidence_tags"": [""Friendship""], ""justification"": ""The tag \""Friendship\"" directly matches the disputed metadata path."", ""model"": ""gpt_oss_groq""}]",ACCEPT,ACCEPT,MAINTAIN,1of3_both_opponents_accept,ACCEPT
9780380761395__genre__Fiction,9780380761395,Dorrie's Book,Genre,Fiction,2,"[""qwen_groq"", ""gpt_oss_20b""]","[""gpt_oss_groq""]","[""Fiction"", ""Family life"", ""Children's stories"", ""Triplets"", ""Girls, fiction"", ""Children's fiction"", ""Middle Grade"", ""Children's Books""]","[{""decision"": ""MAINTAIN"", ""evidence_tags"": [""Fiction"", ""Children's fiction""], ""justification"": ""The filtered tags explicitly include 'Fiction' and 'Children's fiction', directly supporting the disputed genre path."", ""model"": ""qwen_groq""}, {""decision"": ""MAINTAIN"", ""evidence_tags"": [""Fiction""], ""justification"": ""The tag 'Fiction' directly supports the genre path."", ""model"": ""gpt_oss_20b""}]","[{""decision"": ""ACCEPT"", ""evidence_tags"": [""Fiction""], ""justification"": ""The filtered tags contain 'Fiction', directly supporting the disputed genre path."", ""model"": ""gpt_oss_groq""}]",MAINTAIN,ACCEPT,MAINTAIN,2of3_opponent_accepts,ACCEPT
9780380762217__genre__Nonfiction / Biography,9780380762217,What happened to Amelia Earhart?,Genre,Nonfiction / Biography,1,"[""gpt_oss_20b""]","[""qwen_groq"", ""gpt_oss_groq""]","[""Air pilots"", ""Juvenile literature"", ""Biography"", ""Women"", ""Earhart, amelia, 1898-1937"", ""Earhart, Amelia, 1897-1937 -- Juvenile literature."", ""Air pilots -- United States -- Biography -- Juvenile literature."", ""Children's Books""]","[{""decision"": ""MAINTAIN"", ""evidence_tags"": [""Biography""], ""justification"": ""The tag 'Biography' directly supports the nonfiction/biography genre path."", ""model"": ""gpt_oss_20b""}]","[{""decision"": ""ACCEPT"", ""evidence_tags"": [""Biography"", ""Air pilots -- United States -- Biography -- Juvenile literature.""], ""justification"": ""The filtered tags explicitly include 'Biography' and a specific subject heading for 'Biography', directly supporting the Nonfiction / Biography genre path."", ""model"": ""qwen_groq""}, {""decision"": ""ACCEPT"", ""evidence_tags"": [""Biography""], ""justification"": ""The tag 'Biography' directly confirms the nonfiction/biography genre."", ""model"": ""gpt_oss_groq""}]",ACCEPT,ACCEPT,MAINTAIN,1of3_both_opponents_accept,ACCEPT
9780380764044__genre__Fiction / Science Fiction,9780380764044,Fruit Blasterz from outer space,Genre,Fiction / Science Fiction,1,"[""gpt_oss_20b""]","[""qwen_groq"", ""gpt_oss_groq""]","[""Children's fiction"", ""Science fiction""]","[{""decision"": ""MAINTAIN"", ""evidence_tags"": [""Science fiction""], ""justification"": ""The tag \""Science fiction\"" directly supports the disputed genre path."", ""model"": ""gpt_oss_20b""}]","[{""decision"": ""ACCEPT"", ""evidence_tags"": [""Science fiction""], ""justification"": ""The filtered tag \""Science fiction\"" directly supports the disputed genre path."", ""model"": ""qwen_groq""}, {""decision"": ""ACCEPT"", ""evidence_tags"": [""Science fiction""], ""justification"": ""The tag \""Science fiction\"" directly supports the disputed genre path."", ""model"": ""gpt_oss_groq""}]",ACCEPT,ACCEPT,MAINTAIN,1of3_both_opponents_accept,ACCEPT
9780380764044__genre__Fiction / Science Fiction / General Science Fiction / Science Fiction,9780380764044,Fruit Blasterz from outer space,Genre,Fiction / Science Fiction / General Science Fiction / Science Fiction,1,"[""qwen_groq""]","[""gpt_oss_groq"", ""gpt_oss_20b""]","[""Children's fiction"", ""Science fiction""]","[{""decision"": ""MAINTAIN"", ""evidence_tags"": [""Science fiction""], ""justification"": ""The filtered tag 'Science fiction' directly supports the disputed genre path."", ""model"": ""qwen_groq""}]","[{""decision"": ""ACCEPT"", ""evidence_tags"": [""Science fiction""], ""justification"": ""The filtered tag \""Science fiction\"" directly matches the disputed genre node."", ""model"": ""gpt_oss_groq""}, {""decision"": ""ACCEPT"", ""evidence_tags"": [""Science fiction""], ""justification"": ""The filtered tag 'Science fiction' directly matches the disputed genre path."", ""model"": ""gpt_oss_20b""}]",MAINTAIN,ACCEPT,ACCEPT,1of3_both_opponents_accept,ACCEPT
9780380767571__genre__Fiction,9780380767571,The secret of the plant that ate dirty socks,Genre,Fiction,1,"[""qwen_groq""]","[""gpt_oss_groq"", ""gpt_oss_20b""]","[""Plants"", ""Brothers"", ""Fiction"", ""Children's fiction"", ""Fantasy fiction"", ""Plants -- Fiction."", ""Brothers -- Fiction."", ""Humor"", ""Childrens"", ""Fantasy"", ""Chapter Books"", ""Children's Books""]","[{""decision"": ""MAINTAIN"", ""evidence_tags"": [""Fiction"", ""Children's fiction"", ""Fantasy fiction""], ""justification"": ""The filtered tags explicitly include 'Fiction' and specific sub-genres like 'Children's fiction' and 'Fantasy fiction', directly supporting the disputed path."", ""model"": ""qwen_groq""}]","[{""decision"": ""ACCEPT"", ""evidence_tags"": [""Fiction""], ""justification"": ""The filtered tags contain the exact tag 'Fiction', directly supporting the disputed path."", ""model"": ""gpt_oss_groq""}, {""decision"": ""ACCEPT"", ""evidence_tags"": [""Fiction""], ""justification"": ""The filtered tags contain the exact tag 'Fiction', directly supporting the disputed path."", ""model"": ""gpt_oss_20b""}]",MAINTAIN,ACCEPT,ACCEPT,1of3_both_opponents_accept,ACCEPT
9780380768967__genre__Fiction / Mystery / Detective Mystery,9780380768967,Cookie McCorkle and the case of the crooked key,Genre,Fiction / Mystery / Detective Mystery,2,"[""qwen_groq"", ""gpt_oss_groq""]","[""gpt_oss_20b""]","[""Mystery and detective stories"", ""Juvenile fiction"", ""Children's fiction"", ""Children's Books""]","[{""decision"": ""MAINTAIN"", ""evidence_tags"": [""Mystery and detective stories""], ""justification"": ""The filtered tag 'Mystery and detective stories' directly supports the disputed genre path 'Fiction / Mystery / Detective Mystery'."", ""model"": ""qwen_groq""}, {""decision"": ""MAINTAIN"", ""evidence_tags"": [""Mystery and detective stories""], ""justification"": ""The tag directly references mystery and detective stories."", ""model"": ""gpt_oss_groq""}]","[{""decision"": ""ACCEPT"", ""evidence_tags"": [""Mystery and detective stories""], ""justification"": ""The tag 'Mystery and detective stories' explicitly includes detective stories, supporting the disputed path."", ""model"": ""gpt_oss_20b""}]",MAINTAIN,MAINTAIN,ACCEPT,2of3_opponent_accepts,ACCEPT
9780380774623__genre__Fiction,9780380774623,Super Snoop Sam Snout and the Case of the Yogurt Poker,Genre,Fiction,2,"[""qwen_groq"", ""gpt_oss_groq""]","[""gpt_oss_20b""]","[""Children: Grades 3-4"", ""Children's fiction"", ""Mystery and detective stories"", ""Readers - Beginner"", ""Children's 4-8"", ""Fiction"", ""Children's Books""]","[{""decision"": ""MAINTAIN"", ""evidence_tags"": [""Fiction"", ""Children's fiction""], ""justification"": ""The filtered tags explicitly include 'Fiction' and 'Children's fiction', directly supporting the disputed genre path."", ""model"": ""qwen_groq""}, {""decision"": ""MAINTAIN"", ""evidence_tags"": [""Fiction""], ""justification"": ""The tag \""Fiction\"" directly supports the disputed genre path."", ""model"": ""gpt_oss_groq""}]","[{""decision"": ""ACCEPT"", ""evidence_tags"": [""Fiction""], ""justification"": ""The filtered tags include 'Fiction', directly supporting the disputed genre path."", ""model"": ""gpt_oss_20b""}]",MAINTAIN,MAINTAIN,ACCEPT,2of3_opponent_accepts,ACCEPT
9780380774623__genre__Fiction / Mystery / Detective Mystery,9780380774623,Super Snoop Sam Snout and the Case of the Yogurt Poker,Genre,Fiction / Mystery / Detective Mystery,2,"[""qwen_groq"", ""gpt_oss_groq""]","[""gpt_oss_20b""]","[""Children: Grades 3-4"", ""Children's fiction"", ""Mystery and detective stories"", ""Readers - Beginner"", ""Children's 4-8"", ""Fiction"", ""Children's Books""]","[{""decision"": ""MAINTAIN"", ""evidence_tags"": [""Mystery and detective stories"", ""Fiction""], ""justification"": ""The filtered tags explicitly include 'Mystery and detective stories' and 'Fiction', which directly support the disputed genre path."", ""model"": ""qwen_groq""}, {""decision"": ""MAINTAIN"", ""evidence_tags"": [""Mystery and detective stories""], ""justification"": ""The tag 'Mystery and detective stories' directly supports the disputed genre path."", ""model"": ""gpt_oss_groq""}]","[{""decision"": ""ACCEPT"", ""evidence_tags"": [""Mystery and detective stories"", ""Fiction""], ""justification"": ""The tags include both Fiction and Mystery and detective stories, covering the disputed path."", ""model"": ""gpt_oss_20b""}]",MAINTAIN,MAINTAIN,ACCEPT,2of3_opponent_accepts,ACCEPT
9780380774623__metadata__Audience / Reading_Level / Beginner / Beginner Reader,9780380774623,Super Snoop Sam Snout and the Case of the Yogurt Poker,Metadata,Audience / Reading_Level / Beginner / Beginner Reader,2,"[""qwen_groq"", ""gpt_oss_20b""]","[""gpt_oss_groq""]","[""Children: Grades 3-4"", ""Children's fiction"", ""Mystery and detective stories"", ""Readers - Beginner"", ""Children's 4-8"", ""Fiction"", ""Children's Books""]","[{""decision"": ""MAINTAIN"", ""evidence_tags"": [""Readers - Beginner""], ""justification"": ""The tag 'Readers - Beginner' explicitly supports the classification of the book as a Beginner Reader."", ""model"": ""qwen_groq""}, {""decision"": ""MAINTAIN"", ""evidence_tags"": [""Readers - Beginner""], ""justification"": ""The tag 'Readers - Beginner' explicitly indicates a beginner reading level."", ""model"": ""gpt_oss_20b""}]","[{""decision"": ""ACCEPT"", ""evidence_tags"": [""Readers - Beginner""], ""justification"": ""The tag 'Readers - Beginner' directly confirms the beginner reading level."", ""model"": ""gpt_oss_groq""}]",MAINTAIN,ACCEPT,MAINTAIN,2of3_opponent_accepts,ACCEPT
9780380775484__genre__Fiction / Romance,9780380775484,My Lord Conqueror (An Avon Romantic Treasure),Genre,Fiction / Romance,1,"[""gpt_oss_groq""]","[""qwen_groq"", ""gpt_oss_20b""]","[""Fiction"", ""Romance"", ""Historical"", ""Historical Romance"", ""Medieval"", ""Medieval Romance"", ""Enemies To Lovers"", ""Steamy""]","[{""decision"": ""MAINTAIN"", ""evidence_tags"": [""Fiction"", ""Romance""], ""justification"": ""Both 'Fiction' and 'Romance' tags directly support the disputed path."", ""model"": ""gpt_oss_groq""}]","[{""decision"": ""ACCEPT"", ""evidence_tags"": [""Fiction"", ""Romance""], ""justification"": ""The filtered tags 'Fiction' and 'Romance' directly correspond to the components of the disputed genre path."", ""model"": ""qwen_groq""}, {""decision"": ""ACCEPT"", ""evidence_tags"": [""Fiction"", ""Romance""], ""justification"": ""Both 'Fiction' and 'Romance' tags directly support the disputed path."", ""model"": ""gpt_oss_20b""}]",ACCEPT,MAINTAIN,ACCEPT,1of3_both_opponents_accept,ACCEPT
9780380775484__genre__Fiction / Romance / General Romance / Romance,9780380775484,My Lord Conqueror (An Avon Romantic Treasure),Genre,Fiction / Romance / General Romance / Romance,1,"[""qwen_groq""]","[""gpt_oss_groq"", ""gpt_oss_20b""]","[""Fiction"", ""Romance"", ""Historical"", ""Historical Romance"", ""Medieval"", ""Medieval Romance"", ""Enemies To Lovers"", ""Steamy""]","[{""decision"": ""MAINTAIN"", ""evidence_tags"": [""Romance""], ""justification"": ""The filtered tag 'Romance' directly supports the disputed genre path 'Fiction / Romance / General Romance / Romance'."", ""model"": ""qwen_groq""}]","[{""decision"": ""ACCEPT"", ""evidence_tags"": [""Romance""], ""justification"": ""The filtered tag 'Romance' directly matches the disputed Romance genre path."", ""model"": ""gpt_oss_groq""}, {""decision"": ""ACCEPT"", ""evidence_tags"": [""Romance""], ""justification"": ""The tag 'Romance' directly matches the disputed genre path."", ""model"": ""gpt_oss_20b""}]",MAINTAIN,ACCEPT,ACCEPT,1of3_both_opponents_accept,ACCEPT
9780380783687__genre__Fiction / Romance,9780380783687,Jonathan's Wife,Genre,Fiction / Romance,1,"[""gpt_oss_groq""]","[""qwen_groq"", ""gpt_oss_20b""]","[""Man-woman relationships"", ""Fiction"", ""Fiction, romance, contemporary"", ""Romance - Contemporary"", ""Fiction - Romance"", ""Romance: Modern"", ""Romance"", ""Contemporary""]","[{""decision"": ""MAINTAIN"", ""evidence_tags"": [""Fiction - Romance"", ""Fiction, romance, contemporary""], ""justification"": ""Filtered tags explicitly list Fiction and Romance together."", ""model"": ""gpt_oss_groq""}]","[{""decision"": ""ACCEPT"", ""evidence_tags"": [""Fiction - Romance"", ""Fiction, romance, contemporary""], ""justification"": ""The filtered tags explicitly contain the exact path 'Fiction - Romance' and the combined phrase 'Fiction, romance, contemporary', directly supporting the disputed annotation."", ""model"": ""qwen_groq""}, {""decision"": ""ACCEPT"", ""evidence_tags"": [""Fiction - Romance"", ""Fiction, romance, contemporary""], ""justification"": ""Both tags explicitly combine Fiction and Romance."", ""model"": ""gpt_oss_20b""}]",ACCEPT,MAINTAIN,ACCEPT,1of3_both_opponents_accept,ACCEPT
9780380783687__genre__Fiction / Romance / General Romance / Romance,9780380783687,Jonathan's Wife,Genre,Fiction / Romance / General Romance / Romance,2,"[""qwen_groq"", ""gpt_oss_20b""]","[""gpt_oss_groq""]","[""Man-woman relationships"", ""Fiction"", ""Fiction, romance, contemporary"", ""Romance - Contemporary"", ""Fiction - Romance"", ""Romance: Modern"", ""Romance"", ""Contemporary""]","[{""decision"": ""MAINTAIN"", ""evidence_tags"": [""Fiction, romance, contemporary"", ""Romance - Contemporary"", ""Fiction - Romance"", ""Romance: Modern"", ""Romance"", ""Contemporary""], ""justification"": ""The filtered tags explicitly identify the work as contemporary romance fiction, directly supporting the genre path."", ""model"": ""qwen_groq""}, {""decision"": ""MAINTAIN"", ""evidence_tags"": [""Romance""], ""justification"": ""The tag \""Romance\"" directly supports the disputed genre path."", ""model"": ""gpt_oss_20b""}]","[{""decision"": ""ACCEPT"", ""evidence_tags"": [""Romance""], ""justification"": ""The tag \""Romance\"" directly matches the disputed genre path."", ""model"": ""gpt_oss_groq""}]",MAINTAIN,ACCEPT,MAINTAIN,2of3_opponent_accepts,ACCEPT
9780380783687__metadata__Temporal_Context / Historical_Period / Modern,9780380783687,Jonathan's Wife,Metadata,Temporal_Context / Historical_Period / Modern,1,"[""gpt_oss_20b""]","[""qwen_groq"", ""gpt_oss_groq""]","[""Man-woman relationships"", ""Fiction"", ""Fiction, romance, contemporary"", ""Romance - Contemporary"", ""Fiction - Romance"", ""Romance: Modern"", ""Romance"", ""Contemporary""]","[{""decision"": ""MAINTAIN"", ""evidence_tags"": [""Romance: Modern""], ""justification"": ""The tag 'Romance: Modern' explicitly indicates a modern historical period."", ""model"": ""gpt_oss_20b""}]","[{""decision"": ""ACCEPT"", ""evidence_tags"": [""Romance: Modern""], ""justification"": ""The tag 'Romance: Modern' explicitly contains the word 'Modern', directly supporting the disputed path Temporal_Context / Historical_Period / Modern."", ""model"": ""qwen_groq""}, {""decision"": ""ACCEPT"", ""evidence_tags"": [""Romance: Modern""], ""justification"": ""The tag 'Romance: Modern' explicitly denotes a modern historical period."", ""model"": ""gpt_oss_groq""}]",ACCEPT,ACCEPT,MAINTAIN,1of3_both_opponents_accept,ACCEPT
9780380784615__genre__Fiction,9780380784615,S 15,Genre,Fiction,1,"[""qwen_groq""]","[""gpt_oss_groq"", ""gpt_oss_20b""]","[""Children's fiction"", ""Horror stories"", ""Horror & Ghost Stories"", ""Juvenile Fiction / General"", ""Juvenile Fiction"", ""Children's 9-12 - Fiction - Horror"", ""Fiction"", ""Children: Grades 4-6"", ""Children's Books"", ""Spine-Chilling Horror""]","[{""decision"": ""MAINTAIN"", ""evidence_tags"": [""Fiction"", ""Juvenile Fiction"", ""Children's fiction""], ""justification"": ""The filtered tags explicitly include 'Fiction' and 'Juvenile Fiction', directly supporting the disputed genre path."", ""model"": ""qwen_groq""}]","[{""decision"": ""ACCEPT"", ""evidence_tags"": [""Fiction""], ""justification"": ""The filtered tags contain the exact tag 'Fiction', directly supporting the disputed genre path."", ""model"": ""gpt_oss_groq""}, {""decision"": ""ACCEPT"", ""evidence_tags"": [""Fiction""], ""justification"": ""The filtered tags include the exact tag 'Fiction', directly supporting the disputed genre path."", ""model"": ""gpt_oss_20b""}]",MAINTAIN,ACCEPT,ACCEPT,1of3_both_opponents_accept,ACCEPT
9780380784615__genre__Fiction / Horror,9780380784615,S 15,Genre,Fiction / Horror,1,"[""qwen_groq""]","[""gpt_oss_groq"", ""gpt_oss_20b""]","[""Children's fiction"", ""Horror stories"", ""Horror & Ghost Stories"", ""Juvenile Fiction / General"", ""Juvenile Fiction"", ""Children's 9-12 - Fiction - Horror"", ""Fiction"", ""Children: Grades 4-6"", ""Children's Books"", ""Spine-Chilling Horror""]","[{""decision"": ""MAINTAIN"", ""evidence_tags"": [""Fiction"", ""Horror stories"", ""Children's 9-12 - Fiction - Horror""], ""justification"": ""The filtered tags explicitly include 'Fiction' and 'Horror stories', directly supporting the disputed genre path."", ""model"": ""qwen_groq""}]","[{""decision"": ""ACCEPT"", ""evidence_tags"": [""Fiction"", ""Horror stories""], ""justification"": ""Filtered tags include both 'Fiction' and 'Horror stories', directly supporting the disputed genre path."", ""model"": ""gpt_oss_groq""}, {""decision"": ""ACCEPT"", ""evidence_tags"": [""Fiction"", ""Horror stories"", ""Children's 9-12 - Fiction - Horror""], ""justification"": ""The filtered tags explicitly include Fiction and Horror stories, directly supporting the disputed genre path."", ""model"": ""gpt_oss_20b""}]",MAINTAIN,ACCEPT,ACCEPT,1of3_both_opponents_accept,ACCEPT
9780380784615__genre__Fiction / Horror / Supernatural Horror / Ghost Story,9780380784615,S 15,Genre,Fiction / Horror / Supernatural Horror / Ghost Story,2,"[""gpt_oss_groq"", ""gpt_oss_20b""]","[""qwen_groq""]","[""Children's fiction"", ""Horror stories"", ""Horror & Ghost Stories"", ""Juvenile Fiction / General"", ""Juvenile Fiction"", ""Children's 9-12 - Fiction - Horror"", ""Fiction"", ""Children: Grades 4-6"", ""Children's Books"", ""Spine-Chilling Horror""]","[{""decision"": ""MAINTAIN"", ""evidence_tags"": [""Horror & Ghost Stories""], ""justification"": ""The tag directly references ghost stories, matching the disputed path."", ""model"": ""gpt_oss_groq""}, {""decision"": ""MAINTAIN"", ""evidence_tags"": [""Horror stories"", ""Horror & Ghost Stories"", ""Spine-Chilling Horror""], ""justification"": ""The tags explicitly include Horror and Ghost Stories, supporting the disputed genre path."", ""model"": ""gpt_oss_20b""}]","[{""decision"": ""ACCEPT"", ""evidence_tags"": [""Horror & Ghost Stories""], ""justification"": ""The tag 'Horror & Ghost Stories' directly supports the disputed genre path of Fiction / Horror / Supernatural Horror / Ghost Story."", ""model"": ""qwen_groq""}]",ACCEPT,MAINTAIN,MAINTAIN,2of3_opponent_accepts,ACCEPT
9780380788057__genre__Fiction,9780380788057,S 20,Genre,Fiction,1,"[""qwen_groq""]","[""gpt_oss_groq"", ""gpt_oss_20b""]","[""Fiction"", ""Horror stories"", ""Horror & Ghost Stories"", ""Juvenile Fiction / Horror & Ghost Stories"", ""Children's Books/Ages 9-12 Fiction"", ""Monsters"", ""Children: Grades 4-6"", ""Children's Books"", ""Horror tales"", ""Children's fiction""]","[{""decision"": ""MAINTAIN"", ""evidence_tags"": [""Fiction"", ""Juvenile Fiction / Horror & Ghost Stories"", ""Children's Books/Ages 9-12 Fiction"", ""Children's fiction""], ""justification"": ""The filtered tags explicitly include 'Fiction' and multiple variations of 'Fiction' such as 'Juvenile Fiction' and 'Children's fiction', directly supporting the disputed genre path."", ""model"": ""qwen_groq""}]","[{""decision"": ""ACCEPT"", ""evidence_tags"": [""Fiction""], ""justification"": ""The filtered tags contain the exact tag 'Fiction', directly supporting the disputed genre path."", ""model"": ""gpt_oss_groq""}, {""decision"": ""ACCEPT"", ""evidence_tags"": [""Fiction""], ""justification"": ""The filtered tags contain the exact tag 'Fiction', directly supporting the disputed genre path."", ""model"": ""gpt_oss_20b""}]",MAINTAIN,ACCEPT,ACCEPT,1of3_both_opponents_accept,ACCEPT
9780380788057__genre__Fiction / Horror,9780380788057,S 20,Genre,Fiction / Horror,1,"[""qwen_groq""]","[""gpt_oss_groq"", ""gpt_oss_20b""]","[""Fiction"", ""Horror stories"", ""Horror & Ghost Stories"", ""Juvenile Fiction / Horror & Ghost Stories"", ""Children's Books/Ages 9-12 Fiction"", ""Monsters"", ""Children: Grades 4-6"", ""Children's Books"", ""Horror tales"", ""Children's fiction""]","[{""decision"": ""MAINTAIN"", ""evidence_tags"": [""Fiction"", ""Horror stories"", ""Horror & Ghost Stories"", ""Juvenile Fiction / Horror & Ghost Stories"", ""Children's Books/Ages 9-12 Fiction"", ""Monsters"", ""Children: Grades 4-6"", ""Children's Books"", ""Horror tales"", ""Children's fiction""], ""justification"": ""The filtered tags explicitly include 'Fiction' and multiple variations of 'Horror' such as 'Horror stories' and 'Horror & Ghost Stories', directly supporting the disputed genre path."", ""model"": ""qwen_groq""}]","[{""decision"": ""ACCEPT"", ""evidence_tags"": [""Fiction"", ""Horror stories"", ""Horror & Ghost Stories""], ""justification"": ""Filtered tags include both 'Fiction' and specific horror categories, directly supporting the Fiction/Horror path."", ""model"": ""gpt_oss_groq""}, {""decision"": ""ACCEPT"", ""evidence_tags"": [""Fiction"", ""Horror stories"", ""Horror & Ghost Stories"", ""Horror tales""], ""justification"": ""The filtered tags contain both Fiction and multiple Horror sub‑tags that directly support the Fiction/Horror path."", ""model"": ""gpt_oss_20b""}]",MAINTAIN,ACCEPT,ACCEPT,1of3_both_opponents_accept,ACCEPT
9780380788057__genre__Fiction / Horror / Supernatural Horror / Ghost Story,9780380788057,S 20,Genre,Fiction / Horror / Supernatural Horror / Ghost Story,2,"[""gpt_oss_groq"", ""gpt_oss_20b""]","[""qwen_groq""]","[""Fiction"", ""Horror stories"", ""Horror & Ghost Stories"", ""Juvenile Fiction / Horror & Ghost Stories"", ""Children's Books/Ages 9-12 Fiction"", ""Monsters"", ""Children: Grades 4-6"", ""Children's Books"", ""Horror tales"", ""Children's fiction""]","[{""decision"": ""MAINTAIN"", ""evidence_tags"": [""Horror & Ghost Stories"", ""Horror stories""], ""justification"": ""Filtered tags explicitly include Horror & Ghost Stories, supporting the ghost story classification."", ""model"": ""gpt_oss_groq""}, {""decision"": ""MAINTAIN"", ""evidence_tags"": [""Horror stories"", ""Horror & Ghost Stories"", ""Horror tales"", ""Juvenile Fiction / Horror & Ghost Stories""], ""justification"": ""The tags explicitly reference horror and ghost stories, supporting the disputed genre path."", ""model"": ""gpt_oss_20b""}]","[{""decision"": ""ACCEPT"", ""evidence_tags"": [""Horror & Ghost Stories"", ""Juvenile Fiction / Horror & Ghost Stories""], ""justification"": ""The filtered tags explicitly include 'Horror & Ghost Stories', which directly supports the disputed genre path of Fiction / Horror / Supernatural Horror / Ghost Story."", ""model"": ""qwen_groq""}]",ACCEPT,MAINTAIN,MAINTAIN,2of3_opponent_accepts,ACCEPT
9780380789924__genre__Fiction,9780380789924,Unconscious truths,Genre,Fiction,2,"[""qwen_groq"", ""gpt_oss_20b""]","[""gpt_oss_groq""]","[""Fiction"", ""Women detectives"", ""Memory"", ""Fiction, mystery & detective, women sleuths"", ""Mcalister, haley (fictitious character), fiction"", ""College teachers, fiction"", ""Houston (tex.), fiction"", ""Texas, fiction""]","[{""decision"": ""MAINTAIN"", ""evidence_tags"": [""Fiction"", ""Fiction, mystery & detective, women sleuths"", ""Mcalister, haley (fictitious character), fiction"", ""College teachers, fiction"", ""Houston (tex.), fiction"", ""Texas, fiction""], ""justification"": ""The filtered tags explicitly include 'Fiction' and multiple subject headings ending in ', fiction', directly supporting the disputed genre path."", ""model"": ""qwen_groq""}, {""decision"": ""MAINTAIN"", ""evidence_tags"": [""Fiction""], ""justification"": ""The tag \""Fiction\"" directly supports the genre path."", ""model"": ""gpt_oss_20b""}]","[{""decision"": ""ACCEPT"", ""evidence_tags"": [""Fiction""], ""justification"": ""The filtered tags contain the explicit genre tag \""Fiction\""."", ""model"": ""gpt_oss_groq""}]",MAINTAIN,ACCEPT,MAINTAIN,2of3_opponent_accepts,ACCEPT
9780380789924__genre__Fiction / Mystery / Detective Mystery,9780380789924,Unconscious truths,Genre,Fiction / Mystery / Detective Mystery,2,"[""qwen_groq"", ""gpt_oss_20b""]","[""gpt_oss_groq""]","[""Fiction"", ""Women detectives"", ""Memory"", ""Fiction, mystery & detective, women sleuths"", ""Mcalister, haley (fictitious character), fiction"", ""College teachers, fiction"", ""Houston (tex.), fiction"", ""Texas, fiction""]","[{""decision"": ""MAINTAIN"", ""evidence_tags"": [""Fiction, mystery & detective, women sleuths""], ""justification"": ""The tag 'Fiction, mystery & detective, women sleuths' directly supports the genre path Fiction / Mystery / Detective Mystery."", ""model"": ""qwen_groq""}, {""decision"": ""MAINTAIN"", ""evidence_tags"": [""Fiction, mystery & detective, women sleuths""], ""justification"": ""The tag explicitly lists mystery & detective, supporting the disputed genre path."", ""model"": ""gpt_oss_20b""}]","[{""decision"": ""ACCEPT"", ""evidence_tags"": [""Fiction, mystery & detective, women sleuths""], ""justification"": ""The tag explicitly includes mystery and detective, directly supporting the disputed genre path."", ""model"": ""gpt_oss_groq""}]",MAINTAIN,ACCEPT,MAINTAIN,2of3_opponent_accepts,ACCEPT
9780380790692__genre__Fiction / Suspense,9780380790692,Playing Dead,Genre,Fiction / Suspense,2,"[""gpt_oss_groq"", ""gpt_oss_20b""]","[""qwen_groq""]","[""Fiction"", ""Fiction, thrillers, suspense"", ""Fiction, mystery & detective, general"", ""Suspense"", ""Mystery, Thriller & Suspense"", ""Thrillers & Suspense"", ""Serial murderers"", ""Journalists, fiction"", ""New york (n.y.), fiction""]","[{""decision"": ""MAINTAIN"", ""evidence_tags"": [""Fiction, thrillers, suspense""], ""justification"": ""The tag includes both Fiction and Suspense, directly supporting the disputed path."", ""model"": ""gpt_oss_groq""}, {""decision"": ""MAINTAIN"", ""evidence_tags"": [""Fiction, thrillers, suspense"", ""Suspense""], ""justification"": ""The tags explicitly include suspense within fiction."", ""model"": ""gpt_oss_20b""}]","[{""decision"": ""ACCEPT"", ""evidence_tags"": [""Fiction, thrillers, suspense"", ""Suspense""], ""justification"": ""The filtered tags explicitly list 'Suspense' and 'Fiction, thrillers, suspense', directly supporting the disputed genre path."", ""model"": ""qwen_groq""}]",ACCEPT,MAINTAIN,MAINTAIN,2of3_opponent_accepts,ACCEPT
9780380790692__genre__Fiction / Thriller,9780380790692,Playing Dead,Genre,Fiction / Thriller,2,"[""qwen_groq"", ""gpt_oss_groq""]","[""gpt_oss_20b""]","[""Fiction"", ""Fiction, thrillers, suspense"", ""Fiction, mystery & detective, general"", ""Suspense"", ""Mystery, Thriller & Suspense"", ""Thrillers & Suspense"", ""Serial murderers"", ""Journalists, fiction"", ""New york (n.y.), fiction""]","[{""decision"": ""MAINTAIN"", ""evidence_tags"": [""Fiction, thrillers, suspense"", ""Mystery, Thriller & Suspense"", ""Thrillers & Suspense""], ""justification"": ""The filtered tags explicitly list 'thrillers' and 'suspense' within the fiction category, directly supporting the disputed genre path."", ""model"": ""qwen_groq""}, {""decision"": ""MAINTAIN"", ""evidence_tags"": [""Fiction, thrillers, suspense""], ""justification"": ""The tag directly includes both Fiction and thriller."", ""model"": ""gpt_oss_groq""}]","[{""decision"": ""ACCEPT"", ""evidence_tags"": [""Fiction, thrillers, suspense""], ""justification"": ""The tag explicitly lists both Fiction and thriller."", ""model"": ""gpt_oss_20b""}]",MAINTAIN,MAINTAIN,ACCEPT,2of3_opponent_accepts,ACCEPT
9780380791880__genre__Fiction / Horror,9780380791880,Empire of dust,Genre,Fiction / Horror,1,"[""gpt_oss_20b""]","[""qwen_groq"", ""gpt_oss_groq""]","[""American Detective and mystery stories"", ""Detective and mystery stories, American"", ""Fiction"", ""Occult crime"", ""Occult crime -- Fiction"", ""Horror"", ""Mystery, Thriller & Suspense"", ""Suspense"", ""Paranormal"", ""Psychics""]","[{""decision"": ""MAINTAIN"", ""evidence_tags"": [""Fiction"", ""Horror""], ""justification"": ""Both 'Fiction' and 'Horror' tags directly support the Fiction/Horror path."", ""model"": ""gpt_oss_20b""}]","[{""decision"": ""ACCEPT"", ""evidence_tags"": [""Fiction"", ""Horror""], ""justification"": ""The FILTERED TAGS explicitly contain both 'Fiction' and 'Horror', directly supporting the disputed genre path."", ""model"": ""qwen_groq""}, {""decision"": ""ACCEPT"", ""evidence_tags"": [""Fiction"", ""Horror""], ""justification"": ""The tags include both Fiction and Horror, directly supporting the disputed path."", ""model"": ""gpt_oss_groq""}]",ACCEPT,ACCEPT,MAINTAIN,1of3_both_opponents_accept,ACCEPT
9780380791880__genre__Fiction / Suspense,9780380791880,Empire of dust,Genre,Fiction / Suspense,1,"[""gpt_oss_groq""]","[""qwen_groq"", ""gpt_oss_20b""]","[""American Detective and mystery stories"", ""Detective and mystery stories, American"", ""Fiction"", ""Occult crime"", ""Occult crime -- Fiction"", ""Horror"", ""Mystery, Thriller & Suspense"", ""Suspense"", ""Paranormal"", ""Psychics""]","[{""decision"": ""MAINTAIN"", ""evidence_tags"": [""Fiction"", ""Suspense""], ""justification"": ""Both 'Fiction' and 'Suspense' tags are present in the source."", ""model"": ""gpt_oss_groq""}]","[{""decision"": ""ACCEPT"", ""evidence_tags"": [""Fiction"", ""Suspense""], ""justification"": ""The filtered tags explicitly include both 'Fiction' and 'Suspense', directly supporting the disputed genre path."", ""model"": ""qwen_groq""}, {""decision"": ""ACCEPT"", ""evidence_tags"": [""Fiction"", ""Suspense""], ""justification"": ""Both 'Fiction' and 'Suspense' tags are present in the filtered tags."", ""model"": ""gpt_oss_20b""}]",ACCEPT,MAINTAIN,ACCEPT,1of3_both_opponents_accept,ACCEPT
9780380797479__genre__Fiction / Romance,9780380797479,"The Pirate Lord (Lord Trilogy, Book 1)",Genre,Fiction / Romance,2,"[""qwen_groq"", ""gpt_oss_groq""]","[""gpt_oss_20b""]","[""historical romance"", ""pirate romance"", ""Fiction"", ""Romance"", ""Historical"", ""Pirates""]","[{""decision"": ""MAINTAIN"", ""evidence_tags"": [""Romance"", ""historical romance"", ""pirate romance""], ""justification"": ""The filtered tags explicitly include 'Romance' and specific sub-genres 'historical romance' and 'pirate romance', directly supporting the disputed path."", ""model"": ""qwen_groq""}, {""decision"": ""MAINTAIN"", ""evidence_tags"": [""Fiction"", ""Romance""], ""justification"": ""Both \""Fiction\"" and \""Romance\"" tags directly support the disputed path."", ""model"": ""gpt_oss_groq""}]","[{""decision"": ""ACCEPT"", ""evidence_tags"": [""Fiction"", ""Romance""], ""justification"": ""Both 'Fiction' and 'Romance' tags directly support the disputed path."", ""model"": ""gpt_oss_20b""}]",MAINTAIN,MAINTAIN,ACCEPT,2of3_opponent_accepts,ACCEPT
9780380974368__genre__Fiction / Thriller,9780380974368,Eater,Genre,Fiction / Thriller,2,"[""gpt_oss_groq"", ""gpt_oss_20b""]","[""qwen_groq""]","[""Science fiction"", ""Fiction"", ""Black holes (Astronomy)"", ""Fiction, science fiction, general"", ""Hard Science Fiction"", ""Thriller"", ""Literature & Fiction"", ""Genre Fiction"", ""Disaster""]","[{""decision"": ""MAINTAIN"", ""evidence_tags"": [""Fiction"", ""Thriller""], ""justification"": ""Both 'Fiction' and 'Thriller' tags directly appear in the filtered list."", ""model"": ""gpt_oss_groq""}, {""decision"": ""MAINTAIN"", ""evidence_tags"": [""Thriller"", ""Fiction""], ""justification"": ""Both 'Thriller' and 'Fiction' tags directly support the Fiction / Thriller path."", ""model"": ""gpt_oss_20b""}]","[{""decision"": ""ACCEPT"", ""evidence_tags"": [""Fiction"", ""Thriller""], ""justification"": ""The filtered tags explicitly include both 'Fiction' and 'Thriller', directly supporting the disputed genre path."", ""model"": ""qwen_groq""}]",ACCEPT,MAINTAIN,MAINTAIN,2of3_opponent_accepts,ACCEPT
9780385022927__genre__Nonfiction / Biography / Biography,9780385022927,The road to Hollywood,Genre,Nonfiction / Biography / Biography,1,"[""gpt_oss_20b""]","[""qwen_groq"", ""gpt_oss_groq""]","[""Biography"", ""Comedians"", ""Motion picture actors and actresses"", ""Acting"", ""Actors, united states"", ""Nonfiction"", ""Humor"", ""Autobiography""]","[{""decision"": ""MAINTAIN"", ""evidence_tags"": [""Biography"", ""Nonfiction""], ""justification"": ""Both 'Biography' and 'Nonfiction' tags support the path."", ""model"": ""gpt_oss_20b""}]","[{""decision"": ""ACCEPT"", ""evidence_tags"": [""Biography"", ""Nonfiction""], ""justification"": ""The filtered tags 'Nonfiction' and 'Biography' directly correspond to the components of the disputed genre path."", ""model"": ""qwen_groq""}, {""decision"": ""ACCEPT"", ""evidence_tags"": [""Biography"", ""Nonfiction""], ""justification"": ""The tags 'Biography' and 'Nonfiction' directly match the disputed path."", ""model"": ""gpt_oss_groq""}]",ACCEPT,ACCEPT,MAINTAIN,1of3_both_opponents_accept,ACCEPT
9780385022927__genre__Nonfiction / Humor Nonfiction / Humor,9780385022927,The road to Hollywood,Genre,Nonfiction / Humor Nonfiction / Humor,1,"[""gpt_oss_groq""]","[""qwen_groq"", ""gpt_oss_20b""]","[""Biography"", ""Comedians"", ""Motion picture actors and actresses"", ""Acting"", ""Actors, united states"", ""Nonfiction"", ""Humor"", ""Autobiography""]","[{""decision"": ""MAINTAIN"", ""evidence_tags"": [""Nonfiction"", ""Humor""], ""justification"": ""Both 'Nonfiction' and 'Humor' tags directly support the disputed genre path."", ""model"": ""gpt_oss_groq""}]","[{""decision"": ""ACCEPT"", ""evidence_tags"": [""Nonfiction"", ""Humor""], ""justification"": ""The filtered tags 'Nonfiction' and 'Humor' directly correspond to the components of the disputed genre path 'Nonfiction / Humor'."", ""model"": ""qwen_groq""}, {""decision"": ""ACCEPT"", ""evidence_tags"": [""Nonfiction"", ""Humor""], ""justification"": ""Both tags directly match the disputed genre path."", ""model"": ""gpt_oss_20b""}]",ACCEPT,MAINTAIN,ACCEPT,1of3_both_opponents_accept,ACCEPT
9780385022927__metadata__Geographical_Context / World_Region / North_America / United States,9780385022927,The road to Hollywood,Metadata,Geographical_Context / World_Region / North_America / United States,2,"[""gpt_oss_groq"", ""gpt_oss_20b""]","[""qwen_groq""]","[""Biography"", ""Comedians"", ""Motion picture actors and actresses"", ""Acting"", ""Actors, united states"", ""Nonfiction"", ""Humor"", ""Autobiography""]","[{""decision"": ""MAINTAIN"", ""evidence_tags"": [""Actors, united states""], ""justification"": ""The tag explicitly references the United States."", ""model"": ""gpt_oss_groq""}, {""decision"": ""MAINTAIN"", ""evidence_tags"": [""Actors, united states""], ""justification"": ""The tag explicitly references United States actors."", ""model"": ""gpt_oss_20b""}]","[{""decision"": ""ACCEPT"", ""evidence_tags"": [""Actors, united states""], ""justification"": ""The tag 'Actors, united states' explicitly contains the wording 'united states', directly supporting the geographical context path."", ""model"": ""qwen_groq""}]",ACCEPT,MAINTAIN,MAINTAIN,2of3_opponent_accepts,ACCEPT
9780385159906__metadata__Book_Format_and_Form / Narrative_Length / Short,9780385159906,Smith and other events,Metadata,Book_Format_and_Form / Narrative_Length / Short,2,"[""gpt_oss_groq"", ""gpt_oss_20b""]","[""qwen_groq""]","[""Fiction"", ""Social life and customs"", ""Chilcotin Indians"", ""Ranch life"", ""Western stories"", ""City and town life"", ""Manners and customs"", ""Fiction, short stories (single author)"", ""British columbia, fiction"", ""Fiction, general"", ""Chilcotin Indians -- Social life and customs -- Fiction."", ""British Columbia -- Social life and customs -- Fiction.""]","[{""decision"": ""MAINTAIN"", ""evidence_tags"": [""Fiction, short stories (single author)""], ""justification"": ""The tag explicitly mentions short stories, supporting a short narrative length."", ""model"": ""gpt_oss_groq""}, {""decision"": ""MAINTAIN"", ""evidence_tags"": [""Fiction, short stories (single author)""], ""justification"": ""The tag explicitly indicates short stories, supporting a short narrative length."", ""model"": ""gpt_oss_20b""}]","[{""decision"": ""ACCEPT"", ""evidence_tags"": [""Fiction, short stories (single author)""], ""justification"": ""The tag 'Fiction, short stories (single author)' explicitly identifies the narrative length as short stories."", ""model"": ""qwen_groq""}]",ACCEPT,MAINTAIN,MAINTAIN,2of3_opponent_accepts,ACCEPT
9780385159906__metadata__Series_and_Publication_Metadata / Authorship_Metadata / Single_Author / Single Author,9780385159906,Smith and other events,Metadata,Series_and_Publication_Metadata / Authorship_Metadata / Single_Author / Single Author,2,"[""qwen_groq"", ""gpt_oss_20b""]","[""gpt_oss_groq""]","[""Fiction"", ""Social life and customs"", ""Chilcotin Indians"", ""Ranch life"", ""Western stories"", ""City and town life"", ""Manners and customs"", ""Fiction, short stories (single author)"", ""British columbia, fiction"", ""Fiction, general"", ""Chilcotin Indians -- Social life and customs -- Fiction."", ""British Columbia -- Social life and customs -- Fiction.""]","[{""decision"": ""MAINTAIN"", ""evidence_tags"": [""Fiction, short stories (single author)""], ""justification"": ""The tag 'Fiction, short stories (single author)' explicitly supports the metadata path for a single author."", ""model"": ""qwen_groq""}, {""decision"": ""MAINTAIN"", ""evidence_tags"": [""Fiction, short stories (single author)""], ""justification"": ""The tag explicitly states the work is a single-author short story collection."", ""model"": ""gpt_oss_20b""}]","[{""decision"": ""ACCEPT"", ""evidence_tags"": [""Fiction, short stories (single author)""], ""justification"": ""The tag explicitly indicates a single-author short story collection."", ""model"": ""gpt_oss_groq""}]",MAINTAIN,ACCEPT,MAINTAIN,2of3_opponent_accepts,ACCEPT
9780385171885__genre__Fiction / Science Fiction,9780385171885,Dreams that burn in the night,Genre,Fiction / Science Fiction,1,"[""qwen_groq""]","[""gpt_oss_groq"", ""gpt_oss_20b""]","[""Science fiction, American""]","[{""decision"": ""MAINTAIN"", ""evidence_tags"": [""Science fiction, American""], ""justification"": ""The filtered tag 'Science fiction, American' directly supports the disputed genre path of Fiction / Science Fiction."", ""model"": ""qwen_groq""}]","[{""decision"": ""ACCEPT"", ""evidence_tags"": [""Science fiction, American""], ""justification"": ""The filtered tag includes Science fiction, directly supporting the disputed genre path."", ""model"": ""gpt_oss_groq""}, {""decision"": ""ACCEPT"", ""evidence_tags"": [""Science fiction, American""], ""justification"": ""The tag directly includes Science fiction, matching the disputed genre path."", ""model"": ""gpt_oss_20b""}]",MAINTAIN,ACCEPT,ACCEPT,1of3_both_opponents_accept,ACCEPT
9780385171885__genre__Fiction / Science Fiction / General Science Fiction / Science Fiction,9780385171885,Dreams that burn in the night,Genre,Fiction / Science Fiction / General Science Fiction / Science Fiction,2,"[""gpt_oss_groq"", ""gpt_oss_20b""]","[""qwen_groq""]","[""Science fiction, American""]","[{""decision"": ""MAINTAIN"", ""evidence_tags"": [""Science fiction, American""], ""justification"": ""The filtered tag explicitly lists Science fiction, matching the disputed genre path."", ""model"": ""gpt_oss_groq""}, {""decision"": ""MAINTAIN"", ""evidence_tags"": [""Science fiction, American""], ""justification"": ""The filtered tag includes \""Science fiction\"", matching the disputed genre path."", ""model"": ""gpt_oss_20b""}]","[{""decision"": ""ACCEPT"", ""evidence_tags"": [""Science fiction, American""], ""justification"": ""The filtered tag 'Science fiction, American' directly supports the 'Science Fiction' component of the disputed genre path."", ""model"": ""qwen_groq""}]",ACCEPT,MAINTAIN,MAINTAIN,2of3_opponent_accepts,ACCEPT
9780385172196__genre__Nonfiction,9780385172196,The hunter's bible,Genre,Nonfiction,1,"[""qwen_groq""]","[""gpt_oss_groq"", ""gpt_oss_20b""]","[""Hunting"", ""Reference"", ""Encyclopedias & Subject Guides""]","[{""decision"": ""MAINTAIN"", ""evidence_tags"": [""Reference"", ""Encyclopedias & Subject Guides""], ""justification"": ""The tags 'Reference' and 'Encyclopedias & Subject Guides' are subcategories of nonfiction, directly supporting the disputed genre path."", ""model"": ""qwen_groq""}]","[{""decision"": ""ACCEPT"", ""evidence_tags"": [""Reference"", ""Encyclopedias & Subject Guides""], ""justification"": ""The tags are subcategories of nonfiction, directly indicating the book is nonfiction."", ""model"": ""gpt_oss_groq""}, {""decision"": ""ACCEPT"", ""evidence_tags"": [""Reference"", ""Encyclopedias & Subject Guides""], ""justification"": ""Reference and Encyclopedias & Subject Guides are subcategories of nonfiction."", ""model"": ""gpt_oss_20b""}]",MAINTAIN,ACCEPT,ACCEPT,1of3_both_opponents_accept,ACCEPT
9780385292610__genre__Fiction / Literary Fiction,9780385292610,Love and glory,Genre,Fiction / Literary Fiction,2,"[""qwen_groq"", ""gpt_oss_groq""]","[""gpt_oss_20b""]","[""Fiction"", ""Literature"", ""Literature & Fiction"", ""Literary Fiction"", ""Historical""]","[{""decision"": ""MAINTAIN"", ""evidence_tags"": [""Literary Fiction""], ""justification"": ""The filtered tag 'Literary Fiction' directly matches the disputed genre path."", ""model"": ""qwen_groq""}, {""decision"": ""MAINTAIN"", ""evidence_tags"": [""Fiction"", ""Literary Fiction""], ""justification"": ""Both 'Fiction' and 'Literary Fiction' tags directly match the disputed path."", ""model"": ""gpt_oss_groq""}]","[{""decision"": ""ACCEPT"", ""evidence_tags"": [""Literary Fiction""], ""justification"": ""The filtered tag 'Literary Fiction' directly matches the disputed genre path."", ""model"": ""gpt_oss_20b""}]",MAINTAIN,MAINTAIN,ACCEPT,2of3_opponent_accepts,ACCEPT
9780385293853__genre__Fiction / Thriller,9780385293853,A Catskill eagle,Genre,Fiction / Thriller,1,"[""qwen_groq""]","[""gpt_oss_groq"", ""gpt_oss_20b""]","[""Private investigators"", ""Detective and mystery stories"", ""Fiction"", ""Detectives"", ""Mystery"", ""Crime"", ""Thriller"", ""Mystery Thriller"", ""Hard Boiled"", ""Mystery, Thriller & Suspense"", ""Hard-Boiled"", ""Boston (mass.), fiction"", ""Massachusetts, fiction"", ""Spenser (Fictitious character)"", ""Spenser (fictitious character), fiction"", ""Spenser (Fictitious character) -- Fiction"", ""Private investigators -- Massachusetts -- Boston -- Fiction"", ""Boston (Mass.) -- Fiction"", ""Detective""]","[{""decision"": ""MAINTAIN"", ""evidence_tags"": [""Thriller"", ""Mystery Thriller"", ""Mystery, Thriller & Suspense""], ""justification"": ""The filtered tags explicitly include 'Thriller' and 'Mystery Thriller', directly supporting the disputed genre path."", ""model"": ""qwen_groq""}]","[{""decision"": ""ACCEPT"", ""evidence_tags"": [""Thriller"", ""Mystery Thriller"", ""Mystery, Thriller & Suspense""], ""justification"": ""Filtered tags contain Thriller-related labels that directly support the Fiction / Thriller path."", ""model"": ""gpt_oss_groq""}, {""decision"": ""ACCEPT"", ""evidence_tags"": [""Thriller"", ""Mystery Thriller"", ""Mystery, Thriller & Suspense""], ""justification"": ""The filtered tags explicitly include Thriller and related sub‑genres, directly supporting the Fiction/Thriller path."", ""model"": ""gpt_oss_20b""}]",MAINTAIN,ACCEPT,ACCEPT,1of3_both_opponents_accept,ACCEPT
9780385294867__genre__Fiction,9780385294867,"Love, from the fifth grade celebrity",Genre,Fiction,2,"[""gpt_oss_groq"", ""gpt_oss_20b""]","[""qwen_groq""]","[""Juvenile fiction"", ""Friendship"", ""Fiction"", ""Friendship -- Fiction"", ""Middle Grade"", ""Children's Books""]","[{""decision"": ""MAINTAIN"", ""evidence_tags"": [""Fiction""], ""justification"": ""The tag \""Fiction\"" directly supports the disputed genre path."", ""model"": ""gpt_oss_groq""}, {""decision"": ""MAINTAIN"", ""evidence_tags"": [""Fiction""], ""justification"": ""The tag \""Fiction\"" directly supports the genre path."", ""model"": ""gpt_oss_20b""}]","[{""decision"": ""ACCEPT"", ""evidence_tags"": [""Fiction""], ""justification"": ""The filtered tag \""Fiction\"" directly matches the disputed genre path."", ""model"": ""qwen_groq""}]",ACCEPT,MAINTAIN,MAINTAIN,2of3_opponent_accepts,ACCEPT
9780385294867__metadata__Thematic_Metadata / Relationship_and_Social_Themes / Friendship / Friendship,9780385294867,"Love, from the fifth grade celebrity",Metadata,Thematic_Metadata / Relationship_and_Social_Themes / Friendship / Friendship,1,"[""gpt_oss_20b""]","[""qwen_groq"", ""gpt_oss_groq""]","[""Juvenile fiction"", ""Friendship"", ""Fiction"", ""Friendship -- Fiction"", ""Middle Grade"", ""Children's Books""]","[{""decision"": ""MAINTAIN"", ""evidence_tags"": [""Friendship"", ""Friendship -- Fiction""], ""justification"": ""The tags explicitly include 'Friendship' and 'Friendship -- Fiction', supporting the friendship theme."", ""model"": ""gpt_oss_20b""}]","[{""decision"": ""ACCEPT"", ""evidence_tags"": [""Friendship"", ""Friendship -- Fiction""], ""justification"": ""The filtered tags explicitly contain 'Friendship' and 'Friendship -- Fiction', directly supporting the disputed metadata path."", ""model"": ""qwen_groq""}, {""decision"": ""ACCEPT"", ""evidence_tags"": [""Friendship"", ""Friendship -- Fiction""], ""justification"": ""The filtered tags explicitly contain Friendship and Friendship -- Fiction."", ""model"": ""gpt_oss_groq""}]",ACCEPT,ACCEPT,MAINTAIN,1of3_both_opponents_accept,ACCEPT
9780385295840__metadata__Audience / Age_Group / Teen,9780385295840,Dear Bruce Springsteen,Metadata,Audience / Age_Group / Teen,2,"[""gpt_oss_groq"", ""gpt_oss_20b""]","[""qwen_groq""]","[""Letters"", ""Fiction"", ""Parent and child"", ""Young Adult"", ""Teen & Young Adult"", ""Literature & Fiction""]","[{""decision"": ""MAINTAIN"", ""evidence_tags"": [""Teen & Young Adult""], ""justification"": ""The tag \""Teen & Young Adult\"" explicitly references the teen audience."", ""model"": ""gpt_oss_groq""}, {""decision"": ""MAINTAIN"", ""evidence_tags"": [""Teen & Young Adult""], ""justification"": ""The tag \""Teen & Young Adult\"" explicitly indicates a teen audience."", ""model"": ""gpt_oss_20b""}]","[{""decision"": ""ACCEPT"", ""evidence_tags"": [""Teen & Young Adult""], ""justification"": ""The filtered tag \""Teen & Young Adult\"" explicitly contains the term \""Teen\"", directly supporting the disputed metadata path."", ""model"": ""qwen_groq""}]",ACCEPT,MAINTAIN,MAINTAIN,2of3_opponent_accepts,ACCEPT
9780385295840__metadata__Audience / Age_Group / Teen / Teen Audience,9780385295840,Dear Bruce Springsteen,Metadata,Audience / Age_Group / Teen / Teen Audience,2,"[""gpt_oss_groq"", ""gpt_oss_20b""]","[""qwen_groq""]","[""Letters"", ""Fiction"", ""Parent and child"", ""Young Adult"", ""Teen & Young Adult"", ""Literature & Fiction""]","[{""decision"": ""MAINTAIN"", ""evidence_tags"": [""Teen & Young Adult""], ""justification"": ""The tag \""Teen & Young Adult\"" explicitly includes \""Teen\""."", ""model"": ""gpt_oss_groq""}, {""decision"": ""MAINTAIN"", ""evidence_tags"": [""Young Adult"", ""Teen & Young Adult""], ""justification"": ""The tags explicitly include 'Young Adult' and 'Teen & Young Adult', indicating a teen audience."", ""model"": ""gpt_oss_20b""}]","[{""decision"": ""ACCEPT"", ""evidence_tags"": [""Teen & Young Adult""], ""justification"": ""The filtered tag \""Teen & Young Adult\"" explicitly contains the term \""Teen\"", directly supporting the disputed path."", ""model"": ""qwen_groq""}]",ACCEPT,MAINTAIN,MAINTAIN,2of3_opponent_accepts,ACCEPT
9780385295840__metadata__Audience / Age_Group / Young_Adult,9780385295840,Dear Bruce Springsteen,Metadata,Audience / Age_Group / Young_Adult,2,"[""gpt_oss_groq"", ""gpt_oss_20b""]","[""qwen_groq""]","[""Letters"", ""Fiction"", ""Parent and child"", ""Young Adult"", ""Teen & Young Adult"", ""Literature & Fiction""]","[{""decision"": ""MAINTAIN"", ""evidence_tags"": [""Young Adult"", ""Teen & Young Adult""], ""justification"": ""The filtered tags explicitly include \""Young Adult\"" and \""Teen & Young Adult\""."", ""model"": ""gpt_oss_groq""}, {""decision"": ""MAINTAIN"", ""evidence_tags"": [""Young Adult"", ""Teen & Young Adult""], ""justification"": ""The tags explicitly include \""Young Adult\"" and \""Teen & Young Adult\""."", ""model"": ""gpt_oss_20b""}]","[{""decision"": ""ACCEPT"", ""evidence_tags"": [""Young Adult"", ""Teen & Young Adult""], ""justification"": ""The filtered tags explicitly contain the strings \""Young Adult\"" and \""Teen & Young Adult\"", directly supporting the disputed metadata path."", ""model"": ""qwen_groq""}]",ACCEPT,MAINTAIN,MAINTAIN,2of3_opponent_accepts,ACCEPT
9780385298957__genre__Fiction,9780385298957,Jackpot,Genre,Fiction,1,"[""qwen_groq""]","[""gpt_oss_groq"", ""gpt_oss_20b""]","[""Fiction"", ""Private investigators"", ""Nameless Detective (Fictitious character)"", ""California, fiction"", ""San francisco (calif.), fiction"", ""Fiction, mystery & detective, police procedural"", ""Private investigators, fiction"", ""Nameless Detective (Fictitious character) -- Fiction."", ""Private investigators -- California -- San Francisco -- Fiction."", ""San Francisco (Calif.) -- Fiction."", ""Mystery"", ""Mystery, Thriller & Suspense"", ""Thrillers & Suspense"", ""Suspense"", ""Nameless detective (fictitious character), fiction""]","[{""decision"": ""MAINTAIN"", ""evidence_tags"": [""Fiction""], ""justification"": ""The filtered tags explicitly include 'Fiction' and multiple sub-genres like 'Mystery' and 'Thrillers & Suspense' which are subsets of fiction, directly supporting the disputed path."", ""model"": ""qwen_groq""}]","[{""decision"": ""ACCEPT"", ""evidence_tags"": [""Fiction""], ""justification"": ""The filtered tags contain the exact tag 'Fiction', directly supporting the disputed path."", ""model"": ""gpt_oss_groq""}, {""decision"": ""ACCEPT"", ""evidence_tags"": [""Fiction""], ""justification"": ""The filtered tags include the exact tag 'Fiction', directly supporting the disputed path."", ""model"": ""gpt_oss_20b""}]",MAINTAIN,ACCEPT,ACCEPT,1of3_both_opponents_accept,ACCEPT
9780385298957__genre__Fiction / Mystery,9780385298957,Jackpot,Genre,Fiction / Mystery,1,"[""qwen_groq""]","[""gpt_oss_groq"", ""gpt_oss_20b""]","[""Fiction"", ""Private investigators"", ""Nameless Detective (Fictitious character)"", ""California, fiction"", ""San francisco (calif.), fiction"", ""Fiction, mystery & detective, police procedural"", ""Private investigators, fiction"", ""Nameless Detective (Fictitious character) -- Fiction."", ""Private investigators -- California -- San Francisco -- Fiction."", ""San Francisco (Calif.) -- Fiction."", ""Mystery"", ""Mystery, Thriller & Suspense"", ""Thrillers & Suspense"", ""Suspense"", ""Nameless detective (fictitious character), fiction""]","[{""decision"": ""MAINTAIN"", ""evidence_tags"": [""Fiction, mystery & detective, police procedural"", ""Mystery, Thriller & Suspense"", ""Mystery""], ""justification"": ""The filtered tags explicitly include 'Mystery' and 'Fiction, mystery & detective, police procedural', directly supporting the Fiction / Mystery genre path."", ""model"": ""qwen_groq""}]","[{""decision"": ""ACCEPT"", ""evidence_tags"": [""Fiction, mystery & detective, police procedural"", ""Mystery, Thriller & Suspense"", ""Mystery""], ""justification"": ""Filtered tags explicitly include mystery and fiction‑mystery categories supporting the path."", ""model"": ""gpt_oss_groq""}, {""decision"": ""ACCEPT"", ""evidence_tags"": [""Mystery"", ""Fiction, mystery & detective, police procedural""], ""justification"": ""The tags explicitly include Mystery and a broader mystery & detective category."", ""model"": ""gpt_oss_20b""}]",MAINTAIN,ACCEPT,ACCEPT,1of3_both_opponents_accept,ACCEPT
9780385298957__genre__Fiction / Mystery / Procedural Mystery / Police Procedural,9780385298957,Jackpot,Genre,Fiction / Mystery / Procedural Mystery / Police Procedural,1,"[""gpt_oss_20b""]","[""qwen_groq"", ""gpt_oss_groq""]","[""Fiction"", ""Private investigators"", ""Nameless Detective (Fictitious character)"", ""California, fiction"", ""San francisco (calif.), fiction"", ""Fiction, mystery & detective, police procedural"", ""Private investigators, fiction"", ""Nameless Detective (Fictitious character) -- Fiction."", ""Private investigators -- California -- San Francisco -- Fiction."", ""San Francisco (Calif.) -- Fiction."", ""Mystery"", ""Mystery, Thriller & Suspense"", ""Thrillers & Suspense"", ""Suspense"", ""Nameless detective (fictitious character), fiction""]","[{""decision"": ""MAINTAIN"", ""evidence_tags"": [""Fiction, mystery & detective, police procedural"", ""Mystery""], ""justification"": ""The tags explicitly include police procedural and mystery, supporting the disputed genre path."", ""model"": ""gpt_oss_20b""}]","[{""decision"": ""ACCEPT"", ""evidence_tags"": [""Fiction, mystery & detective, police procedural""], ""justification"": ""The filtered tag 'Fiction, mystery & detective, police procedural' directly supports the disputed genre path."", ""model"": ""qwen_groq""}, {""decision"": ""ACCEPT"", ""evidence_tags"": [""Fiction, mystery & detective, police procedural"", ""Mystery""], ""justification"": ""Tags explicitly include police procedural and mystery, matching the disputed path."", ""model"": ""gpt_oss_groq""}]",ACCEPT,ACCEPT,MAINTAIN,1of3_both_opponents_accept,ACCEPT
9780385298957__genre__Fiction / Suspense,9780385298957,Jackpot,Genre,Fiction / Suspense,2,"[""qwen_groq"", ""gpt_oss_groq""]","[""gpt_oss_20b""]","[""Fiction"", ""Private investigators"", ""Nameless Detective (Fictitious character)"", ""California, fiction"", ""San francisco (calif.), fiction"", ""Fiction, mystery & detective, police procedural"", ""Private investigators, fiction"", ""Nameless Detective (Fictitious character) -- Fiction."", ""Private investigators -- California -- San Francisco -- Fiction."", ""San Francisco (Calif.) -- Fiction."", ""Mystery"", ""Mystery, Thriller & Suspense"", ""Thrillers & Suspense"", ""Suspense"", ""Nameless detective (fictitious character), fiction""]","[{""decision"": ""MAINTAIN"", ""evidence_tags"": [""Fiction"", ""Suspense"", ""Mystery, Thriller & Suspense""], ""justification"": ""The filtered tags explicitly include 'Fiction' and 'Suspense', directly supporting the disputed genre path."", ""model"": ""qwen_groq""}, {""decision"": ""MAINTAIN"", ""evidence_tags"": [""Fiction"", ""Suspense""], ""justification"": ""Filtered tags include both \""Fiction\"" and \""Suspense\"", directly supporting the disputed path."", ""model"": ""gpt_oss_groq""}]","[{""decision"": ""ACCEPT"", ""evidence_tags"": [""Fiction"", ""Suspense""], ""justification"": ""Both 'Fiction' and 'Suspense' tags are present in the filtered tags."", ""model"": ""gpt_oss_20b""}]",MAINTAIN,MAINTAIN,ACCEPT,2of3_opponent_accepts,ACCEPT
9780385299596__genre__Fiction,9780385299596,Threat case,Genre,Fiction,1,"[""qwen_groq""]","[""gpt_oss_groq"", ""gpt_oss_20b""]","[""Fiction, action & adventure"", ""Fiction, thrillers, espionage"", ""Fiction"", ""Thriller"", ""Literature & Fiction""]","[{""decision"": ""MAINTAIN"", ""evidence_tags"": [""Fiction"", ""Fiction, action & adventure"", ""Fiction, thrillers, espionage"", ""Literature & Fiction""], ""justification"": ""The filtered tags explicitly include 'Fiction' and specific fiction sub-genres, directly supporting the disputed path."", ""model"": ""qwen_groq""}]","[{""decision"": ""ACCEPT"", ""evidence_tags"": [""Fiction""], ""justification"": ""The filtered tags contain the exact tag 'Fiction', directly supporting the disputed path."", ""model"": ""gpt_oss_groq""}, {""decision"": ""ACCEPT"", ""evidence_tags"": [""Fiction""], ""justification"": ""The filtered tags contain the exact tag 'Fiction', directly supporting the disputed path."", ""model"": ""gpt_oss_20b""}]",MAINTAIN,ACCEPT,ACCEPT,1of3_both_opponents_accept,ACCEPT
9780385299596__genre__Fiction / Thriller,9780385299596,Threat case,Genre,Fiction / Thriller,2,"[""qwen_groq"", ""gpt_oss_20b""]","[""gpt_oss_groq""]","[""Fiction, action & adventure"", ""Fiction, thrillers, espionage"", ""Fiction"", ""Thriller"", ""Literature & Fiction""]","[{""decision"": ""MAINTAIN"", ""evidence_tags"": [""Fiction, thrillers, espionage"", ""Thriller""], ""justification"": ""The filtered tags explicitly include 'Fiction, thrillers, espionage' and 'Thriller', directly supporting the disputed genre path."", ""model"": ""qwen_groq""}, {""decision"": ""MAINTAIN"", ""evidence_tags"": [""Fiction, thrillers, espionage"", ""Thriller""], ""justification"": ""The tags explicitly include Thriller and a broader Fiction category."", ""model"": ""gpt_oss_20b""}]","[{""decision"": ""ACCEPT"", ""evidence_tags"": [""Fiction, thrillers, espionage"", ""Thriller""], ""justification"": ""The filtered tags explicitly include Thriller and a related thriller subcategory."", ""model"": ""gpt_oss_groq""}]",MAINTAIN,ACCEPT,MAINTAIN,2of3_opponent_accepts,ACCEPT
9780385302609__genre__Fiction,9780385302609,Indemnity Only,Genre,Fiction,1,"[""qwen_groq""]","[""gpt_oss_groq"", ""gpt_oss_20b""]","[""Fiction"", ""V. I. Warshawski (Fictitious character)"", ""Women private investigators"", ""Mystery"", ""Women detectives"", ""Detective and mystery stories"", ""Private investigators"", ""Fiction, mystery & detective, women sleuths"", ""Private investigators, fiction"", ""Chicago (ill.), fiction"", ""Illinois, fiction"", ""Crime"", ""Mystery Thriller"", ""Thriller"", ""Detective"", ""Mystery, Thriller & Suspense"", ""Hard-Boiled"", ""V.I. Warshawski (Fictitious character)"", ""Warshawski, v. i. (fictitious character), fiction""]","[{""decision"": ""MAINTAIN"", ""evidence_tags"": [""Fiction"", ""Private investigators, fiction"", ""Chicago (ill.), fiction"", ""Illinois, fiction"", ""Warshawski, v. i. (fictitious character), fiction""], ""justification"": ""The filtered tags explicitly include 'Fiction' and multiple specific tags ending in ', fiction', directly supporting the disputed genre path."", ""model"": ""qwen_groq""}]","[{""decision"": ""ACCEPT"", ""evidence_tags"": [""Fiction""], ""justification"": ""The filtered tags contain the explicit tag 'Fiction', directly supporting the disputed genre path."", ""model"": ""gpt_oss_groq""}, {""decision"": ""ACCEPT"", ""evidence_tags"": [""Fiction""], ""justification"": ""The filtered tags contain the exact tag 'Fiction', directly supporting the disputed genre path."", ""model"": ""gpt_oss_20b""}]",MAINTAIN,ACCEPT,ACCEPT,1of3_both_opponents_accept,ACCEPT
9780385302609__genre__Fiction / Crime Fiction,9780385302609,Indemnity Only,Genre,Fiction / Crime Fiction,1,"[""qwen_groq""]","[""gpt_oss_groq"", ""gpt_oss_20b""]","[""Fiction"", ""V. I. Warshawski (Fictitious character)"", ""Women private investigators"", ""Mystery"", ""Women detectives"", ""Detective and mystery stories"", ""Private investigators"", ""Fiction, mystery & detective, women sleuths"", ""Private investigators, fiction"", ""Chicago (ill.), fiction"", ""Illinois, fiction"", ""Crime"", ""Mystery Thriller"", ""Thriller"", ""Detective"", ""Mystery, Thriller & Suspense"", ""Hard-Boiled"", ""V.I. Warshawski (Fictitious character)"", ""Warshawski, v. i. (fictitious character), fiction""]","[{""decision"": ""MAINTAIN"", ""evidence_tags"": [""Fiction"", ""Crime"", ""Mystery"", ""Detective and mystery stories""], ""justification"": ""The filtered tags explicitly include 'Fiction', 'Crime', and 'Mystery', which directly support the classification of the book as Crime Fiction."", ""model"": ""qwen_groq""}]","[{""decision"": ""ACCEPT"", ""evidence_tags"": [""Fiction"", ""Crime""], ""justification"": ""The tags include both 'Fiction' and 'Crime', directly supporting the Crime Fiction classification."", ""model"": ""gpt_oss_groq""}, {""decision"": ""ACCEPT"", ""evidence_tags"": [""Fiction"", ""Crime""], ""justification"": ""The tags include both Fiction and Crime, directly supporting the Crime Fiction classification."", ""model"": ""gpt_oss_20b""}]",MAINTAIN,ACCEPT,ACCEPT,1of3_both_opponents_accept,ACCEPT
9780385302609__genre__Fiction / Mystery,9780385302609,Indemnity Only,Genre,Fiction / Mystery,1,"[""qwen_groq""]","[""gpt_oss_groq"", ""gpt_oss_20b""]","[""Fiction"", ""V. I. Warshawski (Fictitious character)"", ""Women private investigators"", ""Mystery"", ""Women detectives"", ""Detective and mystery stories"", ""Private investigators"", ""Fiction, mystery & detective, women sleuths"", ""Private investigators, fiction"", ""Chicago (ill.), fiction"", ""Illinois, fiction"", ""Crime"", ""Mystery Thriller"", ""Thriller"", ""Detective"", ""Mystery, Thriller & Suspense"", ""Hard-Boiled"", ""V.I. Warshawski (Fictitious character)"", ""Warshawski, v. i. (fictitious character), fiction""]","[{""decision"": ""MAINTAIN"", ""evidence_tags"": [""Fiction"", ""Mystery""], ""justification"": ""The filtered tags explicitly include both 'Fiction' and 'Mystery', directly supporting the disputed genre path."", ""model"": ""qwen_groq""}]","[{""decision"": ""ACCEPT"", ""evidence_tags"": [""Fiction"", ""Mystery""], ""justification"": ""Both 'Fiction' and 'Mystery' tags are present, directly supporting the disputed genre path."", ""model"": ""gpt_oss_groq""}, {""decision"": ""ACCEPT"", ""evidence_tags"": [""Fiction"", ""Mystery""], ""justification"": ""Both 'Fiction' and 'Mystery' tags are present in the filtered tags."", ""model"": ""gpt_oss_20b""}]",MAINTAIN,ACCEPT,ACCEPT,1of3_both_opponents_accept,ACCEPT
9780385302609__metadata__Thematic_Metadata / Conflict_and_Event_Themes / Crime_and_Justice / Crime,9780385302609,Indemnity Only,Metadata,Thematic_Metadata / Conflict_and_Event_Themes / Crime_and_Justice / Crime,2,"[""qwen_groq"", ""gpt_oss_20b""]","[""gpt_oss_groq""]","[""Fiction"", ""V. I. Warshawski (Fictitious character)"", ""Women private investigators"", ""Mystery"", ""Women detectives"", ""Detective and mystery stories"", ""Private investigators"", ""Fiction, mystery & detective, women sleuths"", ""Private investigators, fiction"", ""Chicago (ill.), fiction"", ""Illinois, fiction"", ""Crime"", ""Mystery Thriller"", ""Thriller"", ""Detective"", ""Mystery, Thriller & Suspense"", ""Hard-Boiled"", ""V.I. Warshawski (Fictitious character)"", ""Warshawski, v. i. (fictitious character), fiction""]","[{""decision"": ""MAINTAIN"", ""evidence_tags"": [""Crime""], ""justification"": ""The filtered tag 'Crime' explicitly supports the metadata path Crime_and_Justice / Crime."", ""model"": ""qwen_groq""}, {""decision"": ""MAINTAIN"", ""evidence_tags"": [""Crime""], ""justification"": ""The tag \""Crime\"" directly supports the Crime theme."", ""model"": ""gpt_oss_20b""}]","[{""decision"": ""ACCEPT"", ""evidence_tags"": [""Crime""], ""justification"": ""The tag \""Crime\"" directly matches the disputed Crime theme."", ""model"": ""gpt_oss_groq""}]",MAINTAIN,ACCEPT,MAINTAIN,2of3_opponent_accepts,ACCEPT
9780385319928__genre__Fiction / Romance,9780385319928,The long road home,Genre,Fiction / Romance,2,"[""qwen_groq"", ""gpt_oss_groq""]","[""gpt_oss_20b""]","[""Fiction"", ""Contemporary Fiction"", ""Romance"", ""Child abuse -- Fiction"", ""Adult child abuse victims -- Fiction"", ""Parent and child"", ""Women authors"", ""Women authors -- Fiction"", ""New York (N.Y.) -- Fiction"", ""Betrayal"", ""Psychology""]","[{""decision"": ""MAINTAIN"", ""evidence_tags"": [""Fiction"", ""Romance""], ""justification"": ""The filtered tags explicitly include both 'Fiction' and 'Romance', directly supporting the disputed genre path."", ""model"": ""qwen_groq""}, {""decision"": ""MAINTAIN"", ""evidence_tags"": [""Fiction"", ""Romance""], ""justification"": ""Both 'Fiction' and 'Romance' tags directly support the disputed path."", ""model"": ""gpt_oss_groq""}]","[{""decision"": ""ACCEPT"", ""evidence_tags"": [""Fiction"", ""Romance""], ""justification"": ""Both 'Fiction' and 'Romance' tags directly support the disputed genre path."", ""model"": ""gpt_oss_20b""}]",MAINTAIN,MAINTAIN,ACCEPT,2of3_opponent_accepts,ACCEPT
9780385319928__metadata__Temporal_Context / Historical_Period / Contemporary,9780385319928,The long road home,Metadata,Temporal_Context / Historical_Period / Contemporary,1,"[""qwen_groq""]","[""gpt_oss_groq"", ""gpt_oss_20b""]","[""Fiction"", ""Contemporary Fiction"", ""Romance"", ""Child abuse -- Fiction"", ""Adult child abuse victims -- Fiction"", ""Parent and child"", ""Women authors"", ""Women authors -- Fiction"", ""New York (N.Y.) -- Fiction"", ""Betrayal"", ""Psychology""]","[{""decision"": ""MAINTAIN"", ""evidence_tags"": [""Contemporary Fiction""], ""justification"": ""The tag 'Contemporary Fiction' explicitly supports the classification of the book as Contemporary."", ""model"": ""qwen_groq""}]","[{""decision"": ""ACCEPT"", ""evidence_tags"": [""Contemporary Fiction""], ""justification"": ""The tag 'Contemporary Fiction' directly indicates a contemporary historical period."", ""model"": ""gpt_oss_groq""}, {""decision"": ""ACCEPT"", ""evidence_tags"": [""Contemporary Fiction""], ""justification"": ""The tag 'Contemporary Fiction' directly indicates the book is set in the contemporary period."", ""model"": ""gpt_oss_20b""}]",MAINTAIN,ACCEPT,ACCEPT,1of3_both_opponents_accept,ACCEPT
9780385411035__genre__Nonfiction / Biography,9780385411035,A little original sin,Genre,Nonfiction / Biography,1,"[""gpt_oss_20b""]","[""qwen_groq"", ""gpt_oss_groq""]","[""Biography"", ""American Women authors"", ""Women, biography"", ""Women authors"", ""Authors, American -- 20th century -- Biography"", ""Americans -- Morocco -- Biography"", ""Nonfiction"", ""Literature""]","[{""decision"": ""MAINTAIN"", ""evidence_tags"": [""Biography"", ""Nonfiction""], ""justification"": ""Both 'Biography' and 'Nonfiction' tags directly support the path."", ""model"": ""gpt_oss_20b""}]","[{""decision"": ""ACCEPT"", ""evidence_tags"": [""Biography"", ""Nonfiction""], ""justification"": ""The filtered tags explicitly include 'Biography' and 'Nonfiction', directly supporting the disputed genre path."", ""model"": ""qwen_groq""}, {""decision"": ""ACCEPT"", ""evidence_tags"": [""Biography"", ""Nonfiction""], ""justification"": ""The tags 'Biography' and 'Nonfiction' directly match the disputed path."", ""model"": ""gpt_oss_groq""}]",ACCEPT,ACCEPT,MAINTAIN,1of3_both_opponents_accept,ACCEPT
9780385427104__genre__Nonfiction,9780385427104,"Hot Zone,the",Genre,Nonfiction,1,"[""qwen_groq""]","[""gpt_oss_groq"", ""gpt_oss_20b""]","[""Ebola virus disease"", ""Ebolavirus"", ""Epidemiology"", ""Communicable diseases"", ""Nonfiction"", ""Science"", ""History"", ""Medical"", ""Medicine"", ""Horror"", ""Thriller"", ""Popular works"", ""New York Times bestseller"", ""Ebola Virus"", ""Ebola Hemorrhagic Fever""]","[{""decision"": ""MAINTAIN"", ""evidence_tags"": [""Nonfiction""], ""justification"": ""The filtered tags explicitly include 'Nonfiction', directly supporting the disputed genre path."", ""model"": ""qwen_groq""}]","[{""decision"": ""ACCEPT"", ""evidence_tags"": [""Nonfiction""], ""justification"": ""The filtered tags contain the explicit genre label 'Nonfiction'."", ""model"": ""gpt_oss_groq""}, {""decision"": ""ACCEPT"", ""evidence_tags"": [""Nonfiction""], ""justification"": ""The filtered tags explicitly include 'Nonfiction', directly supporting the genre path."", ""model"": ""gpt_oss_20b""}]",MAINTAIN,ACCEPT,ACCEPT,1of3_both_opponents_accept,ACCEPT
9780385427104__genre__Nonfiction / History,9780385427104,"Hot Zone,the",Genre,Nonfiction / History,1,"[""gpt_oss_20b""]","[""qwen_groq"", ""gpt_oss_groq""]","[""Ebola virus disease"", ""Ebolavirus"", ""Epidemiology"", ""Communicable diseases"", ""Nonfiction"", ""Science"", ""History"", ""Medical"", ""Medicine"", ""Horror"", ""Thriller"", ""Popular works"", ""New York Times bestseller"", ""Ebola Virus"", ""Ebola Hemorrhagic Fever""]","[{""decision"": ""MAINTAIN"", ""evidence_tags"": [""Nonfiction"", ""History""], ""justification"": ""Both 'Nonfiction' and 'History' tags directly support the genre path."", ""model"": ""gpt_oss_20b""}]","[{""decision"": ""ACCEPT"", ""evidence_tags"": [""Nonfiction"", ""History""], ""justification"": ""The filtered tags explicitly include both 'Nonfiction' and 'History', directly supporting the disputed genre path."", ""model"": ""qwen_groq""}, {""decision"": ""ACCEPT"", ""evidence_tags"": [""Nonfiction"", ""History""], ""justification"": ""The tags include both Nonfiction and History, directly supporting the disputed genre path."", ""model"": ""gpt_oss_groq""}]",ACCEPT,ACCEPT,MAINTAIN,1of3_both_opponents_accept,ACCEPT
9780385427104__genre__Nonfiction / Medicine and Health / Medicine,9780385427104,"Hot Zone,the",Genre,Nonfiction / Medicine and Health / Medicine,2,"[""qwen_groq"", ""gpt_oss_20b""]","[""gpt_oss_groq""]","[""Ebola virus disease"", ""Ebolavirus"", ""Epidemiology"", ""Communicable diseases"", ""Nonfiction"", ""Science"", ""History"", ""Medical"", ""Medicine"", ""Horror"", ""Thriller"", ""Popular works"", ""New York Times bestseller"", ""Ebola Virus"", ""Ebola Hemorrhagic Fever""]","[{""decision"": ""MAINTAIN"", ""evidence_tags"": [""Medicine"", ""Medical""], ""justification"": ""The filtered tags 'Medicine' and 'Medical' directly support the disputed genre path 'Nonfiction / Medicine and Health / Medicine'."", ""model"": ""qwen_groq""}, {""decision"": ""MAINTAIN"", ""evidence_tags"": [""Medicine"", ""Nonfiction""], ""justification"": ""The tags include both Medicine and Nonfiction, directly supporting the genre path."", ""model"": ""gpt_oss_20b""}]","[{""decision"": ""ACCEPT"", ""evidence_tags"": [""Medicine"", ""Medical"", ""Nonfiction""], ""justification"": ""The filtered tags include both 'Nonfiction' and 'Medicine' (also 'Medical'), directly supporting the disputed genre path."", ""model"": ""gpt_oss_groq""}]",MAINTAIN,ACCEPT,MAINTAIN,2of3_opponent_accepts,ACCEPT
9780385427104__genre__Nonfiction / Science,9780385427104,"Hot Zone,the",Genre,Nonfiction / Science,1,"[""qwen_groq""]","[""gpt_oss_groq"", ""gpt_oss_20b""]","[""Ebola virus disease"", ""Ebolavirus"", ""Epidemiology"", ""Communicable diseases"", ""Nonfiction"", ""Science"", ""History"", ""Medical"", ""Medicine"", ""Horror"", ""Thriller"", ""Popular works"", ""New York Times bestseller"", ""Ebola Virus"", ""Ebola Hemorrhagic Fever""]","[{""decision"": ""MAINTAIN"", ""evidence_tags"": [""Nonfiction"", ""Science""], ""justification"": ""The filtered tags explicitly include 'Nonfiction' and 'Science', directly supporting the disputed genre path."", ""model"": ""qwen_groq""}]","[{""decision"": ""ACCEPT"", ""evidence_tags"": [""Nonfiction"", ""Science""], ""justification"": ""The filtered tags contain both 'Nonfiction' and 'Science', directly supporting the disputed genre path."", ""model"": ""gpt_oss_groq""}, {""decision"": ""ACCEPT"", ""evidence_tags"": [""Nonfiction"", ""Science""], ""justification"": ""Both 'Nonfiction' and 'Science' tags directly support the disputed genre path."", ""model"": ""gpt_oss_20b""}]",MAINTAIN,ACCEPT,ACCEPT,1of3_both_opponents_accept,ACCEPT
9780393018059__genre__Nonfiction / Philosophy,9780393018059,Enjoy old age,Genre,Nonfiction / Philosophy,1,"[""gpt_oss_20b""]","[""qwen_groq"", ""gpt_oss_groq""]","[""Old age"", ""Older people"", ""Aging"", ""Self-help techniques"", ""Self-management (Psychology)"", ""Psychology"", ""Philosophy"", ""Nonfiction"", ""Self Help"", ""Health, Fitness & Dieting"", ""Activities of Daily Living"", ""Conduct of life"", ""Older people, psychology"", ""Old age -- Philosophy."", ""Aged -- Psychology.""]","[{""decision"": ""MAINTAIN"", ""evidence_tags"": [""Philosophy"", ""Nonfiction""], ""justification"": ""Both 'Philosophy' and 'Nonfiction' tags directly support the genre path."", ""model"": ""gpt_oss_20b""}]","[{""decision"": ""ACCEPT"", ""evidence_tags"": [""Nonfiction"", ""Philosophy"", ""Old age -- Philosophy.""], ""justification"": ""The filtered tags explicitly include 'Nonfiction' and 'Philosophy', with the specific tag 'Old age -- Philosophy.' directly confirming the disputed genre path."", ""model"": ""qwen_groq""}, {""decision"": ""ACCEPT"", ""evidence_tags"": [""Philosophy"", ""Nonfiction""], ""justification"": ""The tags 'Philosophy' and 'Nonfiction' directly match the disputed genre path."", ""model"": ""gpt_oss_groq""}]",ACCEPT,ACCEPT,MAINTAIN,1of3_both_opponents_accept,ACCEPT
9780393022148__genre__Fiction / Crime Fiction,9780393022148,Field of blood,Genre,Fiction / Crime Fiction,1,"[""qwen_groq""]","[""gpt_oss_groq"", ""gpt_oss_20b""]","[""Fiction"", ""Fiction, general"", ""Thriller"", ""Crime"", ""Ireland -- Fiction""]","[{""decision"": ""MAINTAIN"", ""evidence_tags"": [""Fiction"", ""Crime""], ""justification"": ""The filtered tags explicitly include 'Fiction' and 'Crime', which directly support the disputed genre path of Fiction / Crime Fiction."", ""model"": ""qwen_groq""}]","[{""decision"": ""ACCEPT"", ""evidence_tags"": [""Fiction"", ""Crime""], ""justification"": ""The tags include both 'Fiction' and 'Crime', directly supporting the Crime Fiction subgenre."", ""model"": ""gpt_oss_groq""}, {""decision"": ""ACCEPT"", ""evidence_tags"": [""Fiction"", ""Crime""], ""justification"": ""Both 'Fiction' and 'Crime' tags directly support the Fiction / Crime Fiction path."", ""model"": ""gpt_oss_20b""}]",MAINTAIN,ACCEPT,ACCEPT,1of3_both_opponents_accept,ACCEPT
9780393959574__genre__Nonfiction / Education,9780393959574,Psychology,Genre,Nonfiction / Education,1,"[""gpt_oss_20b""]","[""qwen_groq"", ""gpt_oss_groq""]","[""Psychology"", ""Textbooks"", ""Psychology textbooks"", ""Psychologie"", ""Humanities textbooks"", ""Psykologi"", ""State of the art review"", ""Psychology -- Textbooks"", ""Nonfiction"", ""Science"", ""Reference"", ""Education""]","[{""decision"": ""MAINTAIN"", ""evidence_tags"": [""Nonfiction"", ""Education""], ""justification"": ""The tags include both Nonfiction and Education, supporting the genre path."", ""model"": ""gpt_oss_20b""}]","[{""decision"": ""ACCEPT"", ""evidence_tags"": [""Nonfiction"", ""Education""], ""justification"": ""The filtered tags explicitly include both 'Nonfiction' and 'Education', directly supporting the disputed genre path."", ""model"": ""qwen_groq""}, {""decision"": ""ACCEPT"", ""evidence_tags"": [""Nonfiction"", ""Education""], ""justification"": ""Both tags directly match the disputed genre path."", ""model"": ""gpt_oss_groq""}]",ACCEPT,ACCEPT,MAINTAIN,1of3_both_opponents_accept,ACCEPT
9780394412030__genre__Fiction,9780394412030,The fan,Genre,Fiction,1,"[""qwen_groq""]","[""gpt_oss_groq"", ""gpt_oss_20b""]","[""Fiction"", ""Thrillers"", ""Fiction, psychological"", ""Thriller"", ""Mystery"", ""Suspense"", ""Mystery Thriller"", ""Drama""]","[{""decision"": ""MAINTAIN"", ""evidence_tags"": [""Fiction""], ""justification"": ""The filtered tag 'Fiction' directly supports the disputed genre path."", ""model"": ""qwen_groq""}]","[{""decision"": ""ACCEPT"", ""evidence_tags"": [""Fiction""], ""justification"": ""The filtered tag \""Fiction\"" directly matches the disputed genre path."", ""model"": ""gpt_oss_groq""}, {""decision"": ""ACCEPT"", ""evidence_tags"": [""Fiction""], ""justification"": ""The tag 'Fiction' directly supports the disputed genre path."", ""model"": ""gpt_oss_20b""}]",MAINTAIN,ACCEPT,ACCEPT,1of3_both_opponents_accept,ACCEPT
9780394412030__genre__Fiction / Suspense,9780394412030,The fan,Genre,Fiction / Suspense,2,"[""qwen_groq"", ""gpt_oss_20b""]","[""gpt_oss_groq""]","[""Fiction"", ""Thrillers"", ""Fiction, psychological"", ""Thriller"", ""Mystery"", ""Suspense"", ""Mystery Thriller"", ""Drama""]","[{""decision"": ""MAINTAIN"", ""evidence_tags"": [""Suspense""], ""justification"": ""The filtered tag 'Suspense' directly supports the disputed genre path 'Fiction / Suspense'."", ""model"": ""qwen_groq""}, {""decision"": ""MAINTAIN"", ""evidence_tags"": [""Fiction"", ""Suspense""], ""justification"": ""Both 'Fiction' and 'Suspense' tags directly support the path."", ""model"": ""gpt_oss_20b""}]","[{""decision"": ""ACCEPT"", ""evidence_tags"": [""Fiction"", ""Suspense""], ""justification"": ""The filtered tags include both 'Fiction' and 'Suspense', directly supporting the disputed path."", ""model"": ""gpt_oss_groq""}]",MAINTAIN,ACCEPT,MAINTAIN,2of3_opponent_accepts,ACCEPT
9780394412030__genre__Fiction / Thriller,9780394412030,The fan,Genre,Fiction / Thriller,2,"[""qwen_groq"", ""gpt_oss_20b""]","[""gpt_oss_groq""]","[""Fiction"", ""Thrillers"", ""Fiction, psychological"", ""Thriller"", ""Mystery"", ""Suspense"", ""Mystery Thriller"", ""Drama""]","[{""decision"": ""MAINTAIN"", ""evidence_tags"": [""Thriller"", ""Thrillers""], ""justification"": ""The filtered tags explicitly include 'Thriller' and 'Thrillers', directly supporting the disputed genre path."", ""model"": ""qwen_groq""}, {""decision"": ""MAINTAIN"", ""evidence_tags"": [""Thrillers"", ""Thriller""], ""justification"": ""The tags include both 'Thrillers' and 'Thriller', directly supporting the Fiction/Thriller path."", ""model"": ""gpt_oss_20b""}]","[{""decision"": ""ACCEPT"", ""evidence_tags"": [""Fiction"", ""Thriller""], ""justification"": ""The tags include both 'Fiction' and 'Thriller', directly supporting the disputed path."", ""model"": ""gpt_oss_groq""}]",MAINTAIN,ACCEPT,MAINTAIN,2of3_opponent_accepts,ACCEPT
9780394499826__genre__Fiction,9780394499826,The siege of the Villa Lipp,Genre,Fiction,1,"[""qwen_groq""]","[""gpt_oss_groq"", ""gpt_oss_20b""]","[""Fiction"", ""Great britain, fiction"", ""Fiction, thrillers, espionage"", ""Espionage"", ""Thriller"", ""Mystery"", ""British Literature"", ""Novels"", ""Mystery, Thriller & Suspense"", ""Thrillers & Suspense"", ""Spies & Politics""]","[{""decision"": ""MAINTAIN"", ""evidence_tags"": [""Fiction""], ""justification"": ""The filtered tag 'Fiction' directly supports the disputed genre path."", ""model"": ""qwen_groq""}]","[{""decision"": ""ACCEPT"", ""evidence_tags"": [""Fiction""], ""justification"": ""The tag \""Fiction\"" directly matches the disputed genre path."", ""model"": ""gpt_oss_groq""}, {""decision"": ""ACCEPT"", ""evidence_tags"": [""Fiction""], ""justification"": ""The tag 'Fiction' directly supports the disputed genre path."", ""model"": ""gpt_oss_20b""}]",MAINTAIN,ACCEPT,ACCEPT,1of3_both_opponents_accept,ACCEPT
9780394499826__genre__Fiction / Thriller,9780394499826,The siege of the Villa Lipp,Genre,Fiction / Thriller,1,"[""qwen_groq""]","[""gpt_oss_groq"", ""gpt_oss_20b""]","[""Fiction"", ""Great britain, fiction"", ""Fiction, thrillers, espionage"", ""Espionage"", ""Thriller"", ""Mystery"", ""British Literature"", ""Novels"", ""Mystery, Thriller & Suspense"", ""Thrillers & Suspense"", ""Spies & Politics""]","[{""decision"": ""MAINTAIN"", ""evidence_tags"": [""Fiction, thrillers, espionage"", ""Thriller""], ""justification"": ""The filtered tags explicitly include 'Fiction, thrillers, espionage' and 'Thriller', directly supporting the disputed genre path."", ""model"": ""qwen_groq""}]","[{""decision"": ""ACCEPT"", ""evidence_tags"": [""Fiction, thrillers, espionage"", ""Thriller""], ""justification"": ""The filtered tags include both 'Fiction, thrillers, espionage' and 'Thriller', directly supporting the disputed genre path."", ""model"": ""gpt_oss_groq""}, {""decision"": ""ACCEPT"", ""evidence_tags"": [""Fiction, thrillers, espionage"", ""Thriller""], ""justification"": ""The filtered tags explicitly include both Fiction and Thriller, directly supporting the disputed genre path."", ""model"": ""gpt_oss_20b""}]",MAINTAIN,ACCEPT,ACCEPT,1of3_both_opponents_accept,ACCEPT
9780394514055__metadata__Book_Format_and_Form / Narrative_Length / Short,9780394514055,The stories of Heinrich Böll,Metadata,Book_Format_and_Form / Narrative_Length / Short,1,"[""gpt_oss_20b""]","[""qwen_groq"", ""gpt_oss_groq""]","[""Translations into English"", ""German Short stories"", ""Short Stories"", ""Fiction"", ""German Literature"", ""Literature"", ""Classics"", ""Böll, Heinrich, 1917- -- Translations into English""]","[{""decision"": ""MAINTAIN"", ""evidence_tags"": [""German Short stories"", ""Short Stories""], ""justification"": ""The tags explicitly indicate short stories, supporting the short narrative length."", ""model"": ""gpt_oss_20b""}]","[{""decision"": ""ACCEPT"", ""evidence_tags"": [""Short Stories"", ""German Short stories""], ""justification"": ""The filtered tags explicitly contain the phrase 'Short Stories', directly supporting the annotation for short narrative length."", ""model"": ""qwen_groq""}, {""decision"": ""ACCEPT"", ""evidence_tags"": [""German Short stories"", ""Short Stories""], ""justification"": ""The tags explicitly denote short stories, confirming a short narrative length."", ""model"": ""gpt_oss_groq""}]",ACCEPT,ACCEPT,MAINTAIN,1of3_both_opponents_accept,ACCEPT
9780394514055__metadata__Book_Format_and_Form / Textual_Form / Short_Form,9780394514055,The stories of Heinrich Böll,Metadata,Book_Format_and_Form / Textual_Form / Short_Form,1,"[""gpt_oss_20b""]","[""qwen_groq"", ""gpt_oss_groq""]","[""Translations into English"", ""German Short stories"", ""Short Stories"", ""Fiction"", ""German Literature"", ""Literature"", ""Classics"", ""Böll, Heinrich, 1917- -- Translations into English""]","[{""decision"": ""MAINTAIN"", ""evidence_tags"": [""Short Stories""], ""justification"": ""The tag \""Short Stories\"" indicates the work is in short form."", ""model"": ""gpt_oss_20b""}]","[{""decision"": ""ACCEPT"", ""evidence_tags"": [""Short Stories""], ""justification"": ""The tag \""Short Stories\"" explicitly identifies the textual form as short form."", ""model"": ""qwen_groq""}, {""decision"": ""ACCEPT"", ""evidence_tags"": [""Short Stories""], ""justification"": ""The tag \""Short Stories\"" explicitly indicates the work is in short form."", ""model"": ""gpt_oss_groq""}]",ACCEPT,ACCEPT,MAINTAIN,1of3_both_opponents_accept,ACCEPT
9780394514055__metadata__Geographical_Context / Country_or_National_Context / Country_Based_Context / German Context,9780394514055,The stories of Heinrich Böll,Metadata,Geographical_Context / Country_or_National_Context / Country_Based_Context / German Context,2,"[""gpt_oss_groq"", ""gpt_oss_20b""]","[""qwen_groq""]","[""Translations into English"", ""German Short stories"", ""Short Stories"", ""Fiction"", ""German Literature"", ""Literature"", ""Classics"", ""Böll, Heinrich, 1917- -- Translations into English""]","[{""decision"": ""MAINTAIN"", ""evidence_tags"": [""German Short stories"", ""German Literature""], ""justification"": ""The tags explicitly reference German short stories and German literature."", ""model"": ""gpt_oss_groq""}, {""decision"": ""MAINTAIN"", ""evidence_tags"": [""German Short stories"", ""German Literature""], ""justification"": ""The tags explicitly state German Short stories and German Literature, indicating a German context."", ""model"": ""gpt_oss_20b""}]","[{""decision"": ""ACCEPT"", ""evidence_tags"": [""German Short stories"", ""German Literature""], ""justification"": ""The filtered tags explicitly contain the terms 'German Short stories' and 'German Literature', directly supporting the German Context path."", ""model"": ""qwen_groq""}]",ACCEPT,MAINTAIN,MAINTAIN,2of3_opponent_accepts,ACCEPT
9780394542690__genre__Nonfiction / Biography / Biography,9780394542690,Wilbur and Orville,Genre,Nonfiction / Biography / Biography,1,"[""gpt_oss_20b""]","[""qwen_groq"", ""gpt_oss_groq""]","[""Aeronautics"", ""Biography"", ""Wright brothers"", ""Aeronautics, biography"", ""Wright, Wilbur, 1867-1912."", ""Wright, Orville, 1871-1948."", ""Aeronautics -- United States -- Biography."", ""Biographies & Memoirs""]","[{""decision"": ""MAINTAIN"", ""evidence_tags"": [""Biography"", ""Biographies & Memoirs"", ""Aeronautics, biography"", ""Aeronautics -- United States -- Biography.""], ""justification"": ""The filtered tags include Biography, supporting the disputed genre path."", ""model"": ""gpt_oss_20b""}]","[{""decision"": ""ACCEPT"", ""evidence_tags"": [""Biography"", ""Biographies & Memoirs""], ""justification"": ""The filtered tags explicitly include 'Biography' and 'Biographies & Memoirs', directly supporting the disputed genre path."", ""model"": ""qwen_groq""}, {""decision"": ""ACCEPT"", ""evidence_tags"": [""Biography"", ""Biographies & Memoirs""], ""justification"": ""Filtered tags explicitly include Biography, supporting the disputed genre path."", ""model"": ""gpt_oss_groq""}]",ACCEPT,ACCEPT,MAINTAIN,1of3_both_opponents_accept,ACCEPT
9780394542690__genre__Nonfiction / Biography / Biography / Collective Biography,9780394542690,Wilbur and Orville,Genre,Nonfiction / Biography / Biography / Collective Biography,1,"[""qwen_groq""]","[""gpt_oss_groq"", ""gpt_oss_20b""]","[""Aeronautics"", ""Biography"", ""Wright brothers"", ""Aeronautics, biography"", ""Wright, Wilbur, 1867-1912."", ""Wright, Orville, 1871-1948."", ""Aeronautics -- United States -- Biography."", ""Biographies & Memoirs""]","[{""decision"": ""MAINTAIN"", ""evidence_tags"": [""Biography"", ""Wright, Wilbur, 1867-1912."", ""Wright, Orville, 1871-1948.""], ""justification"": ""The presence of specific biographical tags for both Wilbur and Orville Wright directly supports the classification as a collective biography."", ""model"": ""qwen_groq""}]","[{""decision"": ""ACCEPT"", ""evidence_tags"": [""Biography"", ""Wright, Wilbur, 1867-1912."", ""Wright, Orville, 1871-1948."", ""Wright brothers""], ""justification"": ""The tags explicitly identify biographies of both Wright brothers, supporting a collective biography classification."", ""model"": ""gpt_oss_groq""}, {""decision"": ""ACCEPT"", ""evidence_tags"": [""Biography"", ""Wright, Wilbur, 1867-1912."", ""Wright, Orville, 1871-1948.""], ""justification"": ""The tags explicitly list both Wright brothers and a general Biography tag, supporting a collective biography classification."", ""model"": ""gpt_oss_20b""}]",MAINTAIN,ACCEPT,ACCEPT,1of3_both_opponents_accept,ACCEPT
9780394555522__genre__Nonfiction / Medicine and Health / Health and Wellness / Health,9780394555522,Ageless ageing,Genre,Nonfiction / Medicine and Health / Health and Wellness / Health,2,"[""qwen_groq"", ""gpt_oss_20b""]","[""gpt_oss_groq""]","[""Longevity"", ""Low-calorie diet"", ""Nutrition"", ""Nutritional aspects of Longevity"", ""Aging"", ""Health, Fitness & Dieting"", ""Nutritional aspects"", ""Health""]","[{""decision"": ""MAINTAIN"", ""evidence_tags"": [""Health, Fitness & Dieting"", ""Health""], ""justification"": ""The filtered tags 'Health, Fitness & Dieting' and 'Health' directly support the classification of the book under the Medicine and Health / Health and Wellness genre path."", ""model"": ""qwen_groq""}, {""decision"": ""MAINTAIN"", ""evidence_tags"": [""Health""], ""justification"": ""The tag \""Health\"" directly supports the disputed genre path."", ""model"": ""gpt_oss_20b""}]","[{""decision"": ""ACCEPT"", ""evidence_tags"": [""Health""], ""justification"": ""The tag \""Health\"" directly matches the disputed genre path."", ""model"": ""gpt_oss_groq""}]",MAINTAIN,ACCEPT,MAINTAIN,2of3_opponent_accepts,ACCEPT
9780394723167__genre__Fiction / Fantasy,9780394723167,Shadowcastle,Genre,Fiction / Fantasy,2,"[""qwen_groq"", ""gpt_oss_groq""]","[""gpt_oss_20b""]","[""Fantasy"", ""Fiction"", ""Science Fiction & Fantasy"", ""Childrens"", ""Choose Your Own Adventure""]","[{""decision"": ""MAINTAIN"", ""evidence_tags"": [""Fantasy"", ""Fiction""], ""justification"": ""The filtered tags explicitly include 'Fantasy' and 'Fiction', directly supporting the disputed genre path."", ""model"": ""qwen_groq""}, {""decision"": ""MAINTAIN"", ""evidence_tags"": [""Fantasy"", ""Fiction""], ""justification"": ""Both \""Fantasy\"" and \""Fiction\"" tags directly match the disputed path."", ""model"": ""gpt_oss_groq""}]","[{""decision"": ""ACCEPT"", ""evidence_tags"": [""Fantasy"", ""Fiction""], ""justification"": ""Both tags directly match the disputed genre path."", ""model"": ""gpt_oss_20b""}]",MAINTAIN,MAINTAIN,ACCEPT,2of3_opponent_accepts,ACCEPT
9780394804248__genre__Fiction,9780394804248,The most beautiful place in the world,Genre,Fiction,1,"[""gpt_oss_20b""]","[""qwen_groq"", ""gpt_oss_groq""]","[""Fiction"", ""Juvenile fiction"", ""Children's fiction"", ""Realistic Fiction"", ""Middle Grade"", ""Family"", ""Family Life"", ""Multigenerational"", ""Grandmothers"", ""Grandmothers -- Fiction"", ""Voyages and travels, fiction"", ""Guatemala -- Fiction"", ""Growing Up & Facts of Life"", ""School"", ""Children's Books""]","[{""decision"": ""MAINTAIN"", ""evidence_tags"": [""Fiction""], ""justification"": ""The tag list includes the exact genre \""Fiction\""."", ""model"": ""gpt_oss_20b""}]","[{""decision"": ""ACCEPT"", ""evidence_tags"": [""Fiction""], ""justification"": ""The filtered tags explicitly include the exact genre string 'Fiction', directly supporting the disputed path."", ""model"": ""qwen_groq""}, {""decision"": ""ACCEPT"", ""evidence_tags"": [""Fiction""], ""justification"": ""The tag list contains the exact genre \""Fiction\""."", ""model"": ""gpt_oss_groq""}]",ACCEPT,ACCEPT,MAINTAIN,1of3_both_opponents_accept,ACCEPT
9780394804248__metadata__Thematic_Metadata / Relationship_and_Social_Themes / Family,9780394804248,The most beautiful place in the world,Metadata,Thematic_Metadata / Relationship_and_Social_Themes / Family,2,"[""qwen_groq"", ""gpt_oss_20b""]","[""gpt_oss_groq""]","[""Fiction"", ""Juvenile fiction"", ""Children's fiction"", ""Realistic Fiction"", ""Middle Grade"", ""Family"", ""Family Life"", ""Multigenerational"", ""Grandmothers"", ""Grandmothers -- Fiction"", ""Voyages and travels, fiction"", ""Guatemala -- Fiction"", ""Growing Up & Facts of Life"", ""School"", ""Children's Books""]","[{""decision"": ""MAINTAIN"", ""evidence_tags"": [""Family"", ""Family Life""], ""justification"": ""The filtered tags explicitly include 'Family' and 'Family Life', directly supporting the disputed metadata path."", ""model"": ""qwen_groq""}, {""decision"": ""MAINTAIN"", ""evidence_tags"": [""Family""], ""justification"": ""The tag \""Family\"" directly supports the Family theme."", ""model"": ""gpt_oss_20b""}]","[{""decision"": ""ACCEPT"", ""evidence_tags"": [""Family""], ""justification"": ""The filtered tag \""Family\"" directly supports the Family thematic metadata path."", ""model"": ""gpt_oss_groq""}]",MAINTAIN,ACCEPT,MAINTAIN,2of3_opponent_accepts,ACCEPT
9780394807928__genre__Fiction,9780394807928,Follow that bus!,Genre,Fiction,2,"[""qwen_groq"", ""gpt_oss_20b""]","[""gpt_oss_groq""]","[""Children's stories"", ""Fiction"", ""Children's fiction"", ""Buses, fiction"", ""Growing Up & Facts of Life"", ""Friendship, Social Skills & School Life"", ""School""]","[{""decision"": ""MAINTAIN"", ""evidence_tags"": [""Fiction"", ""Children's fiction"", ""Buses, fiction""], ""justification"": ""The filtered tags explicitly include 'Fiction', 'Children's fiction', and 'Buses, fiction', directly supporting the disputed genre path."", ""model"": ""qwen_groq""}, {""decision"": ""MAINTAIN"", ""evidence_tags"": [""Fiction""], ""justification"": ""The tag \""Fiction\"" directly supports the disputed genre path."", ""model"": ""gpt_oss_20b""}]","[{""decision"": ""ACCEPT"", ""evidence_tags"": [""Fiction""], ""justification"": ""The filtered tag \""Fiction\"" directly supports the disputed genre path."", ""model"": ""gpt_oss_groq""}]",MAINTAIN,ACCEPT,MAINTAIN,2of3_opponent_accepts,ACCEPT
9780394827001__genre__Fiction,9780394827001,Soup.,Genre,Fiction,1,"[""qwen_groq""]","[""gpt_oss_groq"", ""gpt_oss_20b""]","[""Fiction"", ""Friendship"", ""Juvenile Fiction"", ""Children's fiction"", ""Boys, fiction"", ""Amitié"", ""Romans, nouvelles, etc. pour la jeunesse"", ""Friendship -- Fiction."", ""Humor"", ""Middle Grade"", ""Young Adult"", ""Juvenile"", ""Childrens""]","[{""decision"": ""MAINTAIN"", ""evidence_tags"": [""Fiction"", ""Juvenile Fiction"", ""Children's fiction""], ""justification"": ""The filtered tags explicitly include 'Fiction', 'Juvenile Fiction', and 'Children's fiction', directly supporting the disputed genre path."", ""model"": ""qwen_groq""}]","[{""decision"": ""ACCEPT"", ""evidence_tags"": [""Fiction""], ""justification"": ""The filtered tags contain the exact tag 'Fiction', directly supporting the disputed genre path."", ""model"": ""gpt_oss_groq""}, {""decision"": ""ACCEPT"", ""evidence_tags"": [""Fiction""], ""justification"": ""The filtered tags contain the exact tag 'Fiction', directly supporting the disputed genre path."", ""model"": ""gpt_oss_20b""}]",MAINTAIN,ACCEPT,ACCEPT,1of3_both_opponents_accept,ACCEPT
9780394827001__metadata__Thematic_Metadata / Relationship_and_Social_Themes / Friendship,9780394827001,Soup.,Metadata,Thematic_Metadata / Relationship_and_Social_Themes / Friendship,2,"[""gpt_oss_groq"", ""gpt_oss_20b""]","[""qwen_groq""]","[""Fiction"", ""Friendship"", ""Juvenile Fiction"", ""Children's fiction"", ""Boys, fiction"", ""Amitié"", ""Romans, nouvelles, etc. pour la jeunesse"", ""Friendship -- Fiction."", ""Humor"", ""Middle Grade"", ""Young Adult"", ""Juvenile"", ""Childrens""]","[{""decision"": ""MAINTAIN"", ""evidence_tags"": [""Friendship"", ""Friendship -- Fiction."", ""Amitié""], ""justification"": ""The filtered tags explicitly include Friendship related terms."", ""model"": ""gpt_oss_groq""}, {""decision"": ""MAINTAIN"", ""evidence_tags"": [""Friendship""], ""justification"": ""The tag \""Friendship\"" directly supports the Friendship theme."", ""model"": ""gpt_oss_20b""}]","[{""decision"": ""ACCEPT"", ""evidence_tags"": [""Friendship"", ""Friendship -- Fiction."", ""Amitié""], ""justification"": ""The filtered tags explicitly contain the term 'Friendship' and its variants, directly supporting the disputed path."", ""model"": ""qwen_groq""}]",ACCEPT,MAINTAIN,MAINTAIN,2of3_opponent_accepts,ACCEPT
9780394827001__metadata__Thematic_Metadata / Relationship_and_Social_Themes / Friendship / Friendship,9780394827001,Soup.,Metadata,Thematic_Metadata / Relationship_and_Social_Themes / Friendship / Friendship,1,"[""qwen_groq""]","[""gpt_oss_groq"", ""gpt_oss_20b""]","[""Fiction"", ""Friendship"", ""Juvenile Fiction"", ""Children's fiction"", ""Boys, fiction"", ""Amitié"", ""Romans, nouvelles, etc. pour la jeunesse"", ""Friendship -- Fiction."", ""Humor"", ""Middle Grade"", ""Young Adult"", ""Juvenile"", ""Childrens""]","[{""decision"": ""MAINTAIN"", ""evidence_tags"": [""Friendship"", ""Friendship -- Fiction.""], ""justification"": ""The filtered tags explicitly include 'Friendship' and 'Friendship -- Fiction.', directly supporting the disputed metadata path."", ""model"": ""qwen_groq""}]","[{""decision"": ""ACCEPT"", ""evidence_tags"": [""Friendship"", ""Friendship -- Fiction.""], ""justification"": ""The filtered tags explicitly contain 'Friendship' and 'Friendship -- Fiction.', directly supporting the Friendship metadata path."", ""model"": ""gpt_oss_groq""}, {""decision"": ""ACCEPT"", ""evidence_tags"": [""Friendship"", ""Friendship -- Fiction.""], ""justification"": ""The filtered tags explicitly contain 'Friendship' and 'Friendship -- Fiction.', supporting the Friendship theme."", ""model"": ""gpt_oss_20b""}]",MAINTAIN,ACCEPT,ACCEPT,1of3_both_opponents_accept,ACCEPT
9780394852768__genre__Fiction,9780394852768,The bloodroot flower,Genre,Fiction,2,"[""qwen_groq"", ""gpt_oss_20b""]","[""gpt_oss_groq""]","[""Family life"", ""Fiction"", ""Minnesota -- Fiction.""]","[{""decision"": ""MAINTAIN"", ""evidence_tags"": [""Fiction"", ""Minnesota -- Fiction.""], ""justification"": ""The filtered tags explicitly include 'Fiction' and 'Minnesota -- Fiction', directly supporting the disputed genre path."", ""model"": ""qwen_groq""}, {""decision"": ""MAINTAIN"", ""evidence_tags"": [""Fiction""], ""justification"": ""The filtered tags include the exact tag \""Fiction\""."", ""model"": ""gpt_oss_20b""}]","[{""decision"": ""ACCEPT"", ""evidence_tags"": [""Fiction""], ""justification"": ""The filtered tags contain the exact tag \""Fiction\"" supporting the disputed genre path."", ""model"": ""gpt_oss_groq""}]",MAINTAIN,ACCEPT,MAINTAIN,2of3_opponent_accepts,ACCEPT
9780394932767__metadata__Book_Format_and_Form / Textual_Form / Short_Form / Short Story,9780394932767,"Gudgekin, the thistle girl, and other tales",Metadata,Book_Format_and_Form / Textual_Form / Short_Form / Short Story,2,"[""qwen_groq"", ""gpt_oss_groq""]","[""gpt_oss_20b""]","[""Fairy tales"", ""Fantasy"", ""Short Stories"", ""Childrens"", ""Fiction"", ""Childrens Fantasy"", ""Mythology""]","[{""decision"": ""MAINTAIN"", ""evidence_tags"": [""Short Stories""], ""justification"": ""The filtered tag 'Short Stories' explicitly supports the textual form classification of Short Story."", ""model"": ""qwen_groq""}, {""decision"": ""MAINTAIN"", ""evidence_tags"": [""Short Stories""], ""justification"": ""The tag \""Short Stories\"" directly supports the short story classification."", ""model"": ""gpt_oss_groq""}]","[{""decision"": ""ACCEPT"", ""evidence_tags"": [""Short Stories""], ""justification"": ""The tag \""Short Stories\"" directly supports the classification as a short story."", ""model"": ""gpt_oss_20b""}]",MAINTAIN,MAINTAIN,ACCEPT,2of3_opponent_accepts,ACCEPT
9780394933252__metadata__Thematic_Metadata / Relationship_and_Social_Themes / Friendship,9780394933252,All it takes is practice,Metadata,Thematic_Metadata / Relationship_and_Social_Themes / Friendship,2,"[""gpt_oss_groq"", ""gpt_oss_20b""]","[""qwen_groq""]","[""Fiction"", ""Race relations"", ""Friendship"", ""Basketball stories""]","[{""decision"": ""MAINTAIN"", ""evidence_tags"": [""Friendship""], ""justification"": ""The tag \""Friendship\"" directly matches the disputed thematic path."", ""model"": ""gpt_oss_groq""}, {""decision"": ""MAINTAIN"", ""evidence_tags"": [""Friendship""], ""justification"": ""The tag \""Friendship\"" directly supports the path."", ""model"": ""gpt_oss_20b""}]","[{""decision"": ""ACCEPT"", ""evidence_tags"": [""Friendship""], ""justification"": ""The filtered tag \""Friendship\"" explicitly supports the disputed path Thematic_Metadata / Relationship_and_Social_Themes / Friendship."", ""model"": ""qwen_groq""}]",ACCEPT,MAINTAIN,MAINTAIN,2of3_opponent_accepts,ACCEPT
9780394933252__metadata__Thematic_Metadata / Relationship_and_Social_Themes / Friendship / Friendship,9780394933252,All it takes is practice,Metadata,Thematic_Metadata / Relationship_and_Social_Themes / Friendship / Friendship,1,"[""qwen_groq""]","[""gpt_oss_groq"", ""gpt_oss_20b""]","[""Fiction"", ""Race relations"", ""Friendship"", ""Basketball stories""]","[{""decision"": ""MAINTAIN"", ""evidence_tags"": [""Friendship""], ""justification"": ""The filtered tag 'Friendship' explicitly supports the disputed metadata path."", ""model"": ""qwen_groq""}]","[{""decision"": ""ACCEPT"", ""evidence_tags"": [""Friendship""], ""justification"": ""The filtered tag 'Friendship' directly matches the disputed metadata path."", ""model"": ""gpt_oss_groq""}, {""decision"": ""ACCEPT"", ""evidence_tags"": [""Friendship""], ""justification"": ""The tag 'Friendship' directly supports the disputed metadata path."", ""model"": ""gpt_oss_20b""}]",MAINTAIN,ACCEPT,ACCEPT,1of3_both_opponents_accept,ACCEPT
9780394959535__genre__Fiction / Comics and Sequential Fiction,9780394959535,"Is this good-bye, Charlie Brown?",Genre,Fiction / Comics and Sequential Fiction,2,"[""gpt_oss_groq"", ""gpt_oss_20b""]","[""qwen_groq""]","[""Cartoons and comics"", ""Friendship"", ""Children's stories, American"", ""Fiction""]","[{""decision"": ""MAINTAIN"", ""evidence_tags"": [""Cartoons and comics"", ""Fiction""], ""justification"": ""The tags include both 'Cartoons and comics' and 'Fiction', directly supporting the Comics and Sequential Fiction subgenre."", ""model"": ""gpt_oss_groq""}, {""decision"": ""MAINTAIN"", ""evidence_tags"": [""Cartoons and comics"", ""Fiction""], ""justification"": ""The tags include both Fiction and Cartoons and comics, supporting the genre path."", ""model"": ""gpt_oss_20b""}]","[{""decision"": ""ACCEPT"", ""evidence_tags"": [""Cartoons and comics"", ""Fiction""], ""justification"": ""The presence of the tag 'Cartoons and comics' directly supports the 'Comics and Sequential Fiction' subgenre within the 'Fiction' category."", ""model"": ""qwen_groq""}]",ACCEPT,MAINTAIN,MAINTAIN,2of3_opponent_accepts,ACCEPT
9780394959535__genre__Fiction / Comics and Sequential Fiction / Comics / Comics,9780394959535,"Is this good-bye, Charlie Brown?",Genre,Fiction / Comics and Sequential Fiction / Comics / Comics,1,"[""qwen_groq""]","[""gpt_oss_groq"", ""gpt_oss_20b""]","[""Cartoons and comics"", ""Friendship"", ""Children's stories, American"", ""Fiction""]","[{""decision"": ""MAINTAIN"", ""evidence_tags"": [""Cartoons and comics"", ""Fiction""], ""justification"": ""The filtered tags 'Cartoons and comics' and 'Fiction' directly support the disputed genre path."", ""model"": ""qwen_groq""}]","[{""decision"": ""ACCEPT"", ""evidence_tags"": [""Cartoons and comics"", ""Fiction""], ""justification"": ""The tags 'Cartoons and comics' and 'Fiction' directly support the disputed comics genre path."", ""model"": ""gpt_oss_groq""}, {""decision"": ""ACCEPT"", ""evidence_tags"": [""Cartoons and comics"", ""Fiction""], ""justification"": ""The tags 'Cartoons and comics' and 'Fiction' directly support the disputed genre path."", ""model"": ""gpt_oss_20b""}]",MAINTAIN,ACCEPT,ACCEPT,1of3_both_opponents_accept,ACCEPT
9780394959535__metadata__Thematic_Metadata / Relationship_and_Social_Themes / Friendship,9780394959535,"Is this good-bye, Charlie Brown?",Metadata,Thematic_Metadata / Relationship_and_Social_Themes / Friendship,1,"[""gpt_oss_groq""]","[""qwen_groq"", ""gpt_oss_20b""]","[""Cartoons and comics"", ""Friendship"", ""Children's stories, American"", ""Fiction""]","[{""decision"": ""MAINTAIN"", ""evidence_tags"": [""Friendship""], ""justification"": ""The tag 'Friendship' directly matches the disputed thematic path."", ""model"": ""gpt_oss_groq""}]","[{""decision"": ""ACCEPT"", ""evidence_tags"": [""Friendship""], ""justification"": ""The filtered tag 'Friendship' explicitly supports the disputed path Thematic_Metadata / Relationship_and_Social_Themes / Friendship."", ""model"": ""qwen_groq""}, {""decision"": ""ACCEPT"", ""evidence_tags"": [""Friendship""], ""justification"": ""The tag 'Friendship' directly matches the disputed thematic path."", ""model"": ""gpt_oss_20b""}]",ACCEPT,MAINTAIN,ACCEPT,1of3_both_opponents_accept,ACCEPT
9780394959535__metadata__Thematic_Metadata / Relationship_and_Social_Themes / Friendship / Friendship,9780394959535,"Is this good-bye, Charlie Brown?",Metadata,Thematic_Metadata / Relationship_and_Social_Themes / Friendship / Friendship,2,"[""qwen_groq"", ""gpt_oss_20b""]","[""gpt_oss_groq""]","[""Cartoons and comics"", ""Friendship"", ""Children's stories, American"", ""Fiction""]","[{""decision"": ""MAINTAIN"", ""evidence_tags"": [""Friendship""], ""justification"": ""The filtered tag 'Friendship' explicitly supports the metadata path Thematic_Metadata / Relationship_and_Social_Themes / Friendship / Friendship."", ""model"": ""qwen_groq""}, {""decision"": ""MAINTAIN"", ""evidence_tags"": [""Friendship""], ""justification"": ""The tag \""Friendship\"" directly supports the Friendship metadata path."", ""model"": ""gpt_oss_20b""}]","[{""decision"": ""ACCEPT"", ""evidence_tags"": [""Friendship""], ""justification"": ""The filtered tag \""Friendship\"" directly matches the disputed metadata path."", ""model"": ""gpt_oss_groq""}]",MAINTAIN,ACCEPT,MAINTAIN,2of3_opponent_accepts,ACCEPT
9780394973333__genre__Fiction,9780394973333,The Berenstain Bears,Genre,Fiction,2,"[""qwen_groq"", ""gpt_oss_20b""]","[""gpt_oss_groq""]","[""Fiction"", ""Behavior"", ""Children's stories, American"", ""Bears"", ""Behavior -- Fiction"", ""Bears -- Fiction"", ""Picture Books"", ""Animals"", ""Family"", ""Humor""]","[{""decision"": ""MAINTAIN"", ""evidence_tags"": [""Fiction"", ""Behavior -- Fiction"", ""Bears -- Fiction""], ""justification"": ""The filtered tags explicitly include 'Fiction' and specific sub-genres like 'Behavior -- Fiction' and 'Bears -- Fiction', directly supporting the disputed path."", ""model"": ""qwen_groq""}, {""decision"": ""MAINTAIN"", ""evidence_tags"": [""Fiction""], ""justification"": ""The tag list includes the exact genre tag \""Fiction\""."", ""model"": ""gpt_oss_20b""}]","[{""decision"": ""ACCEPT"", ""evidence_tags"": [""Fiction""], ""justification"": ""The filtered tags contain the exact genre tag \""Fiction\""."", ""model"": ""gpt_oss_groq""}]",MAINTAIN,ACCEPT,MAINTAIN,2of3_opponent_accepts,ACCEPT
9780394973333__metadata__Geographical_Context / Country_or_National_Context / Country_Based_Context / American Context,9780394973333,The Berenstain Bears,Metadata,Geographical_Context / Country_or_National_Context / Country_Based_Context / American Context,2,"[""gpt_oss_groq"", ""gpt_oss_20b""]","[""qwen_groq""]","[""Fiction"", ""Behavior"", ""Children's stories, American"", ""Bears"", ""Behavior -- Fiction"", ""Bears -- Fiction"", ""Picture Books"", ""Animals"", ""Family"", ""Humor""]","[{""decision"": ""MAINTAIN"", ""evidence_tags"": [""Children's stories, American""], ""justification"": ""The tag explicitly includes 'American', supporting the American context path."", ""model"": ""gpt_oss_groq""}, {""decision"": ""MAINTAIN"", ""evidence_tags"": [""Children's stories, American""], ""justification"": ""The tag 'Children's stories, American' explicitly indicates an American context."", ""model"": ""gpt_oss_20b""}]","[{""decision"": ""ACCEPT"", ""evidence_tags"": [""Children's stories, American""], ""justification"": ""The filtered tag 'Children's stories, American' explicitly contains the word 'American', directly supporting the American Context path."", ""model"": ""qwen_groq""}]",ACCEPT,MAINTAIN,MAINTAIN,2of3_opponent_accepts,ACCEPT
9780395123645__metadata__Thematic_Metadata / Nature_and_Environment_Themes / Animals,9780395123645,Hotel for dogs.,Metadata,Thematic_Metadata / Nature_and_Environment_Themes / Animals,2,"[""gpt_oss_groq"", ""gpt_oss_20b""]","[""qwen_groq""]","[""Dogs"", ""Fiction"", ""Pet adoption"", ""Brothers and sisters"", ""Juvenile fiction"", ""Children's fiction"", ""Dogs, fiction"", ""Dogs -- Fiction"", ""Animals"", ""Middle Grade"", ""Realistic Fiction""]","[{""decision"": ""MAINTAIN"", ""evidence_tags"": [""Animals""], ""justification"": ""The tag \""Animals\"" directly confirms the animal theme."", ""model"": ""gpt_oss_groq""}, {""decision"": ""MAINTAIN"", ""evidence_tags"": [""Animals""], ""justification"": ""The tag \""Animals\"" directly supports the path."", ""model"": ""gpt_oss_20b""}]","[{""decision"": ""ACCEPT"", ""evidence_tags"": [""Animals""], ""justification"": ""The filtered tag \""Animals\"" explicitly supports the thematic path for Animals."", ""model"": ""qwen_groq""}]",ACCEPT,MAINTAIN,MAINTAIN,2of3_opponent_accepts,ACCEPT
9780395150849__genre__Fiction,9780395150849,Kermit the Hermit,Genre,Fiction,1,"[""qwen_groq""]","[""gpt_oss_groq"", ""gpt_oss_20b""]","[""Stories in rhyme"", ""Juvenile fiction"", ""Fiction"", ""Children's fiction"", ""Picture books"", ""Children's Books"", ""Humor""]","[{""decision"": ""MAINTAIN"", ""evidence_tags"": [""Fiction"", ""Juvenile fiction"", ""Children's fiction""], ""justification"": ""The filtered tags explicitly include 'Fiction', 'Juvenile fiction', and 'Children's fiction', directly supporting the disputed genre path."", ""model"": ""qwen_groq""}]","[{""decision"": ""ACCEPT"", ""evidence_tags"": [""Fiction""], ""justification"": ""The filtered tags contain the explicit tag 'Fiction' supporting the disputed genre path."", ""model"": ""gpt_oss_groq""}, {""decision"": ""ACCEPT"", ""evidence_tags"": [""Fiction""], ""justification"": ""The filtered tags include the exact tag 'Fiction', directly supporting the disputed genre path."", ""model"": ""gpt_oss_20b""}]",MAINTAIN,ACCEPT,ACCEPT,1of3_both_opponents_accept,ACCEPT
9780395214060__genre__Fiction,9780395214060,Star mother's youngest child,Genre,Fiction,1,"[""qwen_groq""]","[""gpt_oss_groq"", ""gpt_oss_20b""]","[""Children's stories"", ""Christmas"", ""Fiction"", ""Children's fiction"", ""Picture Books"", ""Holiday"", ""Fantasy""]","[{""decision"": ""MAINTAIN"", ""evidence_tags"": [""Fiction"", ""Children's fiction""], ""justification"": ""The filtered tags explicitly include 'Fiction' and 'Children's fiction', directly supporting the disputed genre path."", ""model"": ""qwen_groq""}]","[{""decision"": ""ACCEPT"", ""evidence_tags"": [""Fiction""], ""justification"": ""The tag \""Fiction\"" directly matches the disputed genre path."", ""model"": ""gpt_oss_groq""}, {""decision"": ""ACCEPT"", ""evidence_tags"": [""Fiction""], ""justification"": ""The filtered tags contain 'Fiction', directly supporting the disputed genre path."", ""model"": ""gpt_oss_20b""}]",MAINTAIN,ACCEPT,ACCEPT,1of3_both_opponents_accept,ACCEPT
9780395251508__genre__Fiction,9780395251508,Big bad Bruce,Genre,Fiction,1,"[""qwen_groq""]","[""gpt_oss_groq"", ""gpt_oss_20b""]","[""Fiction"", ""Bears"", ""Children's stories"", ""Witches"", ""Bullying"", ""Juvenile fiction"", ""Bullies"", ""Children's fiction"", ""Bears, fiction"", ""Witches, fiction"", ""Bears -- Fiction."", ""Witches -- Fiction."", ""Picture Books"", ""Animals"", ""Fantasy"", ""Children's Books"", ""Humor""]","[{""decision"": ""MAINTAIN"", ""evidence_tags"": [""Fiction"", ""Juvenile fiction"", ""Children's fiction"", ""Bears, fiction"", ""Witches, fiction"", ""Bears -- Fiction."", ""Witches -- Fiction.""], ""justification"": ""The filtered tags explicitly include 'Fiction' and multiple specific fiction sub-genres such as 'Juvenile fiction' and 'Bears, fiction'."", ""model"": ""qwen_groq""}]","[{""decision"": ""ACCEPT"", ""evidence_tags"": [""Fiction""], ""justification"": ""The filtered tags contain the exact tag 'Fiction'."", ""model"": ""gpt_oss_groq""}, {""decision"": ""ACCEPT"", ""evidence_tags"": [""Fiction""], ""justification"": ""The tag 'Fiction' directly supports the disputed genre path."", ""model"": ""gpt_oss_20b""}]",MAINTAIN,ACCEPT,ACCEPT,1of3_both_opponents_accept,ACCEPT
9780395297421__genre__Fiction,9780395297421,The killer swan,Genre,Fiction,2,"[""qwen_groq"", ""gpt_oss_20b""]","[""gpt_oss_groq""]","[""Fiction"", ""Swans"", ""Swans, fiction"", ""Swans -- Fiction."", ""Fathers and sons"", ""Fathers and sons -- Fiction."", ""Teen & Young Adult"", ""Literature & Fiction"", ""Social & Family Issues"", ""Death & Dying"", ""Stepfathers -- Fiction.""]","[{""decision"": ""MAINTAIN"", ""evidence_tags"": [""Fiction"", ""Swans, fiction"", ""Swans -- Fiction."", ""Fathers and sons -- Fiction."", ""Stepfathers -- Fiction."", ""Literature & Fiction""], ""justification"": ""The filtered tags explicitly include 'Fiction' and multiple sub-genres ending in 'Fiction', directly supporting the disputed path."", ""model"": ""qwen_groq""}, {""decision"": ""MAINTAIN"", ""evidence_tags"": [""Fiction""], ""justification"": ""The tag \""Fiction\"" directly supports the genre path."", ""model"": ""gpt_oss_20b""}]","[{""decision"": ""ACCEPT"", ""evidence_tags"": [""Fiction""], ""justification"": ""The filtered tag \""Fiction\"" directly supports the disputed genre path."", ""model"": ""gpt_oss_groq""}]",MAINTAIN,ACCEPT,MAINTAIN,2of3_opponent_accepts,ACCEPT
9780395338827__genre__Fiction,9780395338827,Fishman and Charly,Genre,Fiction,2,"[""qwen_groq"", ""gpt_oss_20b""]","[""gpt_oss_groq""]","[""Fiction"", ""Manatees"", ""Wildlife conservation"", ""Fathers and sons"", ""Children's fiction"", ""Friendship, fiction"", ""Manatees -- Fiction."", ""Wildlife conservation -- Fiction."", ""Fathers and sons -- Fiction.""]","[{""decision"": ""MAINTAIN"", ""evidence_tags"": [""Fiction"", ""Children's fiction"", ""Friendship, fiction"", ""Manatees -- Fiction."", ""Wildlife conservation -- Fiction."", ""Fathers and sons -- Fiction.""], ""justification"": ""The filtered tags explicitly include 'Fiction' and multiple sub-genres ending in 'Fiction', directly supporting the disputed path."", ""model"": ""qwen_groq""}, {""decision"": ""MAINTAIN"", ""evidence_tags"": [""Children's fiction"", ""Friendship, fiction"", ""Manatees -- Fiction."", ""Wildlife conservation -- Fiction."", ""Fathers and sons -- Fiction.""], ""justification"": ""The filtered tags explicitly include several fiction subcategories, confirming the book is fiction."", ""model"": ""gpt_oss_20b""}]","[{""decision"": ""ACCEPT"", ""evidence_tags"": [""Fiction""], ""justification"": ""The filtered tags contain the explicit tag \""Fiction\"" supporting the disputed path."", ""model"": ""gpt_oss_groq""}]",MAINTAIN,ACCEPT,MAINTAIN,2of3_opponent_accepts,ACCEPT
9780395338827__metadata__Thematic_Metadata / Relationship_and_Social_Themes / Friendship,9780395338827,Fishman and Charly,Metadata,Thematic_Metadata / Relationship_and_Social_Themes / Friendship,1,"[""gpt_oss_groq""]","[""qwen_groq"", ""gpt_oss_20b""]","[""Fiction"", ""Manatees"", ""Wildlife conservation"", ""Fathers and sons"", ""Children's fiction"", ""Friendship, fiction"", ""Manatees -- Fiction."", ""Wildlife conservation -- Fiction."", ""Fathers and sons -- Fiction.""]","[{""decision"": ""MAINTAIN"", ""evidence_tags"": [""Friendship, fiction""], ""justification"": ""The tag explicitly includes Friendship."", ""model"": ""gpt_oss_groq""}]","[{""decision"": ""ACCEPT"", ""evidence_tags"": [""Friendship, fiction""], ""justification"": ""The filtered tag 'Friendship, fiction' explicitly supports the thematic path of Friendship."", ""model"": ""qwen_groq""}, {""decision"": ""ACCEPT"", ""evidence_tags"": [""Friendship, fiction""], ""justification"": ""The tag explicitly includes Friendship."", ""model"": ""gpt_oss_20b""}]",ACCEPT,MAINTAIN,ACCEPT,1of3_both_opponents_accept,ACCEPT
9780395338827__metadata__Thematic_Metadata / Relationship_and_Social_Themes / Friendship / Friendship,9780395338827,Fishman and Charly,Metadata,Thematic_Metadata / Relationship_and_Social_Themes / Friendship / Friendship,2,"[""qwen_groq"", ""gpt_oss_20b""]","[""gpt_oss_groq""]","[""Fiction"", ""Manatees"", ""Wildlife conservation"", ""Fathers and sons"", ""Children's fiction"", ""Friendship, fiction"", ""Manatees -- Fiction."", ""Wildlife conservation -- Fiction."", ""Fathers and sons -- Fiction.""]","[{""decision"": ""MAINTAIN"", ""evidence_tags"": [""Friendship, fiction""], ""justification"": ""The filtered tag 'Friendship, fiction' explicitly supports the thematic path for Friendship."", ""model"": ""qwen_groq""}, {""decision"": ""MAINTAIN"", ""evidence_tags"": [""Friendship, fiction""], ""justification"": ""The tag \""Friendship, fiction\"" explicitly indicates a friendship theme."", ""model"": ""gpt_oss_20b""}]","[{""decision"": ""ACCEPT"", ""evidence_tags"": [""Friendship, fiction""], ""justification"": ""The tag \""Friendship, fiction\"" explicitly denotes a friendship theme."", ""model"": ""gpt_oss_groq""}]",MAINTAIN,ACCEPT,MAINTAIN,2of3_opponent_accepts,ACCEPT
9780395599662__metadata__Audience / Age_Group / Young_Adult,9780395599662,Thunder rolling in the mountains,Metadata,Audience / Age_Group / Young_Adult,2,"[""qwen_groq"", ""gpt_oss_groq""]","[""gpt_oss_20b""]","[""Juvenile fiction"", ""Indians of North America"", ""Nez Percé Indians"", ""Fiction"", ""Nez Perce Indians"", ""Native Americans"", ""Children's fiction"", ""Historical Fiction"", ""Young Adult"", ""Historical"", ""Native American"", ""Middle Grade""]","[{""decision"": ""MAINTAIN"", ""evidence_tags"": [""Young Adult""], ""justification"": ""The filtered tag 'Young Adult' explicitly supports the disputed metadata path."", ""model"": ""qwen_groq""}, {""decision"": ""MAINTAIN"", ""evidence_tags"": [""Young Adult""], ""justification"": ""The tag list explicitly includes \""Young Adult\""."", ""model"": ""gpt_oss_groq""}]","[{""decision"": ""ACCEPT"", ""evidence_tags"": [""Young Adult""], ""justification"": ""The tag list explicitly contains \""Young Adult\""."", ""model"": ""gpt_oss_20b""}]",MAINTAIN,MAINTAIN,ACCEPT,2of3_opponent_accepts,ACCEPT
9780395599662__metadata__Audience / Age_Group / Young_Adult / Young Adult Audience,9780395599662,Thunder rolling in the mountains,Metadata,Audience / Age_Group / Young_Adult / Young Adult Audience,1,"[""gpt_oss_20b""]","[""qwen_groq"", ""gpt_oss_groq""]","[""Juvenile fiction"", ""Indians of North America"", ""Nez Percé Indians"", ""Fiction"", ""Nez Perce Indians"", ""Native Americans"", ""Children's fiction"", ""Historical Fiction"", ""Young Adult"", ""Historical"", ""Native American"", ""Middle Grade""]","[{""decision"": ""MAINTAIN"", ""evidence_tags"": [""Young Adult""], ""justification"": ""The tag \""Young Adult\"" directly supports the Young Adult audience path."", ""model"": ""gpt_oss_20b""}]","[{""decision"": ""ACCEPT"", ""evidence_tags"": [""Young Adult""], ""justification"": ""The filtered tag \""Young Adult\"" explicitly supports the disputed metadata path for the audience age group."", ""model"": ""qwen_groq""}, {""decision"": ""ACCEPT"", ""evidence_tags"": [""Young Adult""], ""justification"": ""The tag \""Young Adult\"" directly supports the Young Adult audience path."", ""model"": ""gpt_oss_groq""}]",ACCEPT,ACCEPT,MAINTAIN,1of3_both_opponents_accept,ACCEPT
9780395797600__genre__Nonfiction / Education / Education / Education,9780395797600,The real high school handbook,Genre,Nonfiction / Education / Education / Education,1,"[""qwen_groq""]","[""gpt_oss_groq"", ""gpt_oss_20b""]","[""High schools"", ""Juvenile literature"", ""Handbooks, manuals"", ""Conduct of life"", ""Schools"", ""High school students"", ""High school"", ""Teen & Young Adult"", ""Education & Reference"", ""Reference""]","[{""decision"": ""MAINTAIN"", ""evidence_tags"": [""Education & Reference"", ""Reference"", ""Handbooks, manuals""], ""justification"": ""The filtered tags 'Education & Reference', 'Reference', and 'Handbooks, manuals' directly support the classification of the book as nonfiction educational material."", ""model"": ""qwen_groq""}]","[{""decision"": ""ACCEPT"", ""evidence_tags"": [""Education & Reference"", ""Reference"", ""Handbooks, manuals""], ""justification"": ""The tags directly indicate the book is a nonfiction educational handbook."", ""model"": ""gpt_oss_groq""}, {""decision"": ""ACCEPT"", ""evidence_tags"": [""Education & Reference"", ""Reference"", ""Handbooks, manuals""], ""justification"": ""The tags directly indicate nonfiction educational handbooks, supporting the path."", ""model"": ""gpt_oss_20b""}]",MAINTAIN,ACCEPT,ACCEPT,1of3_both_opponents_accept,ACCEPT
9780395797600__metadata__Audience / Age_Group / Teen,9780395797600,The real high school handbook,Metadata,Audience / Age_Group / Teen,1,"[""gpt_oss_groq""]","[""qwen_groq"", ""gpt_oss_20b""]","[""High schools"", ""Juvenile literature"", ""Handbooks, manuals"", ""Conduct of life"", ""Schools"", ""High school students"", ""High school"", ""Teen & Young Adult"", ""Education & Reference"", ""Reference""]","[{""decision"": ""MAINTAIN"", ""evidence_tags"": [""Teen & Young Adult""], ""justification"": ""The tag \""Teen & Young Adult\"" directly indicates the audience as teen."", ""model"": ""gpt_oss_groq""}]","[{""decision"": ""ACCEPT"", ""evidence_tags"": [""Teen & Young Adult""], ""justification"": ""The filtered tag \""Teen & Young Adult\"" explicitly identifies the audience as Teen."", ""model"": ""qwen_groq""}, {""decision"": ""ACCEPT"", ""evidence_tags"": [""Teen & Young Adult""], ""justification"": ""The tag \""Teen & Young Adult\"" explicitly indicates a teen audience."", ""model"": ""gpt_oss_20b""}]",ACCEPT,MAINTAIN,ACCEPT,1of3_both_opponents_accept,ACCEPT
9780395797600__metadata__Audience / Age_Group / Teen / Teen Audience,9780395797600,The real high school handbook,Metadata,Audience / Age_Group / Teen / Teen Audience,2,"[""qwen_groq"", ""gpt_oss_20b""]","[""gpt_oss_groq""]","[""High schools"", ""Juvenile literature"", ""Handbooks, manuals"", ""Conduct of life"", ""Schools"", ""High school students"", ""High school"", ""Teen & Young Adult"", ""Education & Reference"", ""Reference""]","[{""decision"": ""MAINTAIN"", ""evidence_tags"": [""Teen & Young Adult""], ""justification"": ""The filtered tag 'Teen & Young Adult' explicitly supports the audience classification of Teen."", ""model"": ""qwen_groq""}, {""decision"": ""MAINTAIN"", ""evidence_tags"": [""Teen & Young Adult""], ""justification"": ""The tag \""Teen & Young Adult\"" explicitly indicates a teen audience."", ""model"": ""gpt_oss_20b""}]","[{""decision"": ""ACCEPT"", ""evidence_tags"": [""Teen & Young Adult""], ""justification"": ""The tag \""Teen & Young Adult\"" explicitly denotes a teen audience."", ""model"": ""gpt_oss_groq""}]",MAINTAIN,ACCEPT,MAINTAIN,2of3_opponent_accepts,ACCEPT
9780395797600__metadata__Audience / Age_Group / Young_Adult,9780395797600,The real high school handbook,Metadata,Audience / Age_Group / Young_Adult,1,"[""gpt_oss_groq""]","[""qwen_groq"", ""gpt_oss_20b""]","[""High schools"", ""Juvenile literature"", ""Handbooks, manuals"", ""Conduct of life"", ""Schools"", ""High school students"", ""High school"", ""Teen & Young Adult"", ""Education & Reference"", ""Reference""]","[{""decision"": ""MAINTAIN"", ""evidence_tags"": [""Teen & Young Adult""], ""justification"": ""The tag \""Teen & Young Adult\"" directly indicates the Young Adult audience."", ""model"": ""gpt_oss_groq""}]","[{""decision"": ""ACCEPT"", ""evidence_tags"": [""Teen & Young Adult""], ""justification"": ""The filtered tag \""Teen & Young Adult\"" explicitly supports the Young Adult audience classification."", ""model"": ""qwen_groq""}, {""decision"": ""ACCEPT"", ""evidence_tags"": [""Teen & Young Adult""], ""justification"": ""The tag \""Teen & Young Adult\"" directly indicates a Young Adult audience."", ""model"": ""gpt_oss_20b""}]",ACCEPT,MAINTAIN,ACCEPT,1of3_both_opponents_accept,ACCEPT
9780395797600__metadata__Audience / Age_Group / Young_Adult / Young Adult Audience,9780395797600,The real high school handbook,Metadata,Audience / Age_Group / Young_Adult / Young Adult Audience,1,"[""gpt_oss_20b""]","[""qwen_groq"", ""gpt_oss_groq""]","[""High schools"", ""Juvenile literature"", ""Handbooks, manuals"", ""Conduct of life"", ""Schools"", ""High school students"", ""High school"", ""Teen & Young Adult"", ""Education & Reference"", ""Reference""]","[{""decision"": ""MAINTAIN"", ""evidence_tags"": [""Teen & Young Adult""], ""justification"": ""The tag 'Teen & Young Adult' explicitly indicates a young adult audience."", ""model"": ""gpt_oss_20b""}]","[{""decision"": ""ACCEPT"", ""evidence_tags"": [""Teen & Young Adult""], ""justification"": ""The filtered tag 'Teen & Young Adult' explicitly supports the annotation path for a Young Adult audience."", ""model"": ""qwen_groq""}, {""decision"": ""ACCEPT"", ""evidence_tags"": [""Teen & Young Adult""], ""justification"": ""The tag 'Teen & Young Adult' explicitly denotes a young adult audience."", ""model"": ""gpt_oss_groq""}]",ACCEPT,ACCEPT,MAINTAIN,1of3_both_opponents_accept,ACCEPT
9780395797600__metadata__Book_Format_and_Form / Textual_Form / Reference_Form,9780395797600,The real high school handbook,Metadata,Book_Format_and_Form / Textual_Form / Reference_Form,2,"[""qwen_groq"", ""gpt_oss_20b""]","[""gpt_oss_groq""]","[""High schools"", ""Juvenile literature"", ""Handbooks, manuals"", ""Conduct of life"", ""Schools"", ""High school students"", ""High school"", ""Teen & Young Adult"", ""Education & Reference"", ""Reference""]","[{""decision"": ""MAINTAIN"", ""evidence_tags"": [""Handbooks, manuals"", ""Reference""], ""justification"": ""The filtered tags explicitly include 'Handbooks, manuals' and 'Reference', which directly support the classification of the book as a reference form."", ""model"": ""qwen_groq""}, {""decision"": ""MAINTAIN"", ""evidence_tags"": [""Reference"", ""Handbooks, manuals""], ""justification"": ""The tags include \""Reference\"" and \""Handbooks, manuals\"", which explicitly support a reference form."", ""model"": ""gpt_oss_20b""}]","[{""decision"": ""ACCEPT"", ""evidence_tags"": [""Reference"", ""Handbooks, manuals""], ""justification"": ""The tags explicitly include \""Reference\"" and \""Handbooks, manuals\"", supporting a reference form classification."", ""model"": ""gpt_oss_groq""}]",MAINTAIN,ACCEPT,MAINTAIN,2of3_opponent_accepts,ACCEPT
9780395882764__genre__Nonfiction,9780395882764,1998 information please almanac,Genre,Nonfiction,2,"[""qwen_groq"", ""gpt_oss_20b""]","[""gpt_oss_groq""]","[""American Almanacs"", ""Statistics"", ""Almanacs""]","[{""decision"": ""MAINTAIN"", ""evidence_tags"": [""American Almanacs"", ""Statistics"", ""Almanacs""], ""justification"": ""The tags 'American Almanacs', 'Statistics', and 'Almanacs' identify the work as a factual reference publication, which directly supports the Nonfiction genre classification."", ""model"": ""qwen_groq""}, {""decision"": ""MAINTAIN"", ""evidence_tags"": [""Almanacs""], ""justification"": ""The tag \""Almanacs\"" indicates a nonfiction work."", ""model"": ""gpt_oss_20b""}]","[{""decision"": ""ACCEPT"", ""evidence_tags"": [""Almanacs""], ""justification"": ""The tag \""Almanacs\"" identifies the work as a factual reference, supporting the Nonfiction genre."", ""model"": ""gpt_oss_groq""}]",MAINTAIN,ACCEPT,MAINTAIN,2of3_opponent_accepts,ACCEPT
9780395900123__metadata__Audience / Age_Group / Young_Adult,9780395900123,A coming evil,Metadata,Audience / Age_Group / Young_Adult,1,"[""qwen_groq""]","[""gpt_oss_groq"", ""gpt_oss_20b""]","[""Fiction"", ""Historical Fiction"", ""Historical"", ""Young Adult"", ""Children's Books"", ""Juvenile fiction"", ""Children's fiction"", ""World War, 1939-1945"", ""World war, 1939-1945, fiction"", ""World War, 1939-1945 -- France -- Fiction."", ""World War, 1939-1945 -- France -- Juvenile fiction."", ""France"", ""France -- History -- German occupation, 1940-1945 -- Fiction."", ""France -- History -- German occupation, 1940-1945 -- Juvenile fiction."", ""Ghosts"", ""Ghosts, fiction"", ""Ghosts -- Fiction."", ""Literature & Fiction"", ""Europe"", ""Children, fiction"", ""France, history, german occupation, 1940-1945, fiction""]","[{""decision"": ""MAINTAIN"", ""evidence_tags"": [""Young Adult""], ""justification"": ""The filtered tags explicitly include the string 'Young Adult', directly supporting the disputed metadata path."", ""model"": ""qwen_groq""}]","[{""decision"": ""ACCEPT"", ""evidence_tags"": [""Young Adult""], ""justification"": ""The filtered tags contain the explicit term 'Young Adult', directly supporting the disputed path."", ""model"": ""gpt_oss_groq""}, {""decision"": ""ACCEPT"", ""evidence_tags"": [""Young Adult""], ""justification"": ""The tag 'Young Adult' directly supports the disputed path."", ""model"": ""gpt_oss_20b""}]",MAINTAIN,ACCEPT,ACCEPT,1of3_both_opponents_accept,ACCEPT
9780395900123__metadata__Audience / Age_Group / Young_Adult / Young Adult Audience,9780395900123,A coming evil,Metadata,Audience / Age_Group / Young_Adult / Young Adult Audience,2,"[""gpt_oss_groq"", ""gpt_oss_20b""]","[""qwen_groq""]","[""Fiction"", ""Historical Fiction"", ""Historical"", ""Young Adult"", ""Children's Books"", ""Juvenile fiction"", ""Children's fiction"", ""World War, 1939-1945"", ""World war, 1939-1945, fiction"", ""World War, 1939-1945 -- France -- Fiction."", ""World War, 1939-1945 -- France -- Juvenile fiction."", ""France"", ""France -- History -- German occupation, 1940-1945 -- Fiction."", ""France -- History -- German occupation, 1940-1945 -- Juvenile fiction."", ""Ghosts"", ""Ghosts, fiction"", ""Ghosts -- Fiction."", ""Literature & Fiction"", ""Europe"", ""Children, fiction"", ""France, history, german occupation, 1940-1945, fiction""]","[{""decision"": ""MAINTAIN"", ""evidence_tags"": [""Young Adult""], ""justification"": ""The tag \""Young Adult\"" directly indicates the young adult audience."", ""model"": ""gpt_oss_groq""}, {""decision"": ""MAINTAIN"", ""evidence_tags"": [""Young Adult""], ""justification"": ""The tag \""Young Adult\"" directly supports the Young Adult audience path."", ""model"": ""gpt_oss_20b""}]","[{""decision"": ""ACCEPT"", ""evidence_tags"": [""Young Adult""], ""justification"": ""The filtered tag \""Young Adult\"" explicitly supports the disputed audience path."", ""model"": ""qwen_groq""}]",ACCEPT,MAINTAIN,MAINTAIN,2of3_opponent_accepts,ACCEPT
9780395900123__metadata__Temporal_Context / Historical_Period,9780395900123,A coming evil,Metadata,Temporal_Context / Historical_Period,2,"[""gpt_oss_groq"", ""gpt_oss_20b""]","[""qwen_groq""]","[""Fiction"", ""Historical Fiction"", ""Historical"", ""Young Adult"", ""Children's Books"", ""Juvenile fiction"", ""Children's fiction"", ""World War, 1939-1945"", ""World war, 1939-1945, fiction"", ""World War, 1939-1945 -- France -- Fiction."", ""World War, 1939-1945 -- France -- Juvenile fiction."", ""France"", ""France -- History -- German occupation, 1940-1945 -- Fiction."", ""France -- History -- German occupation, 1940-1945 -- Juvenile fiction."", ""Ghosts"", ""Ghosts, fiction"", ""Ghosts -- Fiction."", ""Literature & Fiction"", ""Europe"", ""Children, fiction"", ""France, history, german occupation, 1940-1945, fiction""]","[{""decision"": ""MAINTAIN"", ""evidence_tags"": [""World War, 1939-1945""], ""justification"": ""The tag explicitly references the World War period, supporting the historical temporal context."", ""model"": ""gpt_oss_groq""}, {""decision"": ""MAINTAIN"", ""evidence_tags"": [""World War, 1939-1945"", ""World war, 1939-1945, fiction"", ""World War, 1939-1945 -- France -- Fiction."", ""France -- History -- German occupation, 1940-1945 -- Fiction.""], ""justification"": ""The tags explicitly reference World War II and the German occupation of France, indicating the historical period."", ""model"": ""gpt_oss_20b""}]","[{""decision"": ""ACCEPT"", ""evidence_tags"": [""World War, 1939-1945"", ""France -- History -- German occupation, 1940-1945 -- Fiction.""], ""justification"": ""The filtered tags explicitly cite specific historical dates and events (1939-1945, 1940-1945) that define the historical period."", ""model"": ""qwen_groq""}]",ACCEPT,MAINTAIN,MAINTAIN,2of3_opponent_accepts,ACCEPT
9780396083276__genre__Fiction,9780396083276,"Rachel Vellars, how could you?",Genre,Fiction,1,"[""qwen_groq""]","[""gpt_oss_groq"", ""gpt_oss_20b""]","[""Fiction"", ""Children's stories, American"", ""Single-parent families"", ""Divorce"", ""Friendship"", ""Children's fiction"", ""Girls, fiction"", ""Friendship -- Fiction"", ""Single-parent families -- Fiction"", ""Divorce -- Fiction""]","[{""decision"": ""MAINTAIN"", ""evidence_tags"": [""Fiction"", ""Children's fiction"", ""Girls, fiction"", ""Friendship -- Fiction"", ""Single-parent families -- Fiction"", ""Divorce -- Fiction""], ""justification"": ""The filtered tags explicitly include 'Fiction' and multiple sub-genres ending in 'fiction', directly supporting the disputed path."", ""model"": ""qwen_groq""}]","[{""decision"": ""ACCEPT"", ""evidence_tags"": [""Fiction""], ""justification"": ""The filtered tags contain the exact tag 'Fiction', directly supporting the disputed path."", ""model"": ""gpt_oss_groq""}, {""decision"": ""ACCEPT"", ""evidence_tags"": [""Fiction""], ""justification"": ""The filtered tags include the exact tag 'Fiction', directly supporting the disputed path."", ""model"": ""gpt_oss_20b""}]",MAINTAIN,ACCEPT,ACCEPT,1of3_both_opponents_accept,ACCEPT
9780396083276__metadata__Geographical_Context / Country_or_National_Context / Country_Based_Context / American Context,9780396083276,"Rachel Vellars, how could you?",Metadata,Geographical_Context / Country_or_National_Context / Country_Based_Context / American Context,2,"[""gpt_oss_groq"", ""gpt_oss_20b""]","[""qwen_groq""]","[""Fiction"", ""Children's stories, American"", ""Single-parent families"", ""Divorce"", ""Friendship"", ""Children's fiction"", ""Girls, fiction"", ""Friendship -- Fiction"", ""Single-parent families -- Fiction"", ""Divorce -- Fiction""]","[{""decision"": ""MAINTAIN"", ""evidence_tags"": [""Children's stories, American""], ""justification"": ""The tag explicitly includes 'American', supporting the American context path."", ""model"": ""gpt_oss_groq""}, {""decision"": ""MAINTAIN"", ""evidence_tags"": [""Children's stories, American""], ""justification"": ""The tag explicitly indicates an American context."", ""model"": ""gpt_oss_20b""}]","[{""decision"": ""ACCEPT"", ""evidence_tags"": [""Children's stories, American""], ""justification"": ""The filtered tag 'Children's stories, American' explicitly contains the word 'American', directly supporting the American Context path."", ""model"": ""qwen_groq""}]",ACCEPT,MAINTAIN,MAINTAIN,2of3_opponent_accepts,ACCEPT
