Debate_ID,ISBN-13,Title,Annotation_Type,Disputed_Path,Support_Count,Models_For,Models_Against,Filtered_Tags
9780060269364__genre__Fiction / Literary Fiction / Social and Political Fiction,9780060269364,Early sorrow,Genre,Fiction / Literary Fiction / Social and Political Fiction,1,"[""gpt_oss_groq""]","[""qwen_groq"", ""gpt_oss_20b""]","[""Short stories"", ""Fiction"", ""Literature & Fiction"", ""Short stories, American."", ""Short stories, English."", ""Youth -- Fiction."", ""Youth -- Social life and customs -- Fiction."", ""Teen & Young Adult"", ""English Short stories""]"
9780060269364__metadata__Audience / Age_Group / Teen / Teen Audience,9780060269364,Early sorrow,Metadata,Audience / Age_Group / Teen / Teen Audience,2,"[""gpt_oss_groq"", ""gpt_oss_20b""]","[""qwen_groq""]","[""Short stories"", ""Fiction"", ""Literature & Fiction"", ""Short stories, American."", ""Short stories, English."", ""Youth -- Fiction."", ""Youth -- Social life and customs -- Fiction."", ""Teen & Young Adult"", ""English Short stories""]"
9780060269364__metadata__Book_Format_and_Form / Narrative_Length / Short,9780060269364,Early sorrow,Metadata,Book_Format_and_Form / Narrative_Length / Short,2,"[""gpt_oss_groq"", ""gpt_oss_20b""]","[""qwen_groq""]","[""Short stories"", ""Fiction"", ""Literature & Fiction"", ""Short stories, American."", ""Short stories, English."", ""Youth -- Fiction."", ""Youth -- Social life and customs -- Fiction."", ""Teen & Young Adult"", ""English Short stories""]"
9780060992309__genre__Fiction / Mystery,9780060992309,The last raven,Genre,Fiction / Mystery,1,"[""gpt_oss_groq""]","[""qwen_groq"", ""gpt_oss_20b""]","[""English fiction"", ""Fiction, general"", ""Fiction"", ""Thriller"", ""Espionage"", ""Mystery Thriller"", ""Mystery, Thriller & Suspense"", ""Thrillers & Suspense"", ""Spies & Politics"", ""Political""]"
9780060992309__genre__Fiction / Mystery / Crime Mystery,9780060992309,The last raven,Genre,Fiction / Mystery / Crime Mystery,1,"[""qwen_groq""]","[""gpt_oss_groq"", ""gpt_oss_20b""]","[""English fiction"", ""Fiction, general"", ""Fiction"", ""Thriller"", ""Espionage"", ""Mystery Thriller"", ""Mystery, Thriller & Suspense"", ""Thrillers & Suspense"", ""Spies & Politics"", ""Political""]"
9780060992309__genre__Fiction / Thriller,9780060992309,The last raven,Genre,Fiction / Thriller,1,"[""qwen_groq""]","[""gpt_oss_groq"", ""gpt_oss_20b""]","[""English fiction"", ""Fiction, general"", ""Fiction"", ""Thriller"", ""Espionage"", ""Mystery Thriller"", ""Mystery, Thriller & Suspense"", ""Thrillers & Suspense"", ""Spies & Politics"", ""Political""]"
9780060992309__genre__Fiction / Thriller / Political and Espionage Thriller / Political Thriller,9780060992309,The last raven,Genre,Fiction / Thriller / Political and Espionage Thriller / Political Thriller,2,"[""qwen_groq"", ""gpt_oss_groq""]","[""gpt_oss_20b""]","[""English fiction"", ""Fiction, general"", ""Fiction"", ""Thriller"", ""Espionage"", ""Mystery Thriller"", ""Mystery, Thriller & Suspense"", ""Thrillers & Suspense"", ""Spies & Politics"", ""Political""]"
9780060992309__genre__Fiction / Thriller / Political and Espionage Thriller / Spy Thriller,9780060992309,The last raven,Genre,Fiction / Thriller / Political and Espionage Thriller / Spy Thriller,2,"[""qwen_groq"", ""gpt_oss_groq""]","[""gpt_oss_20b""]","[""English fiction"", ""Fiction, general"", ""Fiction"", ""Thriller"", ""Espionage"", ""Mystery Thriller"", ""Mystery, Thriller & Suspense"", ""Thrillers & Suspense"", ""Spies & Politics"", ""Political""]"
9780060992309__metadata__Thematic_Metadata / Conflict_and_Event_Themes / War_and_Conflict / Political Unrest,9780060992309,The last raven,Metadata,Thematic_Metadata / Conflict_and_Event_Themes / War_and_Conflict / Political Unrest,2,"[""gpt_oss_groq"", ""gpt_oss_20b""]","[""qwen_groq""]","[""English fiction"", ""Fiction, general"", ""Fiction"", ""Thriller"", ""Espionage"", ""Mystery Thriller"", ""Mystery, Thriller & Suspense"", ""Thrillers & Suspense"", ""Spies & Politics"", ""Political""]"
9780061007941__genre__Fiction,9780061007941,Cottonwood Station,Genre,Fiction,1,"[""gpt_oss_20b""]","[""qwen_groq"", ""gpt_oss_groq""]","[""Fiction, westerns"", ""Indians of north america, fiction"", ""Fiction, historical, general"", ""West (u.s.), fiction"", ""Fiction"", ""Westerns""]"
9780061009457__metadata__Temporal_Context / Historical_Period,9780061009457,The soldiers.,Metadata,Temporal_Context / Historical_Period,1,"[""qwen_groq""]","[""gpt_oss_groq"", ""gpt_oss_20b""]","[""Fiction, historical, general"", ""Historical"", ""Literature & Fiction""]"
9780061013850__genre__Nonfiction / Medicine and Health / Health and Wellness / Fitness,9780061013850,The Complete Herbal Companion,Genre,Nonfiction / Medicine and Health / Health and Wellness / Fitness,2,"[""gpt_oss_groq"", ""gpt_oss_20b""]","[""qwen_groq""]","[""Herbs, therapeutic use"", ""Health"", ""Health, Fitness & Dieting""]"
9780061054716__genre__Fiction,9780061054716,Conspicuous Consumption (The World of Darkness : Werewolf),Genre,Fiction,1,"[""gpt_oss_20b""]","[""qwen_groq"", ""gpt_oss_groq""]","[""Werewolves"", ""Fiction"", ""Horror"", ""Fantasy"", ""World Of Darkness"", ""Science Fiction & Fantasy""]"
9780061054716__genre__Fiction / Horror,9780061054716,Conspicuous Consumption (The World of Darkness : Werewolf),Genre,Fiction / Horror,2,"[""qwen_groq"", ""gpt_oss_20b""]","[""gpt_oss_groq""]","[""Werewolves"", ""Fiction"", ""Horror"", ""Fantasy"", ""World Of Darkness"", ""Science Fiction & Fantasy""]"
9780061054716__genre__Fiction / Horror / Supernatural Horror,9780061054716,Conspicuous Consumption (The World of Darkness : Werewolf),Genre,Fiction / Horror / Supernatural Horror,1,"[""gpt_oss_groq""]","[""qwen_groq"", ""gpt_oss_20b""]","[""Werewolves"", ""Fiction"", ""Horror"", ""Fantasy"", ""World Of Darkness"", ""Science Fiction & Fantasy""]"
9780061054990__genre__Fiction,9780061054990,Eye of the Serpent,Genre,Fiction,1,"[""qwen_groq""]","[""gpt_oss_groq"", ""gpt_oss_20b""]","[""Science Fiction & Fantasy""]"
9780061054990__genre__Fiction / Fantasy,9780061054990,Eye of the Serpent,Genre,Fiction / Fantasy,1,"[""gpt_oss_groq""]","[""qwen_groq"", ""gpt_oss_20b""]","[""Science Fiction & Fantasy""]"
9780061054990__genre__Fiction / Fantasy / Science Fantasy / Science Fantasy,9780061054990,Eye of the Serpent,Genre,Fiction / Fantasy / Science Fantasy / Science Fantasy,1,"[""gpt_oss_20b""]","[""qwen_groq"", ""gpt_oss_groq""]","[""Science Fiction & Fantasy""]"
9780061054990__genre__Fiction / Science Fiction,9780061054990,Eye of the Serpent,Genre,Fiction / Science Fiction,1,"[""gpt_oss_groq""]","[""qwen_groq"", ""gpt_oss_20b""]","[""Science Fiction & Fantasy""]"
9780061060137__genre__Fiction / Science Fiction,9780061060137,"Glory's End (Robert Silverberg's Time Tours, No 2)",Genre,Fiction / Science Fiction,1,"[""gpt_oss_20b""]","[""qwen_groq"", ""gpt_oss_groq""]","[""Science fiction"", ""Teen & Young Adult"", ""Literature & Fiction""]"
9780061060137__genre__Fiction / Science Fiction / General Science Fiction / Science Fiction,9780061060137,"Glory's End (Robert Silverberg's Time Tours, No 2)",Genre,Fiction / Science Fiction / General Science Fiction / Science Fiction,2,"[""qwen_groq"", ""gpt_oss_groq""]","[""gpt_oss_20b""]","[""Science fiction"", ""Teen & Young Adult"", ""Literature & Fiction""]"
9780061060137__metadata__Audience / Age_Group / Teen,9780061060137,"Glory's End (Robert Silverberg's Time Tours, No 2)",Metadata,Audience / Age_Group / Teen,1,"[""gpt_oss_groq""]","[""qwen_groq"", ""gpt_oss_20b""]","[""Science fiction"", ""Teen & Young Adult"", ""Literature & Fiction""]"
9780061060137__metadata__Audience / Age_Group / Teen / Teen Audience,9780061060137,"Glory's End (Robert Silverberg's Time Tours, No 2)",Metadata,Audience / Age_Group / Teen / Teen Audience,2,"[""qwen_groq"", ""gpt_oss_20b""]","[""gpt_oss_groq""]","[""Science fiction"", ""Teen & Young Adult"", ""Literature & Fiction""]"
9780061060137__metadata__Audience / Age_Group / Young_Adult,9780061060137,"Glory's End (Robert Silverberg's Time Tours, No 2)",Metadata,Audience / Age_Group / Young_Adult,1,"[""gpt_oss_groq""]","[""qwen_groq"", ""gpt_oss_20b""]","[""Science fiction"", ""Teen & Young Adult"", ""Literature & Fiction""]"
9780061060137__metadata__Audience / Age_Group / Young_Adult / Young Adult Audience,9780061060137,"Glory's End (Robert Silverberg's Time Tours, No 2)",Metadata,Audience / Age_Group / Young_Adult / Young Adult Audience,2,"[""qwen_groq"", ""gpt_oss_20b""]","[""gpt_oss_groq""]","[""Science fiction"", ""Teen & Young Adult"", ""Literature & Fiction""]"
9780061060281__genre__Fiction,9780061060281,The secret notebook,Genre,Fiction,2,"[""qwen_groq"", ""gpt_oss_20b""]","[""gpt_oss_groq""]","[""Fiction"", ""Young readers"", ""Children's fiction"", ""Schools in fiction"", ""Behavior in fiction"", ""Growing Up & Facts of Life"", ""Friendship, Social Skills & School Life"", ""Friendship""]"
9780061060281__metadata__Thematic_Metadata / Relationship_and_Social_Themes / Friendship,9780061060281,The secret notebook,Metadata,Thematic_Metadata / Relationship_and_Social_Themes / Friendship,1,"[""gpt_oss_20b""]","[""qwen_groq"", ""gpt_oss_groq""]","[""Fiction"", ""Young readers"", ""Children's fiction"", ""Schools in fiction"", ""Behavior in fiction"", ""Growing Up & Facts of Life"", ""Friendship, Social Skills & School Life"", ""Friendship""]"
9780061060397__genre__Fiction / Adventure / General Adventure Fiction / Action Adventure,9780061060397,"Mutiny! (Escape from Lost Island, No 3)",Genre,Fiction / Adventure / General Adventure Fiction / Action Adventure,1,"[""qwen_groq""]","[""gpt_oss_groq"", ""gpt_oss_20b""]","[""Children's fiction"", ""Adventure and adventurers, fiction"", ""Survival"", ""Juvenile fiction"", ""Adventure stories"", ""Children's Books/Ages 9-12 Fiction"", ""Fiction"", ""Islands"", ""Action & Adventure"", ""Survival Stories""]"
9780061060397__genre__Fiction / Adventure / General Adventure Fiction / Adventure Fiction,9780061060397,"Mutiny! (Escape from Lost Island, No 3)",Genre,Fiction / Adventure / General Adventure Fiction / Adventure Fiction,1,"[""qwen_groq""]","[""gpt_oss_groq"", ""gpt_oss_20b""]","[""Children's fiction"", ""Adventure and adventurers, fiction"", ""Survival"", ""Juvenile fiction"", ""Adventure stories"", ""Children's Books/Ages 9-12 Fiction"", ""Fiction"", ""Islands"", ""Action & Adventure"", ""Survival Stories""]"
9780061060397__genre__Fiction / Adventure / Survival and Exploration Fiction / Sea Adventure,9780061060397,"Mutiny! (Escape from Lost Island, No 3)",Genre,Fiction / Adventure / Survival and Exploration Fiction / Sea Adventure,1,"[""gpt_oss_20b""]","[""qwen_groq"", ""gpt_oss_groq""]","[""Children's fiction"", ""Adventure and adventurers, fiction"", ""Survival"", ""Juvenile fiction"", ""Adventure stories"", ""Children's Books/Ages 9-12 Fiction"", ""Fiction"", ""Islands"", ""Action & Adventure"", ""Survival Stories""]"
9780061060397__genre__Fiction / Adventure / Survival and Exploration Fiction / Survival Fiction,9780061060397,"Mutiny! (Escape from Lost Island, No 3)",Genre,Fiction / Adventure / Survival and Exploration Fiction / Survival Fiction,2,"[""qwen_groq"", ""gpt_oss_groq""]","[""gpt_oss_20b""]","[""Children's fiction"", ""Adventure and adventurers, fiction"", ""Survival"", ""Juvenile fiction"", ""Adventure stories"", ""Children's Books/Ages 9-12 Fiction"", ""Fiction"", ""Islands"", ""Action & Adventure"", ""Survival Stories""]"
9780061060397__metadata__Geographical_Context / World_Region / Oceania / Pacific Islands,9780061060397,"Mutiny! (Escape from Lost Island, No 3)",Metadata,Geographical_Context / World_Region / Oceania / Pacific Islands,1,"[""gpt_oss_20b""]","[""qwen_groq"", ""gpt_oss_groq""]","[""Children's fiction"", ""Adventure and adventurers, fiction"", ""Survival"", ""Juvenile fiction"", ""Adventure stories"", ""Children's Books/Ages 9-12 Fiction"", ""Fiction"", ""Islands"", ""Action & Adventure"", ""Survival Stories""]"
9780061060472__genre__Fiction / Adventure / General Adventure Fiction / Action Adventure,9780061060472,"Revenge! (Escape from Lost Island, No 5)",Genre,Fiction / Adventure / General Adventure Fiction / Action Adventure,2,"[""qwen_groq"", ""gpt_oss_20b""]","[""gpt_oss_groq""]","[""Survival"", ""Juvenile fiction"", ""Adventure stories"", ""Fiction, general"", ""Children's Books - Young Adult Fiction"", ""Adventure and adventurers"", ""Fiction"", ""Survival (after airplane accidents, shipwrecks, etc.)"", ""Children: Grades 4-6"", ""Action & Adventure"", ""Survival Stories""]"
9780061060472__genre__Fiction / Adventure / General Adventure Fiction / Adventure Fiction,9780061060472,"Revenge! (Escape from Lost Island, No 5)",Genre,Fiction / Adventure / General Adventure Fiction / Adventure Fiction,1,"[""qwen_groq""]","[""gpt_oss_groq"", ""gpt_oss_20b""]","[""Survival"", ""Juvenile fiction"", ""Adventure stories"", ""Fiction, general"", ""Children's Books - Young Adult Fiction"", ""Adventure and adventurers"", ""Fiction"", ""Survival (after airplane accidents, shipwrecks, etc.)"", ""Children: Grades 4-6"", ""Action & Adventure"", ""Survival Stories""]"
9780061060472__metadata__Audience / Age_Group / Young_Adult,9780061060472,"Revenge! (Escape from Lost Island, No 5)",Metadata,Audience / Age_Group / Young_Adult,1,"[""gpt_oss_groq""]","[""qwen_groq"", ""gpt_oss_20b""]","[""Survival"", ""Juvenile fiction"", ""Adventure stories"", ""Fiction, general"", ""Children's Books - Young Adult Fiction"", ""Adventure and adventurers"", ""Fiction"", ""Survival (after airplane accidents, shipwrecks, etc.)"", ""Children: Grades 4-6"", ""Action & Adventure"", ""Survival Stories""]"
9780061060472__metadata__Audience / Age_Group / Young_Adult / Young Adult Audience,9780061060472,"Revenge! (Escape from Lost Island, No 5)",Metadata,Audience / Age_Group / Young_Adult / Young Adult Audience,2,"[""qwen_groq"", ""gpt_oss_20b""]","[""gpt_oss_groq""]","[""Survival"", ""Juvenile fiction"", ""Adventure stories"", ""Fiction, general"", ""Children's Books - Young Adult Fiction"", ""Adventure and adventurers"", ""Fiction"", ""Survival (after airplane accidents, shipwrecks, etc.)"", ""Children: Grades 4-6"", ""Action & Adventure"", ""Survival Stories""]"
9780061060540__genre__Fiction / Adventure / General Adventure Fiction / Action Adventure,9780061060540,"Escape! (Escape from Lost Island, No 6)",Genre,Fiction / Adventure / General Adventure Fiction / Action Adventure,1,"[""qwen_groq""]","[""gpt_oss_groq"", ""gpt_oss_20b""]","[""Fiction, general"", ""Children's Books - Young Adult Fiction"", ""Adventure and adventurers"", ""Fiction"", ""Survival"", ""Survival Stories"", ""Children: Grades 4-6"", ""Action & Adventure""]"
9780061060540__metadata__Audience / Age_Group / Young_Adult,9780061060540,"Escape! (Escape from Lost Island, No 6)",Metadata,Audience / Age_Group / Young_Adult,1,"[""gpt_oss_groq""]","[""qwen_groq"", ""gpt_oss_20b""]","[""Fiction, general"", ""Children's Books - Young Adult Fiction"", ""Adventure and adventurers"", ""Fiction"", ""Survival"", ""Survival Stories"", ""Children: Grades 4-6"", ""Action & Adventure""]"
9780061060540__metadata__Audience / Age_Group / Young_Adult / Young Adult Audience,9780061060540,"Escape! (Escape from Lost Island, No 6)",Metadata,Audience / Age_Group / Young_Adult / Young Adult Audience,2,"[""qwen_groq"", ""gpt_oss_20b""]","[""gpt_oss_groq""]","[""Fiction, general"", ""Children's Books - Young Adult Fiction"", ""Adventure and adventurers"", ""Fiction"", ""Survival"", ""Survival Stories"", ""Children: Grades 4-6"", ""Action & Adventure""]"
9780061060694__metadata__Audience / Age_Group / Teen,9780061060694,Sneaking Around (Pizza Paradise),Metadata,Audience / Age_Group / Teen,1,"[""gpt_oss_groq""]","[""qwen_groq"", ""gpt_oss_20b""]","[""Children's fiction"", ""Schools, fiction"", ""Teen & Young Adult""]"
9780061060694__metadata__Audience / Age_Group / Teen / Teen Audience,9780061060694,Sneaking Around (Pizza Paradise),Metadata,Audience / Age_Group / Teen / Teen Audience,2,"[""qwen_groq"", ""gpt_oss_20b""]","[""gpt_oss_groq""]","[""Children's fiction"", ""Schools, fiction"", ""Teen & Young Adult""]"
9780061060694__metadata__Audience / Age_Group / Young_Adult,9780061060694,Sneaking Around (Pizza Paradise),Metadata,Audience / Age_Group / Young_Adult,1,"[""gpt_oss_groq""]","[""qwen_groq"", ""gpt_oss_20b""]","[""Children's fiction"", ""Schools, fiction"", ""Teen & Young Adult""]"
9780061060694__metadata__Audience / Age_Group / Young_Adult / Young Adult Audience,9780061060694,Sneaking Around (Pizza Paradise),Metadata,Audience / Age_Group / Young_Adult / Young Adult Audience,2,"[""qwen_groq"", ""gpt_oss_20b""]","[""gpt_oss_groq""]","[""Children's fiction"", ""Schools, fiction"", ""Teen & Young Adult""]"
9780061061998__genre__Fiction,9780061061998,Freshman Beach Party (Freshman Dorm Super),Genre,Fiction,2,"[""qwen_groq"", ""gpt_oss_groq""]","[""gpt_oss_20b""]","[""College students"", ""Friendship"", ""Fiction"", ""Fiction, general"", ""Teen & Young Adult""]"
9780061061998__genre__Fiction / Literary Fiction / Family and Relationship Fiction / Friendship Fiction,9780061061998,Freshman Beach Party (Freshman Dorm Super),Genre,Fiction / Literary Fiction / Family and Relationship Fiction / Friendship Fiction,2,"[""qwen_groq"", ""gpt_oss_20b""]","[""gpt_oss_groq""]","[""College students"", ""Friendship"", ""Fiction"", ""Fiction, general"", ""Teen & Young Adult""]"
9780061061998__metadata__Audience / Age_Group / Teen,9780061061998,Freshman Beach Party (Freshman Dorm Super),Metadata,Audience / Age_Group / Teen,1,"[""gpt_oss_groq""]","[""qwen_groq"", ""gpt_oss_20b""]","[""College students"", ""Friendship"", ""Fiction"", ""Fiction, general"", ""Teen & Young Adult""]"
9780061061998__metadata__Audience / Age_Group / Teen / Teen Audience,9780061061998,Freshman Beach Party (Freshman Dorm Super),Metadata,Audience / Age_Group / Teen / Teen Audience,1,"[""gpt_oss_20b""]","[""qwen_groq"", ""gpt_oss_groq""]","[""College students"", ""Friendship"", ""Fiction"", ""Fiction, general"", ""Teen & Young Adult""]"
9780061061998__metadata__Audience / Age_Group / Young_Adult,9780061061998,Freshman Beach Party (Freshman Dorm Super),Metadata,Audience / Age_Group / Young_Adult,1,"[""gpt_oss_groq""]","[""qwen_groq"", ""gpt_oss_20b""]","[""College students"", ""Friendship"", ""Fiction"", ""Fiction, general"", ""Teen & Young Adult""]"
9780061061998__metadata__Audience / Age_Group / Young_Adult / Young Adult Audience,9780061061998,Freshman Beach Party (Freshman Dorm Super),Metadata,Audience / Age_Group / Young_Adult / Young Adult Audience,2,"[""qwen_groq"", ""gpt_oss_20b""]","[""gpt_oss_groq""]","[""College students"", ""Friendship"", ""Fiction"", ""Fiction, general"", ""Teen & Young Adult""]"
9780061061998__metadata__Thematic_Metadata / Relationship_and_Social_Themes / Friendship,9780061061998,Freshman Beach Party (Freshman Dorm Super),Metadata,Thematic_Metadata / Relationship_and_Social_Themes / Friendship,1,"[""gpt_oss_groq""]","[""qwen_groq"", ""gpt_oss_20b""]","[""College students"", ""Friendship"", ""Fiction"", ""Fiction, general"", ""Teen & Young Adult""]"
9780061061998__metadata__Thematic_Metadata / Relationship_and_Social_Themes / Friendship / Friendship,9780061061998,Freshman Beach Party (Freshman Dorm Super),Metadata,Thematic_Metadata / Relationship_and_Social_Themes / Friendship / Friendship,2,"[""qwen_groq"", ""gpt_oss_20b""]","[""gpt_oss_groq""]","[""College students"", ""Friendship"", ""Fiction"", ""Fiction, general"", ""Teen & Young Adult""]"
9780061062049__metadata__Audience / Age_Group / Young_Adult / Young Adult Audience,9780061062049,The Most Beautiful Horse in the World,Metadata,Audience / Age_Group / Young_Adult / Young Adult Audience,2,"[""gpt_oss_groq"", ""gpt_oss_20b""]","[""qwen_groq""]","[""Horses"", ""Juvenile fiction"", ""Horsemanship"", ""Fiction"", ""Fiction, general"", ""Readers - Beginner"", ""Children's Books - Young Adult Fiction"", ""Show jumping"", ""Children: Grades 3-4"", ""Animals"", ""Children's Books""]"
9780061062049__metadata__Audience / Reading_Level / Beginner,9780061062049,The Most Beautiful Horse in the World,Metadata,Audience / Reading_Level / Beginner,2,"[""qwen_groq"", ""gpt_oss_20b""]","[""gpt_oss_groq""]","[""Horses"", ""Juvenile fiction"", ""Horsemanship"", ""Fiction"", ""Fiction, general"", ""Readers - Beginner"", ""Children's Books - Young Adult Fiction"", ""Show jumping"", ""Children: Grades 3-4"", ""Animals"", ""Children's Books""]"
9780061064340__metadata__Audience / Age_Group / Young_Adult / Young Adult Audience,9780061064340,"The Hunchback of Notre Dame (Enchanted Tales, No 3)",Metadata,Audience / Age_Group / Young_Adult / Young Adult Audience,1,"[""qwen_groq""]","[""gpt_oss_groq"", ""gpt_oss_20b""]","[""Notre-Dame de Paris (Cathedral)"", ""Juvenile fiction"", ""People with disabilities"", ""France, fiction"", ""Paris (france), fiction"", ""Quasimodo (fictitious character), fiction"", ""Fiction, general"", ""Children's 4-8 - Literature / Classics"", ""Children: Young Adult (Gr. 7-9)""]"
9780061064746__genre__Fiction / Horror,9780061064746,Romeo and Ghouliette (BC 23) (Bone Chillers),Genre,Fiction / Horror,1,"[""qwen_groq""]","[""gpt_oss_groq"", ""gpt_oss_20b""]","[""Horror tales"", ""Juvenile fiction"", ""Horror stories"", ""Children's fiction"", ""Juvenile Fiction / Horror & Ghost Stories"", ""Horror & Ghost Stories"", ""Children's 9-12 - Fiction - Horror"", ""Fiction"", ""Horror fiction"", ""Children: Young Adult (Gr. 7-9)"", ""Horror"", ""Novels"", ""Children's Books"", ""Spine-Chilling Horror""]"
9780061064746__metadata__Audience / Age_Group / Young_Adult,9780061064746,Romeo and Ghouliette (BC 23) (Bone Chillers),Metadata,Audience / Age_Group / Young_Adult,1,"[""gpt_oss_groq""]","[""qwen_groq"", ""gpt_oss_20b""]","[""Horror tales"", ""Juvenile fiction"", ""Horror stories"", ""Children's fiction"", ""Juvenile Fiction / Horror & Ghost Stories"", ""Horror & Ghost Stories"", ""Children's 9-12 - Fiction - Horror"", ""Fiction"", ""Horror fiction"", ""Children: Young Adult (Gr. 7-9)"", ""Horror"", ""Novels"", ""Children's Books"", ""Spine-Chilling Horror""]"
9780061064746__metadata__Audience / Age_Group / Young_Adult / Young Adult Audience,9780061064746,Romeo and Ghouliette (BC 23) (Bone Chillers),Metadata,Audience / Age_Group / Young_Adult / Young Adult Audience,1,"[""qwen_groq""]","[""gpt_oss_groq"", ""gpt_oss_20b""]","[""Horror tales"", ""Juvenile fiction"", ""Horror stories"", ""Children's fiction"", ""Juvenile Fiction / Horror & Ghost Stories"", ""Horror & Ghost Stories"", ""Children's 9-12 - Fiction - Horror"", ""Fiction"", ""Horror fiction"", ""Children: Young Adult (Gr. 7-9)"", ""Horror"", ""Novels"", ""Children's Books"", ""Spine-Chilling Horror""]"
9780061065293__genre__Fiction,9780061065293,Christina's courage,Genre,Fiction,1,"[""qwen_groq""]","[""gpt_oss_groq"", ""gpt_oss_20b""]","[""Horses"", ""Juvenile fiction"", ""Children's fiction"", ""Behavior, fiction"", ""Horses, fiction"", ""Young Adult"", ""Middle Grade"", ""Animals"", ""Contemporary""]"
9780061065293__genre__Fiction / Literary Fiction / General Literary Fiction / Contemporary Fiction,9780061065293,Christina's courage,Genre,Fiction / Literary Fiction / General Literary Fiction / Contemporary Fiction,2,"[""gpt_oss_groq"", ""gpt_oss_20b""]","[""qwen_groq""]","[""Horses"", ""Juvenile fiction"", ""Children's fiction"", ""Behavior, fiction"", ""Horses, fiction"", ""Young Adult"", ""Middle Grade"", ""Animals"", ""Contemporary""]"
9780061065293__metadata__Audience / Age_Group / Young_Adult,9780061065293,Christina's courage,Metadata,Audience / Age_Group / Young_Adult,2,"[""qwen_groq"", ""gpt_oss_groq""]","[""gpt_oss_20b""]","[""Horses"", ""Juvenile fiction"", ""Children's fiction"", ""Behavior, fiction"", ""Horses, fiction"", ""Young Adult"", ""Middle Grade"", ""Animals"", ""Contemporary""]"
9780061065293__metadata__Audience / Age_Group / Young_Adult / Young Adult Audience,9780061065293,Christina's courage,Metadata,Audience / Age_Group / Young_Adult / Young Adult Audience,1,"[""gpt_oss_20b""]","[""qwen_groq"", ""gpt_oss_groq""]","[""Horses"", ""Juvenile fiction"", ""Children's fiction"", ""Behavior, fiction"", ""Horses, fiction"", ""Young Adult"", ""Middle Grade"", ""Animals"", ""Contemporary""]"
9780061067266__genre__Fiction / Romance / General Romance / Romance,9780061067266,Boardwalk,Genre,Fiction / Romance / General Romance / Romance,1,"[""qwen_groq""]","[""gpt_oss_groq"", ""gpt_oss_20b""]","[""Love"", ""Love stories"", ""Fiction, general"", ""Young Adult"", ""Romance""]"
9780061067266__metadata__Audience / Age_Group / Young_Adult,9780061067266,Boardwalk,Metadata,Audience / Age_Group / Young_Adult,1,"[""gpt_oss_groq""]","[""qwen_groq"", ""gpt_oss_20b""]","[""Love"", ""Love stories"", ""Fiction, general"", ""Young Adult"", ""Romance""]"
9780061067266__metadata__Audience / Age_Group / Young_Adult / Young Adult Audience,9780061067266,Boardwalk,Metadata,Audience / Age_Group / Young_Adult / Young Adult Audience,2,"[""qwen_groq"", ""gpt_oss_20b""]","[""gpt_oss_groq""]","[""Love"", ""Love stories"", ""Fiction, general"", ""Young Adult"", ""Romance""]"
9780061081446__genre__Fiction / Romance,9780061081446,Vows made in wine,Genre,Fiction / Romance,2,"[""qwen_groq"", ""gpt_oss_groq""]","[""gpt_oss_20b""]","[""Fiction"", ""Fiction, general"", ""Historical Romance"", ""Fiction, romance, historical"", ""Romance"", ""Historical"", ""Historical Fiction"", ""Tudor Period"", ""Fiction, romance, historical, general""]"
9780061081446__genre__Fiction / Romance / General Romance,9780061081446,Vows made in wine,Genre,Fiction / Romance / General Romance,1,"[""gpt_oss_20b""]","[""qwen_groq"", ""gpt_oss_groq""]","[""Fiction"", ""Fiction, general"", ""Historical Romance"", ""Fiction, romance, historical"", ""Romance"", ""Historical"", ""Historical Fiction"", ""Tudor Period"", ""Fiction, romance, historical, general""]"
9780061081446__metadata__Temporal_Context / Historical_Period,9780061081446,Vows made in wine,Metadata,Temporal_Context / Historical_Period,2,"[""qwen_groq"", ""gpt_oss_groq""]","[""gpt_oss_20b""]","[""Fiction"", ""Fiction, general"", ""Historical Romance"", ""Fiction, romance, historical"", ""Romance"", ""Historical"", ""Historical Fiction"", ""Tudor Period"", ""Fiction, romance, historical, general""]"
9780061082214__metadata__Temporal_Context / Historical_Period,9780061082214,Simply Heaven,Metadata,Temporal_Context / Historical_Period,1,"[""gpt_oss_groq""]","[""qwen_groq"", ""gpt_oss_20b""]","[""Fiction"", ""Romance"", ""Historical Romance"", ""Historical Fiction"", ""Mixed descent"", ""Native American"", ""Fiction, romance, contemporary"", ""Fiction, romance, general"", ""Historical""]"
9780061082214__metadata__Temporal_Context / Publication_Period / Contemporary_Publication,9780061082214,Simply Heaven,Metadata,Temporal_Context / Publication_Period / Contemporary_Publication,1,"[""gpt_oss_20b""]","[""qwen_groq"", ""gpt_oss_groq""]","[""Fiction"", ""Romance"", ""Historical Romance"", ""Historical Fiction"", ""Mixed descent"", ""Native American"", ""Fiction, romance, contemporary"", ""Fiction, romance, general"", ""Historical""]"
9780061090585__genre__Nonfiction,9780061090585,Quitting the Mob,Genre,Nonfiction,1,"[""qwen_groq""]","[""gpt_oss_groq"", ""gpt_oss_20b""]","[""Mafia"", ""Organized crime"", ""Murder"", ""True Crime"", ""Biography"", ""Nonfiction"", ""Crime""]"
9780061090585__genre__Nonfiction / Biography,9780061090585,Quitting the Mob,Genre,Nonfiction / Biography,2,"[""qwen_groq"", ""gpt_oss_20b""]","[""gpt_oss_groq""]","[""Mafia"", ""Organized crime"", ""Murder"", ""True Crime"", ""Biography"", ""Nonfiction"", ""Crime""]"
9780061090585__genre__Nonfiction / Biography / Biography,9780061090585,Quitting the Mob,Genre,Nonfiction / Biography / Biography,2,"[""qwen_groq"", ""gpt_oss_groq""]","[""gpt_oss_20b""]","[""Mafia"", ""Organized crime"", ""Murder"", ""True Crime"", ""Biography"", ""Nonfiction"", ""Crime""]"
9780061090585__genre__Nonfiction / Biography / Biography / Biography,9780061090585,Quitting the Mob,Genre,Nonfiction / Biography / Biography / Biography,1,"[""qwen_groq""]","[""gpt_oss_groq"", ""gpt_oss_20b""]","[""Mafia"", ""Organized crime"", ""Murder"", ""True Crime"", ""Biography"", ""Nonfiction"", ""Crime""]"
9780061094330__genre__Fiction / Romance,9780061094330,A Respectable Trade,Genre,Fiction / Romance,1,"[""gpt_oss_groq""]","[""qwen_groq"", ""gpt_oss_20b""]","[""Fiction"", ""History"", ""Historical Fiction"", ""Historical"", ""18th Century"", ""British Literature"", ""Man-woman relationships"", ""Married women"", ""Slave trade"", ""Slaves"", ""England"", ""Bristol (England) -- History -- Fiction."", ""Man-woman relationships -- England -- Bristol -- History -- 18th century -- Fiction."", ""Slave trade -- England -- Bristol -- History -- 18th century -- Fiction."", ""Africans -- England -- Bristol -- History -- 18th century -- Fiction."", ""Married women -- England -- Bristol -- Fiction."", ""Slaves -- England -- Bristol -- Fiction."", ""Fiction, historical, general"", ""Man-woman relationships, fiction"", ""England, fiction"", ""Married people, fiction"", ""Literature & Fiction"", ""Genre Fiction"", ""Romance"", ""Historical Romance"", ""Africans"", ""Slave-trade""]"
9780061094330__genre__Fiction / Romance / General Romance / Romance,9780061094330,A Respectable Trade,Genre,Fiction / Romance / General Romance / Romance,2,"[""qwen_groq"", ""gpt_oss_20b""]","[""gpt_oss_groq""]","[""Fiction"", ""History"", ""Historical Fiction"", ""Historical"", ""18th Century"", ""British Literature"", ""Man-woman relationships"", ""Married women"", ""Slave trade"", ""Slaves"", ""England"", ""Bristol (England) -- History -- Fiction."", ""Man-woman relationships -- England -- Bristol -- History -- 18th century -- Fiction."", ""Slave trade -- England -- Bristol -- History -- 18th century -- Fiction."", ""Africans -- England -- Bristol -- History -- 18th century -- Fiction."", ""Married women -- England -- Bristol -- Fiction."", ""Slaves -- England -- Bristol -- Fiction."", ""Fiction, historical, general"", ""Man-woman relationships, fiction"", ""England, fiction"", ""Married people, fiction"", ""Literature & Fiction"", ""Genre Fiction"", ""Romance"", ""Historical Romance"", ""Africans"", ""Slave-trade""]"
9780061094330__metadata__Character_and_Representation_Metadata / Identity_Representation / Gender_Representation / Women-Centered,9780061094330,A Respectable Trade,Metadata,Character_and_Representation_Metadata / Identity_Representation / Gender_Representation / Women-Centered,2,"[""gpt_oss_groq"", ""gpt_oss_20b""]","[""qwen_groq""]","[""Fiction"", ""History"", ""Historical Fiction"", ""Historical"", ""18th Century"", ""British Literature"", ""Man-woman relationships"", ""Married women"", ""Slave trade"", ""Slaves"", ""England"", ""Bristol (England) -- History -- Fiction."", ""Man-woman relationships -- England -- Bristol -- History -- 18th century -- Fiction."", ""Slave trade -- England -- Bristol -- History -- 18th century -- Fiction."", ""Africans -- England -- Bristol -- History -- 18th century -- Fiction."", ""Married women -- England -- Bristol -- Fiction."", ""Slaves -- England -- Bristol -- Fiction."", ""Fiction, historical, general"", ""Man-woman relationships, fiction"", ""England, fiction"", ""Married people, fiction"", ""Literature & Fiction"", ""Genre Fiction"", ""Romance"", ""Historical Romance"", ""Africans"", ""Slave-trade""]"
9780064401319__genre__Fiction / Adventure,9780064401319,Cry of the Crow,Genre,Fiction / Adventure,1,"[""gpt_oss_groq""]","[""qwen_groq"", ""gpt_oss_20b""]","[""Wildlife rescue"", ""Fiction"", ""Crows"", ""Crows, fiction"", ""Animals"", ""Young Adult"", ""Children's fiction"", ""Family life, fiction"", ""Nature"", ""Adventure"", ""Birds""]"
9780064401319__genre__Fiction / Adventure / General Adventure Fiction / Adventure Fiction,9780064401319,Cry of the Crow,Genre,Fiction / Adventure / General Adventure Fiction / Adventure Fiction,2,"[""qwen_groq"", ""gpt_oss_20b""]","[""gpt_oss_groq""]","[""Wildlife rescue"", ""Fiction"", ""Crows"", ""Crows, fiction"", ""Animals"", ""Young Adult"", ""Children's fiction"", ""Family life, fiction"", ""Nature"", ""Adventure"", ""Birds""]"
9780064401319__metadata__Audience / Age_Group / Young_Adult,9780064401319,Cry of the Crow,Metadata,Audience / Age_Group / Young_Adult,2,"[""gpt_oss_groq"", ""gpt_oss_20b""]","[""qwen_groq""]","[""Wildlife rescue"", ""Fiction"", ""Crows"", ""Crows, fiction"", ""Animals"", ""Young Adult"", ""Children's fiction"", ""Family life, fiction"", ""Nature"", ""Adventure"", ""Birds""]"
9780064401319__metadata__Audience / Age_Group / Young_Adult / Young Adult Audience,9780064401319,Cry of the Crow,Metadata,Audience / Age_Group / Young_Adult / Young Adult Audience,1,"[""qwen_groq""]","[""gpt_oss_groq"", ""gpt_oss_20b""]","[""Wildlife rescue"", ""Fiction"", ""Crows"", ""Crows, fiction"", ""Animals"", ""Young Adult"", ""Children's fiction"", ""Family life, fiction"", ""Nature"", ""Adventure"", ""Birds""]"
9780064401319__metadata__Thematic_Metadata / Nature_and_Environment_Themes / Animals,9780064401319,Cry of the Crow,Metadata,Thematic_Metadata / Nature_and_Environment_Themes / Animals,1,"[""gpt_oss_groq""]","[""qwen_groq"", ""gpt_oss_20b""]","[""Wildlife rescue"", ""Fiction"", ""Crows"", ""Crows, fiction"", ""Animals"", ""Young Adult"", ""Children's fiction"", ""Family life, fiction"", ""Nature"", ""Adventure"", ""Birds""]"
9780064403511__genre__Fiction,9780064403511,Chasing After Annie,Genre,Fiction,2,"[""qwen_groq"", ""gpt_oss_20b""]","[""gpt_oss_groq""]","[""Friendship"", ""Dogs"", ""Diaries"", ""Fiction"", ""Juvenile fiction"", ""Children's fiction"", ""Girls, fiction"", ""Dogs, fiction"", ""General"", ""Children's Books/Ages 4-8 Fiction"", ""Children: Grades 2-3""]"
9780064403511__metadata__Thematic_Metadata / Relationship_and_Social_Themes / Friendship,9780064403511,Chasing After Annie,Metadata,Thematic_Metadata / Relationship_and_Social_Themes / Friendship,1,"[""gpt_oss_groq""]","[""qwen_groq"", ""gpt_oss_20b""]","[""Friendship"", ""Dogs"", ""Diaries"", ""Fiction"", ""Juvenile fiction"", ""Children's fiction"", ""Girls, fiction"", ""Dogs, fiction"", ""General"", ""Children's Books/Ages 4-8 Fiction"", ""Children: Grades 2-3""]"
9780064403511__metadata__Thematic_Metadata / Relationship_and_Social_Themes / Friendship / Friendship,9780064403511,Chasing After Annie,Metadata,Thematic_Metadata / Relationship_and_Social_Themes / Friendship / Friendship,2,"[""qwen_groq"", ""gpt_oss_20b""]","[""gpt_oss_groq""]","[""Friendship"", ""Dogs"", ""Diaries"", ""Fiction"", ""Juvenile fiction"", ""Children's fiction"", ""Girls, fiction"", ""Dogs, fiction"", ""General"", ""Children's Books/Ages 4-8 Fiction"", ""Children: Grades 2-3""]"
9780064403627__genre__Fiction / Literary Fiction / Family and Relationship Fiction / Family Saga,9780064403627,My brother Louis measures worms and other Louis stories,Genre,Fiction / Literary Fiction / Family and Relationship Fiction / Family Saga,2,"[""gpt_oss_groq"", ""gpt_oss_20b""]","[""qwen_groq""]","[""Family life"", ""Fiction"", ""Children's fiction"", ""Humorous stories"", ""Short Stories"", ""Family life, fiction""]"
9780064403627__metadata__Audience / Age_Group / All_Ages / Family Audience,9780064403627,My brother Louis measures worms and other Louis stories,Metadata,Audience / Age_Group / All_Ages / Family Audience,1,"[""gpt_oss_20b""]","[""qwen_groq"", ""gpt_oss_groq""]","[""Family life"", ""Fiction"", ""Children's fiction"", ""Humorous stories"", ""Short Stories"", ""Family life, fiction""]"
9780064403627__metadata__Book_Format_and_Form / Narrative_Length / Short,9780064403627,My brother Louis measures worms and other Louis stories,Metadata,Book_Format_and_Form / Narrative_Length / Short,1,"[""gpt_oss_20b""]","[""qwen_groq"", ""gpt_oss_groq""]","[""Family life"", ""Fiction"", ""Children's fiction"", ""Humorous stories"", ""Short Stories"", ""Family life, fiction""]"
9780064403627__metadata__Character_and_Representation_Metadata / Protagonist_Profile / Group_Profile / Family-Centered,9780064403627,My brother Louis measures worms and other Louis stories,Metadata,Character_and_Representation_Metadata / Protagonist_Profile / Group_Profile / Family-Centered,1,"[""gpt_oss_20b""]","[""qwen_groq"", ""gpt_oss_groq""]","[""Family life"", ""Fiction"", ""Children's fiction"", ""Humorous stories"", ""Short Stories"", ""Family life, fiction""]"
9780064404938__genre__Fiction,9780064404938,The Chilling Hour,Genre,Fiction,1,"[""qwen_groq""]","[""gpt_oss_groq"", ""gpt_oss_20b""]","[""Horror stories"", ""Horror tales, American"", ""Short stories"", ""Supernatural"", ""Occult fiction"", ""Fiction"", ""Supernatural, fiction"", ""Horror tales""]"
9780064404938__genre__Fiction / Horror,9780064404938,The Chilling Hour,Genre,Fiction / Horror,1,"[""qwen_groq""]","[""gpt_oss_groq"", ""gpt_oss_20b""]","[""Horror stories"", ""Horror tales, American"", ""Short stories"", ""Supernatural"", ""Occult fiction"", ""Fiction"", ""Supernatural, fiction"", ""Horror tales""]"
9780064404938__genre__Fiction / Horror / Supernatural Horror,9780064404938,The Chilling Hour,Genre,Fiction / Horror / Supernatural Horror,1,"[""qwen_groq""]","[""gpt_oss_groq"", ""gpt_oss_20b""]","[""Horror stories"", ""Horror tales, American"", ""Short stories"", ""Supernatural"", ""Occult fiction"", ""Fiction"", ""Supernatural, fiction"", ""Horror tales""]"
9780064404938__genre__Fiction / Literary Fiction / Short Form Literary Fiction / Short Fiction,9780064404938,The Chilling Hour,Genre,Fiction / Literary Fiction / Short Form Literary Fiction / Short Fiction,1,"[""qwen_groq""]","[""gpt_oss_groq"", ""gpt_oss_20b""]","[""Horror stories"", ""Horror tales, American"", ""Short stories"", ""Supernatural"", ""Occult fiction"", ""Fiction"", ""Supernatural, fiction"", ""Horror tales""]"
9780064404938__metadata__Book_Format_and_Form / Textual_Form / Short_Form / Short Prose,9780064404938,The Chilling Hour,Metadata,Book_Format_and_Form / Textual_Form / Short_Form / Short Prose,1,"[""gpt_oss_20b""]","[""qwen_groq"", ""gpt_oss_groq""]","[""Horror stories"", ""Horror tales, American"", ""Short stories"", ""Supernatural"", ""Occult fiction"", ""Fiction"", ""Supernatural, fiction"", ""Horror tales""]"
9780064404938__metadata__Book_Format_and_Form / Textual_Form / Short_Form / Short Story,9780064404938,The Chilling Hour,Metadata,Book_Format_and_Form / Textual_Form / Short_Form / Short Story,2,"[""qwen_groq"", ""gpt_oss_groq""]","[""gpt_oss_20b""]","[""Horror stories"", ""Horror tales, American"", ""Short stories"", ""Supernatural"", ""Occult fiction"", ""Fiction"", ""Supernatural, fiction"", ""Horror tales""]"
9780064405577__genre__Fiction / Horror,9780064405577,My Brother the Ghost,Genre,Fiction / Horror,1,"[""qwen_groq""]","[""gpt_oss_groq"", ""gpt_oss_20b""]","[""Ghosts"", ""Horror stories"", ""Ghost stories"", ""Children's fiction"", ""Children's Books/Ages 9-12 Fiction"", ""Fiction"", ""Horror"", ""Children: Grades 3-4"", ""Juvenile"", ""Children's Books"", ""Literature & Fiction"", ""Horror tales""]"
9780064420013__genre__Fiction / Adventure,9780064420013,Jason and the Escape from Bat Planet/a Trophy Chapter Book,Genre,Fiction / Adventure,2,"[""gpt_oss_groq"", ""gpt_oss_20b""]","[""qwen_groq""]","[""Children's fiction"", ""Science fiction"", ""Readers - Beginner"", ""Children's 9-12 - Fiction - General"", ""Adventure and adventurers"", ""Extraterrestrial beings"", ""Fiction"", ""Children: Grades 2-3""]"
9780064420013__genre__Fiction / Adventure / General Adventure Fiction / Adventure Fiction,9780064420013,Jason and the Escape from Bat Planet/a Trophy Chapter Book,Genre,Fiction / Adventure / General Adventure Fiction / Adventure Fiction,1,"[""qwen_groq""]","[""gpt_oss_groq"", ""gpt_oss_20b""]","[""Children's fiction"", ""Science fiction"", ""Readers - Beginner"", ""Children's 9-12 - Fiction - General"", ""Adventure and adventurers"", ""Extraterrestrial beings"", ""Fiction"", ""Children: Grades 2-3""]"
9780064420013__genre__Fiction / Science Fiction,9780064420013,Jason and the Escape from Bat Planet/a Trophy Chapter Book,Genre,Fiction / Science Fiction,2,"[""gpt_oss_groq"", ""gpt_oss_20b""]","[""qwen_groq""]","[""Children's fiction"", ""Science fiction"", ""Readers - Beginner"", ""Children's 9-12 - Fiction - General"", ""Adventure and adventurers"", ""Extraterrestrial beings"", ""Fiction"", ""Children: Grades 2-3""]"
9780064420013__genre__Fiction / Science Fiction / General Science Fiction / Science Fiction,9780064420013,Jason and the Escape from Bat Planet/a Trophy Chapter Book,Genre,Fiction / Science Fiction / General Science Fiction / Science Fiction,1,"[""qwen_groq""]","[""gpt_oss_groq"", ""gpt_oss_20b""]","[""Children's fiction"", ""Science fiction"", ""Readers - Beginner"", ""Children's 9-12 - Fiction - General"", ""Adventure and adventurers"", ""Extraterrestrial beings"", ""Fiction"", ""Children: Grades 2-3""]"
9780064420013__metadata__Audience / Reading_Level / Beginner,9780064420013,Jason and the Escape from Bat Planet/a Trophy Chapter Book,Metadata,Audience / Reading_Level / Beginner,1,"[""gpt_oss_20b""]","[""qwen_groq"", ""gpt_oss_groq""]","[""Children's fiction"", ""Science fiction"", ""Readers - Beginner"", ""Children's 9-12 - Fiction - General"", ""Adventure and adventurers"", ""Extraterrestrial beings"", ""Fiction"", ""Children: Grades 2-3""]"
9780064420013__metadata__Thematic_Metadata / Knowledge_and_Idea_Themes / Science_and_Technology,9780064420013,Jason and the Escape from Bat Planet/a Trophy Chapter Book,Metadata,Thematic_Metadata / Knowledge_and_Idea_Themes / Science_and_Technology,1,"[""gpt_oss_groq""]","[""qwen_groq"", ""gpt_oss_20b""]","[""Children's fiction"", ""Science fiction"", ""Readers - Beginner"", ""Children's 9-12 - Fiction - General"", ""Adventure and adventurers"", ""Extraterrestrial beings"", ""Fiction"", ""Children: Grades 2-3""]"
9780064420655__genre__Fiction,9780064420655,The revenge of the pirate ghost,Genre,Fiction,1,"[""qwen_groq""]","[""gpt_oss_groq"", ""gpt_oss_20b""]","[""Ghosts"", ""Pirates"", ""Fiction"", ""Ghost stories"", ""Juvenile fiction"", ""Children's fiction"", ""Pirates, fiction"", ""Ghosts -- Fiction"", ""Pirates -- Fiction"", ""Children's Books""]"
9780070242708__genre__Nonfiction / Education,9780070242708,Personal relationships,Genre,Nonfiction / Education,1,"[""gpt_oss_groq""]","[""qwen_groq"", ""gpt_oss_20b""]","[""Family life education"", ""Interpersonal Relations"", ""Family"", ""Politics & Social Sciences"", ""Social Sciences""]"
9780070242708__genre__Nonfiction / Education / Education / Education,9780070242708,Personal relationships,Genre,Nonfiction / Education / Education / Education,2,"[""qwen_groq"", ""gpt_oss_20b""]","[""gpt_oss_groq""]","[""Family life education"", ""Interpersonal Relations"", ""Family"", ""Politics & Social Sciences"", ""Social Sciences""]"
9780070356870__genre__Nonfiction / Business and Economics / Economics,9780070356870,A killing wind,Genre,Nonfiction / Business and Economics / Economics,1,"[""gpt_oss_20b""]","[""qwen_groq"", ""gpt_oss_groq""]","[""Accidents"", ""Bhopal Union Carbide Plant Disaster, Bhopal, India, 1984"", ""Environmental aspects"", ""Environmental aspects of Methyl isocyanate"", ""Methyl isocyanate"", ""Pesticides industry"", ""Pesticides"", ""Business & Money"", ""Economics"", ""Environmental Economics""]"
9780070356870__genre__Nonfiction / Business and Economics / Economics / Economics,9780070356870,A killing wind,Genre,Nonfiction / Business and Economics / Economics / Economics,2,"[""qwen_groq"", ""gpt_oss_groq""]","[""gpt_oss_20b""]","[""Accidents"", ""Bhopal Union Carbide Plant Disaster, Bhopal, India, 1984"", ""Environmental aspects"", ""Environmental aspects of Methyl isocyanate"", ""Methyl isocyanate"", ""Pesticides industry"", ""Pesticides"", ""Business & Money"", ""Economics"", ""Environmental Economics""]"
9780070356870__genre__Nonfiction / Nature and Environment / Environment / Environmental Nonfiction,9780070356870,A killing wind,Genre,Nonfiction / Nature and Environment / Environment / Environmental Nonfiction,2,"[""qwen_groq"", ""gpt_oss_groq""]","[""gpt_oss_20b""]","[""Accidents"", ""Bhopal Union Carbide Plant Disaster, Bhopal, India, 1984"", ""Environmental aspects"", ""Environmental aspects of Methyl isocyanate"", ""Methyl isocyanate"", ""Pesticides industry"", ""Pesticides"", ""Business & Money"", ""Economics"", ""Environmental Economics""]"
9780070356870__genre__Nonfiction / Science / Earth and Environmental Sciences / Environmental Science,9780070356870,A killing wind,Genre,Nonfiction / Science / Earth and Environmental Sciences / Environmental Science,1,"[""gpt_oss_20b""]","[""qwen_groq"", ""gpt_oss_groq""]","[""Accidents"", ""Bhopal Union Carbide Plant Disaster, Bhopal, India, 1984"", ""Environmental aspects"", ""Environmental aspects of Methyl isocyanate"", ""Methyl isocyanate"", ""Pesticides industry"", ""Pesticides"", ""Business & Money"", ""Economics"", ""Environmental Economics""]"
9780070423749__genre__Nonfiction / Arts and Culture / Music,9780070423749,Almost like a song,Genre,Nonfiction / Arts and Culture / Music,1,"[""gpt_oss_20b""]","[""qwen_groq"", ""gpt_oss_groq""]","[""Biography"", ""Country musicians"", ""Country musicians -- United States -- Biography."", ""Music""]"
9780070423749__genre__Nonfiction / Arts and Culture / Music / Music,9780070423749,Almost like a song,Genre,Nonfiction / Arts and Culture / Music / Music,2,"[""qwen_groq"", ""gpt_oss_groq""]","[""gpt_oss_20b""]","[""Biography"", ""Country musicians"", ""Country musicians -- United States -- Biography."", ""Music""]"
9780070423749__genre__Nonfiction / Biography,9780070423749,Almost like a song,Genre,Nonfiction / Biography,1,"[""gpt_oss_20b""]","[""qwen_groq"", ""gpt_oss_groq""]","[""Biography"", ""Country musicians"", ""Country musicians -- United States -- Biography."", ""Music""]"
9780070423749__genre__Nonfiction / Biography / Biography / Artistic Biography,9780070423749,Almost like a song,Genre,Nonfiction / Biography / Biography / Artistic Biography,1,"[""gpt_oss_groq""]","[""qwen_groq"", ""gpt_oss_20b""]","[""Biography"", ""Country musicians"", ""Country musicians -- United States -- Biography."", ""Music""]"
9780070423749__genre__Nonfiction / Biography / Biography / Biography,9780070423749,Almost like a song,Genre,Nonfiction / Biography / Biography / Biography,1,"[""qwen_groq""]","[""gpt_oss_groq"", ""gpt_oss_20b""]","[""Biography"", ""Country musicians"", ""Country musicians -- United States -- Biography."", ""Music""]"
9780070423749__metadata__Geographical_Context / Country_or_National_Context / Country_Based_Context,9780070423749,Almost like a song,Metadata,Geographical_Context / Country_or_National_Context / Country_Based_Context,1,"[""gpt_oss_20b""]","[""qwen_groq"", ""gpt_oss_groq""]","[""Biography"", ""Country musicians"", ""Country musicians -- United States -- Biography."", ""Music""]"
9780070826717__genre__Nonfiction / History / Social and Cultural History / Political History,9780070826717,Democracy and discontent,Genre,Nonfiction / History / Social and Cultural History / Political History,1,"[""gpt_oss_groq""]","[""qwen_groq"", ""gpt_oss_20b""]","[""Canada"", ""Economic conditions"", ""History"", ""Political parties"", ""Politics and government"", ""Partis politiques"", ""Conditions économiques"", ""Politique et gouvernement"", ""Economic history"", ""Political parties -- Canada."", ""Canada -- Economic conditions.""]"
9780070826717__genre__Nonfiction / Politics and Law / Politics / Political Nonfiction,9780070826717,Democracy and discontent,Genre,Nonfiction / Politics and Law / Politics / Political Nonfiction,2,"[""qwen_groq"", ""gpt_oss_20b""]","[""gpt_oss_groq""]","[""Canada"", ""Economic conditions"", ""History"", ""Political parties"", ""Politics and government"", ""Partis politiques"", ""Conditions économiques"", ""Politique et gouvernement"", ""Economic history"", ""Political parties -- Canada."", ""Canada -- Economic conditions.""]"
9780091706005__genre__Fiction / Romance,9780091706005,The ladies of Missalonghi,Genre,Fiction / Romance,1,"[""gpt_oss_groq""]","[""qwen_groq"", ""gpt_oss_20b""]","[""Women"", ""Fiction"", ""Romance fiction"", ""Man-woman relationships"", ""Social life and customs"", ""Manners and customs"", ""Fiction, historical, general"", ""Australia, fiction"", ""Women -- Australia -- Fiction."", ""Historical Fiction"", ""Romance"", ""Australia"", ""Historical"", ""Historical Romance"", ""Literature & Fiction"", ""Genre Fiction""]"
9780091706005__genre__Fiction / Romance / General Romance / Romance,9780091706005,The ladies of Missalonghi,Genre,Fiction / Romance / General Romance / Romance,2,"[""qwen_groq"", ""gpt_oss_20b""]","[""gpt_oss_groq""]","[""Women"", ""Fiction"", ""Romance fiction"", ""Man-woman relationships"", ""Social life and customs"", ""Manners and customs"", ""Fiction, historical, general"", ""Australia, fiction"", ""Women -- Australia -- Fiction."", ""Historical Fiction"", ""Romance"", ""Australia"", ""Historical"", ""Historical Romance"", ""Literature & Fiction"", ""Genre Fiction""]"
9780091814601__genre__Nonfiction,9780091814601,Sleep Deep (Leslie's Quick Fix),Genre,Nonfiction,2,"[""qwen_groq"", ""gpt_oss_groq""]","[""gpt_oss_20b""]","[""Sleep"", ""Insomnia""]"
9780133851625__genre__Nonfiction / Science / Popular Science / Popular Science,9780133851625,Heartmates,Genre,Nonfiction / Science / Popular Science / Popular Science,1,"[""qwen_groq""]","[""gpt_oss_groq"", ""gpt_oss_20b""]","[""Family relationships"", ""Myocardial infarction"", ""Patients"", ""Wives"", ""Psychology"", ""Family Relations"", ""Popular Works"", ""Heart Diseases"", ""Sick, family relationships"", ""Myocardial infarction -- Patients -- Family relationships."", ""Wives.""]"
9780133851625__metadata__Character_and_Representation_Metadata / Protagonist_Profile / Group_Profile / Family-Centered,9780133851625,Heartmates,Metadata,Character_and_Representation_Metadata / Protagonist_Profile / Group_Profile / Family-Centered,1,"[""gpt_oss_groq""]","[""qwen_groq"", ""gpt_oss_20b""]","[""Family relationships"", ""Myocardial infarction"", ""Patients"", ""Wives"", ""Psychology"", ""Family Relations"", ""Popular Works"", ""Heart Diseases"", ""Sick, family relationships"", ""Myocardial infarction -- Patients -- Family relationships."", ""Wives.""]"
9780133851625__metadata__Geographical_Context / Place_Type / Domestic / Family Household,9780133851625,Heartmates,Metadata,Geographical_Context / Place_Type / Domestic / Family Household,1,"[""gpt_oss_groq""]","[""qwen_groq"", ""gpt_oss_20b""]","[""Family relationships"", ""Myocardial infarction"", ""Patients"", ""Wives"", ""Psychology"", ""Family Relations"", ""Popular Works"", ""Heart Diseases"", ""Sick, family relationships"", ""Myocardial infarction -- Patients -- Family relationships."", ""Wives.""]"
9780140060584__genre__Fiction / Mystery / Traditional Mystery,9780140060584,The Margery Allingham omnibus.,Genre,Fiction / Mystery / Traditional Mystery,1,"[""qwen_groq""]","[""gpt_oss_groq"", ""gpt_oss_20b""]","[""Fiction"", ""Private investigators"", ""English Detective and mystery stories"", ""Albert Campion (Fictitious character)"", ""Campion, albert (fictitious character), fiction"", ""England, fiction"", ""Fiction, mystery & detective, traditional"", ""Campion, Albert (Fictitious character) -- Fiction."", ""Private investigators -- England -- Fiction."", ""Detective and mystery stories, English."", ""Mystery"", ""Crime""]"
9780140060584__metadata__Thematic_Metadata / Conflict_and_Event_Themes / Crime_and_Justice / Crime,9780140060584,The Margery Allingham omnibus.,Metadata,Thematic_Metadata / Conflict_and_Event_Themes / Crime_and_Justice / Crime,1,"[""gpt_oss_20b""]","[""qwen_groq"", ""gpt_oss_groq""]","[""Fiction"", ""Private investigators"", ""English Detective and mystery stories"", ""Albert Campion (Fictitious character)"", ""Campion, albert (fictitious character), fiction"", ""England, fiction"", ""Fiction, mystery & detective, traditional"", ""Campion, Albert (Fictitious character) -- Fiction."", ""Private investigators -- England -- Fiction."", ""Detective and mystery stories, English."", ""Mystery"", ""Crime""]"
9780140072884__genre__Nonfiction,9780140072884,1984 and beyond,Genre,Nonfiction,2,"[""qwen_groq"", ""gpt_oss_groq""]","[""gpt_oss_20b""]","[""Twentieth century"", ""Twentieth century -- Forecasts.""]"
9780140072884__metadata__Temporal_Context / Historical_Period / Modern / Mid Twentieth Century,9780140072884,1984 and beyond,Metadata,Temporal_Context / Historical_Period / Modern / Mid Twentieth Century,1,"[""qwen_groq""]","[""gpt_oss_groq"", ""gpt_oss_20b""]","[""Twentieth century"", ""Twentieth century -- Forecasts.""]"
9780140072884__metadata__Temporal_Context / Publication_Period / Twentieth_Century_Publication,9780140072884,1984 and beyond,Metadata,Temporal_Context / Publication_Period / Twentieth_Century_Publication,2,"[""gpt_oss_groq"", ""gpt_oss_20b""]","[""qwen_groq""]","[""Twentieth century"", ""Twentieth century -- Forecasts.""]"
9780140097986__genre__Nonfiction / Biography,9780140097986,The survival of Jan Little,Genre,Nonfiction / Biography,1,"[""gpt_oss_20b""]","[""qwen_groq"", ""gpt_oss_groq""]","[""Biography"", ""Blind-deaf"", ""Wilderness survival"", ""Deafblind people"", ""Brazil"", ""Amazon river and valley"", ""Nonfiction"", ""Survival"", ""Adventure""]"
9780140097986__genre__Nonfiction / Biography / Biography,9780140097986,The survival of Jan Little,Genre,Nonfiction / Biography / Biography,1,"[""gpt_oss_groq""]","[""qwen_groq"", ""gpt_oss_20b""]","[""Biography"", ""Blind-deaf"", ""Wilderness survival"", ""Deafblind people"", ""Brazil"", ""Amazon river and valley"", ""Nonfiction"", ""Survival"", ""Adventure""]"
9780140097986__genre__Nonfiction / Biography / Biography / Biography,9780140097986,The survival of Jan Little,Genre,Nonfiction / Biography / Biography / Biography,1,"[""qwen_groq""]","[""gpt_oss_groq"", ""gpt_oss_20b""]","[""Biography"", ""Blind-deaf"", ""Wilderness survival"", ""Deafblind people"", ""Brazil"", ""Amazon river and valley"", ""Nonfiction"", ""Survival"", ""Adventure""]"
9780140097986__genre__Nonfiction / Travel / Travel Writing / Adventure Travel Writing,9780140097986,The survival of Jan Little,Genre,Nonfiction / Travel / Travel Writing / Adventure Travel Writing,1,"[""qwen_groq""]","[""gpt_oss_groq"", ""gpt_oss_20b""]","[""Biography"", ""Blind-deaf"", ""Wilderness survival"", ""Deafblind people"", ""Brazil"", ""Amazon river and valley"", ""Nonfiction"", ""Survival"", ""Adventure""]"
9780140112511__metadata__Geographical_Context / World_Region / North_America / United States,9780140112511,Libra,Metadata,Geographical_Context / World_Region / North_America / United States,2,"[""gpt_oss_groq"", ""gpt_oss_20b""]","[""qwen_groq""]","[""Fiction"", ""Assassination"", ""Presidents"", ""Literature"", ""Roman américain"", ""Présidents"", ""Assassinat"", ""Romans, nouvelles"", ""Fiction, historical"", ""Presidents, united states, fiction"", ""American fiction (fictional works by one author)"", ""Oswald, lee harvey"", ""Roman"", ""Fiction, general"", ""American literature"", ""Historical Fiction"", ""Novels"", ""American"", ""Thriller""]"
9780140117608__genre__Nonfiction / Biography,9780140117608,Starting Out,Genre,Nonfiction / Biography,1,"[""gpt_oss_20b""]","[""qwen_groq"", ""gpt_oss_groq""]","[""Childhood and youth"", ""Enfance et jeunesse"", ""Biography"", ""Biographies""]"
9780140117608__genre__Nonfiction / Biography / Biography,9780140117608,Starting Out,Genre,Nonfiction / Biography / Biography,1,"[""gpt_oss_groq""]","[""qwen_groq"", ""gpt_oss_20b""]","[""Childhood and youth"", ""Enfance et jeunesse"", ""Biography"", ""Biographies""]"
9780140117608__genre__Nonfiction / Biography / Biography / Biography,9780140117608,Starting Out,Genre,Nonfiction / Biography / Biography / Biography,1,"[""qwen_groq""]","[""gpt_oss_groq"", ""gpt_oss_20b""]","[""Childhood and youth"", ""Enfance et jeunesse"", ""Biography"", ""Biographies""]"
9780140329124__genre__Fiction,9780140329124,Shot from midfield,Genre,Fiction,2,"[""qwen_groq"", ""gpt_oss_groq""]","[""gpt_oss_20b""]","[""Fiction"", ""Soccer"", ""Children's fiction"", ""Soccer, fiction"", ""Growing Up & Facts of Life"", ""Friendship, Social Skills & School Life"", ""Boys & Men""]"
9780140329124__genre__Fiction / Literary Fiction / General Literary Fiction / Slice of Life Fiction,9780140329124,Shot from midfield,Genre,Fiction / Literary Fiction / General Literary Fiction / Slice of Life Fiction,2,"[""gpt_oss_groq"", ""gpt_oss_20b""]","[""qwen_groq""]","[""Fiction"", ""Soccer"", ""Children's fiction"", ""Soccer, fiction"", ""Growing Up & Facts of Life"", ""Friendship, Social Skills & School Life"", ""Boys & Men""]"
9780140329513__genre__Fiction,9780140329513,The rabbi's girls,Genre,Fiction,2,"[""qwen_groq"", ""gpt_oss_20b""]","[""gpt_oss_groq""]","[""Fiction"", ""Family life"", ""Twenties (20th century)"", ""New baby in family"", ""Juvenile fiction"", ""Rabbis"", ""Jewish American families"", ""Eleven-year-old girls"", ""Jewish American girls"", ""Moving to a new city"", ""Children's fiction"", ""Family life, fiction"", ""Jews, fiction"", ""Families"", ""Family life -- Fiction"", ""Jews -- United States -- Fiction"", ""Jewish"", ""Growing Up & Facts of Life"", ""Multigenerational"", ""Jews"", ""Children's Books""]"
9780140329513__genre__Fiction / Drama / Social Drama / Family Drama,9780140329513,The rabbi's girls,Genre,Fiction / Drama / Social Drama / Family Drama,2,"[""qwen_groq"", ""gpt_oss_groq""]","[""gpt_oss_20b""]","[""Fiction"", ""Family life"", ""Twenties (20th century)"", ""New baby in family"", ""Juvenile fiction"", ""Rabbis"", ""Jewish American families"", ""Eleven-year-old girls"", ""Jewish American girls"", ""Moving to a new city"", ""Children's fiction"", ""Family life, fiction"", ""Jews, fiction"", ""Families"", ""Family life -- Fiction"", ""Jews -- United States -- Fiction"", ""Jewish"", ""Growing Up & Facts of Life"", ""Multigenerational"", ""Jews"", ""Children's Books""]"
9780140329513__metadata__Audience / Age_Group / All_Ages / Family Audience,9780140329513,The rabbi's girls,Metadata,Audience / Age_Group / All_Ages / Family Audience,2,"[""gpt_oss_groq"", ""gpt_oss_20b""]","[""qwen_groq""]","[""Fiction"", ""Family life"", ""Twenties (20th century)"", ""New baby in family"", ""Juvenile fiction"", ""Rabbis"", ""Jewish American families"", ""Eleven-year-old girls"", ""Jewish American girls"", ""Moving to a new city"", ""Children's fiction"", ""Family life, fiction"", ""Jews, fiction"", ""Families"", ""Family life -- Fiction"", ""Jews -- United States -- Fiction"", ""Jewish"", ""Growing Up & Facts of Life"", ""Multigenerational"", ""Jews"", ""Children's Books""]"
9780140329513__metadata__Geographical_Context / Country_or_National_Context / Country_Based_Context / American Context,9780140329513,The rabbi's girls,Metadata,Geographical_Context / Country_or_National_Context / Country_Based_Context / American Context,2,"[""qwen_groq"", ""gpt_oss_20b""]","[""gpt_oss_groq""]","[""Fiction"", ""Family life"", ""Twenties (20th century)"", ""New baby in family"", ""Juvenile fiction"", ""Rabbis"", ""Jewish American families"", ""Eleven-year-old girls"", ""Jewish American girls"", ""Moving to a new city"", ""Children's fiction"", ""Family life, fiction"", ""Jews, fiction"", ""Families"", ""Family life -- Fiction"", ""Jews -- United States -- Fiction"", ""Jewish"", ""Growing Up & Facts of Life"", ""Multigenerational"", ""Jews"", ""Children's Books""]"
9780140329513__metadata__Geographical_Context / Place_Type / Domestic / Family Household,9780140329513,The rabbi's girls,Metadata,Geographical_Context / Place_Type / Domestic / Family Household,2,"[""gpt_oss_groq"", ""gpt_oss_20b""]","[""qwen_groq""]","[""Fiction"", ""Family life"", ""Twenties (20th century)"", ""New baby in family"", ""Juvenile fiction"", ""Rabbis"", ""Jewish American families"", ""Eleven-year-old girls"", ""Jewish American girls"", ""Moving to a new city"", ""Children's fiction"", ""Family life, fiction"", ""Jews, fiction"", ""Families"", ""Family life -- Fiction"", ""Jews -- United States -- Fiction"", ""Jewish"", ""Growing Up & Facts of Life"", ""Multigenerational"", ""Jews"", ""Children's Books""]"
9780140329513__metadata__Geographical_Context / World_Region / North_America / United States,9780140329513,The rabbi's girls,Metadata,Geographical_Context / World_Region / North_America / United States,2,"[""gpt_oss_groq"", ""gpt_oss_20b""]","[""qwen_groq""]","[""Fiction"", ""Family life"", ""Twenties (20th century)"", ""New baby in family"", ""Juvenile fiction"", ""Rabbis"", ""Jewish American families"", ""Eleven-year-old girls"", ""Jewish American girls"", ""Moving to a new city"", ""Children's fiction"", ""Family life, fiction"", ""Jews, fiction"", ""Families"", ""Family life -- Fiction"", ""Jews -- United States -- Fiction"", ""Jewish"", ""Growing Up & Facts of Life"", ""Multigenerational"", ""Jews"", ""Children's Books""]"
9780140351026__metadata__Temporal_Context / Historical_Period,9780140351026,Tale of Troy.,Metadata,Temporal_Context / Historical_Period,1,"[""gpt_oss_20b""]","[""qwen_groq"", ""gpt_oss_groq""]","[""Odysseus (Greek mythology)"", ""Legends"", ""Greek Mythology"", ""Trojan War"", ""Juvenile literature"", ""Classical mythology"", ""Children's fiction"", ""Troy (extinct city), fiction"", ""Troy (extinct city), legends"", ""Fiction"", ""Mythology"", ""Classics"", ""Historical Fiction""]"
9780140351026__metadata__Temporal_Context / Historical_Period / Ancient / Classical,9780140351026,Tale of Troy.,Metadata,Temporal_Context / Historical_Period / Ancient / Classical,2,"[""qwen_groq"", ""gpt_oss_groq""]","[""gpt_oss_20b""]","[""Odysseus (Greek mythology)"", ""Legends"", ""Greek Mythology"", ""Trojan War"", ""Juvenile literature"", ""Classical mythology"", ""Children's fiction"", ""Troy (extinct city), fiction"", ""Troy (extinct city), legends"", ""Fiction"", ""Mythology"", ""Classics"", ""Historical Fiction""]"
9780140351026__metadata__Thematic_Metadata / Conflict_and_Event_Themes / War_and_Conflict / War,9780140351026,Tale of Troy.,Metadata,Thematic_Metadata / Conflict_and_Event_Themes / War_and_Conflict / War,2,"[""qwen_groq"", ""gpt_oss_groq""]","[""gpt_oss_20b""]","[""Odysseus (Greek mythology)"", ""Legends"", ""Greek Mythology"", ""Trojan War"", ""Juvenile literature"", ""Classical mythology"", ""Children's fiction"", ""Troy (extinct city), fiction"", ""Troy (extinct city), legends"", ""Fiction"", ""Mythology"", ""Classics"", ""Historical Fiction""]"
9780140360226__genre__Fiction / Mystery / Detective Mystery,9780140360226,Cam Jansen,Genre,Fiction / Mystery / Detective Mystery,1,"[""gpt_oss_20b""]","[""qwen_groq"", ""gpt_oss_groq""]","[""Children's fiction"", ""Mystery and detective stories"", ""Jansen, cam (fictitious character), fiction"", ""Mystery"", ""Chapter Books"", ""Juvenile"", ""2nd Grade""]"
9780140360226__genre__Fiction / Mystery / Detective Mystery / Amateur Detective Mystery,9780140360226,Cam Jansen,Genre,Fiction / Mystery / Detective Mystery / Amateur Detective Mystery,2,"[""qwen_groq"", ""gpt_oss_groq""]","[""gpt_oss_20b""]","[""Children's fiction"", ""Mystery and detective stories"", ""Jansen, cam (fictitious character), fiction"", ""Mystery"", ""Chapter Books"", ""Juvenile"", ""2nd Grade""]"
9780140360226__genre__Fiction / Mystery / Traditional Mystery / Childrens Adventure and Mystery,9780140360226,Cam Jansen,Genre,Fiction / Mystery / Traditional Mystery / Childrens Adventure and Mystery,1,"[""gpt_oss_groq""]","[""qwen_groq"", ""gpt_oss_20b""]","[""Children's fiction"", ""Mystery and detective stories"", ""Jansen, cam (fictitious character), fiction"", ""Mystery"", ""Chapter Books"", ""Juvenile"", ""2nd Grade""]"
9780140360233__genre__Fiction / Adventure,9780140360233,Cam Jansen and the mystery at the monkey house,Genre,Fiction / Adventure,1,"[""gpt_oss_20b""]","[""qwen_groq"", ""gpt_oss_groq""]","[""Mystery and detective stories"", ""Fiction"", ""Juvenile Fiction"", ""Mystery"", ""Children's fiction"", ""Chapter Books"", ""Juvenile"", ""Adventure"", ""School""]"
9780140360233__metadata__Audience / Educational_Stage / School_Level / Secondary School,9780140360233,Cam Jansen and the mystery at the monkey house,Metadata,Audience / Educational_Stage / School_Level / Secondary School,1,"[""gpt_oss_20b""]","[""qwen_groq"", ""gpt_oss_groq""]","[""Mystery and detective stories"", ""Fiction"", ""Juvenile Fiction"", ""Mystery"", ""Children's fiction"", ""Chapter Books"", ""Juvenile"", ""Adventure"", ""School""]"
9780140360233__metadata__Character_and_Representation_Metadata / Protagonist_Profile / Role_Profile / Detective,9780140360233,Cam Jansen and the mystery at the monkey house,Metadata,Character_and_Representation_Metadata / Protagonist_Profile / Role_Profile / Detective,2,"[""qwen_groq"", ""gpt_oss_20b""]","[""gpt_oss_groq""]","[""Mystery and detective stories"", ""Fiction"", ""Juvenile Fiction"", ""Mystery"", ""Children's fiction"", ""Chapter Books"", ""Juvenile"", ""Adventure"", ""School""]"
9780140360233__metadata__Geographical_Context / Place_Type / Institutional / School,9780140360233,Cam Jansen and the mystery at the monkey house,Metadata,Geographical_Context / Place_Type / Institutional / School,2,"[""gpt_oss_groq"", ""gpt_oss_20b""]","[""qwen_groq""]","[""Mystery and detective stories"", ""Fiction"", ""Juvenile Fiction"", ""Mystery"", ""Children's fiction"", ""Chapter Books"", ""Juvenile"", ""Adventure"", ""School""]"
9780140364477__metadata__Thematic_Metadata / Relationship_and_Social_Themes / Friendship,9780140364477,Tell Me Your Best Thing,Metadata,Thematic_Metadata / Relationship_and_Social_Themes / Friendship,2,"[""gpt_oss_groq"", ""gpt_oss_20b""]","[""qwen_groq""]","[""Fiction"", ""Juvenile fiction"", ""Children's fiction"", ""Friendship"", ""Bullies""]"
9780140364477__metadata__Thematic_Metadata / Relationship_and_Social_Themes / Friendship / Friendship,9780140364477,Tell Me Your Best Thing,Metadata,Thematic_Metadata / Relationship_and_Social_Themes / Friendship / Friendship,1,"[""qwen_groq""]","[""gpt_oss_groq"", ""gpt_oss_20b""]","[""Fiction"", ""Juvenile fiction"", ""Children's fiction"", ""Friendship"", ""Bullies""]"
9780140366440__genre__Fiction,9780140366440,"Life's a funny proposition, Horatio",Genre,Fiction,1,"[""qwen_groq""]","[""gpt_oss_groq"", ""gpt_oss_20b""]","[""Conduct of life"", ""Death"", ""Fiction"", ""Grandfathers"", ""Grief"", ""Death, fiction"", ""Grandparents, fiction"", ""Grief -- Fiction."", ""Grandfathers -- Fiction."", ""Conduct of life -- Fiction."", ""Juvenile"", ""Literature & Fiction"", ""Chapter Books & Readers"", ""Chapter Books"", ""Death -- Fiction.""]"
9780140366440__genre__Fiction / Literary Fiction / General Literary Fiction / Slice of Life Fiction,9780140366440,"Life's a funny proposition, Horatio",Genre,Fiction / Literary Fiction / General Literary Fiction / Slice of Life Fiction,2,"[""gpt_oss_groq"", ""gpt_oss_20b""]","[""qwen_groq""]","[""Conduct of life"", ""Death"", ""Fiction"", ""Grandfathers"", ""Grief"", ""Death, fiction"", ""Grandparents, fiction"", ""Grief -- Fiction."", ""Grandfathers -- Fiction."", ""Conduct of life -- Fiction."", ""Juvenile"", ""Literature & Fiction"", ""Chapter Books & Readers"", ""Chapter Books"", ""Death -- Fiction.""]"
9780140368697__genre__Fiction,9780140368697,Underrunners,Genre,Fiction,2,"[""qwen_groq"", ""gpt_oss_groq""]","[""gpt_oss_20b""]","[""Fiction"", ""Family relationships"", ""Family problems"", ""Kidnapping"", ""Imaginary playmates"", ""Detective and mystery stories"", ""Mystery and detective stories"", ""Child and youth fiction"", ""Adventure and adventurers, fiction"", ""Children's fiction"", ""Young Adult"", ""Literature & Fiction""]"
9780140368697__genre__Fiction / Adventure,9780140368697,Underrunners,Genre,Fiction / Adventure,1,"[""gpt_oss_groq""]","[""qwen_groq"", ""gpt_oss_20b""]","[""Fiction"", ""Family relationships"", ""Family problems"", ""Kidnapping"", ""Imaginary playmates"", ""Detective and mystery stories"", ""Mystery and detective stories"", ""Child and youth fiction"", ""Adventure and adventurers, fiction"", ""Children's fiction"", ""Young Adult"", ""Literature & Fiction""]"
9780140368697__genre__Fiction / Adventure / General Adventure Fiction / Adventure Fiction,9780140368697,Underrunners,Genre,Fiction / Adventure / General Adventure Fiction / Adventure Fiction,1,"[""qwen_groq""]","[""gpt_oss_groq"", ""gpt_oss_20b""]","[""Fiction"", ""Family relationships"", ""Family problems"", ""Kidnapping"", ""Imaginary playmates"", ""Detective and mystery stories"", ""Mystery and detective stories"", ""Child and youth fiction"", ""Adventure and adventurers, fiction"", ""Children's fiction"", ""Young Adult"", ""Literature & Fiction""]"
9780140368697__genre__Fiction / Literary Fiction / Family and Relationship Fiction / Family Saga,9780140368697,Underrunners,Genre,Fiction / Literary Fiction / Family and Relationship Fiction / Family Saga,1,"[""gpt_oss_groq""]","[""qwen_groq"", ""gpt_oss_20b""]","[""Fiction"", ""Family relationships"", ""Family problems"", ""Kidnapping"", ""Imaginary playmates"", ""Detective and mystery stories"", ""Mystery and detective stories"", ""Child and youth fiction"", ""Adventure and adventurers, fiction"", ""Children's fiction"", ""Young Adult"", ""Literature & Fiction""]"
9780140368697__genre__Fiction / Mystery / Traditional Mystery / Childrens Adventure and Mystery,9780140368697,Underrunners,Genre,Fiction / Mystery / Traditional Mystery / Childrens Adventure and Mystery,1,"[""gpt_oss_20b""]","[""qwen_groq"", ""gpt_oss_groq""]","[""Fiction"", ""Family relationships"", ""Family problems"", ""Kidnapping"", ""Imaginary playmates"", ""Detective and mystery stories"", ""Mystery and detective stories"", ""Child and youth fiction"", ""Adventure and adventurers, fiction"", ""Children's fiction"", ""Young Adult"", ""Literature & Fiction""]"
9780140368697__metadata__Audience / Age_Group / Child,9780140368697,Underrunners,Metadata,Audience / Age_Group / Child,1,"[""gpt_oss_20b""]","[""qwen_groq"", ""gpt_oss_groq""]","[""Fiction"", ""Family relationships"", ""Family problems"", ""Kidnapping"", ""Imaginary playmates"", ""Detective and mystery stories"", ""Mystery and detective stories"", ""Child and youth fiction"", ""Adventure and adventurers, fiction"", ""Children's fiction"", ""Young Adult"", ""Literature & Fiction""]"
9780140368697__metadata__Character_and_Representation_Metadata / Protagonist_Profile / Role_Profile / Detective,9780140368697,Underrunners,Metadata,Character_and_Representation_Metadata / Protagonist_Profile / Role_Profile / Detective,1,"[""gpt_oss_groq""]","[""qwen_groq"", ""gpt_oss_20b""]","[""Fiction"", ""Family relationships"", ""Family problems"", ""Kidnapping"", ""Imaginary playmates"", ""Detective and mystery stories"", ""Mystery and detective stories"", ""Child and youth fiction"", ""Adventure and adventurers, fiction"", ""Children's fiction"", ""Young Adult"", ""Literature & Fiction""]"
9780140369373__metadata__Geographical_Context / Country_or_National_Context / Country_Based_Context / Indian Context,9780140369373,The Raid,Metadata,Geographical_Context / Country_or_National_Context / Country_Based_Context / Indian Context,2,"[""gpt_oss_groq"", ""gpt_oss_20b""]","[""qwen_groq""]","[""Fiction"", ""Frontier and pioneer life"", ""Indian captivities"", ""Comanche Indians""]"
9780140369441__genre__Fiction,9780140369441,What My Sister Remembered,Genre,Fiction,1,"[""qwen_groq""]","[""gpt_oss_groq"", ""gpt_oss_20b""]","[""Children's fiction"", ""Sisters, fiction"", ""Siblings, fiction"", ""Family, fiction"", ""Emotions, fiction"", ""Adoption, fiction"", ""Young Adult"", ""Fiction""]"
9780140369441__genre__Fiction / Literary Fiction / Family and Relationship Fiction,9780140369441,What My Sister Remembered,Genre,Fiction / Literary Fiction / Family and Relationship Fiction,1,"[""qwen_groq""]","[""gpt_oss_groq"", ""gpt_oss_20b""]","[""Children's fiction"", ""Sisters, fiction"", ""Siblings, fiction"", ""Family, fiction"", ""Emotions, fiction"", ""Adoption, fiction"", ""Young Adult"", ""Fiction""]"
9780140369441__genre__Fiction / Literary Fiction / Family and Relationship Fiction / Family Saga,9780140369441,What My Sister Remembered,Genre,Fiction / Literary Fiction / Family and Relationship Fiction / Family Saga,2,"[""gpt_oss_groq"", ""gpt_oss_20b""]","[""qwen_groq""]","[""Children's fiction"", ""Sisters, fiction"", ""Siblings, fiction"", ""Family, fiction"", ""Emotions, fiction"", ""Adoption, fiction"", ""Young Adult"", ""Fiction""]"
9780140369441__metadata__Audience / Age_Group / Young_Adult,9780140369441,What My Sister Remembered,Metadata,Audience / Age_Group / Young_Adult,1,"[""gpt_oss_groq""]","[""qwen_groq"", ""gpt_oss_20b""]","[""Children's fiction"", ""Sisters, fiction"", ""Siblings, fiction"", ""Family, fiction"", ""Emotions, fiction"", ""Adoption, fiction"", ""Young Adult"", ""Fiction""]"
9780140369441__metadata__Audience / Age_Group / Young_Adult / Young Adult Audience,9780140369441,What My Sister Remembered,Metadata,Audience / Age_Group / Young_Adult / Young Adult Audience,2,"[""qwen_groq"", ""gpt_oss_20b""]","[""gpt_oss_groq""]","[""Children's fiction"", ""Sisters, fiction"", ""Siblings, fiction"", ""Family, fiction"", ""Emotions, fiction"", ""Adoption, fiction"", ""Young Adult"", ""Fiction""]"
9780140369441__metadata__Character_and_Representation_Metadata / Protagonist_Profile / Group_Profile / Family-Centered,9780140369441,What My Sister Remembered,Metadata,Character_and_Representation_Metadata / Protagonist_Profile / Group_Profile / Family-Centered,2,"[""gpt_oss_groq"", ""gpt_oss_20b""]","[""qwen_groq""]","[""Children's fiction"", ""Sisters, fiction"", ""Siblings, fiction"", ""Family, fiction"", ""Emotions, fiction"", ""Adoption, fiction"", ""Young Adult"", ""Fiction""]"
9780140369441__metadata__Geographical_Context / Place_Type / Domestic / Family Household,9780140369441,What My Sister Remembered,Metadata,Geographical_Context / Place_Type / Domestic / Family Household,1,"[""gpt_oss_groq""]","[""qwen_groq"", ""gpt_oss_20b""]","[""Children's fiction"", ""Sisters, fiction"", ""Siblings, fiction"", ""Family, fiction"", ""Emotions, fiction"", ""Adoption, fiction"", ""Young Adult"", ""Fiction""]"
9780140377415__genre__Fiction,9780140377415,I Hate Company,Genre,Fiction,1,"[""qwen_groq""]","[""gpt_oss_groq"", ""gpt_oss_20b""]","[""Fiction"", ""Behavior"", ""Humor""]"
9780140388008__genre__Fiction,9780140388008,"Cam Jansen and the Mystery of the Television Dog (Cam Jansen Adventure, Book 4)",Genre,Fiction,1,"[""gpt_oss_20b""]","[""qwen_groq"", ""gpt_oss_groq""]","[""Detective and mystery stories"", ""Mystery and detective stories"", ""Fiction"", ""Juvenile fiction"", ""Cam Jansen (Fictitious character)"", ""Dogs"", ""Mystery"", ""Children's fiction"", ""Dogs, fiction"", ""Adventure and adventurers, fiction"", ""Child and youth fiction"", ""Chapter Books"", ""Realistic Fiction"", ""Middle Grade"", ""Juvenile"", ""Chapter Books & Readers""]"
9780140388008__genre__Fiction / Adventure,9780140388008,"Cam Jansen and the Mystery of the Television Dog (Cam Jansen Adventure, Book 4)",Genre,Fiction / Adventure,1,"[""gpt_oss_20b""]","[""qwen_groq"", ""gpt_oss_groq""]","[""Detective and mystery stories"", ""Mystery and detective stories"", ""Fiction"", ""Juvenile fiction"", ""Cam Jansen (Fictitious character)"", ""Dogs"", ""Mystery"", ""Children's fiction"", ""Dogs, fiction"", ""Adventure and adventurers, fiction"", ""Child and youth fiction"", ""Chapter Books"", ""Realistic Fiction"", ""Middle Grade"", ""Juvenile"", ""Chapter Books & Readers""]"
9780140388008__genre__Fiction / Adventure / General Adventure Fiction / Adventure Fiction,9780140388008,"Cam Jansen and the Mystery of the Television Dog (Cam Jansen Adventure, Book 4)",Genre,Fiction / Adventure / General Adventure Fiction / Adventure Fiction,1,"[""qwen_groq""]","[""gpt_oss_groq"", ""gpt_oss_20b""]","[""Detective and mystery stories"", ""Mystery and detective stories"", ""Fiction"", ""Juvenile fiction"", ""Cam Jansen (Fictitious character)"", ""Dogs"", ""Mystery"", ""Children's fiction"", ""Dogs, fiction"", ""Adventure and adventurers, fiction"", ""Child and youth fiction"", ""Chapter Books"", ""Realistic Fiction"", ""Middle Grade"", ""Juvenile"", ""Chapter Books & Readers""]"
9780140388008__genre__Fiction / Literary Fiction / General Literary Fiction / Realistic Fiction,9780140388008,"Cam Jansen and the Mystery of the Television Dog (Cam Jansen Adventure, Book 4)",Genre,Fiction / Literary Fiction / General Literary Fiction / Realistic Fiction,1,"[""gpt_oss_20b""]","[""qwen_groq"", ""gpt_oss_groq""]","[""Detective and mystery stories"", ""Mystery and detective stories"", ""Fiction"", ""Juvenile fiction"", ""Cam Jansen (Fictitious character)"", ""Dogs"", ""Mystery"", ""Children's fiction"", ""Dogs, fiction"", ""Adventure and adventurers, fiction"", ""Child and youth fiction"", ""Chapter Books"", ""Realistic Fiction"", ""Middle Grade"", ""Juvenile"", ""Chapter Books & Readers""]"
9780140388008__genre__Fiction / Mystery,9780140388008,"Cam Jansen and the Mystery of the Television Dog (Cam Jansen Adventure, Book 4)",Genre,Fiction / Mystery,1,"[""gpt_oss_20b""]","[""qwen_groq"", ""gpt_oss_groq""]","[""Detective and mystery stories"", ""Mystery and detective stories"", ""Fiction"", ""Juvenile fiction"", ""Cam Jansen (Fictitious character)"", ""Dogs"", ""Mystery"", ""Children's fiction"", ""Dogs, fiction"", ""Adventure and adventurers, fiction"", ""Child and youth fiction"", ""Chapter Books"", ""Realistic Fiction"", ""Middle Grade"", ""Juvenile"", ""Chapter Books & Readers""]"
9780140388008__genre__Fiction / Mystery / Detective Mystery,9780140388008,"Cam Jansen and the Mystery of the Television Dog (Cam Jansen Adventure, Book 4)",Genre,Fiction / Mystery / Detective Mystery,1,"[""gpt_oss_20b""]","[""qwen_groq"", ""gpt_oss_groq""]","[""Detective and mystery stories"", ""Mystery and detective stories"", ""Fiction"", ""Juvenile fiction"", ""Cam Jansen (Fictitious character)"", ""Dogs"", ""Mystery"", ""Children's fiction"", ""Dogs, fiction"", ""Adventure and adventurers, fiction"", ""Child and youth fiction"", ""Chapter Books"", ""Realistic Fiction"", ""Middle Grade"", ""Juvenile"", ""Chapter Books & Readers""]"
9780140388008__genre__Fiction / Mystery / Detective Mystery / Amateur Detective Mystery,9780140388008,"Cam Jansen and the Mystery of the Television Dog (Cam Jansen Adventure, Book 4)",Genre,Fiction / Mystery / Detective Mystery / Amateur Detective Mystery,1,"[""gpt_oss_groq""]","[""qwen_groq"", ""gpt_oss_20b""]","[""Detective and mystery stories"", ""Mystery and detective stories"", ""Fiction"", ""Juvenile fiction"", ""Cam Jansen (Fictitious character)"", ""Dogs"", ""Mystery"", ""Children's fiction"", ""Dogs, fiction"", ""Adventure and adventurers, fiction"", ""Child and youth fiction"", ""Chapter Books"", ""Realistic Fiction"", ""Middle Grade"", ""Juvenile"", ""Chapter Books & Readers""]"
9780140388008__genre__Fiction / Mystery / Traditional Mystery / Childrens Adventure and Mystery,9780140388008,"Cam Jansen and the Mystery of the Television Dog (Cam Jansen Adventure, Book 4)",Genre,Fiction / Mystery / Traditional Mystery / Childrens Adventure and Mystery,1,"[""qwen_groq""]","[""gpt_oss_groq"", ""gpt_oss_20b""]","[""Detective and mystery stories"", ""Mystery and detective stories"", ""Fiction"", ""Juvenile fiction"", ""Cam Jansen (Fictitious character)"", ""Dogs"", ""Mystery"", ""Children's fiction"", ""Dogs, fiction"", ""Adventure and adventurers, fiction"", ""Child and youth fiction"", ""Chapter Books"", ""Realistic Fiction"", ""Middle Grade"", ""Juvenile"", ""Chapter Books & Readers""]"
9780140388008__metadata__Audience / Age_Group / Child,9780140388008,"Cam Jansen and the Mystery of the Television Dog (Cam Jansen Adventure, Book 4)",Metadata,Audience / Age_Group / Child,1,"[""gpt_oss_20b""]","[""qwen_groq"", ""gpt_oss_groq""]","[""Detective and mystery stories"", ""Mystery and detective stories"", ""Fiction"", ""Juvenile fiction"", ""Cam Jansen (Fictitious character)"", ""Dogs"", ""Mystery"", ""Children's fiction"", ""Dogs, fiction"", ""Adventure and adventurers, fiction"", ""Child and youth fiction"", ""Chapter Books"", ""Realistic Fiction"", ""Middle Grade"", ""Juvenile"", ""Chapter Books & Readers""]"
9780140388008__metadata__Audience / Educational_Stage / School_Level / Middle School,9780140388008,"Cam Jansen and the Mystery of the Television Dog (Cam Jansen Adventure, Book 4)",Metadata,Audience / Educational_Stage / School_Level / Middle School,1,"[""gpt_oss_20b""]","[""qwen_groq"", ""gpt_oss_groq""]","[""Detective and mystery stories"", ""Mystery and detective stories"", ""Fiction"", ""Juvenile fiction"", ""Cam Jansen (Fictitious character)"", ""Dogs"", ""Mystery"", ""Children's fiction"", ""Dogs, fiction"", ""Adventure and adventurers, fiction"", ""Child and youth fiction"", ""Chapter Books"", ""Realistic Fiction"", ""Middle Grade"", ""Juvenile"", ""Chapter Books & Readers""]"
9780140388008__metadata__Character_and_Representation_Metadata / Protagonist_Profile / Role_Profile / Detective,9780140388008,"Cam Jansen and the Mystery of the Television Dog (Cam Jansen Adventure, Book 4)",Metadata,Character_and_Representation_Metadata / Protagonist_Profile / Role_Profile / Detective,1,"[""qwen_groq""]","[""gpt_oss_groq"", ""gpt_oss_20b""]","[""Detective and mystery stories"", ""Mystery and detective stories"", ""Fiction"", ""Juvenile fiction"", ""Cam Jansen (Fictitious character)"", ""Dogs"", ""Mystery"", ""Children's fiction"", ""Dogs, fiction"", ""Adventure and adventurers, fiction"", ""Child and youth fiction"", ""Chapter Books"", ""Realistic Fiction"", ""Middle Grade"", ""Juvenile"", ""Chapter Books & Readers""]"
9780140900835__genre__Fiction,9780140900835,Cold Blood (Fantail),Genre,Fiction,1,"[""qwen_groq""]","[""gpt_oss_groq"", ""gpt_oss_20b""]","[""Horror & ghost stories, chillers"", ""Literature & Fiction"", ""Genre Fiction"", ""Horror""]"
9780140900835__genre__Fiction / Horror,9780140900835,Cold Blood (Fantail),Genre,Fiction / Horror,1,"[""qwen_groq""]","[""gpt_oss_groq"", ""gpt_oss_20b""]","[""Horror & ghost stories, chillers"", ""Literature & Fiction"", ""Genre Fiction"", ""Horror""]"
9780140900835__genre__Fiction / Horror / Supernatural Horror / Ghost Story,9780140900835,Cold Blood (Fantail),Genre,Fiction / Horror / Supernatural Horror / Ghost Story,2,"[""gpt_oss_groq"", ""gpt_oss_20b""]","[""qwen_groq""]","[""Horror & ghost stories, chillers"", ""Literature & Fiction"", ""Genre Fiction"", ""Horror""]"
9780151309863__genre__Nonfiction / Biography,9780151309863,Final Gig,Genre,Nonfiction / Biography,2,"[""gpt_oss_groq"", ""gpt_oss_20b""]","[""qwen_groq""]","[""Biography"", ""Motion picture actors and actresses"", ""Young, Gig, 1913-1978"", ""Nonfiction"", ""Film""]"
9780151309863__genre__Nonfiction / Biography / Biography / Artistic Biography,9780151309863,Final Gig,Genre,Nonfiction / Biography / Biography / Artistic Biography,1,"[""qwen_groq""]","[""gpt_oss_groq"", ""gpt_oss_20b""]","[""Biography"", ""Motion picture actors and actresses"", ""Young, Gig, 1913-1978"", ""Nonfiction"", ""Film""]"
9780151913206__genre__Fiction,9780151913206,The truth about dragons,Genre,Fiction,1,"[""qwen_groq""]","[""gpt_oss_groq"", ""gpt_oss_20b""]","[""Dragons"", ""Fiction"", ""Fantasy""]"
9780155161023__metadata__Thematic_Metadata / Relationship_and_Social_Themes / Social_Issues,9780155161023,Criminal justice,Metadata,Thematic_Metadata / Relationship_and_Social_Themes / Social_Issues,1,"[""gpt_oss_20b""]","[""qwen_groq"", ""gpt_oss_groq""]","[""Administration of Criminal justice"", ""Criminal justice, administration of"", ""Textbooks"", ""Politics & Social Sciences"", ""Social Sciences"", ""Criminology""]"
9780155161023__metadata__Thematic_Metadata / Relationship_and_Social_Themes / Social_Issues / Social Justice,9780155161023,Criminal justice,Metadata,Thematic_Metadata / Relationship_and_Social_Themes / Social_Issues / Social Justice,1,"[""qwen_groq""]","[""gpt_oss_groq"", ""gpt_oss_20b""]","[""Administration of Criminal justice"", ""Criminal justice, administration of"", ""Textbooks"", ""Politics & Social Sciences"", ""Social Sciences"", ""Criminology""]"
9780192829542__genre__Nonfiction / Business and Economics / Economics / Political Economy,9780192829542,The Communist manifesto,Genre,Nonfiction / Business and Economics / Economics / Political Economy,2,"[""qwen_groq"", ""gpt_oss_groq""]","[""gpt_oss_20b""]","[""Communism"", ""Sources"", ""Capitalism"", ""Socialism"", ""Social conflict"", ""Marxism"", ""History"", ""Long Now Manual for Civilization"", ""Social justice"", ""Prolétariat"", ""Nonfiction"", ""Politics"", ""Classic Literature"", ""Social contract"", ""Political science"", ""Economics"", ""Capital"", ""Philosophy and ethics"", ""Communisme"", ""Socialisme"", ""Communism."", ""Marxisme"", ""Histoire"", ""Mouvement ouvrier"", ""Marx, karl, 1818-1883"", ""Communism, germany"", ""France, history, february revolution, 1848"", ""Politics and Social Sciences"", ""Ideologies and Doctrines"", ""Communism and Socialism"", ""Politics and government"", ""Biography"", ""Engels, friedrich, 1820-1895"", ""Political and diplomatic history"", ""Political parties"", ""Socialism. Communism. Anarchism"", ""Political Ideologies"", ""Communism & Socialism"", ""Communistisch manifest (Marx)"", ""Manifest der Kommunistischen Partei (Marx, Karl)"", ""Literary collections"", ""Hx39.5.a523 m364 2011"", ""335.4/22"", ""General"", ""Hx276 .m3 1948a"", ""World history"", ""Communist parties"", ""Communism, history"", ""Congresses"", ""Comunismo"", ""Socialismo"", ""Capitalismo"", ""Filosofía marxista"", ""Philosophy"", ""Classics"", ""Sociology""]"
9780192829542__genre__Nonfiction / History / Social and Cultural History / Political History,9780192829542,The Communist manifesto,Genre,Nonfiction / History / Social and Cultural History / Political History,1,"[""qwen_groq""]","[""gpt_oss_groq"", ""gpt_oss_20b""]","[""Communism"", ""Sources"", ""Capitalism"", ""Socialism"", ""Social conflict"", ""Marxism"", ""History"", ""Long Now Manual for Civilization"", ""Social justice"", ""Prolétariat"", ""Nonfiction"", ""Politics"", ""Classic Literature"", ""Social contract"", ""Political science"", ""Economics"", ""Capital"", ""Philosophy and ethics"", ""Communisme"", ""Socialisme"", ""Communism."", ""Marxisme"", ""Histoire"", ""Mouvement ouvrier"", ""Marx, karl, 1818-1883"", ""Communism, germany"", ""France, history, february revolution, 1848"", ""Politics and Social Sciences"", ""Ideologies and Doctrines"", ""Communism and Socialism"", ""Politics and government"", ""Biography"", ""Engels, friedrich, 1820-1895"", ""Political and diplomatic history"", ""Political parties"", ""Socialism. Communism. Anarchism"", ""Political Ideologies"", ""Communism & Socialism"", ""Communistisch manifest (Marx)"", ""Manifest der Kommunistischen Partei (Marx, Karl)"", ""Literary collections"", ""Hx39.5.a523 m364 2011"", ""335.4/22"", ""General"", ""Hx276 .m3 1948a"", ""World history"", ""Communist parties"", ""Communism, history"", ""Congresses"", ""Comunismo"", ""Socialismo"", ""Capitalismo"", ""Filosofía marxista"", ""Philosophy"", ""Classics"", ""Sociology""]"
9780192829542__genre__Nonfiction / Politics and Law / Politics,9780192829542,The Communist manifesto,Genre,Nonfiction / Politics and Law / Politics,1,"[""gpt_oss_20b""]","[""qwen_groq"", ""gpt_oss_groq""]","[""Communism"", ""Sources"", ""Capitalism"", ""Socialism"", ""Social conflict"", ""Marxism"", ""History"", ""Long Now Manual for Civilization"", ""Social justice"", ""Prolétariat"", ""Nonfiction"", ""Politics"", ""Classic Literature"", ""Social contract"", ""Political science"", ""Economics"", ""Capital"", ""Philosophy and ethics"", ""Communisme"", ""Socialisme"", ""Communism."", ""Marxisme"", ""Histoire"", ""Mouvement ouvrier"", ""Marx, karl, 1818-1883"", ""Communism, germany"", ""France, history, february revolution, 1848"", ""Politics and Social Sciences"", ""Ideologies and Doctrines"", ""Communism and Socialism"", ""Politics and government"", ""Biography"", ""Engels, friedrich, 1820-1895"", ""Political and diplomatic history"", ""Political parties"", ""Socialism. Communism. Anarchism"", ""Political Ideologies"", ""Communism & Socialism"", ""Communistisch manifest (Marx)"", ""Manifest der Kommunistischen Partei (Marx, Karl)"", ""Literary collections"", ""Hx39.5.a523 m364 2011"", ""335.4/22"", ""General"", ""Hx276 .m3 1948a"", ""World history"", ""Communist parties"", ""Communism, history"", ""Congresses"", ""Comunismo"", ""Socialismo"", ""Capitalismo"", ""Filosofía marxista"", ""Philosophy"", ""Classics"", ""Sociology""]"
9780192829542__genre__Nonfiction / Politics and Law / Politics / Political Theory,9780192829542,The Communist manifesto,Genre,Nonfiction / Politics and Law / Politics / Political Theory,2,"[""qwen_groq"", ""gpt_oss_groq""]","[""gpt_oss_20b""]","[""Communism"", ""Sources"", ""Capitalism"", ""Socialism"", ""Social conflict"", ""Marxism"", ""History"", ""Long Now Manual for Civilization"", ""Social justice"", ""Prolétariat"", ""Nonfiction"", ""Politics"", ""Classic Literature"", ""Social contract"", ""Political science"", ""Economics"", ""Capital"", ""Philosophy and ethics"", ""Communisme"", ""Socialisme"", ""Communism."", ""Marxisme"", ""Histoire"", ""Mouvement ouvrier"", ""Marx, karl, 1818-1883"", ""Communism, germany"", ""France, history, february revolution, 1848"", ""Politics and Social Sciences"", ""Ideologies and Doctrines"", ""Communism and Socialism"", ""Politics and government"", ""Biography"", ""Engels, friedrich, 1820-1895"", ""Political and diplomatic history"", ""Political parties"", ""Socialism. Communism. Anarchism"", ""Political Ideologies"", ""Communism & Socialism"", ""Communistisch manifest (Marx)"", ""Manifest der Kommunistischen Partei (Marx, Karl)"", ""Literary collections"", ""Hx39.5.a523 m364 2011"", ""335.4/22"", ""General"", ""Hx276 .m3 1948a"", ""World history"", ""Communist parties"", ""Communism, history"", ""Congresses"", ""Comunismo"", ""Socialismo"", ""Capitalismo"", ""Filosofía marxista"", ""Philosophy"", ""Classics"", ""Sociology""]"
9780192829542__metadata__Thematic_Metadata / Conflict_and_Event_Themes / War_and_Conflict / Political Unrest,9780192829542,The Communist manifesto,Metadata,Thematic_Metadata / Conflict_and_Event_Themes / War_and_Conflict / Political Unrest,2,"[""qwen_groq"", ""gpt_oss_groq""]","[""gpt_oss_20b""]","[""Communism"", ""Sources"", ""Capitalism"", ""Socialism"", ""Social conflict"", ""Marxism"", ""History"", ""Long Now Manual for Civilization"", ""Social justice"", ""Prolétariat"", ""Nonfiction"", ""Politics"", ""Classic Literature"", ""Social contract"", ""Political science"", ""Economics"", ""Capital"", ""Philosophy and ethics"", ""Communisme"", ""Socialisme"", ""Communism."", ""Marxisme"", ""Histoire"", ""Mouvement ouvrier"", ""Marx, karl, 1818-1883"", ""Communism, germany"", ""France, history, february revolution, 1848"", ""Politics and Social Sciences"", ""Ideologies and Doctrines"", ""Communism and Socialism"", ""Politics and government"", ""Biography"", ""Engels, friedrich, 1820-1895"", ""Political and diplomatic history"", ""Political parties"", ""Socialism. Communism. Anarchism"", ""Political Ideologies"", ""Communism & Socialism"", ""Communistisch manifest (Marx)"", ""Manifest der Kommunistischen Partei (Marx, Karl)"", ""Literary collections"", ""Hx39.5.a523 m364 2011"", ""335.4/22"", ""General"", ""Hx276 .m3 1948a"", ""World history"", ""Communist parties"", ""Communism, history"", ""Congresses"", ""Comunismo"", ""Socialismo"", ""Capitalismo"", ""Filosofía marxista"", ""Philosophy"", ""Classics"", ""Sociology""]"
9780192829542__metadata__Thematic_Metadata / Knowledge_and_Idea_Themes / Ethics_and_Philosophy,9780192829542,The Communist manifesto,Metadata,Thematic_Metadata / Knowledge_and_Idea_Themes / Ethics_and_Philosophy,2,"[""gpt_oss_groq"", ""gpt_oss_20b""]","[""qwen_groq""]","[""Communism"", ""Sources"", ""Capitalism"", ""Socialism"", ""Social conflict"", ""Marxism"", ""History"", ""Long Now Manual for Civilization"", ""Social justice"", ""Prolétariat"", ""Nonfiction"", ""Politics"", ""Classic Literature"", ""Social contract"", ""Political science"", ""Economics"", ""Capital"", ""Philosophy and ethics"", ""Communisme"", ""Socialisme"", ""Communism."", ""Marxisme"", ""Histoire"", ""Mouvement ouvrier"", ""Marx, karl, 1818-1883"", ""Communism, germany"", ""France, history, february revolution, 1848"", ""Politics and Social Sciences"", ""Ideologies and Doctrines"", ""Communism and Socialism"", ""Politics and government"", ""Biography"", ""Engels, friedrich, 1820-1895"", ""Political and diplomatic history"", ""Political parties"", ""Socialism. Communism. Anarchism"", ""Political Ideologies"", ""Communism & Socialism"", ""Communistisch manifest (Marx)"", ""Manifest der Kommunistischen Partei (Marx, Karl)"", ""Literary collections"", ""Hx39.5.a523 m364 2011"", ""335.4/22"", ""General"", ""Hx276 .m3 1948a"", ""World history"", ""Communist parties"", ""Communism, history"", ""Congresses"", ""Comunismo"", ""Socialismo"", ""Capitalismo"", ""Filosofía marxista"", ""Philosophy"", ""Classics"", ""Sociology""]"
9780195016161__genre__Nonfiction,9780195016161,Victorian Prose and Poetry,Genre,Nonfiction,1,"[""qwen_groq""]","[""gpt_oss_groq"", ""gpt_oss_20b""]","[""English poetry (collections), 19th century"", ""English prose literature"", ""English poetry"", ""English literature"", ""Anthologies"", ""Poetry"", ""Nonfiction"", ""Literature"", ""19th Century"", ""Reference"", ""Classics"", ""History & Criticism"", ""British & Irish""]"
9780195016161__metadata__Book_Format_and_Form / Textual_Form / Reference_Form,9780195016161,Victorian Prose and Poetry,Metadata,Book_Format_and_Form / Textual_Form / Reference_Form,2,"[""qwen_groq"", ""gpt_oss_20b""]","[""gpt_oss_groq""]","[""English poetry (collections), 19th century"", ""English prose literature"", ""English poetry"", ""English literature"", ""Anthologies"", ""Poetry"", ""Nonfiction"", ""Literature"", ""19th Century"", ""Reference"", ""Classics"", ""History & Criticism"", ""British & Irish""]"
9780297817734__genre__Nonfiction,9780297817734,"To hell with Picasso, and other essays",Genre,Nonfiction,1,"[""qwen_groq""]","[""gpt_oss_groq"", ""gpt_oss_20b""]","[""Miscellanea"", ""History"", ""Essays (single author)"", ""Nonfiction"", ""Essays"", ""Arts & Literature""]"
9780297817734__genre__Nonfiction / History,9780297817734,"To hell with Picasso, and other essays",Genre,Nonfiction / History,2,"[""gpt_oss_groq"", ""gpt_oss_20b""]","[""qwen_groq""]","[""Miscellanea"", ""History"", ""Essays (single author)"", ""Nonfiction"", ""Essays"", ""Arts & Literature""]"
9780300036558__genre__Nonfiction,9780300036558,French in action,Genre,Nonfiction,1,"[""qwen_groq""]","[""gpt_oss_groq"", ""gpt_oss_20b""]","[""Conversation and phrase books"", ""French language"", ""Textbooks for foreign speakers"", ""French language, textbooks for foreign speakers"", ""French language, conversation and phrase books"", ""Français (Langue)"", ""Manuels pour anglophones"", ""Spoken French"", ""Self-instruction"", ""Study and teaching"", ""Foreign language study"", ""Language study"", ""French"", ""French language -- Textbooks for foreign speakers -- English."", ""French language -- Conversation and phrase books."", ""Reference"", ""Nonfiction""]"
9780300036558__genre__Nonfiction / Language and Linguistics / Language,9780300036558,French in action,Genre,Nonfiction / Language and Linguistics / Language,2,"[""gpt_oss_groq"", ""gpt_oss_20b""]","[""qwen_groq""]","[""Conversation and phrase books"", ""French language"", ""Textbooks for foreign speakers"", ""French language, textbooks for foreign speakers"", ""French language, conversation and phrase books"", ""Français (Langue)"", ""Manuels pour anglophones"", ""Spoken French"", ""Self-instruction"", ""Study and teaching"", ""Foreign language study"", ""Language study"", ""French"", ""French language -- Textbooks for foreign speakers -- English."", ""French language -- Conversation and phrase books."", ""Reference"", ""Nonfiction""]"
9780300036558__genre__Nonfiction / Language and Linguistics / Language / Language Studies,9780300036558,French in action,Genre,Nonfiction / Language and Linguistics / Language / Language Studies,1,"[""qwen_groq""]","[""gpt_oss_groq"", ""gpt_oss_20b""]","[""Conversation and phrase books"", ""French language"", ""Textbooks for foreign speakers"", ""French language, textbooks for foreign speakers"", ""French language, conversation and phrase books"", ""Français (Langue)"", ""Manuels pour anglophones"", ""Spoken French"", ""Self-instruction"", ""Study and teaching"", ""Foreign language study"", ""Language study"", ""French"", ""French language -- Textbooks for foreign speakers -- English."", ""French language -- Conversation and phrase books."", ""Reference"", ""Nonfiction""]"
9780300036558__metadata__Geographical_Context / Country_or_National_Context / Country_Based_Context / French Context,9780300036558,French in action,Metadata,Geographical_Context / Country_or_National_Context / Country_Based_Context / French Context,1,"[""gpt_oss_20b""]","[""qwen_groq"", ""gpt_oss_groq""]","[""Conversation and phrase books"", ""French language"", ""Textbooks for foreign speakers"", ""French language, textbooks for foreign speakers"", ""French language, conversation and phrase books"", ""Français (Langue)"", ""Manuels pour anglophones"", ""Spoken French"", ""Self-instruction"", ""Study and teaching"", ""Foreign language study"", ""Language study"", ""French"", ""French language -- Textbooks for foreign speakers -- English."", ""French language -- Conversation and phrase books."", ""Reference"", ""Nonfiction""]"
9780304297252__metadata__Temporal_Context / Historical_Period,9780304297252,Mistress of darkness,Metadata,Temporal_Context / Historical_Period,2,"[""qwen_groq"", ""gpt_oss_20b""]","[""gpt_oss_groq""]","[""Fiction"", ""Historical Fiction"", ""Plantation life"", ""Caribbean Area -- Fiction."", ""Historical""]"
9780307247087__genre__Fiction / Horror,9780307247087,No Answer,Genre,Fiction / Horror,1,"[""qwen_groq""]","[""gpt_oss_groq"", ""gpt_oss_20b""]","[""Horror & ghost stories, chillers"", ""Horror & Ghost Stories"", ""Horror stories"", ""Horror"", ""Young Adult"", ""Teen"", ""Thriller"", ""Horror Thriller"", ""Sisters"", ""Telephone"", ""Mystery""]"
9780307249036__genre__Fiction / Horror,9780307249036,Caution: Aliens at Work,Genre,Fiction / Horror,1,"[""qwen_groq""]","[""gpt_oss_groq"", ""gpt_oss_20b""]","[""Juvenile Fiction"", ""Children's 9-12 - Fiction - Horror"", ""Children: Grades 4-6"", ""Horror & ghost stories, chillers"", ""Horror & Ghost Stories"", ""Extraterrestrial beings"", ""Fiction"", ""Science fiction"", ""Supernatural"", ""Horror"", ""Young Adult"", ""Childrens"", ""Children's Books"", ""Science Fiction & Fantasy""]"
9780307249036__genre__Fiction / Horror / Supernatural Horror / Ghost Story,9780307249036,Caution: Aliens at Work,Genre,Fiction / Horror / Supernatural Horror / Ghost Story,2,"[""gpt_oss_groq"", ""gpt_oss_20b""]","[""qwen_groq""]","[""Juvenile Fiction"", ""Children's 9-12 - Fiction - Horror"", ""Children: Grades 4-6"", ""Horror & ghost stories, chillers"", ""Horror & Ghost Stories"", ""Extraterrestrial beings"", ""Fiction"", ""Science fiction"", ""Supernatural"", ""Horror"", ""Young Adult"", ""Childrens"", ""Children's Books"", ""Science Fiction & Fantasy""]"
9780307249036__metadata__Audience / Age_Group / Young_Adult / Young Adult Audience,9780307249036,Caution: Aliens at Work,Metadata,Audience / Age_Group / Young_Adult / Young Adult Audience,1,"[""qwen_groq""]","[""gpt_oss_groq"", ""gpt_oss_20b""]","[""Juvenile Fiction"", ""Children's 9-12 - Fiction - Horror"", ""Children: Grades 4-6"", ""Horror & ghost stories, chillers"", ""Horror & Ghost Stories"", ""Extraterrestrial beings"", ""Fiction"", ""Science fiction"", ""Supernatural"", ""Horror"", ""Young Adult"", ""Childrens"", ""Children's Books"", ""Science Fiction & Fantasy""]"
9780307988133__metadata__Audience / Educational_Stage,9780307988133,The School Play,Metadata,Audience / Educational_Stage,2,"[""qwen_groq"", ""gpt_oss_20b""]","[""gpt_oss_groq""]","[""Fiction"", ""Schools"", ""Theater"", ""Stage fright"", ""Children's fiction"", ""Children's literature"", ""Juvenile fiction"", ""Juvenile Fiction / General"", ""Picture Books""]"
9780312118112__genre__Fiction / Mystery / Detective Mystery,9780312118112,An easy day for a lady,Genre,Fiction / Mystery / Detective Mystery,1,"[""gpt_oss_20b""]","[""qwen_groq"", ""gpt_oss_groq""]","[""Fiction"", ""Nell Bray (Fictitious character)"", ""Suffragists"", ""Women detectives"", ""England, fiction"", ""Fiction, historical, general"", ""Fiction, mystery & detective, women sleuths"", ""Women detectives -- England -- Fiction"", ""Suffragists -- Fiction"", ""England -- Fiction"", ""Literature & Fiction""]"
9780312118112__genre__Fiction / Mystery / Detective Mystery / Amateur Detective Mystery,9780312118112,An easy day for a lady,Genre,Fiction / Mystery / Detective Mystery / Amateur Detective Mystery,2,"[""qwen_groq"", ""gpt_oss_groq""]","[""gpt_oss_20b""]","[""Fiction"", ""Nell Bray (Fictitious character)"", ""Suffragists"", ""Women detectives"", ""England, fiction"", ""Fiction, historical, general"", ""Fiction, mystery & detective, women sleuths"", ""Women detectives -- England -- Fiction"", ""Suffragists -- Fiction"", ""England -- Fiction"", ""Literature & Fiction""]"
9780312125394__genre__Fiction / Crime Fiction,9780312125394,The cavalier in white,Genre,Fiction / Crime Fiction,1,"[""qwen_groq""]","[""gpt_oss_groq"", ""gpt_oss_20b""]","[""Fiction"", ""Mystery"", ""Crime"", ""Mystery, Thriller & Suspense"", ""Women Sleuths"", ""San francisco (calif.), fiction"", ""California, fiction""]"
9780312125394__genre__Fiction / Crime Fiction / General Crime Fiction,9780312125394,The cavalier in white,Genre,Fiction / Crime Fiction / General Crime Fiction,1,"[""gpt_oss_groq""]","[""qwen_groq"", ""gpt_oss_20b""]","[""Fiction"", ""Mystery"", ""Crime"", ""Mystery, Thriller & Suspense"", ""Women Sleuths"", ""San francisco (calif.), fiction"", ""California, fiction""]"
9780312125394__genre__Fiction / Crime Fiction / General Crime Fiction / Crime Fiction,9780312125394,The cavalier in white,Genre,Fiction / Crime Fiction / General Crime Fiction / Crime Fiction,1,"[""gpt_oss_20b""]","[""qwen_groq"", ""gpt_oss_groq""]","[""Fiction"", ""Mystery"", ""Crime"", ""Mystery, Thriller & Suspense"", ""Women Sleuths"", ""San francisco (calif.), fiction"", ""California, fiction""]"
9780312125394__genre__Fiction / Mystery,9780312125394,The cavalier in white,Genre,Fiction / Mystery,2,"[""qwen_groq"", ""gpt_oss_groq""]","[""gpt_oss_20b""]","[""Fiction"", ""Mystery"", ""Crime"", ""Mystery, Thriller & Suspense"", ""Women Sleuths"", ""San francisco (calif.), fiction"", ""California, fiction""]"
9780312125394__genre__Fiction / Mystery / Detective Mystery,9780312125394,The cavalier in white,Genre,Fiction / Mystery / Detective Mystery,1,"[""gpt_oss_groq""]","[""qwen_groq"", ""gpt_oss_20b""]","[""Fiction"", ""Mystery"", ""Crime"", ""Mystery, Thriller & Suspense"", ""Women Sleuths"", ""San francisco (calif.), fiction"", ""California, fiction""]"
9780312125394__genre__Fiction / Mystery / Detective Mystery / Amateur Detective Mystery,9780312125394,The cavalier in white,Genre,Fiction / Mystery / Detective Mystery / Amateur Detective Mystery,1,"[""gpt_oss_20b""]","[""qwen_groq"", ""gpt_oss_groq""]","[""Fiction"", ""Mystery"", ""Crime"", ""Mystery, Thriller & Suspense"", ""Women Sleuths"", ""San francisco (calif.), fiction"", ""California, fiction""]"
9780312125394__genre__Fiction / Suspense,9780312125394,The cavalier in white,Genre,Fiction / Suspense,1,"[""gpt_oss_groq""]","[""qwen_groq"", ""gpt_oss_20b""]","[""Fiction"", ""Mystery"", ""Crime"", ""Mystery, Thriller & Suspense"", ""Women Sleuths"", ""San francisco (calif.), fiction"", ""California, fiction""]"
9780312125394__genre__Fiction / Thriller,9780312125394,The cavalier in white,Genre,Fiction / Thriller,2,"[""gpt_oss_groq"", ""gpt_oss_20b""]","[""qwen_groq""]","[""Fiction"", ""Mystery"", ""Crime"", ""Mystery, Thriller & Suspense"", ""Women Sleuths"", ""San francisco (calif.), fiction"", ""California, fiction""]"
9780312125394__metadata__Thematic_Metadata / Conflict_and_Event_Themes / Crime_and_Justice / Crime,9780312125394,The cavalier in white,Metadata,Thematic_Metadata / Conflict_and_Event_Themes / Crime_and_Justice / Crime,2,"[""qwen_groq"", ""gpt_oss_20b""]","[""gpt_oss_groq""]","[""Fiction"", ""Mystery"", ""Crime"", ""Mystery, Thriller & Suspense"", ""Women Sleuths"", ""San francisco (calif.), fiction"", ""California, fiction""]"
9780312139223__genre__Fiction,9780312139223,An Arcadian death,Genre,Fiction,1,"[""qwen_groq""]","[""gpt_oss_groq"", ""gpt_oss_20b""]","[""Fiction"", ""Mystery"", ""Police"", ""Fiction, mystery & detective, police procedural"", ""Spain, fiction"", ""Majorca (Spain) -- Fiction."", ""Police -- Spain -- Majorca -- Fiction.""]"
9780312139223__genre__Fiction / Mystery,9780312139223,An Arcadian death,Genre,Fiction / Mystery,1,"[""qwen_groq""]","[""gpt_oss_groq"", ""gpt_oss_20b""]","[""Fiction"", ""Mystery"", ""Police"", ""Fiction, mystery & detective, police procedural"", ""Spain, fiction"", ""Majorca (Spain) -- Fiction."", ""Police -- Spain -- Majorca -- Fiction.""]"
9780312209087__genre__Fiction,9780312209087,Sea trials,Genre,Fiction,2,"[""qwen_groq"", ""gpt_oss_20b""]","[""gpt_oss_groq""]","[""Fiction"", ""Submarines (Ships) -- Fiction."", ""Atlantic Ocean -- Fiction."", ""Mystery, Thriller & Suspense"", ""Thrillers & Suspense""]"
9780312209087__genre__Fiction / Mystery,9780312209087,Sea trials,Genre,Fiction / Mystery,2,"[""gpt_oss_groq"", ""gpt_oss_20b""]","[""qwen_groq""]","[""Fiction"", ""Submarines (Ships) -- Fiction."", ""Atlantic Ocean -- Fiction."", ""Mystery, Thriller & Suspense"", ""Thrillers & Suspense""]"
9780312209087__genre__Fiction / Suspense,9780312209087,Sea trials,Genre,Fiction / Suspense,2,"[""gpt_oss_groq"", ""gpt_oss_20b""]","[""qwen_groq""]","[""Fiction"", ""Submarines (Ships) -- Fiction."", ""Atlantic Ocean -- Fiction."", ""Mystery, Thriller & Suspense"", ""Thrillers & Suspense""]"
9780312254735__genre__Fiction / Science Fiction / General Science Fiction / Science Fiction,9780312254735,"White Mars, or, The mind set free",Genre,Fiction / Science Fiction / General Science Fiction / Science Fiction,1,"[""qwen_groq""]","[""gpt_oss_groq"", ""gpt_oss_20b""]","[""Utopias"", ""Colonization"", ""Science fiction"", ""Twenty-first century"", ""Fiction"", ""Utopias -- Fiction"", ""Mars (Planet) -- Fiction"", ""Near Future"", ""Space"", ""Planets"", ""Science Fiction & Fantasy""]"
9780312254735__metadata__Temporal_Context / Historical_Period / Future,9780312254735,"White Mars, or, The mind set free",Metadata,Temporal_Context / Historical_Period / Future,1,"[""gpt_oss_groq""]","[""qwen_groq"", ""gpt_oss_20b""]","[""Utopias"", ""Colonization"", ""Science fiction"", ""Twenty-first century"", ""Fiction"", ""Utopias -- Fiction"", ""Mars (Planet) -- Fiction"", ""Near Future"", ""Space"", ""Planets"", ""Science Fiction & Fantasy""]"
9780312254735__metadata__Temporal_Context / Historical_Period / Future / Near Future,9780312254735,"White Mars, or, The mind set free",Metadata,Temporal_Context / Historical_Period / Future / Near Future,2,"[""qwen_groq"", ""gpt_oss_20b""]","[""gpt_oss_groq""]","[""Utopias"", ""Colonization"", ""Science fiction"", ""Twenty-first century"", ""Fiction"", ""Utopias -- Fiction"", ""Mars (Planet) -- Fiction"", ""Near Future"", ""Space"", ""Planets"", ""Science Fiction & Fantasy""]"
9780312254735__metadata__Thematic_Metadata / Knowledge_and_Idea_Themes / Science_and_Technology,9780312254735,"White Mars, or, The mind set free",Metadata,Thematic_Metadata / Knowledge_and_Idea_Themes / Science_and_Technology,1,"[""gpt_oss_20b""]","[""qwen_groq"", ""gpt_oss_groq""]","[""Utopias"", ""Colonization"", ""Science fiction"", ""Twenty-first century"", ""Fiction"", ""Utopias -- Fiction"", ""Mars (Planet) -- Fiction"", ""Near Future"", ""Space"", ""Planets"", ""Science Fiction & Fantasy""]"
9780312392482__genre__Fiction,9780312392482,Hôtel Transylvania,Genre,Fiction,1,"[""qwen_groq""]","[""gpt_oss_groq"", ""gpt_oss_20b""]","[""Fiction"", ""Vampires"", ""Vampires, fiction"", ""Fiction, horror"", ""Saint-Germain, comte de, d. 1784 -- Fiction."", ""Vampires -- Fiction."", ""Horror"", ""Fantasy"", ""Paranormal"", ""Science Fiction & Fantasy""]"
9780312392482__genre__Fiction / Fantasy,9780312392482,Hôtel Transylvania,Genre,Fiction / Fantasy,2,"[""qwen_groq"", ""gpt_oss_groq""]","[""gpt_oss_20b""]","[""Fiction"", ""Vampires"", ""Vampires, fiction"", ""Fiction, horror"", ""Saint-Germain, comte de, d. 1784 -- Fiction."", ""Vampires -- Fiction."", ""Horror"", ""Fantasy"", ""Paranormal"", ""Science Fiction & Fantasy""]"
9780312392482__genre__Fiction / Horror,9780312392482,Hôtel Transylvania,Genre,Fiction / Horror,1,"[""qwen_groq""]","[""gpt_oss_groq"", ""gpt_oss_20b""]","[""Fiction"", ""Vampires"", ""Vampires, fiction"", ""Fiction, horror"", ""Saint-Germain, comte de, d. 1784 -- Fiction."", ""Vampires -- Fiction."", ""Horror"", ""Fantasy"", ""Paranormal"", ""Science Fiction & Fantasy""]"
9780312392482__genre__Fiction / Horror / Supernatural Horror,9780312392482,Hôtel Transylvania,Genre,Fiction / Horror / Supernatural Horror,1,"[""gpt_oss_20b""]","[""qwen_groq"", ""gpt_oss_groq""]","[""Fiction"", ""Vampires"", ""Vampires, fiction"", ""Fiction, horror"", ""Saint-Germain, comte de, d. 1784 -- Fiction."", ""Vampires -- Fiction."", ""Horror"", ""Fantasy"", ""Paranormal"", ""Science Fiction & Fantasy""]"
9780312392482__genre__Fiction / Horror / Supernatural Horror / Paranormal Horror,9780312392482,Hôtel Transylvania,Genre,Fiction / Horror / Supernatural Horror / Paranormal Horror,2,"[""qwen_groq"", ""gpt_oss_groq""]","[""gpt_oss_20b""]","[""Fiction"", ""Vampires"", ""Vampires, fiction"", ""Fiction, horror"", ""Saint-Germain, comte de, d. 1784 -- Fiction."", ""Vampires -- Fiction."", ""Horror"", ""Fantasy"", ""Paranormal"", ""Science Fiction & Fantasy""]"
9780312395643__genre__Nonfiction / Medicine and Health / Health and Wellness,9780312395643,Weight Without Losing Your Looks--Or Health,Genre,Nonfiction / Medicine and Health / Health and Wellness,2,"[""qwen_groq"", ""gpt_oss_groq""]","[""gpt_oss_20b""]","[""Health and hygiene"", ""Women"", ""Weight loss"", ""Physiological aspects""]"
9780312395643__genre__Nonfiction / Medicine and Health / Health and Wellness / Health,9780312395643,Weight Without Losing Your Looks--Or Health,Genre,Nonfiction / Medicine and Health / Health and Wellness / Health,1,"[""gpt_oss_20b""]","[""qwen_groq"", ""gpt_oss_groq""]","[""Health and hygiene"", ""Women"", ""Weight loss"", ""Physiological aspects""]"
9780312441449__genre__Fiction,9780312441449,"Jeeves, a gentleman's personal gentleman",Genre,Fiction,1,"[""qwen_groq""]","[""gpt_oss_groq"", ""gpt_oss_20b""]","[""Bertie Wooster (Fictitious character)"", ""Fiction"", ""Jeeves (Fictitious character)"", ""Humor"", ""Literature & Fiction"", ""England, fiction"", ""Jeeves (Fictitious character) -- Fiction"", ""Wooster, Bertie (Fictitious character) -- Fiction""]"
9780312531829__genre__Fiction / Science Fiction,9780312531829,Midas world,Genre,Fiction / Science Fiction,2,"[""qwen_groq"", ""gpt_oss_groq""]","[""gpt_oss_20b""]","[""Fiction, general"", ""Science Fiction""]"
9780312531829__genre__Fiction / Science Fiction / General Science Fiction / Science Fiction,9780312531829,Midas world,Genre,Fiction / Science Fiction / General Science Fiction / Science Fiction,1,"[""gpt_oss_20b""]","[""qwen_groq"", ""gpt_oss_groq""]","[""Fiction, general"", ""Science Fiction""]"
9780312531829__metadata__Thematic_Metadata / Knowledge_and_Idea_Themes / Science_and_Technology,9780312531829,Midas world,Metadata,Thematic_Metadata / Knowledge_and_Idea_Themes / Science_and_Technology,1,"[""gpt_oss_20b""]","[""qwen_groq"", ""gpt_oss_groq""]","[""Fiction, general"", ""Science Fiction""]"
9780312549022__metadata__Temporal_Context / Publication_Period / Contemporary_Publication,9780312549022,Moscow requiem,Metadata,Temporal_Context / Publication_Period / Contemporary_Publication,2,"[""gpt_oss_groq"", ""gpt_oss_20b""]","[""qwen_groq""]","[""English literature"", ""Literature & Fiction"", ""Contemporary""]"
9780312836078__genre__Fiction,9780312836078,The Valkyrie Project,Genre,Fiction,2,"[""qwen_groq"", ""gpt_oss_groq""]","[""gpt_oss_20b""]","[""American literature""]"
9780312850036__metadata__Book_Format_and_Form / Narrative_Length / Short,9780312850036,All about women,Metadata,Book_Format_and_Form / Narrative_Length / Short,1,"[""gpt_oss_20b""]","[""qwen_groq"", ""gpt_oss_groq""]","[""Fiction, general"", ""Fiction, short stories (single author)"", ""Contemporary Fiction"", ""Short Stories""]"
9780312850036__metadata__Temporal_Context / Historical_Period / Contemporary,9780312850036,All about women,Metadata,Temporal_Context / Historical_Period / Contemporary,2,"[""gpt_oss_groq"", ""gpt_oss_20b""]","[""qwen_groq""]","[""Fiction, general"", ""Fiction, short stories (single author)"", ""Contemporary Fiction"", ""Short Stories""]"
9780312850036__metadata__Temporal_Context / Publication_Period / Contemporary_Publication,9780312850036,All about women,Metadata,Temporal_Context / Publication_Period / Contemporary_Publication,2,"[""gpt_oss_groq"", ""gpt_oss_20b""]","[""qwen_groq""]","[""Fiction, general"", ""Fiction, short stories (single author)"", ""Contemporary Fiction"", ""Short Stories""]"
9780312860769__genre__Fiction,9780312860769,The pumpkin rollers,Genre,Fiction,1,"[""qwen_groq""]","[""gpt_oss_groq"", ""gpt_oss_20b""]","[""Fiction"", ""Texas, fiction"", ""Fiction, westerns"", ""Cattle drives -- Fiction"", ""Texas -- Fiction"", ""Westerns"", ""Historical Fiction"", ""Genre Fiction""]"
9780312886448__genre__Fiction,9780312886448,Woman wanted,Genre,Fiction,2,"[""qwen_groq"", ""gpt_oss_groq""]","[""gpt_oss_20b""]","[""Fiction"", ""Fiction, general"", ""Literature & Fiction"", ""American Love stories"", ""Triangles (Interpersonal relations)""]"
9780312904463__genre__Nonfiction / Biography,9780312904463,Vicki,Genre,Nonfiction / Biography,1,"[""gpt_oss_20b""]","[""qwen_groq"", ""gpt_oss_groq""]","[""Mistresses"", ""Murder"", ""Biography""]"
9780312904463__genre__Nonfiction / Biography / Biography,9780312904463,Vicki,Genre,Nonfiction / Biography / Biography,1,"[""gpt_oss_groq""]","[""qwen_groq"", ""gpt_oss_20b""]","[""Mistresses"", ""Murder"", ""Biography""]"
9780312904463__genre__Nonfiction / Biography / Biography / Biography,9780312904463,Vicki,Genre,Nonfiction / Biography / Biography / Biography,1,"[""qwen_groq""]","[""gpt_oss_groq"", ""gpt_oss_20b""]","[""Mistresses"", ""Murder"", ""Biography""]"
9780312925475__genre__Fiction / Mystery / Detective Mystery,9780312925475,The mummy case,Genre,Fiction / Mystery / Detective Mystery,1,"[""qwen_groq""]","[""gpt_oss_groq"", ""gpt_oss_20b""]","[""Amelia Peabody (Fictitious character)"", ""Fiction"", ""Women archaeologists"", ""Mystery and detective stories"", ""Mystery"", ""Peabody, amelia (fictitious character), fiction"", ""Egypt, fiction"", ""Fiction, mystery & detective, women sleuths"", ""Fiction, historical, general"", ""Women archaeologists, fiction"", ""Mystery fiction"", ""Women detectives"", ""Excavations (Archaeology)"", ""Fiction, historical"", ""Fiction, mystery & detective, general"", ""Peabody, Amelia (Fictitious character) -- Fiction"", ""Women archaeologists -- Fiction"", ""Egypt -- Fiction"", ""Historical Fiction"", ""Historical"", ""Egypt"", ""Historical Mystery"", ""Victorian""]"
9780312925475__genre__Fiction / Mystery / Detective Mystery / Amateur Detective Mystery,9780312925475,The mummy case,Genre,Fiction / Mystery / Detective Mystery / Amateur Detective Mystery,2,"[""gpt_oss_groq"", ""gpt_oss_20b""]","[""qwen_groq""]","[""Amelia Peabody (Fictitious character)"", ""Fiction"", ""Women archaeologists"", ""Mystery and detective stories"", ""Mystery"", ""Peabody, amelia (fictitious character), fiction"", ""Egypt, fiction"", ""Fiction, mystery & detective, women sleuths"", ""Fiction, historical, general"", ""Women archaeologists, fiction"", ""Mystery fiction"", ""Women detectives"", ""Excavations (Archaeology)"", ""Fiction, historical"", ""Fiction, mystery & detective, general"", ""Peabody, Amelia (Fictitious character) -- Fiction"", ""Women archaeologists -- Fiction"", ""Egypt -- Fiction"", ""Historical Fiction"", ""Historical"", ""Egypt"", ""Historical Mystery"", ""Victorian""]"
9780312925475__metadata__Temporal_Context / Historical_Period,9780312925475,The mummy case,Metadata,Temporal_Context / Historical_Period,1,"[""qwen_groq""]","[""gpt_oss_groq"", ""gpt_oss_20b""]","[""Amelia Peabody (Fictitious character)"", ""Fiction"", ""Women archaeologists"", ""Mystery and detective stories"", ""Mystery"", ""Peabody, amelia (fictitious character), fiction"", ""Egypt, fiction"", ""Fiction, mystery & detective, women sleuths"", ""Fiction, historical, general"", ""Women archaeologists, fiction"", ""Mystery fiction"", ""Women detectives"", ""Excavations (Archaeology)"", ""Fiction, historical"", ""Fiction, mystery & detective, general"", ""Peabody, Amelia (Fictitious character) -- Fiction"", ""Women archaeologists -- Fiction"", ""Egypt -- Fiction"", ""Historical Fiction"", ""Historical"", ""Egypt"", ""Historical Mystery"", ""Victorian""]"
9780312953621__genre__Fiction / Comics and Sequential Fiction / Comics,9780312953621,Star Wreck VII,Genre,Fiction / Comics and Sequential Fiction / Comics,1,"[""gpt_oss_20b""]","[""qwen_groq"", ""gpt_oss_groq""]","[""Fiction, science fiction, general"", ""Comics & Graphic Novels"", ""Fiction - Science Fiction"", ""Humor"", ""Science Fiction - General"", ""Fiction / Science Fiction / General"", ""Parodies, imitations, etc"", ""Science Fiction""]"
9780312953621__genre__Fiction / Comics and Sequential Fiction / Comics / Comics,9780312953621,Star Wreck VII,Genre,Fiction / Comics and Sequential Fiction / Comics / Comics,1,"[""qwen_groq""]","[""gpt_oss_groq"", ""gpt_oss_20b""]","[""Fiction, science fiction, general"", ""Comics & Graphic Novels"", ""Fiction - Science Fiction"", ""Humor"", ""Science Fiction - General"", ""Fiction / Science Fiction / General"", ""Parodies, imitations, etc"", ""Science Fiction""]"
9780312953621__genre__Fiction / Comics and Sequential Fiction / Graphic Fiction / Graphic Narrative,9780312953621,Star Wreck VII,Genre,Fiction / Comics and Sequential Fiction / Graphic Fiction / Graphic Narrative,1,"[""gpt_oss_groq""]","[""qwen_groq"", ""gpt_oss_20b""]","[""Fiction, science fiction, general"", ""Comics & Graphic Novels"", ""Fiction - Science Fiction"", ""Humor"", ""Science Fiction - General"", ""Fiction / Science Fiction / General"", ""Parodies, imitations, etc"", ""Science Fiction""]"
9780312953621__genre__Fiction / Science Fiction / General Science Fiction,9780312953621,Star Wreck VII,Genre,Fiction / Science Fiction / General Science Fiction,1,"[""gpt_oss_20b""]","[""qwen_groq"", ""gpt_oss_groq""]","[""Fiction, science fiction, general"", ""Comics & Graphic Novels"", ""Fiction - Science Fiction"", ""Humor"", ""Science Fiction - General"", ""Fiction / Science Fiction / General"", ""Parodies, imitations, etc"", ""Science Fiction""]"
9780312953621__genre__Fiction / Science Fiction / General Science Fiction / Science Fiction,9780312953621,Star Wreck VII,Genre,Fiction / Science Fiction / General Science Fiction / Science Fiction,2,"[""qwen_groq"", ""gpt_oss_groq""]","[""gpt_oss_20b""]","[""Fiction, science fiction, general"", ""Comics & Graphic Novels"", ""Fiction - Science Fiction"", ""Humor"", ""Science Fiction - General"", ""Fiction / Science Fiction / General"", ""Parodies, imitations, etc"", ""Science Fiction""]"
9780312953621__metadata__Thematic_Metadata / Knowledge_and_Idea_Themes / Science_and_Technology,9780312953621,Star Wreck VII,Metadata,Thematic_Metadata / Knowledge_and_Idea_Themes / Science_and_Technology,2,"[""gpt_oss_groq"", ""gpt_oss_20b""]","[""qwen_groq""]","[""Fiction, science fiction, general"", ""Comics & Graphic Novels"", ""Fiction - Science Fiction"", ""Humor"", ""Science Fiction - General"", ""Fiction / Science Fiction / General"", ""Parodies, imitations, etc"", ""Science Fiction""]"
9780312954475__genre__Fiction,9780312954475,"Blood at Fort Bridger (Forts of Freedom, Vol 4)",Genre,Fiction,1,"[""qwen_groq""]","[""gpt_oss_groq"", ""gpt_oss_20b""]","[""Fiction"", ""History"", ""Shoshoni Indians"", ""Fiction, westerns"", ""Fiction - Western"", ""Westerns"", ""Genre Fiction""]"
9780312956929__genre__Fiction / Mystery / Detective Mystery,9780312956929,The Dead File,Genre,Fiction / Mystery / Detective Mystery,1,"[""qwen_groq""]","[""gpt_oss_groq"", ""gpt_oss_20b""]","[""Fiction, mystery & detective, general"", ""Mystery & Detective - General"", ""Psychological"", ""Fiction - Psychological Suspense"", ""Mystery fiction"", ""Fiction"", ""Mystery, Thriller & Suspense"", ""Mystery"", ""Police Procedurals""]"
9780312956929__metadata__Character_and_Representation_Metadata / Protagonist_Profile / Role_Profile / Detective,9780312956929,The Dead File,Metadata,Character_and_Representation_Metadata / Protagonist_Profile / Role_Profile / Detective,2,"[""qwen_groq"", ""gpt_oss_groq""]","[""gpt_oss_20b""]","[""Fiction, mystery & detective, general"", ""Mystery & Detective - General"", ""Psychological"", ""Fiction - Psychological Suspense"", ""Mystery fiction"", ""Fiction"", ""Mystery, Thriller & Suspense"", ""Mystery"", ""Police Procedurals""]"
9780312956929__metadata__Content_Suitability_Metadata / Content_Intensity / High_Intensity / Severe Psychological Distress,9780312956929,The Dead File,Metadata,Content_Suitability_Metadata / Content_Intensity / High_Intensity / Severe Psychological Distress,2,"[""gpt_oss_groq"", ""gpt_oss_20b""]","[""qwen_groq""]","[""Fiction, mystery & detective, general"", ""Mystery & Detective - General"", ""Psychological"", ""Fiction - Psychological Suspense"", ""Mystery fiction"", ""Fiction"", ""Mystery, Thriller & Suspense"", ""Mystery"", ""Police Procedurals""]"
9780312960551__genre__Nonfiction / Arts and Culture / Arts,9780312960551,Antonio Banderas,Genre,Nonfiction / Arts and Culture / Arts,2,"[""qwen_groq"", ""gpt_oss_20b""]","[""gpt_oss_groq""]","[""Biography"", ""Motion picture actors and actresses"", ""Actors, spain"", ""Biography: general"", ""Entertainment & Performing Arts - Actors & Actresses"", ""Acting & Auditioning"", ""Performing Arts"", ""Biography / Autobiography"", ""Biography/Autobiography"", ""Theater""]"
9780312960551__genre__Nonfiction / Biography / Biography,9780312960551,Antonio Banderas,Genre,Nonfiction / Biography / Biography,1,"[""gpt_oss_groq""]","[""qwen_groq"", ""gpt_oss_20b""]","[""Biography"", ""Motion picture actors and actresses"", ""Actors, spain"", ""Biography: general"", ""Entertainment & Performing Arts - Actors & Actresses"", ""Acting & Auditioning"", ""Performing Arts"", ""Biography / Autobiography"", ""Biography/Autobiography"", ""Theater""]"
9780312960551__genre__Nonfiction / Biography / Biography / Artistic Biography,9780312960551,Antonio Banderas,Genre,Nonfiction / Biography / Biography / Artistic Biography,1,"[""gpt_oss_20b""]","[""qwen_groq"", ""gpt_oss_groq""]","[""Biography"", ""Motion picture actors and actresses"", ""Actors, spain"", ""Biography: general"", ""Entertainment & Performing Arts - Actors & Actresses"", ""Acting & Auditioning"", ""Performing Arts"", ""Biography / Autobiography"", ""Biography/Autobiography"", ""Theater""]"
9780312960551__genre__Nonfiction / Biography / Biography / Biography,9780312960551,Antonio Banderas,Genre,Nonfiction / Biography / Biography / Biography,1,"[""qwen_groq""]","[""gpt_oss_groq"", ""gpt_oss_20b""]","[""Biography"", ""Motion picture actors and actresses"", ""Actors, spain"", ""Biography: general"", ""Entertainment & Performing Arts - Actors & Actresses"", ""Acting & Auditioning"", ""Performing Arts"", ""Biography / Autobiography"", ""Biography/Autobiography"", ""Theater""]"
9780312965600__genre__Fiction / Action Fiction / Western Fiction / Frontier Western,9780312965600,"Autumn Thunder (Last Warriors, Bk 1)",Genre,Fiction / Action Fiction / Western Fiction / Frontier Western,2,"[""gpt_oss_groq"", ""gpt_oss_20b""]","[""qwen_groq""]","[""Fiction"", ""Fiction - Historical"", ""Genre Fiction"", ""Westerns"", ""Frontier & Pioneer""]"
9780312965600__genre__Fiction / Historical Fiction,9780312965600,"Autumn Thunder (Last Warriors, Bk 1)",Genre,Fiction / Historical Fiction,1,"[""gpt_oss_groq""]","[""qwen_groq"", ""gpt_oss_20b""]","[""Fiction"", ""Fiction - Historical"", ""Genre Fiction"", ""Westerns"", ""Frontier & Pioneer""]"
9780312965600__genre__Fiction / Historical Fiction / Historical Adventure Fiction / Frontier Fiction,9780312965600,"Autumn Thunder (Last Warriors, Bk 1)",Genre,Fiction / Historical Fiction / Historical Adventure Fiction / Frontier Fiction,2,"[""qwen_groq"", ""gpt_oss_20b""]","[""gpt_oss_groq""]","[""Fiction"", ""Fiction - Historical"", ""Genre Fiction"", ""Westerns"", ""Frontier & Pioneer""]"
9780312968182__genre__Fiction,9780312968182,See No Evil (A Marti MacAlister Mystery),Genre,Fiction,1,"[""qwen_groq""]","[""gpt_oss_groq"", ""gpt_oss_20b""]","[""Fiction, mystery & detective, women sleuths"", ""Policewomen, fiction"", ""Mystery & Detective - Police Procedural"", ""Mystery & Detective - Series"", ""Mystery & Detective - Women Sleuths"", ""Fiction / Mystery & Detective / General"", ""Mystery & Detective - General"", ""Fiction"", ""Fiction - Mystery/ Detective"", ""Mystery/Suspense"", ""Mystery"", ""Crime""]"
9780312968182__genre__Fiction / Crime Fiction / General Crime Fiction / Crime Fiction,9780312968182,See No Evil (A Marti MacAlister Mystery),Genre,Fiction / Crime Fiction / General Crime Fiction / Crime Fiction,1,"[""gpt_oss_20b""]","[""qwen_groq"", ""gpt_oss_groq""]","[""Fiction, mystery & detective, women sleuths"", ""Policewomen, fiction"", ""Mystery & Detective - Police Procedural"", ""Mystery & Detective - Series"", ""Mystery & Detective - Women Sleuths"", ""Fiction / Mystery & Detective / General"", ""Mystery & Detective - General"", ""Fiction"", ""Fiction - Mystery/ Detective"", ""Mystery/Suspense"", ""Mystery"", ""Crime""]"
9780312968182__genre__Fiction / Mystery,9780312968182,See No Evil (A Marti MacAlister Mystery),Genre,Fiction / Mystery,1,"[""qwen_groq""]","[""gpt_oss_groq"", ""gpt_oss_20b""]","[""Fiction, mystery & detective, women sleuths"", ""Policewomen, fiction"", ""Mystery & Detective - Police Procedural"", ""Mystery & Detective - Series"", ""Mystery & Detective - Women Sleuths"", ""Fiction / Mystery & Detective / General"", ""Mystery & Detective - General"", ""Fiction"", ""Fiction - Mystery/ Detective"", ""Mystery/Suspense"", ""Mystery"", ""Crime""]"
9780312968182__genre__Fiction / Mystery / Detective Mystery,9780312968182,See No Evil (A Marti MacAlister Mystery),Genre,Fiction / Mystery / Detective Mystery,1,"[""qwen_groq""]","[""gpt_oss_groq"", ""gpt_oss_20b""]","[""Fiction, mystery & detective, women sleuths"", ""Policewomen, fiction"", ""Mystery & Detective - Police Procedural"", ""Mystery & Detective - Series"", ""Mystery & Detective - Women Sleuths"", ""Fiction / Mystery & Detective / General"", ""Mystery & Detective - General"", ""Fiction"", ""Fiction - Mystery/ Detective"", ""Mystery/Suspense"", ""Mystery"", ""Crime""]"
9780312968182__genre__Fiction / Mystery / Detective Mystery / Police Detective Mystery,9780312968182,See No Evil (A Marti MacAlister Mystery),Genre,Fiction / Mystery / Detective Mystery / Police Detective Mystery,1,"[""qwen_groq""]","[""gpt_oss_groq"", ""gpt_oss_20b""]","[""Fiction, mystery & detective, women sleuths"", ""Policewomen, fiction"", ""Mystery & Detective - Police Procedural"", ""Mystery & Detective - Series"", ""Mystery & Detective - Women Sleuths"", ""Fiction / Mystery & Detective / General"", ""Mystery & Detective - General"", ""Fiction"", ""Fiction - Mystery/ Detective"", ""Mystery/Suspense"", ""Mystery"", ""Crime""]"
9780312968182__genre__Fiction / Suspense,9780312968182,See No Evil (A Marti MacAlister Mystery),Genre,Fiction / Suspense,1,"[""gpt_oss_20b""]","[""qwen_groq"", ""gpt_oss_groq""]","[""Fiction, mystery & detective, women sleuths"", ""Policewomen, fiction"", ""Mystery & Detective - Police Procedural"", ""Mystery & Detective - Series"", ""Mystery & Detective - Women Sleuths"", ""Fiction / Mystery & Detective / General"", ""Mystery & Detective - General"", ""Fiction"", ""Fiction - Mystery/ Detective"", ""Mystery/Suspense"", ""Mystery"", ""Crime""]"
9780312968182__metadata__Book_Format_and_Form / Textual_Form / Serial_Form / Series,9780312968182,See No Evil (A Marti MacAlister Mystery),Metadata,Book_Format_and_Form / Textual_Form / Serial_Form / Series,1,"[""gpt_oss_groq""]","[""qwen_groq"", ""gpt_oss_20b""]","[""Fiction, mystery & detective, women sleuths"", ""Policewomen, fiction"", ""Mystery & Detective - Police Procedural"", ""Mystery & Detective - Series"", ""Mystery & Detective - Women Sleuths"", ""Fiction / Mystery & Detective / General"", ""Mystery & Detective - General"", ""Fiction"", ""Fiction - Mystery/ Detective"", ""Mystery/Suspense"", ""Mystery"", ""Crime""]"
9780312968182__metadata__Thematic_Metadata / Conflict_and_Event_Themes / Crime_and_Justice,9780312968182,See No Evil (A Marti MacAlister Mystery),Metadata,Thematic_Metadata / Conflict_and_Event_Themes / Crime_and_Justice,1,"[""gpt_oss_20b""]","[""qwen_groq"", ""gpt_oss_groq""]","[""Fiction, mystery & detective, women sleuths"", ""Policewomen, fiction"", ""Mystery & Detective - Police Procedural"", ""Mystery & Detective - Series"", ""Mystery & Detective - Women Sleuths"", ""Fiction / Mystery & Detective / General"", ""Mystery & Detective - General"", ""Fiction"", ""Fiction - Mystery/ Detective"", ""Mystery/Suspense"", ""Mystery"", ""Crime""]"
9780312968182__metadata__Thematic_Metadata / Conflict_and_Event_Themes / Crime_and_Justice / Crime,9780312968182,See No Evil (A Marti MacAlister Mystery),Metadata,Thematic_Metadata / Conflict_and_Event_Themes / Crime_and_Justice / Crime,1,"[""gpt_oss_20b""]","[""qwen_groq"", ""gpt_oss_groq""]","[""Fiction, mystery & detective, women sleuths"", ""Policewomen, fiction"", ""Mystery & Detective - Police Procedural"", ""Mystery & Detective - Series"", ""Mystery & Detective - Women Sleuths"", ""Fiction / Mystery & Detective / General"", ""Mystery & Detective - General"", ""Fiction"", ""Fiction - Mystery/ Detective"", ""Mystery/Suspense"", ""Mystery"", ""Crime""]"
9780312970932__genre__Fiction,9780312970932,Indian Territory,Genre,Fiction,1,"[""gpt_oss_20b""]","[""qwen_groq"", ""gpt_oss_groq""]","[""Railroad stories"", ""Fiction"", ""Fiction, historical"", ""Westerns"", ""Westerns - General"", ""Fiction - Western"", ""Historical""]"
9780316092814__genre__Nonfiction / History / General History / Contemporary History,9780316092814,At the highest levels,Genre,Nonfiction / History / General History / Contemporary History,1,"[""qwen_groq""]","[""gpt_oss_groq"", ""gpt_oss_20b""]","[""Foreign relations"", ""Cold War"", ""United states, foreign relations, soviet union"", ""Soviet union, foreign relations, united states"", ""United states, foreign relations, 1989-1993"", ""Soviet union, foreign relations, 1985-1991"", ""Bush, george, 1924-2018"", ""Gorbachev, mikhail sergeevich, 1931-2022"", ""Bush, George, 1924-"", ""Gorbachev, Mikhail Sergeevich, 1931-"", ""United States -- Foreign relations -- Soviet Union"", ""Soviet Union -- Foreign relations -- United States"", ""United States -- Foreign relations -- 1989-1993"", ""Soviet Union -- Foreign relations -- 1985-1991"", ""History"", ""Nonfiction"", ""Russia"", ""Politics"", ""American History"", ""Russian History"", ""20th Century"", ""Biographies & Memoirs"", ""Leaders & Notable People"", ""Presidents & Heads of State"", ""US Presidents""]"
9780316092814__genre__Nonfiction / Politics and Law / Politics,9780316092814,At the highest levels,Genre,Nonfiction / Politics and Law / Politics,1,"[""qwen_groq""]","[""gpt_oss_groq"", ""gpt_oss_20b""]","[""Foreign relations"", ""Cold War"", ""United states, foreign relations, soviet union"", ""Soviet union, foreign relations, united states"", ""United states, foreign relations, 1989-1993"", ""Soviet union, foreign relations, 1985-1991"", ""Bush, george, 1924-2018"", ""Gorbachev, mikhail sergeevich, 1931-2022"", ""Bush, George, 1924-"", ""Gorbachev, Mikhail Sergeevich, 1931-"", ""United States -- Foreign relations -- Soviet Union"", ""Soviet Union -- Foreign relations -- United States"", ""United States -- Foreign relations -- 1989-1993"", ""Soviet Union -- Foreign relations -- 1985-1991"", ""History"", ""Nonfiction"", ""Russia"", ""Politics"", ""American History"", ""Russian History"", ""20th Century"", ""Biographies & Memoirs"", ""Leaders & Notable People"", ""Presidents & Heads of State"", ""US Presidents""]"
9780316092814__metadata__Geographical_Context / World_Region / North_America / United States,9780316092814,At the highest levels,Metadata,Geographical_Context / World_Region / North_America / United States,2,"[""qwen_groq"", ""gpt_oss_20b""]","[""gpt_oss_groq""]","[""Foreign relations"", ""Cold War"", ""United states, foreign relations, soviet union"", ""Soviet union, foreign relations, united states"", ""United states, foreign relations, 1989-1993"", ""Soviet union, foreign relations, 1985-1991"", ""Bush, george, 1924-2018"", ""Gorbachev, mikhail sergeevich, 1931-2022"", ""Bush, George, 1924-"", ""Gorbachev, Mikhail Sergeevich, 1931-"", ""United States -- Foreign relations -- Soviet Union"", ""Soviet Union -- Foreign relations -- United States"", ""United States -- Foreign relations -- 1989-1993"", ""Soviet Union -- Foreign relations -- 1985-1991"", ""History"", ""Nonfiction"", ""Russia"", ""Politics"", ""American History"", ""Russian History"", ""20th Century"", ""Biographies & Memoirs"", ""Leaders & Notable People"", ""Presidents & Heads of State"", ""US Presidents""]"
9780316092814__metadata__Thematic_Metadata / Conflict_and_Event_Themes / War_and_Conflict / War,9780316092814,At the highest levels,Metadata,Thematic_Metadata / Conflict_and_Event_Themes / War_and_Conflict / War,1,"[""gpt_oss_20b""]","[""qwen_groq"", ""gpt_oss_groq""]","[""Foreign relations"", ""Cold War"", ""United states, foreign relations, soviet union"", ""Soviet union, foreign relations, united states"", ""United states, foreign relations, 1989-1993"", ""Soviet union, foreign relations, 1985-1991"", ""Bush, george, 1924-2018"", ""Gorbachev, mikhail sergeevich, 1931-2022"", ""Bush, George, 1924-"", ""Gorbachev, Mikhail Sergeevich, 1931-"", ""United States -- Foreign relations -- Soviet Union"", ""Soviet Union -- Foreign relations -- United States"", ""United States -- Foreign relations -- 1989-1993"", ""Soviet Union -- Foreign relations -- 1985-1991"", ""History"", ""Nonfiction"", ""Russia"", ""Politics"", ""American History"", ""Russian History"", ""20th Century"", ""Biographies & Memoirs"", ""Leaders & Notable People"", ""Presidents & Heads of State"", ""US Presidents""]"
9780316170925__metadata__Audience / Age_Group / Adult,9780316170925,Heiress,Metadata,Audience / Age_Group / Adult,1,"[""gpt_oss_groq""]","[""qwen_groq"", ""gpt_oss_20b""]","[""Fiction"", ""Inheritance and succession"", ""Romance"", ""Sisters"", ""Contemporary Romance"", ""Contemporary"", ""Adult Fiction""]"
9780316170925__metadata__Audience / Age_Group / Adult / General Adult Audience,9780316170925,Heiress,Metadata,Audience / Age_Group / Adult / General Adult Audience,2,"[""qwen_groq"", ""gpt_oss_20b""]","[""gpt_oss_groq""]","[""Fiction"", ""Inheritance and succession"", ""Romance"", ""Sisters"", ""Contemporary Romance"", ""Contemporary"", ""Adult Fiction""]"
9780316170925__metadata__Temporal_Context / Publication_Period / Contemporary_Publication,9780316170925,Heiress,Metadata,Temporal_Context / Publication_Period / Contemporary_Publication,1,"[""gpt_oss_groq""]","[""qwen_groq"", ""gpt_oss_20b""]","[""Fiction"", ""Inheritance and succession"", ""Romance"", ""Sisters"", ""Contemporary Romance"", ""Contemporary"", ""Adult Fiction""]"
9780316279185__genre__Nonfiction / Education / Education,9780316279185,Tales out of school,Genre,Nonfiction / Education / Education,1,"[""gpt_oss_groq""]","[""qwen_groq"", ""gpt_oss_20b""]","[""Educational change"", ""Public schools"", ""Education"", ""Aims and objectives"", ""School management and organization"", ""Education, united states"", ""Public schools, united states"", ""Education & Teaching"", ""Schools & Teaching"", ""Education, aims and objectives"", ""Fernández, Joseph A.""]"
9780316279185__genre__Nonfiction / Education / Education / Education,9780316279185,Tales out of school,Genre,Nonfiction / Education / Education / Education,2,"[""qwen_groq"", ""gpt_oss_20b""]","[""gpt_oss_groq""]","[""Educational change"", ""Public schools"", ""Education"", ""Aims and objectives"", ""School management and organization"", ""Education, united states"", ""Public schools, united states"", ""Education & Teaching"", ""Schools & Teaching"", ""Education, aims and objectives"", ""Fernández, Joseph A.""]"
9780316698399__metadata__Book_Format_and_Form / Textual_Form / Personal_Document_Form,9780316698399,No man alone,Metadata,Book_Format_and_Form / Textual_Form / Personal_Document_Form,1,"[""qwen_groq""]","[""gpt_oss_groq"", ""gpt_oss_20b""]","[""Biography"", ""History"", ""Neurosurgeons"", ""Surgeons, biography"", ""Neurosurgery"", ""Personal narratives"", ""Penfield, Wilder, 1891-"", ""Montreal Neurological Institute -- History"", ""Psychology"", ""Nonfiction"", ""Biographies & Memoirs"", ""Professionals & Academics"", ""Medical"", ""Montreal Neurological Institute"", ""Neurosurgeons -- Québec (Province) -- Biography""]"
9780330306997__genre__Nonfiction,9780330306997,The Obstacle Race (Read Together),Genre,Nonfiction,2,"[""gpt_oss_groq"", ""gpt_oss_20b""]","[""qwen_groq""]","[""Study guides, home study & revision notes"", ""English language readers""]"
9780330306997__genre__Nonfiction / Language and Linguistics / Language,9780330306997,The Obstacle Race (Read Together),Genre,Nonfiction / Language and Linguistics / Language,2,"[""qwen_groq"", ""gpt_oss_20b""]","[""gpt_oss_groq""]","[""Study guides, home study & revision notes"", ""English language readers""]"
9780345353016__genre__Fiction / Action Fiction / Military and Combat Fiction / Military Fiction,9780345353016,"Robotech : The Sentinels, Dark Powers",Genre,Fiction / Action Fiction / Military and Combat Fiction / Military Fiction,1,"[""gpt_oss_20b""]","[""qwen_groq"", ""gpt_oss_groq""]","[""Science Fiction"", ""Media Tie In"", ""Space Opera"", ""Military Fiction"", ""Science Fiction & Fantasy""]"
9780345353016__genre__Fiction / Fantasy / Science Fantasy,9780345353016,"Robotech : The Sentinels, Dark Powers",Genre,Fiction / Fantasy / Science Fantasy,1,"[""gpt_oss_groq""]","[""qwen_groq"", ""gpt_oss_20b""]","[""Science Fiction"", ""Media Tie In"", ""Space Opera"", ""Military Fiction"", ""Science Fiction & Fantasy""]"
9780345353016__genre__Fiction / Fantasy / Science Fantasy / Science Fantasy,9780345353016,"Robotech : The Sentinels, Dark Powers",Genre,Fiction / Fantasy / Science Fantasy / Science Fantasy,1,"[""gpt_oss_20b""]","[""qwen_groq"", ""gpt_oss_groq""]","[""Science Fiction"", ""Media Tie In"", ""Space Opera"", ""Military Fiction"", ""Science Fiction & Fantasy""]"
9780345353016__genre__Fiction / Science Fiction / General Science Fiction / Science Fiction,9780345353016,"Robotech : The Sentinels, Dark Powers",Genre,Fiction / Science Fiction / General Science Fiction / Science Fiction,1,"[""gpt_oss_20b""]","[""qwen_groq"", ""gpt_oss_groq""]","[""Science Fiction"", ""Media Tie In"", ""Space Opera"", ""Military Fiction"", ""Science Fiction & Fantasy""]"
9780345353016__genre__Fiction / Science Fiction / Military Science Fiction / Military Science Fiction,9780345353016,"Robotech : The Sentinels, Dark Powers",Genre,Fiction / Science Fiction / Military Science Fiction / Military Science Fiction,2,"[""qwen_groq"", ""gpt_oss_groq""]","[""gpt_oss_20b""]","[""Science Fiction"", ""Media Tie In"", ""Space Opera"", ""Military Fiction"", ""Science Fiction & Fantasy""]"
9780345353016__metadata__Thematic_Metadata / Knowledge_and_Idea_Themes / Science_and_Technology,9780345353016,"Robotech : The Sentinels, Dark Powers",Metadata,Thematic_Metadata / Knowledge_and_Idea_Themes / Science_and_Technology,2,"[""gpt_oss_groq"", ""gpt_oss_20b""]","[""qwen_groq""]","[""Science Fiction"", ""Media Tie In"", ""Space Opera"", ""Military Fiction"", ""Science Fiction & Fantasy""]"
9780345380487__genre__Fiction / Science Fiction,9780345380487,Hammer and anvil,Genre,Fiction / Science Fiction,1,"[""gpt_oss_groq""]","[""qwen_groq"", ""gpt_oss_20b""]","[""Science fiction"", ""Alternate History"", ""Fiction"", ""Literature & Fiction""]"
9780345380487__genre__Fiction / Science Fiction / General Science Fiction / Science Fiction,9780345380487,Hammer and anvil,Genre,Fiction / Science Fiction / General Science Fiction / Science Fiction,2,"[""qwen_groq"", ""gpt_oss_20b""]","[""gpt_oss_groq""]","[""Science fiction"", ""Alternate History"", ""Fiction"", ""Literature & Fiction""]"
9780345380487__metadata__Thematic_Metadata / Knowledge_and_Idea_Themes / Science_and_Technology,9780345380487,Hammer and anvil,Metadata,Thematic_Metadata / Knowledge_and_Idea_Themes / Science_and_Technology,1,"[""gpt_oss_20b""]","[""qwen_groq"", ""gpt_oss_groq""]","[""Science fiction"", ""Alternate History"", ""Fiction"", ""Literature & Fiction""]"
9780345386830__genre__Fiction / Crime Fiction / General Crime Fiction / Crime Fiction,9780345386830,Double jeopardy,Genre,Fiction / Crime Fiction / General Crime Fiction / Crime Fiction,1,"[""gpt_oss_20b""]","[""qwen_groq"", ""gpt_oss_groq""]","[""Fiction, mystery & detective, general"", ""Lawyers, fiction"", ""Fiction, legal"", ""Mystery"", ""Legal Thriller"", ""Thriller"", ""Mystery Thriller"", ""Crime"", ""Mystery, Thriller & Suspense"", ""Thrillers & Suspense"", ""Kidnapping"", ""Fiction"", ""Legal""]"
9780345386830__genre__Fiction / Crime Fiction / Legal and Courtroom Fiction / Legal Fiction,9780345386830,Double jeopardy,Genre,Fiction / Crime Fiction / Legal and Courtroom Fiction / Legal Fiction,1,"[""qwen_groq""]","[""gpt_oss_groq"", ""gpt_oss_20b""]","[""Fiction, mystery & detective, general"", ""Lawyers, fiction"", ""Fiction, legal"", ""Mystery"", ""Legal Thriller"", ""Thriller"", ""Mystery Thriller"", ""Crime"", ""Mystery, Thriller & Suspense"", ""Thrillers & Suspense"", ""Kidnapping"", ""Fiction"", ""Legal""]"
9780345386830__genre__Fiction / Mystery,9780345386830,Double jeopardy,Genre,Fiction / Mystery,2,"[""qwen_groq"", ""gpt_oss_20b""]","[""gpt_oss_groq""]","[""Fiction, mystery & detective, general"", ""Lawyers, fiction"", ""Fiction, legal"", ""Mystery"", ""Legal Thriller"", ""Thriller"", ""Mystery Thriller"", ""Crime"", ""Mystery, Thriller & Suspense"", ""Thrillers & Suspense"", ""Kidnapping"", ""Fiction"", ""Legal""]"
9780345387325__genre__Fiction,9780345387325,Kingdoms Of The Night,Genre,Fiction,1,"[""qwen_groq""]","[""gpt_oss_groq"", ""gpt_oss_20b""]","[""Fiction"", ""Fantasy"", ""High Fantasy"", ""Science Fiction & Fantasy"", ""Epic""]"
9780345387325__genre__Fiction / Fantasy,9780345387325,Kingdoms Of The Night,Genre,Fiction / Fantasy,2,"[""qwen_groq"", ""gpt_oss_20b""]","[""gpt_oss_groq""]","[""Fiction"", ""Fantasy"", ""High Fantasy"", ""Science Fiction & Fantasy"", ""Epic""]"
9780345387325__genre__Fiction / Fantasy / Epic and High Fantasy / Epic Fantasy,9780345387325,Kingdoms Of The Night,Genre,Fiction / Fantasy / Epic and High Fantasy / Epic Fantasy,2,"[""gpt_oss_groq"", ""gpt_oss_20b""]","[""qwen_groq""]","[""Fiction"", ""Fantasy"", ""High Fantasy"", ""Science Fiction & Fantasy"", ""Epic""]"
9780345387325__genre__Fiction / Science Fiction,9780345387325,Kingdoms Of The Night,Genre,Fiction / Science Fiction,1,"[""gpt_oss_20b""]","[""qwen_groq"", ""gpt_oss_groq""]","[""Fiction"", ""Fantasy"", ""High Fantasy"", ""Science Fiction & Fantasy"", ""Epic""]"
9780345387325__metadata__Book_Format_and_Form / Narrative_Length / Very_Long / Epic-Length,9780345387325,Kingdoms Of The Night,Metadata,Book_Format_and_Form / Narrative_Length / Very_Long / Epic-Length,1,"[""gpt_oss_groq""]","[""qwen_groq"", ""gpt_oss_20b""]","[""Fiction"", ""Fantasy"", ""High Fantasy"", ""Science Fiction & Fantasy"", ""Epic""]"
9780345387356__genre__Fiction / Science Fiction / General Science Fiction,9780345387356,Wind After Time,Genre,Fiction / Science Fiction / General Science Fiction,1,"[""gpt_oss_groq""]","[""qwen_groq"", ""gpt_oss_20b""]","[""Science Fiction"", ""Fiction - Science Fiction"", ""Science Fiction & Fantasy"", ""Fiction, general"", ""Fiction""]"
9780345387356__genre__Fiction / Science Fiction / General Science Fiction / Science Fiction,9780345387356,Wind After Time,Genre,Fiction / Science Fiction / General Science Fiction / Science Fiction,2,"[""qwen_groq"", ""gpt_oss_20b""]","[""gpt_oss_groq""]","[""Science Fiction"", ""Fiction - Science Fiction"", ""Science Fiction & Fantasy"", ""Fiction, general"", ""Fiction""]"
9780345387356__metadata__Thematic_Metadata / Knowledge_and_Idea_Themes / Science_and_Technology,9780345387356,Wind After Time,Metadata,Thematic_Metadata / Knowledge_and_Idea_Themes / Science_and_Technology,1,"[""gpt_oss_20b""]","[""qwen_groq"", ""gpt_oss_groq""]","[""Science Fiction"", ""Fiction - Science Fiction"", ""Science Fiction & Fantasy"", ""Fiction, general"", ""Fiction""]"
9780345402967__genre__Fiction / Science Fiction / General Science Fiction / Science Fiction,9780345402967,The Moreau Factor,Genre,Fiction / Science Fiction / General Science Fiction / Science Fiction,1,"[""qwen_groq""]","[""gpt_oss_groq"", ""gpt_oss_20b""]","[""Genetic engineering"", ""Conspiracies"", ""Fiction"", ""Fiction - Science Fiction"", ""Science Fiction - General"", ""Fiction / Science Fiction / General"", ""Science Fiction"", ""Science Fiction & Fantasy"", ""Hard Science Fiction""]"
9780345418067__genre__Fiction,9780345418067,Blind Justice,Genre,Fiction,1,"[""qwen_groq""]","[""gpt_oss_groq"", ""gpt_oss_20b""]","[""Ben Kincaid (Fictitious character)"", ""Fiction"", ""Fiction, suspense"", ""Legal"", ""Mystery & Detective - General"", ""Mystery"", ""Legal Thriller"", ""Thriller"", ""Crime"", ""Mystery, Thriller & Suspense"", ""Thrillers & Suspense""]"
9780345418067__genre__Fiction / Crime Fiction / Legal and Courtroom Fiction / Legal Fiction,9780345418067,Blind Justice,Genre,Fiction / Crime Fiction / Legal and Courtroom Fiction / Legal Fiction,1,"[""qwen_groq""]","[""gpt_oss_groq"", ""gpt_oss_20b""]","[""Ben Kincaid (Fictitious character)"", ""Fiction"", ""Fiction, suspense"", ""Legal"", ""Mystery & Detective - General"", ""Mystery"", ""Legal Thriller"", ""Thriller"", ""Crime"", ""Mystery, Thriller & Suspense"", ""Thrillers & Suspense""]"
9780345418067__genre__Fiction / Mystery / Detective Mystery,9780345418067,Blind Justice,Genre,Fiction / Mystery / Detective Mystery,1,"[""qwen_groq""]","[""gpt_oss_groq"", ""gpt_oss_20b""]","[""Ben Kincaid (Fictitious character)"", ""Fiction"", ""Fiction, suspense"", ""Legal"", ""Mystery & Detective - General"", ""Mystery"", ""Legal Thriller"", ""Thriller"", ""Crime"", ""Mystery, Thriller & Suspense"", ""Thrillers & Suspense""]"
9780345418067__metadata__Character_and_Representation_Metadata / Protagonist_Profile / Role_Profile / Detective,9780345418067,Blind Justice,Metadata,Character_and_Representation_Metadata / Protagonist_Profile / Role_Profile / Detective,1,"[""qwen_groq""]","[""gpt_oss_groq"", ""gpt_oss_20b""]","[""Ben Kincaid (Fictitious character)"", ""Fiction"", ""Fiction, suspense"", ""Legal"", ""Mystery & Detective - General"", ""Mystery"", ""Legal Thriller"", ""Thriller"", ""Crime"", ""Mystery, Thriller & Suspense"", ""Thrillers & Suspense""]"
9780345418067__metadata__Thematic_Metadata / Conflict_and_Event_Themes / Crime_and_Justice / Crime,9780345418067,Blind Justice,Metadata,Thematic_Metadata / Conflict_and_Event_Themes / Crime_and_Justice / Crime,2,"[""qwen_groq"", ""gpt_oss_groq""]","[""gpt_oss_20b""]","[""Ben Kincaid (Fictitious character)"", ""Fiction"", ""Fiction, suspense"", ""Legal"", ""Mystery & Detective - General"", ""Mystery"", ""Legal Thriller"", ""Thriller"", ""Crime"", ""Mystery, Thriller & Suspense"", ""Thrillers & Suspense""]"
9780370314679__genre__Fiction / Adventure,9780370314679,The shining company,Genre,Fiction / Adventure,2,"[""qwen_groq"", ""gpt_oss_groq""]","[""gpt_oss_20b""]","[""Fiction"", ""Historical fiction"", ""Historical"", ""Young Adult"", ""Adventure"", ""Great Britain -- History -- Anglo-Saxon period, 449-1066 -- Fiction."", ""Great Britain -- History -- Anglo-Saxon period, 449-1066 -- Juvenile fiction.""]"
9780370314679__genre__Fiction / Historical Fiction,9780370314679,The shining company,Genre,Fiction / Historical Fiction,2,"[""qwen_groq"", ""gpt_oss_groq""]","[""gpt_oss_20b""]","[""Fiction"", ""Historical fiction"", ""Historical"", ""Young Adult"", ""Adventure"", ""Great Britain -- History -- Anglo-Saxon period, 449-1066 -- Fiction."", ""Great Britain -- History -- Anglo-Saxon period, 449-1066 -- Juvenile fiction.""]"
9780370314679__genre__Fiction / Historical Fiction / Historical Adventure Fiction,9780370314679,The shining company,Genre,Fiction / Historical Fiction / Historical Adventure Fiction,1,"[""gpt_oss_20b""]","[""qwen_groq"", ""gpt_oss_groq""]","[""Fiction"", ""Historical fiction"", ""Historical"", ""Young Adult"", ""Adventure"", ""Great Britain -- History -- Anglo-Saxon period, 449-1066 -- Fiction."", ""Great Britain -- History -- Anglo-Saxon period, 449-1066 -- Juvenile fiction.""]"
9780370314679__metadata__Audience / Age_Group / Young_Adult,9780370314679,The shining company,Metadata,Audience / Age_Group / Young_Adult,1,"[""gpt_oss_groq""]","[""qwen_groq"", ""gpt_oss_20b""]","[""Fiction"", ""Historical fiction"", ""Historical"", ""Young Adult"", ""Adventure"", ""Great Britain -- History -- Anglo-Saxon period, 449-1066 -- Fiction."", ""Great Britain -- History -- Anglo-Saxon period, 449-1066 -- Juvenile fiction.""]"
9780370314679__metadata__Audience / Age_Group / Young_Adult / Young Adult Audience,9780370314679,The shining company,Metadata,Audience / Age_Group / Young_Adult / Young Adult Audience,2,"[""qwen_groq"", ""gpt_oss_20b""]","[""gpt_oss_groq""]","[""Fiction"", ""Historical fiction"", ""Historical"", ""Young Adult"", ""Adventure"", ""Great Britain -- History -- Anglo-Saxon period, 449-1066 -- Fiction."", ""Great Britain -- History -- Anglo-Saxon period, 449-1066 -- Juvenile fiction.""]"
9780370314679__metadata__Temporal_Context / Historical_Period,9780370314679,The shining company,Metadata,Temporal_Context / Historical_Period,2,"[""qwen_groq"", ""gpt_oss_groq""]","[""gpt_oss_20b""]","[""Fiction"", ""Historical fiction"", ""Historical"", ""Young Adult"", ""Adventure"", ""Great Britain -- History -- Anglo-Saxon period, 449-1066 -- Fiction."", ""Great Britain -- History -- Anglo-Saxon period, 449-1066 -- Juvenile fiction.""]"
9780373028344__genre__Fiction / Romance / General Romance,9780373028344,"Tempest In The Tropics (Harlequin Romance, No. 2834) (Harlequin Romance, No. 2834)",Genre,Fiction / Romance / General Romance,1,"[""gpt_oss_groq""]","[""qwen_groq"", ""gpt_oss_20b""]","[""Romance - Contemporary"", ""Fiction"", ""Romance: Modern"", ""Romance"", ""Harlequin Romance""]"
9780373028344__genre__Fiction / Romance / General Romance / Romance,9780373028344,"Tempest In The Tropics (Harlequin Romance, No. 2834) (Harlequin Romance, No. 2834)",Genre,Fiction / Romance / General Romance / Romance,2,"[""qwen_groq"", ""gpt_oss_20b""]","[""gpt_oss_groq""]","[""Romance - Contemporary"", ""Fiction"", ""Romance: Modern"", ""Romance"", ""Harlequin Romance""]"
9780373028344__metadata__Temporal_Context / Historical_Period / Contemporary,9780373028344,"Tempest In The Tropics (Harlequin Romance, No. 2834) (Harlequin Romance, No. 2834)",Metadata,Temporal_Context / Historical_Period / Contemporary,2,"[""qwen_groq"", ""gpt_oss_groq""]","[""gpt_oss_20b""]","[""Romance - Contemporary"", ""Fiction"", ""Romance: Modern"", ""Romance"", ""Harlequin Romance""]"
9780373028344__metadata__Temporal_Context / Historical_Period / Modern,9780373028344,"Tempest In The Tropics (Harlequin Romance, No. 2834) (Harlequin Romance, No. 2834)",Metadata,Temporal_Context / Historical_Period / Modern,1,"[""gpt_oss_20b""]","[""qwen_groq"", ""gpt_oss_groq""]","[""Romance - Contemporary"", ""Fiction"", ""Romance: Modern"", ""Romance"", ""Harlequin Romance""]"
9780373033263__genre__Fiction / Romance / General Romance,9780373033263,On Blueberry Hill,Genre,Fiction / Romance / General Romance,1,"[""gpt_oss_20b""]","[""qwen_groq"", ""gpt_oss_groq""]","[""Fiction, general"", ""Romance - General"", ""Fiction"", ""Fiction - Romance"", ""Literature & Fiction""]"
9780373033263__genre__Fiction / Romance / General Romance / Romance,9780373033263,On Blueberry Hill,Genre,Fiction / Romance / General Romance / Romance,2,"[""qwen_groq"", ""gpt_oss_groq""]","[""gpt_oss_20b""]","[""Fiction, general"", ""Romance - General"", ""Fiction"", ""Fiction - Romance"", ""Literature & Fiction""]"
9780373033737__genre__Fiction / Romance / General Romance,9780373033737,Best For Last (Sealed With A Kiss),Genre,Fiction / Romance / General Romance,1,"[""gpt_oss_groq""]","[""qwen_groq"", ""gpt_oss_20b""]","[""Fiction, general"", ""Romance - General"", ""Fiction - Romance"", ""Romance"", ""Literature & Fiction""]"
9780373033737__genre__Fiction / Romance / General Romance / Romance,9780373033737,Best For Last (Sealed With A Kiss),Genre,Fiction / Romance / General Romance / Romance,2,"[""qwen_groq"", ""gpt_oss_20b""]","[""gpt_oss_groq""]","[""Fiction, general"", ""Romance - General"", ""Fiction - Romance"", ""Romance"", ""Literature & Fiction""]"
9780373033805__genre__Fiction / Romance / General Romance,9780373033805,The Best Man,Genre,Fiction / Romance / General Romance,1,"[""gpt_oss_groq""]","[""qwen_groq"", ""gpt_oss_20b""]","[""Fiction, romance, general"", ""American fiction"", ""Fiction, general"", ""Fiction"", ""Fiction - Romance"", ""Romance - General"", ""Romance""]"
9780373033805__genre__Fiction / Romance / General Romance / Romance,9780373033805,The Best Man,Genre,Fiction / Romance / General Romance / Romance,2,"[""qwen_groq"", ""gpt_oss_20b""]","[""gpt_oss_groq""]","[""Fiction, romance, general"", ""American fiction"", ""Fiction, general"", ""Fiction"", ""Fiction - Romance"", ""Romance - General"", ""Romance""]"
9780373033805__metadata__Geographical_Context / Country_or_National_Context / Country_Based_Context / American Context,9780373033805,The Best Man,Metadata,Geographical_Context / Country_or_National_Context / Country_Based_Context / American Context,2,"[""qwen_groq"", ""gpt_oss_20b""]","[""gpt_oss_groq""]","[""Fiction, romance, general"", ""American fiction"", ""Fiction, general"", ""Fiction"", ""Fiction - Romance"", ""Romance - General"", ""Romance""]"
9780373035380__genre__Fiction / Romance,9780373035380,Make Believe Mother (Kids & Kisses),Genre,Fiction / Romance,1,"[""gpt_oss_groq""]","[""qwen_groq"", ""gpt_oss_20b""]","[""Romance - Contemporary"", ""Fiction - Romance"", ""Family Life"", ""Parenthood & Children""]"
9780373035380__genre__Fiction / Romance / General Romance / Romance,9780373035380,Make Believe Mother (Kids & Kisses),Genre,Fiction / Romance / General Romance / Romance,2,"[""qwen_groq"", ""gpt_oss_20b""]","[""gpt_oss_groq""]","[""Romance - Contemporary"", ""Fiction - Romance"", ""Family Life"", ""Parenthood & Children""]"
9780373035380__metadata__Character_and_Representation_Metadata / Protagonist_Profile / Group_Profile / Family-Centered,9780373035380,Make Believe Mother (Kids & Kisses),Metadata,Character_and_Representation_Metadata / Protagonist_Profile / Group_Profile / Family-Centered,2,"[""gpt_oss_groq"", ""gpt_oss_20b""]","[""qwen_groq""]","[""Romance - Contemporary"", ""Fiction - Romance"", ""Family Life"", ""Parenthood & Children""]"
9780373035380__metadata__Temporal_Context / Historical_Period / Contemporary,9780373035380,Make Believe Mother (Kids & Kisses),Metadata,Temporal_Context / Historical_Period / Contemporary,1,"[""qwen_groq""]","[""gpt_oss_groq"", ""gpt_oss_20b""]","[""Romance - Contemporary"", ""Fiction - Romance"", ""Family Life"", ""Parenthood & Children""]"
9780373035397__genre__Fiction / Romance,9780373035397,Bachelor Available (Texas Grooms Wanted),Genre,Fiction / Romance,1,"[""gpt_oss_groq""]","[""qwen_groq"", ""gpt_oss_20b""]","[""Romance - Contemporary"", ""Romance"", ""Contemporary"", ""Fiction - Romance"", ""Fiction""]"
9780373035397__genre__Fiction / Romance / General Romance / Romance,9780373035397,Bachelor Available (Texas Grooms Wanted),Genre,Fiction / Romance / General Romance / Romance,2,"[""qwen_groq"", ""gpt_oss_20b""]","[""gpt_oss_groq""]","[""Romance - Contemporary"", ""Romance"", ""Contemporary"", ""Fiction - Romance"", ""Fiction""]"
9780373035458__genre__Fiction / Romance / General Romance,9780373035458,Undercover Fiancee (Love Undercover),Genre,Fiction / Romance / General Romance,1,"[""gpt_oss_groq""]","[""qwen_groq"", ""gpt_oss_20b""]","[""Romance - General"", ""Romance - Contemporary"", ""Fiction - Romance"", ""Romance"", ""Contemporary""]"
9780373035458__genre__Fiction / Romance / General Romance / Romance,9780373035458,Undercover Fiancee (Love Undercover),Genre,Fiction / Romance / General Romance / Romance,2,"[""qwen_groq"", ""gpt_oss_20b""]","[""gpt_oss_groq""]","[""Romance - General"", ""Romance - Contemporary"", ""Fiction - Romance"", ""Romance"", ""Contemporary""]"
9780373036509__genre__Fiction / Romance,9780373036509,A Child in Need,Genre,Fiction / Romance,1,"[""gpt_oss_groq""]","[""qwen_groq"", ""gpt_oss_20b""]","[""Fiction, Romance, Contemporary"", ""Romance - Contemporary"", ""Fiction - Romance"", ""Romance: Modern"", ""Literature & Fiction"", ""Genre Fiction"", ""Family Life"", ""Parenthood & Children""]"
9780373036509__genre__Fiction / Romance / General Romance,9780373036509,A Child in Need,Genre,Fiction / Romance / General Romance,1,"[""gpt_oss_20b""]","[""qwen_groq"", ""gpt_oss_groq""]","[""Fiction, Romance, Contemporary"", ""Romance - Contemporary"", ""Fiction - Romance"", ""Romance: Modern"", ""Literature & Fiction"", ""Genre Fiction"", ""Family Life"", ""Parenthood & Children""]"
9780373036509__genre__Fiction / Romance / General Romance / Romance,9780373036509,A Child in Need,Genre,Fiction / Romance / General Romance / Romance,1,"[""qwen_groq""]","[""gpt_oss_groq"", ""gpt_oss_20b""]","[""Fiction, Romance, Contemporary"", ""Romance - Contemporary"", ""Fiction - Romance"", ""Romance: Modern"", ""Literature & Fiction"", ""Genre Fiction"", ""Family Life"", ""Parenthood & Children""]"
9780373036509__metadata__Audience / Age_Group / All_Ages / Family Audience,9780373036509,A Child in Need,Metadata,Audience / Age_Group / All_Ages / Family Audience,1,"[""gpt_oss_20b""]","[""qwen_groq"", ""gpt_oss_groq""]","[""Fiction, Romance, Contemporary"", ""Romance - Contemporary"", ""Fiction - Romance"", ""Romance: Modern"", ""Literature & Fiction"", ""Genre Fiction"", ""Family Life"", ""Parenthood & Children""]"
9780373036509__metadata__Character_and_Representation_Metadata / Protagonist_Profile / Group_Profile / Family-Centered,9780373036509,A Child in Need,Metadata,Character_and_Representation_Metadata / Protagonist_Profile / Group_Profile / Family-Centered,2,"[""gpt_oss_groq"", ""gpt_oss_20b""]","[""qwen_groq""]","[""Fiction, Romance, Contemporary"", ""Romance - Contemporary"", ""Fiction - Romance"", ""Romance: Modern"", ""Literature & Fiction"", ""Genre Fiction"", ""Family Life"", ""Parenthood & Children""]"
9780373036509__metadata__Temporal_Context / Publication_Period / Contemporary_Publication,9780373036509,A Child in Need,Metadata,Temporal_Context / Publication_Period / Contemporary_Publication,1,"[""gpt_oss_20b""]","[""qwen_groq"", ""gpt_oss_groq""]","[""Fiction, Romance, Contemporary"", ""Romance - Contemporary"", ""Fiction - Romance"", ""Romance: Modern"", ""Literature & Fiction"", ""Genre Fiction"", ""Family Life"", ""Parenthood & Children""]"
9780373053759__metadata__Character_and_Representation_Metadata / Protagonist_Profile / Group_Profile / Family-Centered,9780373053759,Gift Of Love,Metadata,Character_and_Representation_Metadata / Protagonist_Profile / Group_Profile / Family-Centered,1,"[""gpt_oss_groq""]","[""qwen_groq"", ""gpt_oss_20b""]","[""Romance - Contemporary"", ""Fiction"", ""Romance: Modern"", ""Romance"", ""Literature & Fiction"", ""Genre Fiction"", ""Family Life""]"
9780373057764__genre__Fiction / Romance,9780373057764,"Good Golly, Miss Molly",Genre,Fiction / Romance,1,"[""gpt_oss_groq""]","[""qwen_groq"", ""gpt_oss_20b""]","[""Romance"", ""Contemporary"", ""Fiction""]"
9780373057764__genre__Fiction / Romance / General Romance / Romance,9780373057764,"Good Golly, Miss Molly",Genre,Fiction / Romance / General Romance / Romance,2,"[""qwen_groq"", ""gpt_oss_20b""]","[""gpt_oss_groq""]","[""Romance"", ""Contemporary"", ""Fiction""]"
9780373075454__genre__Fiction / Romance / General Romance,9780373075454,Sterling Advice,Genre,Fiction / Romance / General Romance,1,"[""gpt_oss_groq""]","[""qwen_groq"", ""gpt_oss_20b""]","[""Romance"", ""Fiction"", ""Romance - General"", ""Romantic Suspense""]"
9780373075454__genre__Fiction / Romance / General Romance / Romance,9780373075454,Sterling Advice,Genre,Fiction / Romance / General Romance / Romance,2,"[""qwen_groq"", ""gpt_oss_20b""]","[""gpt_oss_groq""]","[""Romance"", ""Fiction"", ""Romance - General"", ""Romantic Suspense""]"
9780373075454__genre__Fiction / Suspense / Suspense Fiction,9780373075454,Sterling Advice,Genre,Fiction / Suspense / Suspense Fiction,1,"[""gpt_oss_groq""]","[""qwen_groq"", ""gpt_oss_20b""]","[""Romance"", ""Fiction"", ""Romance - General"", ""Romantic Suspense""]"
9780373075454__genre__Fiction / Suspense / Suspense Fiction / Suspense Fiction,9780373075454,Sterling Advice,Genre,Fiction / Suspense / Suspense Fiction / Suspense Fiction,2,"[""qwen_groq"", ""gpt_oss_20b""]","[""gpt_oss_groq""]","[""Romance"", ""Fiction"", ""Romance - General"", ""Romantic Suspense""]"
9780373076895__genre__Fiction / Literary Fiction / General Literary Fiction / Contemporary Fiction,9780373076895,Roughneck,Genre,Fiction / Literary Fiction / General Literary Fiction / Contemporary Fiction,2,"[""qwen_groq"", ""gpt_oss_groq""]","[""gpt_oss_20b""]","[""Fiction, general"", ""Romance - Contemporary"", ""Romance - General"", ""Fiction"", ""Fiction - Romance"", ""Romance: Modern"", ""Literature & Fiction"", ""Contemporary Fiction"", ""Romance""]"
9780373076895__metadata__Temporal_Context / Historical_Period / Modern,9780373076895,Roughneck,Metadata,Temporal_Context / Historical_Period / Modern,1,"[""gpt_oss_20b""]","[""qwen_groq"", ""gpt_oss_groq""]","[""Fiction, general"", ""Romance - Contemporary"", ""Romance - General"", ""Fiction"", ""Fiction - Romance"", ""Romance: Modern"", ""Literature & Fiction"", ""Contemporary Fiction"", ""Romance""]"
9780373086870__genre__Fiction / Romance / General Romance,9780373086870,Finally Home,Genre,Fiction / Romance / General Romance,1,"[""gpt_oss_groq""]","[""qwen_groq"", ""gpt_oss_20b""]","[""Fiction, general"", ""Romance - General"", ""Romance"", ""Contemporary""]"
9780373086870__genre__Fiction / Romance / General Romance / Romance,9780373086870,Finally Home,Genre,Fiction / Romance / General Romance / Romance,2,"[""qwen_groq"", ""gpt_oss_20b""]","[""gpt_oss_groq""]","[""Fiction, general"", ""Romance - General"", ""Romance"", ""Contemporary""]"
9780373086870__metadata__Temporal_Context / Publication_Period / Contemporary_Publication,9780373086870,Finally Home,Metadata,Temporal_Context / Publication_Period / Contemporary_Publication,1,"[""gpt_oss_groq""]","[""qwen_groq"", ""gpt_oss_20b""]","[""Fiction, general"", ""Romance - General"", ""Romance"", ""Contemporary""]"
9780373093595__metadata__Temporal_Context / Historical_Period / Modern,9780373093595,Something Worth Keeping,Metadata,Temporal_Context / Historical_Period / Modern,2,"[""gpt_oss_groq"", ""gpt_oss_20b""]","[""qwen_groq""]","[""Fiction"", ""Romance"", ""Contemporary"", ""Romance - Contemporary"", ""Romance: Modern""]"
9780373093861__genre__Fiction / Romance,9780373093861,Mandrego,Genre,Fiction / Romance,1,"[""gpt_oss_groq""]","[""qwen_groq"", ""gpt_oss_20b""]","[""Romance - Contemporary"", ""Fiction"", ""Romance: Modern"", ""Romance"", ""Contemporary""]"
9780373093861__genre__Fiction / Romance / General Romance / Romance,9780373093861,Mandrego,Genre,Fiction / Romance / General Romance / Romance,2,"[""qwen_groq"", ""gpt_oss_20b""]","[""gpt_oss_groq""]","[""Romance - Contemporary"", ""Fiction"", ""Romance: Modern"", ""Romance"", ""Contemporary""]"
9780373093861__metadata__Temporal_Context / Historical_Period / Modern,9780373093861,Mandrego,Metadata,Temporal_Context / Historical_Period / Modern,1,"[""gpt_oss_20b""]","[""qwen_groq"", ""gpt_oss_groq""]","[""Romance - Contemporary"", ""Fiction"", ""Romance: Modern"", ""Romance"", ""Contemporary""]"
9780373094189__genre__Fiction / Romance,9780373094189,Torn Asunder,Genre,Fiction / Romance,1,"[""gpt_oss_groq""]","[""qwen_groq"", ""gpt_oss_20b""]","[""Fiction, general"", ""Fiction - General"", ""Fiction"", ""Romance"", ""Contemporary""]"
9780373094189__genre__Fiction / Romance / General Romance / Romance,9780373094189,Torn Asunder,Genre,Fiction / Romance / General Romance / Romance,2,"[""qwen_groq"", ""gpt_oss_20b""]","[""gpt_oss_groq""]","[""Fiction, general"", ""Fiction - General"", ""Fiction"", ""Romance"", ""Contemporary""]"
9780373094189__metadata__Temporal_Context / Historical_Period / Contemporary,9780373094189,Torn Asunder,Metadata,Temporal_Context / Historical_Period / Contemporary,2,"[""qwen_groq"", ""gpt_oss_groq""]","[""gpt_oss_20b""]","[""Fiction, general"", ""Fiction - General"", ""Fiction"", ""Romance"", ""Contemporary""]"
9780373094189__metadata__Temporal_Context / Publication_Period / Contemporary_Publication,9780373094189,Torn Asunder,Metadata,Temporal_Context / Publication_Period / Contemporary_Publication,1,"[""gpt_oss_20b""]","[""qwen_groq"", ""gpt_oss_groq""]","[""Fiction, general"", ""Fiction - General"", ""Fiction"", ""Romance"", ""Contemporary""]"
9780373097876__genre__Fiction / Romance / General Romance,9780373097876,He's a Bad Boy,Genre,Fiction / Romance / General Romance,2,"[""gpt_oss_groq"", ""gpt_oss_20b""]","[""qwen_groq""]","[""Fiction, general"", ""Romance - General"", ""Fiction - Romance"", ""Fiction""]"
9780373097876__genre__Fiction / Romance / General Romance / Romance,9780373097876,He's a Bad Boy,Genre,Fiction / Romance / General Romance / Romance,1,"[""qwen_groq""]","[""gpt_oss_groq"", ""gpt_oss_20b""]","[""Fiction, general"", ""Romance - General"", ""Fiction - Romance"", ""Fiction""]"
9780373098606__genre__Fiction / Romance / General Romance,9780373098606,Summertime (The Breen Men),Genre,Fiction / Romance / General Romance,2,"[""gpt_oss_groq"", ""gpt_oss_20b""]","[""qwen_groq""]","[""Fiction, general"", ""Romance - General"", ""Fiction - Romance"", ""Romance: Regency""]"
9780373098606__genre__Fiction / Romance / General Romance / Romance,9780373098606,Summertime (The Breen Men),Genre,Fiction / Romance / General Romance / Romance,1,"[""qwen_groq""]","[""gpt_oss_groq"", ""gpt_oss_20b""]","[""Fiction, general"", ""Romance - General"", ""Fiction - Romance"", ""Romance: Regency""]"
9780373098620__genre__Fiction / Romance / General Romance,9780373098620,Far To Go (Family Found) (Silhouette Special Edition No. 862),Genre,Fiction / Romance / General Romance,1,"[""gpt_oss_groq""]","[""qwen_groq"", ""gpt_oss_20b""]","[""Romance - General"", ""Fiction"", ""Fiction - Romance"", ""Romance""]"
9780373098620__genre__Fiction / Romance / General Romance / Romance,9780373098620,Far To Go (Family Found) (Silhouette Special Edition No. 862),Genre,Fiction / Romance / General Romance / Romance,2,"[""qwen_groq"", ""gpt_oss_20b""]","[""gpt_oss_groq""]","[""Romance - General"", ""Fiction"", ""Fiction - Romance"", ""Romance""]"
9780373108770__genre__Fiction / Romance / General Romance,9780373108770,Knight's Possession,Genre,Fiction / Romance / General Romance,1,"[""gpt_oss_groq""]","[""qwen_groq"", ""gpt_oss_20b""]","[""Romance"", ""Contemporary Romance"", ""M F Romance"", ""Contemporary"", ""Women's Fiction""]"
9780373108770__genre__Fiction / Romance / General Romance / Romance,9780373108770,Knight's Possession,Genre,Fiction / Romance / General Romance / Romance,2,"[""qwen_groq"", ""gpt_oss_20b""]","[""gpt_oss_groq""]","[""Romance"", ""Contemporary Romance"", ""M F Romance"", ""Contemporary"", ""Women's Fiction""]"
9780373108770__metadata__Temporal_Context / Publication_Period / Contemporary_Publication,9780373108770,Knight's Possession,Metadata,Temporal_Context / Publication_Period / Contemporary_Publication,1,"[""gpt_oss_20b""]","[""qwen_groq"", ""gpt_oss_groq""]","[""Romance"", ""Contemporary Romance"", ""M F Romance"", ""Contemporary"", ""Women's Fiction""]"
9780373112203__genre__Fiction / Romance / General Romance,9780373112203,Devil's Shadow,Genre,Fiction / Romance / General Romance,1,"[""gpt_oss_groq""]","[""qwen_groq"", ""gpt_oss_20b""]","[""Fiction"", ""Romance"", ""Romance - General"", ""Literature & Fiction""]"
9780373112203__genre__Fiction / Romance / General Romance / Romance,9780373112203,Devil's Shadow,Genre,Fiction / Romance / General Romance / Romance,2,"[""qwen_groq"", ""gpt_oss_20b""]","[""gpt_oss_groq""]","[""Fiction"", ""Romance"", ""Romance - General"", ""Literature & Fiction""]"
9780373113392__genre__Fiction / Romance / General Romance,9780373113392,Time For Trust,Genre,Fiction / Romance / General Romance,1,"[""gpt_oss_groq""]","[""qwen_groq"", ""gpt_oss_20b""]","[""Fiction, Romance, Contemporary"", ""Families, fiction"", ""Man-woman relationships, fiction"", ""Romance - General"", ""Fiction"", ""Romance"", ""Category Romance""]"
9780373113392__genre__Fiction / Romance / General Romance / Romance,9780373113392,Time For Trust,Genre,Fiction / Romance / General Romance / Romance,2,"[""qwen_groq"", ""gpt_oss_20b""]","[""gpt_oss_groq""]","[""Fiction, Romance, Contemporary"", ""Families, fiction"", ""Man-woman relationships, fiction"", ""Romance - General"", ""Fiction"", ""Romance"", ""Category Romance""]"
9780373117796__genre__Fiction / Romance / General Romance / Romance,9780373117796,Unfaithful Wife (Presents Plus),Genre,Fiction / Romance / General Romance / Romance,2,"[""qwen_groq"", ""gpt_oss_20b""]","[""gpt_oss_groq""]","[""Fiction, general"", ""Fiction, Romance, Contemporary"", ""Fiction"", ""Fiction, romance, general"", ""Fiction - Romance"", ""Romance - General"", ""Romance"", ""Contemporary Romance"", ""Contemporary"", ""Marriage Of Convenience"", ""Second Chance"", ""Literature & Fiction"", ""Genre Fiction"", ""Family Life"", ""Marriage & Divorce""]"
9780373117796__metadata__Thematic_Metadata / Relationship_and_Social_Themes / Family,9780373117796,Unfaithful Wife (Presents Plus),Metadata,Thematic_Metadata / Relationship_and_Social_Themes / Family,2,"[""gpt_oss_groq"", ""gpt_oss_20b""]","[""qwen_groq""]","[""Fiction, general"", ""Fiction, Romance, Contemporary"", ""Fiction"", ""Fiction, romance, general"", ""Fiction - Romance"", ""Romance - General"", ""Romance"", ""Contemporary Romance"", ""Contemporary"", ""Marriage Of Convenience"", ""Second Chance"", ""Literature & Fiction"", ""Genre Fiction"", ""Family Life"", ""Marriage & Divorce""]"
9780373119882__genre__Fiction / Romance / General Romance / Romance,9780373119882,"All Male (Harlequin Presents , No 1988)",Genre,Fiction / Romance / General Romance / Romance,1,"[""qwen_groq""]","[""gpt_oss_groq"", ""gpt_oss_20b""]","[""Fiction, romance, erotica"", ""Fiction, romance, erotic"", ""Revenge"", ""Fiction"", ""Businessmen"", ""Premarital sex"", ""Romance - General"", ""Romance - Contemporary"", ""Fiction - Romance"", ""Romance: Modern"", ""Romance"", ""Contemporary""]"
9780373119882__metadata__Temporal_Context / Historical_Period / Contemporary,9780373119882,"All Male (Harlequin Presents , No 1988)",Metadata,Temporal_Context / Historical_Period / Contemporary,2,"[""qwen_groq"", ""gpt_oss_groq""]","[""gpt_oss_20b""]","[""Fiction, romance, erotica"", ""Fiction, romance, erotic"", ""Revenge"", ""Fiction"", ""Businessmen"", ""Premarital sex"", ""Romance - General"", ""Romance - Contemporary"", ""Fiction - Romance"", ""Romance: Modern"", ""Romance"", ""Contemporary""]"
9780373119882__metadata__Temporal_Context / Historical_Period / Modern,9780373119882,"All Male (Harlequin Presents , No 1988)",Metadata,Temporal_Context / Historical_Period / Modern,1,"[""gpt_oss_20b""]","[""qwen_groq"", ""gpt_oss_groq""]","[""Fiction, romance, erotica"", ""Fiction, romance, erotic"", ""Revenge"", ""Fiction"", ""Businessmen"", ""Premarital sex"", ""Romance - General"", ""Romance - Contemporary"", ""Fiction - Romance"", ""Romance: Modern"", ""Romance"", ""Contemporary""]"
9780373120215__genre__Fiction / Literary Fiction / General Literary Fiction / Contemporary Fiction,9780373120215,Very Private Revenge,Genre,Fiction / Literary Fiction / General Literary Fiction / Contemporary Fiction,2,"[""gpt_oss_groq"", ""gpt_oss_20b""]","[""qwen_groq""]","[""Fiction"", ""Romance"", ""Revenge"", ""Contemporary Romance"", ""Contemporary"", ""Literature & Fiction"", ""Contemporary Fiction"", ""Romance - Contemporary""]"
9780373120215__metadata__Temporal_Context / Publication_Period / Contemporary_Publication,9780373120215,Very Private Revenge,Metadata,Temporal_Context / Publication_Period / Contemporary_Publication,2,"[""gpt_oss_groq"", ""gpt_oss_20b""]","[""qwen_groq""]","[""Fiction"", ""Romance"", ""Revenge"", ""Contemporary Romance"", ""Contemporary"", ""Literature & Fiction"", ""Contemporary Fiction"", ""Romance - Contemporary""]"
9780373120239__metadata__Temporal_Context / Publication_Period / Contemporary_Publication,9780373120239,One Husband Required (Wanted: One Wedding Dress),Metadata,Temporal_Context / Publication_Period / Contemporary_Publication,2,"[""gpt_oss_groq"", ""gpt_oss_20b""]","[""qwen_groq""]","[""Fiction, romance, contemporary"", ""Romance - Contemporary"", ""Fiction - Romance"", ""Romance"", ""Contemporary Romance"", ""Literature & Fiction"", ""Genre Fiction"", ""Fiction""]"
9780373120307__genre__Fiction / Suspense / Suspense Fiction,9780373120307,The Seduction Game,Genre,Fiction / Suspense / Suspense Fiction,1,"[""gpt_oss_groq""]","[""qwen_groq"", ""gpt_oss_20b""]","[""Romance"", ""Fiction - Romance"", ""Romance - Contemporary"", ""Romantic Suspense""]"
9780373120307__genre__Fiction / Suspense / Suspense Fiction / Suspense Fiction,9780373120307,The Seduction Game,Genre,Fiction / Suspense / Suspense Fiction / Suspense Fiction,2,"[""qwen_groq"", ""gpt_oss_20b""]","[""gpt_oss_groq""]","[""Romance"", ""Fiction - Romance"", ""Romance - Contemporary"", ""Romantic Suspense""]"
9780373120345__genre__Fiction / Romance / General Romance / Romance,9780373120345,Accidental Baby (Expecting!),Genre,Fiction / Romance / General Romance / Romance,2,"[""qwen_groq"", ""gpt_oss_20b""]","[""gpt_oss_groq""]","[""Romance"", ""Fiction - Romance"", ""Romance - Contemporary"", ""Contemporary"", ""Friends To Lovers"", ""Marriage Of Convenience""]"
9780373120468__metadata__Temporal_Context / Publication_Period / Contemporary_Publication,9780373120468,Hot Surrender,Metadata,Temporal_Context / Publication_Period / Contemporary_Publication,1,"[""gpt_oss_groq""]","[""qwen_groq"", ""gpt_oss_20b""]","[""Fiction, romance, general"", ""Fiction, Romance, Contemporary"", ""Man-woman relationships, fiction"", ""Romance - General"", ""Romance - Contemporary"", ""Fiction - Romance"", ""Fiction"", ""Romance"", ""Contemporary Romance"", ""Category Romance"", ""Contemporary"", ""Romantic""]"
9780373120567__metadata__Audience / Age_Group / Adult,9780373120567,The mistress bride,Metadata,Audience / Age_Group / Adult,2,"[""gpt_oss_groq"", ""gpt_oss_20b""]","[""qwen_groq""]","[""Fiction, romance, general"", ""Fiction"", ""Arranged marriage"", ""Man-woman relationships, fiction"", ""Marriage, fiction"", ""Pregnancy, fiction"", ""Romance"", ""Contemporary Romance"", ""Contemporary"", ""Adult"", ""Category Romance"", ""Literature & Fiction""]"
9780373120567__metadata__Audience / Age_Group / Adult / General Adult Audience,9780373120567,The mistress bride,Metadata,Audience / Age_Group / Adult / General Adult Audience,1,"[""qwen_groq""]","[""gpt_oss_groq"", ""gpt_oss_20b""]","[""Fiction, romance, general"", ""Fiction"", ""Arranged marriage"", ""Man-woman relationships, fiction"", ""Marriage, fiction"", ""Pregnancy, fiction"", ""Romance"", ""Contemporary Romance"", ""Contemporary"", ""Adult"", ""Category Romance"", ""Literature & Fiction""]"
9780373120567__metadata__Thematic_Metadata / Relationship_and_Social_Themes / Love_and_Intimacy / Marriage,9780373120567,The mistress bride,Metadata,Thematic_Metadata / Relationship_and_Social_Themes / Love_and_Intimacy / Marriage,2,"[""qwen_groq"", ""gpt_oss_20b""]","[""gpt_oss_groq""]","[""Fiction, romance, general"", ""Fiction"", ""Arranged marriage"", ""Man-woman relationships, fiction"", ""Marriage, fiction"", ""Pregnancy, fiction"", ""Romance"", ""Contemporary Romance"", ""Contemporary"", ""Adult"", ""Category Romance"", ""Literature & Fiction""]"
9780373120659__genre__Fiction / Romance,9780373120659,Secret Daughter,Genre,Fiction / Romance,1,"[""gpt_oss_groq""]","[""qwen_groq"", ""gpt_oss_20b""]","[""Romance"", ""Fiction - Romance"", ""Romance - Contemporary"", ""Fiction""]"
9780373120659__genre__Fiction / Romance / General Romance / Romance,9780373120659,Secret Daughter,Genre,Fiction / Romance / General Romance / Romance,2,"[""qwen_groq"", ""gpt_oss_20b""]","[""gpt_oss_groq""]","[""Romance"", ""Fiction - Romance"", ""Romance - Contemporary"", ""Fiction""]"
9780373120659__metadata__Temporal_Context / Publication_Period / Contemporary_Publication,9780373120659,Secret Daughter,Metadata,Temporal_Context / Publication_Period / Contemporary_Publication,1,"[""gpt_oss_20b""]","[""qwen_groq"", ""gpt_oss_groq""]","[""Romance"", ""Fiction - Romance"", ""Romance - Contemporary"", ""Fiction""]"
9780373120673__genre__Fiction / Romance / General Romance,9780373120673,Convenient Bridegroom (Society Weddings),Genre,Fiction / Romance / General Romance,1,"[""gpt_oss_groq""]","[""qwen_groq"", ""gpt_oss_20b""]","[""Fiction, Romance, Contemporary"", ""Fiction, romance, general"", ""Romance - Contemporary"", ""Romance - General"", ""Fiction - Romance"", ""Romance"", ""Contemporary""]"
9780373120673__genre__Fiction / Romance / General Romance / Romance,9780373120673,Convenient Bridegroom (Society Weddings),Genre,Fiction / Romance / General Romance / Romance,2,"[""qwen_groq"", ""gpt_oss_20b""]","[""gpt_oss_groq""]","[""Fiction, Romance, Contemporary"", ""Fiction, romance, general"", ""Romance - Contemporary"", ""Romance - General"", ""Fiction - Romance"", ""Romance"", ""Contemporary""]"
9780373120673__metadata__Temporal_Context / Publication_Period / Contemporary_Publication,9780373120673,Convenient Bridegroom (Society Weddings),Metadata,Temporal_Context / Publication_Period / Contemporary_Publication,1,"[""gpt_oss_20b""]","[""qwen_groq"", ""gpt_oss_groq""]","[""Fiction, Romance, Contemporary"", ""Fiction, romance, general"", ""Romance - Contemporary"", ""Romance - General"", ""Fiction - Romance"", ""Romance"", ""Contemporary""]"
9780373120710__metadata__Temporal_Context / Publication_Period / Contemporary_Publication,9780373120710,"Mistletoe Mistress (Harlequin Presents, No. 2071)",Metadata,Temporal_Context / Publication_Period / Contemporary_Publication,1,"[""gpt_oss_20b""]","[""qwen_groq"", ""gpt_oss_groq""]","[""Fiction, romance, general"", ""Romance - Contemporary"", ""Fiction - Romance"", ""Romance"", ""Contemporary Romance""]"
9780373121229__genre__Fiction / Romance / General Romance,9780373121229,The Pleasure King's Bride,Genre,Fiction / Romance / General Romance,1,"[""gpt_oss_groq""]","[""qwen_groq"", ""gpt_oss_20b""]","[""Fiction, Romance, Contemporary"", ""Romance - Contemporary"", ""Contemporary Romance"", ""Romance"", ""Contemporary"", ""Romance - General"", ""Fiction - Romance"", ""Romance: Modern"", ""Fiction""]"
9780373121229__genre__Fiction / Romance / General Romance / Romance,9780373121229,The Pleasure King's Bride,Genre,Fiction / Romance / General Romance / Romance,2,"[""qwen_groq"", ""gpt_oss_20b""]","[""gpt_oss_groq""]","[""Fiction, Romance, Contemporary"", ""Romance - Contemporary"", ""Contemporary Romance"", ""Romance"", ""Contemporary"", ""Romance - General"", ""Fiction - Romance"", ""Romance: Modern"", ""Fiction""]"
9780373121229__metadata__Temporal_Context / Historical_Period / Contemporary,9780373121229,The Pleasure King's Bride,Metadata,Temporal_Context / Historical_Period / Contemporary,2,"[""qwen_groq"", ""gpt_oss_groq""]","[""gpt_oss_20b""]","[""Fiction, Romance, Contemporary"", ""Romance - Contemporary"", ""Contemporary Romance"", ""Romance"", ""Contemporary"", ""Romance - General"", ""Fiction - Romance"", ""Romance: Modern"", ""Fiction""]"
9780373121229__metadata__Temporal_Context / Historical_Period / Modern,9780373121229,The Pleasure King's Bride,Metadata,Temporal_Context / Historical_Period / Modern,1,"[""gpt_oss_20b""]","[""qwen_groq"", ""gpt_oss_groq""]","[""Fiction, Romance, Contemporary"", ""Romance - Contemporary"", ""Contemporary Romance"", ""Romance"", ""Contemporary"", ""Romance - General"", ""Fiction - Romance"", ""Romance: Modern"", ""Fiction""]"
9780373121328__genre__Fiction / Romance / General Romance,9780373121328,Bought,Genre,Fiction / Romance / General Romance,1,"[""gpt_oss_groq""]","[""qwen_groq"", ""gpt_oss_20b""]","[""Fiction, romance, general"", ""Romance - Contemporary"", ""Fiction - Romance"", ""Romance: Modern"", ""Romance"", ""Contemporary Romance"", ""Marriage Of Convenience"", ""Romantic"", ""Romance - General"", ""Fiction""]"
9780373121328__genre__Fiction / Romance / General Romance / Romance,9780373121328,Bought,Genre,Fiction / Romance / General Romance / Romance,2,"[""qwen_groq"", ""gpt_oss_20b""]","[""gpt_oss_groq""]","[""Fiction, romance, general"", ""Romance - Contemporary"", ""Fiction - Romance"", ""Romance: Modern"", ""Romance"", ""Contemporary Romance"", ""Marriage Of Convenience"", ""Romantic"", ""Romance - General"", ""Fiction""]"
9780373121328__genre__Fiction / Romance / Relationship Trope Romance,9780373121328,Bought,Genre,Fiction / Romance / Relationship Trope Romance,1,"[""qwen_groq""]","[""gpt_oss_groq"", ""gpt_oss_20b""]","[""Fiction, romance, general"", ""Romance - Contemporary"", ""Fiction - Romance"", ""Romance: Modern"", ""Romance"", ""Contemporary Romance"", ""Marriage Of Convenience"", ""Romantic"", ""Romance - General"", ""Fiction""]"
9780373121618__genre__Fiction / Romance / General Romance,9780373121618,Seduction Scheme,Genre,Fiction / Romance / General Romance,1,"[""gpt_oss_groq""]","[""qwen_groq"", ""gpt_oss_20b""]","[""Romance - Contemporary"", ""Romance - General"", ""Fiction - Romance"", ""Romance: Modern"", ""Romance"", ""Fiction""]"
9780373121618__genre__Fiction / Romance / General Romance / Romance,9780373121618,Seduction Scheme,Genre,Fiction / Romance / General Romance / Romance,2,"[""qwen_groq"", ""gpt_oss_20b""]","[""gpt_oss_groq""]","[""Romance - Contemporary"", ""Romance - General"", ""Fiction - Romance"", ""Romance: Modern"", ""Romance"", ""Fiction""]"
9780373121618__metadata__Temporal_Context / Historical_Period / Contemporary,9780373121618,Seduction Scheme,Metadata,Temporal_Context / Historical_Period / Contemporary,2,"[""qwen_groq"", ""gpt_oss_groq""]","[""gpt_oss_20b""]","[""Romance - Contemporary"", ""Romance - General"", ""Fiction - Romance"", ""Romance: Modern"", ""Romance"", ""Fiction""]"
9780373121618__metadata__Temporal_Context / Historical_Period / Modern,9780373121618,Seduction Scheme,Metadata,Temporal_Context / Historical_Period / Modern,1,"[""gpt_oss_20b""]","[""qwen_groq"", ""gpt_oss_groq""]","[""Romance - Contemporary"", ""Romance - General"", ""Fiction - Romance"", ""Romance: Modern"", ""Romance"", ""Fiction""]"
9780373121861__metadata__Temporal_Context / Historical_Period / Contemporary,9780373121861,YESTERDAY AND FOREVER,Metadata,Temporal_Context / Historical_Period / Contemporary,1,"[""qwen_groq""]","[""gpt_oss_groq"", ""gpt_oss_20b""]","[""Fiction"", ""Romance"", ""Romance - Contemporary"", ""Contemporary Romance"", ""Romance - General"", ""Fiction - Romance"", ""Romance: Modern"", ""Romantic"", ""Fiction, romance, general""]"
9780373121861__metadata__Temporal_Context / Historical_Period / Modern,9780373121861,YESTERDAY AND FOREVER,Metadata,Temporal_Context / Historical_Period / Modern,2,"[""gpt_oss_groq"", ""gpt_oss_20b""]","[""qwen_groq""]","[""Fiction"", ""Romance"", ""Romance - Contemporary"", ""Contemporary Romance"", ""Romance - General"", ""Fiction - Romance"", ""Romance: Modern"", ""Romantic"", ""Fiction, romance, general""]"
9780373121885__metadata__Temporal_Context / Publication_Period / Contemporary_Publication,9780373121885,"To Have A Husband (Bachelor Sisters) (Presents, 2188)",Metadata,Temporal_Context / Publication_Period / Contemporary_Publication,1,"[""gpt_oss_groq""]","[""qwen_groq"", ""gpt_oss_20b""]","[""Fiction, Romance, Contemporary"", ""Fiction, romance, general"", ""Romance - Contemporary"", ""Romance - General"", ""Fiction"", ""Fiction - Romance"", ""Romance: Modern"", ""Romance"", ""Contemporary Fiction""]"
9780373161782__genre__Fiction / Romance,9780373161782,This Day Forward,Genre,Fiction / Romance,1,"[""gpt_oss_groq""]","[""qwen_groq"", ""gpt_oss_20b""]","[""Romance - Contemporary"", ""Fiction"", ""Romance: Modern"", ""Romance"", ""Contemporary""]"
9780373161782__genre__Fiction / Romance / General Romance / Romance,9780373161782,This Day Forward,Genre,Fiction / Romance / General Romance / Romance,2,"[""qwen_groq"", ""gpt_oss_20b""]","[""gpt_oss_groq""]","[""Romance - Contemporary"", ""Fiction"", ""Romance: Modern"", ""Romance"", ""Contemporary""]"
9780373161782__metadata__Temporal_Context / Historical_Period / Modern,9780373161782,This Day Forward,Metadata,Temporal_Context / Historical_Period / Modern,1,"[""gpt_oss_groq""]","[""qwen_groq"", ""gpt_oss_20b""]","[""Romance - Contemporary"", ""Fiction"", ""Romance: Modern"", ""Romance"", ""Contemporary""]"
9780373167463__genre__Fiction / Romance,9780373167463,Daddy By Destiny,Genre,Fiction / Romance,1,"[""gpt_oss_groq""]","[""qwen_groq"", ""gpt_oss_20b""]","[""Romance"", ""Fiction"", ""Romance - Contemporary"", ""Contemporary""]"
9780373167463__genre__Fiction / Romance / General Romance / Romance,9780373167463,Daddy By Destiny,Genre,Fiction / Romance / General Romance / Romance,2,"[""qwen_groq"", ""gpt_oss_20b""]","[""gpt_oss_groq""]","[""Romance"", ""Fiction"", ""Romance - Contemporary"", ""Contemporary""]"
9780373167463__metadata__Temporal_Context / Publication_Period / Contemporary_Publication,9780373167463,Daddy By Destiny,Metadata,Temporal_Context / Publication_Period / Contemporary_Publication,1,"[""gpt_oss_20b""]","[""qwen_groq"", ""gpt_oss_groq""]","[""Romance"", ""Fiction"", ""Romance - Contemporary"", ""Contemporary""]"
9780373167494__metadata__Temporal_Context / Historical_Period / Contemporary,9780373167494,If Wishes Were...Daddies,Metadata,Temporal_Context / Historical_Period / Contemporary,2,"[""qwen_groq"", ""gpt_oss_groq""]","[""gpt_oss_20b""]","[""Fiction, romance, general"", ""Single mothers"", ""Fiction"", ""Romance - General"", ""Romance - Contemporary"", ""Fiction - Romance"", ""Romance: Modern"", ""Romance""]"
9780373167494__metadata__Temporal_Context / Historical_Period / Modern,9780373167494,If Wishes Were...Daddies,Metadata,Temporal_Context / Historical_Period / Modern,1,"[""gpt_oss_20b""]","[""qwen_groq"", ""gpt_oss_groq""]","[""Fiction, romance, general"", ""Single mothers"", ""Fiction"", ""Romance - General"", ""Romance - Contemporary"", ""Fiction - Romance"", ""Romance: Modern"", ""Romance""]"
9780373168484__genre__Fiction / Romance / General Romance,9780373168484,A Little Office Romance,Genre,Fiction / Romance / General Romance,1,"[""gpt_oss_groq""]","[""qwen_groq"", ""gpt_oss_20b""]","[""Romance fiction"", ""Fiction, romance, contemporary"", ""Romance - Contemporary"", ""Romance - General"", ""Fiction - Romance"", ""Romance: Modern"", ""Romance"", ""Contemporary""]"
9780373168484__genre__Fiction / Romance / General Romance / Romance,9780373168484,A Little Office Romance,Genre,Fiction / Romance / General Romance / Romance,2,"[""qwen_groq"", ""gpt_oss_20b""]","[""gpt_oss_groq""]","[""Romance fiction"", ""Fiction, romance, contemporary"", ""Romance - Contemporary"", ""Romance - General"", ""Fiction - Romance"", ""Romance: Modern"", ""Romance"", ""Contemporary""]"
9780373190973__genre__Fiction / Romance,9780373190973,Baby talk,Genre,Fiction / Romance,2,"[""qwen_groq"", ""gpt_oss_groq""]","[""gpt_oss_20b""]","[""Fiction, general"", ""Literature & Fiction"", ""Contemporary Fiction"", ""Romance""]"
9780373190973__genre__Fiction / Romance / General Romance / Romance,9780373190973,Baby talk,Genre,Fiction / Romance / General Romance / Romance,1,"[""gpt_oss_20b""]","[""qwen_groq"", ""gpt_oss_groq""]","[""Fiction, general"", ""Literature & Fiction"", ""Contemporary Fiction"", ""Romance""]"
9780373190973__metadata__Temporal_Context / Publication_Period / Contemporary_Publication,9780373190973,Baby talk,Metadata,Temporal_Context / Publication_Period / Contemporary_Publication,1,"[""gpt_oss_20b""]","[""qwen_groq"", ""gpt_oss_groq""]","[""Fiction, general"", ""Literature & Fiction"", ""Contemporary Fiction"", ""Romance""]"
9780373194452__metadata__Temporal_Context / Historical_Period / Modern,9780373194452,"Too Hard To Handle (Romance, 1445)",Metadata,Temporal_Context / Historical_Period / Modern,1,"[""gpt_oss_20b""]","[""qwen_groq"", ""gpt_oss_groq""]","[""Fiction, romance, contemporary"", ""Romance - Contemporary"", ""Romance - General"", ""Fiction"", ""Fiction - Romance"", ""Romance: Modern"", ""Romantic""]"
9780373194636__genre__Fiction / Romance,9780373194636,Cherish The Boss (The Circle K Sisters),Genre,Fiction / Romance,1,"[""gpt_oss_20b""]","[""qwen_groq"", ""gpt_oss_groq""]","[""Fiction, romance, general"", ""Romance - Contemporary"", ""Romance - General"", ""Fiction"", ""Fiction - Romance"", ""Romance: Modern"", ""Romance"", ""Contemporary""]"
9780373194636__genre__Fiction / Romance / General Romance,9780373194636,Cherish The Boss (The Circle K Sisters),Genre,Fiction / Romance / General Romance,1,"[""gpt_oss_groq""]","[""qwen_groq"", ""gpt_oss_20b""]","[""Fiction, romance, general"", ""Romance - Contemporary"", ""Romance - General"", ""Fiction"", ""Fiction - Romance"", ""Romance: Modern"", ""Romance"", ""Contemporary""]"
9780373194636__genre__Fiction / Romance / General Romance / Romance,9780373194636,Cherish The Boss (The Circle K Sisters),Genre,Fiction / Romance / General Romance / Romance,2,"[""qwen_groq"", ""gpt_oss_20b""]","[""gpt_oss_groq""]","[""Fiction, romance, general"", ""Romance - Contemporary"", ""Romance - General"", ""Fiction"", ""Fiction - Romance"", ""Romance: Modern"", ""Romance"", ""Contemporary""]"
9780373194636__metadata__Temporal_Context / Historical_Period / Modern,9780373194636,Cherish The Boss (The Circle K Sisters),Metadata,Temporal_Context / Historical_Period / Modern,1,"[""gpt_oss_20b""]","[""qwen_groq"", ""gpt_oss_groq""]","[""Fiction, romance, general"", ""Romance - Contemporary"", ""Romance - General"", ""Fiction"", ""Fiction - Romance"", ""Romance: Modern"", ""Romance"", ""Contemporary""]"
9780373194636__metadata__Temporal_Context / Publication_Period / Contemporary_Publication,9780373194636,Cherish The Boss (The Circle K Sisters),Metadata,Temporal_Context / Publication_Period / Contemporary_Publication,1,"[""gpt_oss_20b""]","[""qwen_groq"", ""gpt_oss_groq""]","[""Fiction, romance, general"", ""Romance - Contemporary"", ""Romance - General"", ""Fiction"", ""Fiction - Romance"", ""Romance: Modern"", ""Romance"", ""Contemporary""]"
9780373201389__metadata__Temporal_Context / Historical_Period / Modern,9780373201389,Rocky Mountain Men (By Request) (Harlequin by Request),Metadata,Temporal_Context / Historical_Period / Modern,1,"[""gpt_oss_20b""]","[""qwen_groq"", ""gpt_oss_groq""]","[""Fiction, general"", ""Romance fiction"", ""Romance - Contemporary"", ""Fiction - Romance"", ""Romance: Modern"", ""Romance"", ""Contemporary"", ""Fiction""]"
9780373222506__genre__Fiction,9780373222506,Haunted,Genre,Fiction,1,"[""gpt_oss_groq""]","[""qwen_groq"", ""gpt_oss_20b""]","[""Halloween stories"", ""Fiction, mystery & detective, general"", ""Mystery & Detective - General"", ""Fiction"", ""Fiction - Mystery/ Detective"", ""Romance"", ""Contemporary""]"
9780373222506__metadata__Character_and_Representation_Metadata / Protagonist_Profile / Role_Profile / Detective,9780373222506,Haunted,Metadata,Character_and_Representation_Metadata / Protagonist_Profile / Role_Profile / Detective,2,"[""gpt_oss_groq"", ""gpt_oss_20b""]","[""qwen_groq""]","[""Halloween stories"", ""Fiction, mystery & detective, general"", ""Mystery & Detective - General"", ""Fiction"", ""Fiction - Mystery/ Detective"", ""Romance"", ""Contemporary""]"
9780373222544__genre__Fiction / Romance / General Romance,9780373222544,Santa Claus Is Coming,Genre,Fiction / Romance / General Romance,1,"[""gpt_oss_groq""]","[""qwen_groq"", ""gpt_oss_20b""]","[""Fiction"", ""Holiday"", ""Christmas"", ""Romance - General""]"
9780373222544__genre__Fiction / Romance / General Romance / Romance,9780373222544,Santa Claus Is Coming,Genre,Fiction / Romance / General Romance / Romance,2,"[""qwen_groq"", ""gpt_oss_20b""]","[""gpt_oss_groq""]","[""Fiction"", ""Holiday"", ""Christmas"", ""Romance - General""]"
9780373222582__genre__Fiction / Romance / General Romance,9780373222582,Simon Says,Genre,Fiction / Romance / General Romance,2,"[""gpt_oss_groq"", ""gpt_oss_20b""]","[""qwen_groq""]","[""Fiction"", ""Fiction - Romance"", ""Romance - General"", ""Literature & Fiction""]"
9780373222582__genre__Fiction / Romance / General Romance / Romance,9780373222582,Simon Says,Genre,Fiction / Romance / General Romance / Romance,1,"[""qwen_groq""]","[""gpt_oss_groq"", ""gpt_oss_20b""]","[""Fiction"", ""Fiction - Romance"", ""Romance - General"", ""Literature & Fiction""]"
9780373224708__genre__Fiction / Mystery,9780373224708,"Missing Hour (Intrigue , No 470)",Genre,Fiction / Mystery,1,"[""gpt_oss_20b""]","[""qwen_groq"", ""gpt_oss_groq""]","[""Romance"", ""Fiction - Romance"", ""Romance - Contemporary"", ""Contemporary Fiction"", ""Mystery & Detective - General""]"
9780373224708__genre__Fiction / Mystery / Detective Mystery,9780373224708,"Missing Hour (Intrigue , No 470)",Genre,Fiction / Mystery / Detective Mystery,2,"[""qwen_groq"", ""gpt_oss_groq""]","[""gpt_oss_20b""]","[""Romance"", ""Fiction - Romance"", ""Romance - Contemporary"", ""Contemporary Fiction"", ""Mystery & Detective - General""]"
9780373224708__genre__Fiction / Romance,9780373224708,"Missing Hour (Intrigue , No 470)",Genre,Fiction / Romance,1,"[""gpt_oss_groq""]","[""qwen_groq"", ""gpt_oss_20b""]","[""Romance"", ""Fiction - Romance"", ""Romance - Contemporary"", ""Contemporary Fiction"", ""Mystery & Detective - General""]"
9780373224708__genre__Fiction / Romance / General Romance / Romance,9780373224708,"Missing Hour (Intrigue , No 470)",Genre,Fiction / Romance / General Romance / Romance,2,"[""qwen_groq"", ""gpt_oss_20b""]","[""gpt_oss_groq""]","[""Romance"", ""Fiction - Romance"", ""Romance - Contemporary"", ""Contemporary Fiction"", ""Mystery & Detective - General""]"
9780373224708__metadata__Temporal_Context / Publication_Period / Contemporary_Publication,9780373224708,"Missing Hour (Intrigue , No 470)",Metadata,Temporal_Context / Publication_Period / Contemporary_Publication,1,"[""gpt_oss_20b""]","[""qwen_groq"", ""gpt_oss_groq""]","[""Romance"", ""Fiction - Romance"", ""Romance - Contemporary"", ""Contemporary Fiction"", ""Mystery & Detective - General""]"
9780373224753__genre__Fiction / Romance,9780373224753,Fugitive Father,Genre,Fiction / Romance,2,"[""gpt_oss_groq"", ""gpt_oss_20b""]","[""qwen_groq""]","[""Fiction, suspense"", ""Fiction, thrillers, suspense"", ""Romance"", ""Fiction"", ""Fiction - Romance"", ""Literature & Fiction""]"
9780373224753__genre__Fiction / Romance / General Romance / Romance,9780373224753,Fugitive Father,Genre,Fiction / Romance / General Romance / Romance,1,"[""qwen_groq""]","[""gpt_oss_groq"", ""gpt_oss_20b""]","[""Fiction, suspense"", ""Fiction, thrillers, suspense"", ""Romance"", ""Fiction"", ""Fiction - Romance"", ""Literature & Fiction""]"
9780373224753__genre__Fiction / Suspense,9780373224753,Fugitive Father,Genre,Fiction / Suspense,1,"[""gpt_oss_20b""]","[""qwen_groq"", ""gpt_oss_groq""]","[""Fiction, suspense"", ""Fiction, thrillers, suspense"", ""Romance"", ""Fiction"", ""Fiction - Romance"", ""Literature & Fiction""]"
9780373224753__genre__Fiction / Suspense / Suspense Fiction,9780373224753,Fugitive Father,Genre,Fiction / Suspense / Suspense Fiction,1,"[""gpt_oss_groq""]","[""qwen_groq"", ""gpt_oss_20b""]","[""Fiction, suspense"", ""Fiction, thrillers, suspense"", ""Romance"", ""Fiction"", ""Fiction - Romance"", ""Literature & Fiction""]"
9780373224753__genre__Fiction / Suspense / Suspense Fiction / Suspense Fiction,9780373224753,Fugitive Father,Genre,Fiction / Suspense / Suspense Fiction / Suspense Fiction,1,"[""qwen_groq""]","[""gpt_oss_groq"", ""gpt_oss_20b""]","[""Fiction, suspense"", ""Fiction, thrillers, suspense"", ""Romance"", ""Fiction"", ""Fiction - Romance"", ""Literature & Fiction""]"
9780373224951__genre__Fiction / Romance / General Romance,9780373224951,All I Want for Christmas,Genre,Fiction / Romance / General Romance,1,"[""gpt_oss_groq""]","[""qwen_groq"", ""gpt_oss_20b""]","[""Fiction, general"", ""Romance"", ""Fiction"", ""Fiction - Romance"", ""Romance: Modern"", ""Romance - General"", ""Romance - Contemporary"", ""Christmas"", ""Literature & Fiction"", ""Genre Fiction"", ""Holidays""]"
9780373224951__genre__Fiction / Romance / General Romance / Romance,9780373224951,All I Want for Christmas,Genre,Fiction / Romance / General Romance / Romance,2,"[""qwen_groq"", ""gpt_oss_20b""]","[""gpt_oss_groq""]","[""Fiction, general"", ""Romance"", ""Fiction"", ""Fiction - Romance"", ""Romance: Modern"", ""Romance - General"", ""Romance - Contemporary"", ""Christmas"", ""Literature & Fiction"", ""Genre Fiction"", ""Holidays""]"
9780373224951__metadata__Temporal_Context / Historical_Period / Contemporary,9780373224951,All I Want for Christmas,Metadata,Temporal_Context / Historical_Period / Contemporary,2,"[""qwen_groq"", ""gpt_oss_groq""]","[""gpt_oss_20b""]","[""Fiction, general"", ""Romance"", ""Fiction"", ""Fiction - Romance"", ""Romance: Modern"", ""Romance - General"", ""Romance - Contemporary"", ""Christmas"", ""Literature & Fiction"", ""Genre Fiction"", ""Holidays""]"
9780373224951__metadata__Temporal_Context / Historical_Period / Modern,9780373224951,All I Want for Christmas,Metadata,Temporal_Context / Historical_Period / Modern,1,"[""gpt_oss_20b""]","[""qwen_groq"", ""gpt_oss_groq""]","[""Fiction, general"", ""Romance"", ""Fiction"", ""Fiction - Romance"", ""Romance: Modern"", ""Romance - General"", ""Romance - Contemporary"", ""Christmas"", ""Literature & Fiction"", ""Genre Fiction"", ""Holidays""]"
9780373225231__genre__Fiction / Crime Fiction / General Crime Fiction / Crime Fiction,9780373225231,Her Eyewitness,Genre,Fiction / Crime Fiction / General Crime Fiction / Crime Fiction,1,"[""gpt_oss_20b""]","[""qwen_groq"", ""gpt_oss_groq""]","[""Romance"", ""Fiction - Romance"", ""Romance - Contemporary"", ""Mystery, Thriller & Suspense"", ""Thrillers & Suspense"", ""Crime"", ""Murder""]"
9780373225231__genre__Fiction / Mystery,9780373225231,Her Eyewitness,Genre,Fiction / Mystery,1,"[""gpt_oss_20b""]","[""qwen_groq"", ""gpt_oss_groq""]","[""Romance"", ""Fiction - Romance"", ""Romance - Contemporary"", ""Mystery, Thriller & Suspense"", ""Thrillers & Suspense"", ""Crime"", ""Murder""]"
9780373225231__genre__Fiction / Romance,9780373225231,Her Eyewitness,Genre,Fiction / Romance,1,"[""gpt_oss_groq""]","[""qwen_groq"", ""gpt_oss_20b""]","[""Romance"", ""Fiction - Romance"", ""Romance - Contemporary"", ""Mystery, Thriller & Suspense"", ""Thrillers & Suspense"", ""Crime"", ""Murder""]"
9780373225231__genre__Fiction / Romance / General Romance / Romance,9780373225231,Her Eyewitness,Genre,Fiction / Romance / General Romance / Romance,2,"[""qwen_groq"", ""gpt_oss_20b""]","[""gpt_oss_groq""]","[""Romance"", ""Fiction - Romance"", ""Romance - Contemporary"", ""Mystery, Thriller & Suspense"", ""Thrillers & Suspense"", ""Crime"", ""Murder""]"
9780373225231__genre__Fiction / Suspense,9780373225231,Her Eyewitness,Genre,Fiction / Suspense,1,"[""gpt_oss_groq""]","[""qwen_groq"", ""gpt_oss_20b""]","[""Romance"", ""Fiction - Romance"", ""Romance - Contemporary"", ""Mystery, Thriller & Suspense"", ""Thrillers & Suspense"", ""Crime"", ""Murder""]"
9780373225231__genre__Fiction / Suspense / Suspense Fiction / Suspense Fiction,9780373225231,Her Eyewitness,Genre,Fiction / Suspense / Suspense Fiction / Suspense Fiction,2,"[""qwen_groq"", ""gpt_oss_20b""]","[""gpt_oss_groq""]","[""Romance"", ""Fiction - Romance"", ""Romance - Contemporary"", ""Mystery, Thriller & Suspense"", ""Thrillers & Suspense"", ""Crime"", ""Murder""]"
9780373225231__genre__Fiction / Thriller,9780373225231,Her Eyewitness,Genre,Fiction / Thriller,1,"[""gpt_oss_groq""]","[""qwen_groq"", ""gpt_oss_20b""]","[""Romance"", ""Fiction - Romance"", ""Romance - Contemporary"", ""Mystery, Thriller & Suspense"", ""Thrillers & Suspense"", ""Crime"", ""Murder""]"
9780373225231__metadata__Thematic_Metadata / Conflict_and_Event_Themes / Crime_and_Justice / Crime,9780373225231,Her Eyewitness,Metadata,Thematic_Metadata / Conflict_and_Event_Themes / Crime_and_Justice / Crime,1,"[""qwen_groq""]","[""gpt_oss_groq"", ""gpt_oss_20b""]","[""Romance"", ""Fiction - Romance"", ""Romance - Contemporary"", ""Mystery, Thriller & Suspense"", ""Thrillers & Suspense"", ""Crime"", ""Murder""]"
9780373225590__genre__Fiction / Romance / General Romance,9780373225590,"Heart Of A Lawman (Sons Of Silver Springs) (Intrigue, 559)",Genre,Fiction / Romance / General Romance,1,"[""gpt_oss_groq""]","[""qwen_groq"", ""gpt_oss_20b""]","[""Romance"", ""Romantic Suspense"", ""Suspense"", ""Fiction - Romance""]"
9780373225590__genre__Fiction / Romance / General Romance / Romance,9780373225590,"Heart Of A Lawman (Sons Of Silver Springs) (Intrigue, 559)",Genre,Fiction / Romance / General Romance / Romance,2,"[""qwen_groq"", ""gpt_oss_20b""]","[""gpt_oss_groq""]","[""Romance"", ""Romantic Suspense"", ""Suspense"", ""Fiction - Romance""]"
9780373225590__genre__Fiction / Suspense / Suspense Fiction,9780373225590,"Heart Of A Lawman (Sons Of Silver Springs) (Intrigue, 559)",Genre,Fiction / Suspense / Suspense Fiction,1,"[""gpt_oss_groq""]","[""qwen_groq"", ""gpt_oss_20b""]","[""Romance"", ""Romantic Suspense"", ""Suspense"", ""Fiction - Romance""]"
9780373225590__genre__Fiction / Suspense / Suspense Fiction / Suspense Fiction,9780373225590,"Heart Of A Lawman (Sons Of Silver Springs) (Intrigue, 559)",Genre,Fiction / Suspense / Suspense Fiction / Suspense Fiction,2,"[""qwen_groq"", ""gpt_oss_20b""]","[""gpt_oss_groq""]","[""Romance"", ""Romantic Suspense"", ""Suspense"", ""Fiction - Romance""]"
9780373241347__genre__Fiction / Literary Fiction / General Literary Fiction / Contemporary Fiction,9780373241347,Just Jessie (Women To Watch),Genre,Fiction / Literary Fiction / General Literary Fiction / Contemporary Fiction,1,"[""qwen_groq""]","[""gpt_oss_groq"", ""gpt_oss_20b""]","[""Fiction"", ""Romance"", ""Fiction - Romance"", ""Romance - General"", ""Contemporary Fiction""]"
9780373241347__genre__Fiction / Romance / General Romance,9780373241347,Just Jessie (Women To Watch),Genre,Fiction / Romance / General Romance,1,"[""gpt_oss_groq""]","[""qwen_groq"", ""gpt_oss_20b""]","[""Fiction"", ""Romance"", ""Fiction - Romance"", ""Romance - General"", ""Contemporary Fiction""]"
9780373241347__genre__Fiction / Romance / General Romance / Romance,9780373241347,Just Jessie (Women To Watch),Genre,Fiction / Romance / General Romance / Romance,2,"[""qwen_groq"", ""gpt_oss_20b""]","[""gpt_oss_groq""]","[""Fiction"", ""Romance"", ""Fiction - Romance"", ""Romance - General"", ""Contemporary Fiction""]"
9780373242627__genre__Fiction / Literary Fiction / General Literary Fiction / Contemporary Fiction,9780373242627,Most Eligible M D (The Bachelor Bet),Genre,Fiction / Literary Fiction / General Literary Fiction / Contemporary Fiction,1,"[""gpt_oss_20b""]","[""qwen_groq"", ""gpt_oss_groq""]","[""Romance"", ""Romance - Contemporary"", ""Contemporary Fiction""]"
9780373242627__metadata__Temporal_Context / Publication_Period / Contemporary_Publication,9780373242627,Most Eligible M D (The Bachelor Bet),Metadata,Temporal_Context / Publication_Period / Contemporary_Publication,1,"[""gpt_oss_20b""]","[""qwen_groq"", ""gpt_oss_groq""]","[""Romance"", ""Romance - Contemporary"", ""Contemporary Fiction""]"
9780373242726__genre__Fiction / Literary Fiction / General Literary Fiction / Contemporary Fiction,9780373242726,Cowboy'S Code,Genre,Fiction / Literary Fiction / General Literary Fiction / Contemporary Fiction,1,"[""gpt_oss_groq""]","[""qwen_groq"", ""gpt_oss_20b""]","[""Romance"", ""Fiction - Romance"", ""Romance - Contemporary"", ""Literature & Fiction""]"
9780373242726__genre__Fiction / Romance,9780373242726,Cowboy'S Code,Genre,Fiction / Romance,1,"[""gpt_oss_groq""]","[""qwen_groq"", ""gpt_oss_20b""]","[""Romance"", ""Fiction - Romance"", ""Romance - Contemporary"", ""Literature & Fiction""]"
9780373242726__genre__Fiction / Romance / General Romance / Romance,9780373242726,Cowboy'S Code,Genre,Fiction / Romance / General Romance / Romance,2,"[""qwen_groq"", ""gpt_oss_20b""]","[""gpt_oss_groq""]","[""Romance"", ""Fiction - Romance"", ""Romance - Contemporary"", ""Literature & Fiction""]"
9780373242726__metadata__Temporal_Context / Publication_Period / Contemporary_Publication,9780373242726,Cowboy'S Code,Metadata,Temporal_Context / Publication_Period / Contemporary_Publication,1,"[""gpt_oss_groq""]","[""qwen_groq"", ""gpt_oss_20b""]","[""Romance"", ""Fiction - Romance"", ""Romance - Contemporary"", ""Literature & Fiction""]"
9780373243112__genre__Fiction / Romance / General Romance,9780373243112,Cowboy's Caress (A Ranching Family),Genre,Fiction / Romance / General Romance,1,"[""gpt_oss_groq""]","[""qwen_groq"", ""gpt_oss_20b""]","[""Fiction, romance, general"", ""Single fathers"", ""Fiction"", ""Romance"", ""Romance - Contemporary"", ""Fiction - Romance"", ""Family Life""]"
9780373243112__genre__Fiction / Romance / General Romance / Romance,9780373243112,Cowboy's Caress (A Ranching Family),Genre,Fiction / Romance / General Romance / Romance,2,"[""qwen_groq"", ""gpt_oss_20b""]","[""gpt_oss_groq""]","[""Fiction, romance, general"", ""Single fathers"", ""Fiction"", ""Romance"", ""Romance - Contemporary"", ""Fiction - Romance"", ""Family Life""]"
9780373243112__metadata__Character_and_Representation_Metadata / Protagonist_Profile / Group_Profile / Family-Centered,9780373243112,Cowboy's Caress (A Ranching Family),Metadata,Character_and_Representation_Metadata / Protagonist_Profile / Group_Profile / Family-Centered,1,"[""gpt_oss_groq""]","[""qwen_groq"", ""gpt_oss_20b""]","[""Fiction, romance, general"", ""Single fathers"", ""Fiction"", ""Romance"", ""Romance - Contemporary"", ""Fiction - Romance"", ""Family Life""]"
9780373243112__metadata__Temporal_Context / Historical_Period / Contemporary,9780373243112,Cowboy's Caress (A Ranching Family),Metadata,Temporal_Context / Historical_Period / Contemporary,2,"[""qwen_groq"", ""gpt_oss_groq""]","[""gpt_oss_20b""]","[""Fiction, romance, general"", ""Single fathers"", ""Fiction"", ""Romance"", ""Romance - Contemporary"", ""Fiction - Romance"", ""Family Life""]"
9780373243266__genre__Fiction / Literary Fiction / General Literary Fiction / Contemporary Fiction,9780373243266,Wild Mustang,Genre,Fiction / Literary Fiction / General Literary Fiction / Contemporary Fiction,1,"[""qwen_groq""]","[""gpt_oss_groq"", ""gpt_oss_20b""]","[""Romance"", ""Fiction - Romance"", ""Romance - Contemporary"", ""Contemporary Fiction""]"
9780373243266__genre__Fiction / Romance,9780373243266,Wild Mustang,Genre,Fiction / Romance,1,"[""gpt_oss_groq""]","[""qwen_groq"", ""gpt_oss_20b""]","[""Romance"", ""Fiction - Romance"", ""Romance - Contemporary"", ""Contemporary Fiction""]"
9780373243266__genre__Fiction / Romance / General Romance / Romance,9780373243266,Wild Mustang,Genre,Fiction / Romance / General Romance / Romance,2,"[""qwen_groq"", ""gpt_oss_20b""]","[""gpt_oss_groq""]","[""Romance"", ""Fiction - Romance"", ""Romance - Contemporary"", ""Contemporary Fiction""]"
9780373251988__genre__Fiction / Romance,9780373251988,Straight from the Heart,Genre,Fiction / Romance,1,"[""gpt_oss_20b""]","[""qwen_groq"", ""gpt_oss_groq""]","[""Fiction"", ""Romance"", ""Contemporary Romance"", ""Contemporary"", ""Large type books""]"
9780373251988__genre__Fiction / Romance / General Romance / Romance,9780373251988,Straight from the Heart,Genre,Fiction / Romance / General Romance / Romance,2,"[""qwen_groq"", ""gpt_oss_groq""]","[""gpt_oss_20b""]","[""Fiction"", ""Romance"", ""Contemporary Romance"", ""Contemporary"", ""Large type books""]"
9780373252992__genre__Fiction / Romance / General Romance / Romance,9780373252992,T.L.C.,Genre,Fiction / Romance / General Romance / Romance,2,"[""qwen_groq"", ""gpt_oss_groq""]","[""gpt_oss_20b""]","[""Fiction"", ""Romance"", ""Contemporary Romance"", ""Contemporary"", ""Chick Lit"", ""Adult"", ""Women graduate students"", ""Physicians"", ""New york (state), fiction""]"
9780373252992__genre__Fiction / Romance / Relationship Trope Romance / Workplace Romance,9780373252992,T.L.C.,Genre,Fiction / Romance / Relationship Trope Romance / Workplace Romance,1,"[""gpt_oss_20b""]","[""qwen_groq"", ""gpt_oss_groq""]","[""Fiction"", ""Romance"", ""Contemporary Romance"", ""Contemporary"", ""Chick Lit"", ""Adult"", ""Women graduate students"", ""Physicians"", ""New york (state), fiction""]"
9780373255252__genre__Fiction / Romance / General Romance,9780373255252,Perfect Husband,Genre,Fiction / Romance / General Romance,1,"[""gpt_oss_groq""]","[""qwen_groq"", ""gpt_oss_20b""]","[""Fiction, general"", ""Romance - General"", ""Fiction"", ""Romance""]"
9780373255252__genre__Fiction / Romance / General Romance / Romance,9780373255252,Perfect Husband,Genre,Fiction / Romance / General Romance / Romance,2,"[""qwen_groq"", ""gpt_oss_20b""]","[""gpt_oss_groq""]","[""Fiction, general"", ""Romance - General"", ""Fiction"", ""Romance""]"
9780373258352__genre__Fiction / Romance / General Romance,9780373258352,While He Was Sleeping,Genre,Fiction / Romance / General Romance,1,"[""gpt_oss_groq""]","[""qwen_groq"", ""gpt_oss_20b""]","[""Fiction"", ""Contemporary romance"", ""Private investigators"", ""Harlequin Temptation"", ""The Wrong Bed series"", ""Fiction, romance, general"", ""Romance - General"", ""Romance - Contemporary"", ""Fiction - Romance"", ""Romance"", ""Romantic""]"
9780373258352__genre__Fiction / Romance / General Romance / Romance,9780373258352,While He Was Sleeping,Genre,Fiction / Romance / General Romance / Romance,2,"[""qwen_groq"", ""gpt_oss_20b""]","[""gpt_oss_groq""]","[""Fiction"", ""Contemporary romance"", ""Private investigators"", ""Harlequin Temptation"", ""The Wrong Bed series"", ""Fiction, romance, general"", ""Romance - General"", ""Romance - Contemporary"", ""Fiction - Romance"", ""Romance"", ""Romantic""]"
9780373258352__metadata__Temporal_Context / Publication_Period / Contemporary_Publication,9780373258352,While He Was Sleeping,Metadata,Temporal_Context / Publication_Period / Contemporary_Publication,1,"[""gpt_oss_20b""]","[""qwen_groq"", ""gpt_oss_groq""]","[""Fiction"", ""Contemporary romance"", ""Private investigators"", ""Harlequin Temptation"", ""The Wrong Bed series"", ""Fiction, romance, general"", ""Romance - General"", ""Romance - Contemporary"", ""Fiction - Romance"", ""Romance"", ""Romantic""]"
9780373258499__genre__Fiction / Romance,9780373258499,"The Littlest Stowaway (Bachelors & Babies, Book 2)",Genre,Fiction / Romance,1,"[""gpt_oss_20b""]","[""qwen_groq"", ""gpt_oss_groq""]","[""Fiction"", ""Romance"", ""Contemporary"", ""Abandoned children"", ""Air pilots""]"
9780373258499__genre__Fiction / Romance / General Romance,9780373258499,"The Littlest Stowaway (Bachelors & Babies, Book 2)",Genre,Fiction / Romance / General Romance,1,"[""gpt_oss_groq""]","[""qwen_groq"", ""gpt_oss_20b""]","[""Fiction"", ""Romance"", ""Contemporary"", ""Abandoned children"", ""Air pilots""]"
9780373258499__genre__Fiction / Romance / General Romance / Romance,9780373258499,"The Littlest Stowaway (Bachelors & Babies, Book 2)",Genre,Fiction / Romance / General Romance / Romance,1,"[""qwen_groq""]","[""gpt_oss_groq"", ""gpt_oss_20b""]","[""Fiction"", ""Romance"", ""Contemporary"", ""Abandoned children"", ""Air pilots""]"
9780373270347__genre__Fiction,9780373270347,Sharing the Darkness,Genre,Fiction,1,"[""qwen_groq""]","[""gpt_oss_groq"", ""gpt_oss_20b""]","[""Fiction"", ""Paranormal romance"", ""Gothic"", ""telekinesis"", ""clairvoyance"", ""telepathy"", ""single mother"", ""Parapsychology"", ""Romance"", ""Paranormal"", ""Horror"", ""Ghosts""]"
9780373270347__genre__Fiction / Horror / Gothic Horror / Gothic Fiction,9780373270347,Sharing the Darkness,Genre,Fiction / Horror / Gothic Horror / Gothic Fiction,2,"[""qwen_groq"", ""gpt_oss_groq""]","[""gpt_oss_20b""]","[""Fiction"", ""Paranormal romance"", ""Gothic"", ""telekinesis"", ""clairvoyance"", ""telepathy"", ""single mother"", ""Parapsychology"", ""Romance"", ""Paranormal"", ""Horror"", ""Ghosts""]"
9780373270347__genre__Fiction / Horror / Supernatural Horror / Gothic,9780373270347,Sharing the Darkness,Genre,Fiction / Horror / Supernatural Horror / Gothic,1,"[""gpt_oss_20b""]","[""qwen_groq"", ""gpt_oss_groq""]","[""Fiction"", ""Paranormal romance"", ""Gothic"", ""telekinesis"", ""clairvoyance"", ""telepathy"", ""single mother"", ""Parapsychology"", ""Romance"", ""Paranormal"", ""Horror"", ""Ghosts""]"
9780373270347__genre__Fiction / Romance,9780373270347,Sharing the Darkness,Genre,Fiction / Romance,1,"[""qwen_groq""]","[""gpt_oss_groq"", ""gpt_oss_20b""]","[""Fiction"", ""Paranormal romance"", ""Gothic"", ""telekinesis"", ""clairvoyance"", ""telepathy"", ""single mother"", ""Parapsychology"", ""Romance"", ""Paranormal"", ""Horror"", ""Ghosts""]"
9780373270347__genre__Fiction / Romance / General Romance,9780373270347,Sharing the Darkness,Genre,Fiction / Romance / General Romance,1,"[""gpt_oss_groq""]","[""qwen_groq"", ""gpt_oss_20b""]","[""Fiction"", ""Paranormal romance"", ""Gothic"", ""telekinesis"", ""clairvoyance"", ""telepathy"", ""single mother"", ""Parapsychology"", ""Romance"", ""Paranormal"", ""Horror"", ""Ghosts""]"
9780373270347__genre__Fiction / Romance / General Romance / Romance,9780373270347,Sharing the Darkness,Genre,Fiction / Romance / General Romance / Romance,1,"[""gpt_oss_20b""]","[""qwen_groq"", ""gpt_oss_groq""]","[""Fiction"", ""Paranormal romance"", ""Gothic"", ""telekinesis"", ""clairvoyance"", ""telepathy"", ""single mother"", ""Parapsychology"", ""Romance"", ""Paranormal"", ""Horror"", ""Ghosts""]"
9780373270958__genre__Fiction / Romance / General Romance,9780373270958,The Lawman and the Lady,Genre,Fiction / Romance / General Romance,1,"[""gpt_oss_groq""]","[""qwen_groq"", ""gpt_oss_20b""]","[""Romance"", ""Fiction - Romance"", ""Romance - General"", ""Romance - Contemporary"", ""Literature & Fiction""]"
9780373270958__genre__Fiction / Romance / General Romance / Romance,9780373270958,The Lawman and the Lady,Genre,Fiction / Romance / General Romance / Romance,2,"[""qwen_groq"", ""gpt_oss_20b""]","[""gpt_oss_groq""]","[""Romance"", ""Fiction - Romance"", ""Romance - General"", ""Romance - Contemporary"", ""Literature & Fiction""]"
9780373286232__genre__Fiction / Romance,9780373286232,Dandelion,Genre,Fiction / Romance,2,"[""qwen_groq"", ""gpt_oss_groq""]","[""gpt_oss_20b""]","[""Fiction"", ""Romance"", ""Historical""]"
9780373286232__genre__Fiction / Romance / General Romance / Romance,9780373286232,Dandelion,Genre,Fiction / Romance / General Romance / Romance,1,"[""gpt_oss_20b""]","[""qwen_groq"", ""gpt_oss_groq""]","[""Fiction"", ""Romance"", ""Historical""]"
9780373286232__metadata__Temporal_Context / Historical_Period,9780373286232,Dandelion,Metadata,Temporal_Context / Historical_Period,1,"[""gpt_oss_20b""]","[""qwen_groq"", ""gpt_oss_groq""]","[""Fiction"", ""Romance"", ""Historical""]"
9780373286874__genre__Fiction / Romance / General Romance,9780373286874,Improbable Eden,Genre,Fiction / Romance / General Romance,2,"[""gpt_oss_groq"", ""gpt_oss_20b""]","[""qwen_groq""]","[""Fiction, general"", ""Romance - General"", ""Fiction"", ""Romance"", ""Literature & Fiction""]"
9780373286874__genre__Fiction / Romance / General Romance / Romance,9780373286874,Improbable Eden,Genre,Fiction / Romance / General Romance / Romance,1,"[""qwen_groq""]","[""gpt_oss_groq"", ""gpt_oss_20b""]","[""Fiction, general"", ""Romance - General"", ""Fiction"", ""Romance"", ""Literature & Fiction""]"
9780373287147__genre__Fiction / Romance / General Romance,9780373287147,Wyoming Territory,Genre,Fiction / Romance / General Romance,1,"[""gpt_oss_groq""]","[""qwen_groq"", ""gpt_oss_20b""]","[""Fiction, general"", ""Romance - General"", ""Fiction"", ""Fiction - Romance"", ""Romance""]"
9780373287147__genre__Fiction / Romance / General Romance / Romance,9780373287147,Wyoming Territory,Genre,Fiction / Romance / General Romance / Romance,2,"[""qwen_groq"", ""gpt_oss_20b""]","[""gpt_oss_groq""]","[""Fiction, general"", ""Romance - General"", ""Fiction"", ""Fiction - Romance"", ""Romance""]"
9780373288113__genre__Fiction / Romance,9780373288113,The Heart's Desire (The Heart's series),Genre,Fiction / Romance,1,"[""gpt_oss_groq""]","[""qwen_groq"", ""gpt_oss_20b""]","[""Fiction, Romance, Historical"", ""Romance - General"", ""Fiction - Romance"", ""Historical Romance"", ""Romance"", ""Historical"", ""Regency"", ""Historical Fiction"", ""Fiction"", ""Romance: Regency""]"
9780373288113__genre__Fiction / Romance / General Romance / Romance,9780373288113,The Heart's Desire (The Heart's series),Genre,Fiction / Romance / General Romance / Romance,2,"[""qwen_groq"", ""gpt_oss_20b""]","[""gpt_oss_groq""]","[""Fiction, Romance, Historical"", ""Romance - General"", ""Fiction - Romance"", ""Historical Romance"", ""Romance"", ""Historical"", ""Regency"", ""Historical Fiction"", ""Fiction"", ""Romance: Regency""]"
9780373288113__metadata__Temporal_Context / Historical_Period,9780373288113,The Heart's Desire (The Heart's series),Metadata,Temporal_Context / Historical_Period,2,"[""qwen_groq"", ""gpt_oss_20b""]","[""gpt_oss_groq""]","[""Fiction, Romance, Historical"", ""Romance - General"", ""Fiction - Romance"", ""Historical Romance"", ""Romance"", ""Historical"", ""Regency"", ""Historical Fiction"", ""Fiction"", ""Romance: Regency""]"
9780373289097__genre__Fiction / Historical Fiction,9780373289097,Warrior's Deception,Genre,Fiction / Historical Fiction,1,"[""gpt_oss_groq""]","[""qwen_groq"", ""gpt_oss_20b""]","[""Fiction - Romance"", ""Romance"", ""Historical Romance"", ""Romance - Historical"", ""Harlequin Historical"", ""Fiction""]"
9780373289097__genre__Fiction / Romance,9780373289097,Warrior's Deception,Genre,Fiction / Romance,1,"[""gpt_oss_groq""]","[""qwen_groq"", ""gpt_oss_20b""]","[""Fiction - Romance"", ""Romance"", ""Historical Romance"", ""Romance - Historical"", ""Harlequin Historical"", ""Fiction""]"
9780373289097__genre__Fiction / Romance / General Romance,9780373289097,Warrior's Deception,Genre,Fiction / Romance / General Romance,1,"[""gpt_oss_20b""]","[""qwen_groq"", ""gpt_oss_groq""]","[""Fiction - Romance"", ""Romance"", ""Historical Romance"", ""Romance - Historical"", ""Harlequin Historical"", ""Fiction""]"
9780373289097__genre__Fiction / Romance / General Romance / Romance,9780373289097,Warrior's Deception,Genre,Fiction / Romance / General Romance / Romance,1,"[""qwen_groq""]","[""gpt_oss_groq"", ""gpt_oss_20b""]","[""Fiction - Romance"", ""Romance"", ""Historical Romance"", ""Romance - Historical"", ""Harlequin Historical"", ""Fiction""]"
9780373289097__metadata__Temporal_Context / Historical_Period,9780373289097,Warrior's Deception,Metadata,Temporal_Context / Historical_Period,2,"[""qwen_groq"", ""gpt_oss_20b""]","[""gpt_oss_groq""]","[""Fiction - Romance"", ""Romance"", ""Historical Romance"", ""Romance - Historical"", ""Harlequin Historical"", ""Fiction""]"
9780373289226__genre__Fiction / Romance / General Romance,9780373289226,Velvet Touch,Genre,Fiction / Romance / General Romance,1,"[""gpt_oss_groq""]","[""qwen_groq"", ""gpt_oss_20b""]","[""Fiction, general"", ""Fiction"", ""Fiction - Romance"", ""Romance - Historical"", ""Historical Romance"", ""Romance"", ""Historical"", ""Literature & Fiction"", ""Genre Fiction"", ""Romance: Regency"", ""Romance - General""]"
9780373289226__genre__Fiction / Romance / General Romance / Romance,9780373289226,Velvet Touch,Genre,Fiction / Romance / General Romance / Romance,2,"[""qwen_groq"", ""gpt_oss_20b""]","[""gpt_oss_groq""]","[""Fiction, general"", ""Fiction"", ""Fiction - Romance"", ""Romance - Historical"", ""Historical Romance"", ""Romance"", ""Historical"", ""Literature & Fiction"", ""Genre Fiction"", ""Romance: Regency"", ""Romance - General""]"
9780373289226__metadata__Temporal_Context / Historical_Period,9780373289226,Velvet Touch,Metadata,Temporal_Context / Historical_Period,2,"[""qwen_groq"", ""gpt_oss_20b""]","[""gpt_oss_groq""]","[""Fiction, general"", ""Fiction"", ""Fiction - Romance"", ""Romance - Historical"", ""Historical Romance"", ""Romance"", ""Historical"", ""Literature & Fiction"", ""Genre Fiction"", ""Romance: Regency"", ""Romance - General""]"
9780373290499__genre__Fiction / Romance / General Romance / Love Story,9780373290499,The Highlander's Maiden,Genre,Fiction / Romance / General Romance / Love Story,2,"[""qwen_groq"", ""gpt_oss_20b""]","[""gpt_oss_groq""]","[""Historical fiction"", ""Love stories"", ""Fiction, romance, general"", ""Romance: historical"", ""Fiction"", ""Fiction - Romance"", ""Romance"", ""Historical Romance"", ""Scottish"", ""Highlanders""]"
9780373290499__genre__Fiction / Romance / General Romance / Romance,9780373290499,The Highlander's Maiden,Genre,Fiction / Romance / General Romance / Romance,2,"[""qwen_groq"", ""gpt_oss_groq""]","[""gpt_oss_20b""]","[""Historical fiction"", ""Love stories"", ""Fiction, romance, general"", ""Romance: historical"", ""Fiction"", ""Fiction - Romance"", ""Romance"", ""Historical Romance"", ""Scottish"", ""Highlanders""]"
9780373290499__metadata__Temporal_Context / Historical_Period,9780373290499,The Highlander's Maiden,Metadata,Temporal_Context / Historical_Period,2,"[""qwen_groq"", ""gpt_oss_20b""]","[""gpt_oss_groq""]","[""Historical fiction"", ""Love stories"", ""Fiction, romance, general"", ""Romance: historical"", ""Fiction"", ""Fiction - Romance"", ""Romance"", ""Historical Romance"", ""Scottish"", ""Highlanders""]"
9780373291076__genre__Fiction / Romance,9780373291076,The Conqueror (Knights of The Black Rose),Genre,Fiction / Romance,2,"[""qwen_groq"", ""gpt_oss_groq""]","[""gpt_oss_20b""]","[""Fiction, romance, historical"", ""Fiction, romance, historical, general"", ""Romance - Historical"", ""Historical Romance"", ""Romance"", ""Historical"", ""Medieval"", ""Fiction - Romance"", ""Fiction""]"
9780373291076__genre__Fiction / Romance / General Romance / Romance,9780373291076,The Conqueror (Knights of The Black Rose),Genre,Fiction / Romance / General Romance / Romance,1,"[""gpt_oss_20b""]","[""qwen_groq"", ""gpt_oss_groq""]","[""Fiction, romance, historical"", ""Fiction, romance, historical, general"", ""Romance - Historical"", ""Historical Romance"", ""Romance"", ""Historical"", ""Medieval"", ""Fiction - Romance"", ""Fiction""]"
9780373510122__genre__Fiction / Romance / General Romance,9780373510122,"Playing The Odds (Nora Roberts: Language of Love, No 12)",Genre,Fiction / Romance / General Romance,1,"[""gpt_oss_groq""]","[""qwen_groq"", ""gpt_oss_20b""]","[""Fiction"", ""Contemporary Romance"", ""Romance"", ""Contemporary"", ""Women's Fiction"", ""Large type books"", ""Blackjack"", ""Card dealers"", ""Gamblers"", ""Cruise ships"", ""Language of Love series"", ""The MacGregors series"", ""Macgregor family"", ""Silhouette Special Edition"", ""Harlequin"", ""Adult""]"
9780373510122__genre__Fiction / Romance / General Romance / Romance,9780373510122,"Playing The Odds (Nora Roberts: Language of Love, No 12)",Genre,Fiction / Romance / General Romance / Romance,2,"[""qwen_groq"", ""gpt_oss_20b""]","[""gpt_oss_groq""]","[""Fiction"", ""Contemporary Romance"", ""Romance"", ""Contemporary"", ""Women's Fiction"", ""Large type books"", ""Blackjack"", ""Card dealers"", ""Gamblers"", ""Cruise ships"", ""Language of Love series"", ""The MacGregors series"", ""Macgregor family"", ""Silhouette Special Edition"", ""Harlequin"", ""Adult""]"
9780373510122__metadata__Audience / Age_Group / Adult,9780373510122,"Playing The Odds (Nora Roberts: Language of Love, No 12)",Metadata,Audience / Age_Group / Adult,2,"[""gpt_oss_groq"", ""gpt_oss_20b""]","[""qwen_groq""]","[""Fiction"", ""Contemporary Romance"", ""Romance"", ""Contemporary"", ""Women's Fiction"", ""Large type books"", ""Blackjack"", ""Card dealers"", ""Gamblers"", ""Cruise ships"", ""Language of Love series"", ""The MacGregors series"", ""Macgregor family"", ""Silhouette Special Edition"", ""Harlequin"", ""Adult""]"
9780373510122__metadata__Audience / Age_Group / Adult / General Adult Audience,9780373510122,"Playing The Odds (Nora Roberts: Language of Love, No 12)",Metadata,Audience / Age_Group / Adult / General Adult Audience,1,"[""qwen_groq""]","[""gpt_oss_groq"", ""gpt_oss_20b""]","[""Fiction"", ""Contemporary Romance"", ""Romance"", ""Contemporary"", ""Women's Fiction"", ""Large type books"", ""Blackjack"", ""Card dealers"", ""Gamblers"", ""Cruise ships"", ""Language of Love series"", ""The MacGregors series"", ""Macgregor family"", ""Silhouette Special Edition"", ""Harlequin"", ""Adult""]"
9780373510122__metadata__Character_and_Representation_Metadata / Identity_Representation / Gender_Representation / Women-Centered,9780373510122,"Playing The Odds (Nora Roberts: Language of Love, No 12)",Metadata,Character_and_Representation_Metadata / Identity_Representation / Gender_Representation / Women-Centered,1,"[""qwen_groq""]","[""gpt_oss_groq"", ""gpt_oss_20b""]","[""Fiction"", ""Contemporary Romance"", ""Romance"", ""Contemporary"", ""Women's Fiction"", ""Large type books"", ""Blackjack"", ""Card dealers"", ""Gamblers"", ""Cruise ships"", ""Language of Love series"", ""The MacGregors series"", ""Macgregor family"", ""Silhouette Special Edition"", ""Harlequin"", ""Adult""]"
9780373510122__metadata__Character_and_Representation_Metadata / Protagonist_Profile / Group_Profile / Family-Centered,9780373510122,"Playing The Odds (Nora Roberts: Language of Love, No 12)",Metadata,Character_and_Representation_Metadata / Protagonist_Profile / Group_Profile / Family-Centered,1,"[""qwen_groq""]","[""gpt_oss_groq"", ""gpt_oss_20b""]","[""Fiction"", ""Contemporary Romance"", ""Romance"", ""Contemporary"", ""Women's Fiction"", ""Large type books"", ""Blackjack"", ""Card dealers"", ""Gamblers"", ""Cruise ships"", ""Language of Love series"", ""The MacGregors series"", ""Macgregor family"", ""Silhouette Special Edition"", ""Harlequin"", ""Adult""]"
9780373510122__metadata__Series_and_Publication_Metadata / Edition_Metadata / Edition_Type,9780373510122,"Playing The Odds (Nora Roberts: Language of Love, No 12)",Metadata,Series_and_Publication_Metadata / Edition_Metadata / Edition_Type,1,"[""gpt_oss_20b""]","[""qwen_groq"", ""gpt_oss_groq""]","[""Fiction"", ""Contemporary Romance"", ""Romance"", ""Contemporary"", ""Women's Fiction"", ""Large type books"", ""Blackjack"", ""Card dealers"", ""Gamblers"", ""Cruise ships"", ""Language of Love series"", ""The MacGregors series"", ""Macgregor family"", ""Silhouette Special Edition"", ""Harlequin"", ""Adult""]"
9780373510122__metadata__Temporal_Context / Historical_Period / Contemporary,9780373510122,"Playing The Odds (Nora Roberts: Language of Love, No 12)",Metadata,Temporal_Context / Historical_Period / Contemporary,2,"[""gpt_oss_groq"", ""gpt_oss_20b""]","[""qwen_groq""]","[""Fiction"", ""Contemporary Romance"", ""Romance"", ""Contemporary"", ""Women's Fiction"", ""Large type books"", ""Blackjack"", ""Card dealers"", ""Gamblers"", ""Cruise ships"", ""Language of Love series"", ""The MacGregors series"", ""Macgregor family"", ""Silhouette Special Edition"", ""Harlequin"", ""Adult""]"
9780373510412__genre__Fiction,9780373510412,Risky Business,Genre,Fiction,1,"[""gpt_oss_20b""]","[""qwen_groq"", ""gpt_oss_groq""]","[""Fiction"", ""Love stories, American"", ""Contemporary Fiction"", ""Romance Fiction"", ""Fiction, general"", ""Romance"", ""Contemporary Romance"", ""Contemporary"", ""Businesswomen"", ""Man-woman relationships"", ""Murder"", ""Investigation"", ""Attempted murder"", ""1980s""]"
9780373510412__genre__Fiction / Crime Fiction / General Crime Fiction / Murder Fiction,9780373510412,Risky Business,Genre,Fiction / Crime Fiction / General Crime Fiction / Murder Fiction,2,"[""gpt_oss_groq"", ""gpt_oss_20b""]","[""qwen_groq""]","[""Fiction"", ""Love stories, American"", ""Contemporary Fiction"", ""Romance Fiction"", ""Fiction, general"", ""Romance"", ""Contemporary Romance"", ""Contemporary"", ""Businesswomen"", ""Man-woman relationships"", ""Murder"", ""Investigation"", ""Attempted murder"", ""1980s""]"
9780373510412__genre__Fiction / Mystery / Crime Mystery / Murder Mystery,9780373510412,Risky Business,Genre,Fiction / Mystery / Crime Mystery / Murder Mystery,1,"[""qwen_groq""]","[""gpt_oss_groq"", ""gpt_oss_20b""]","[""Fiction"", ""Love stories, American"", ""Contemporary Fiction"", ""Romance Fiction"", ""Fiction, general"", ""Romance"", ""Contemporary Romance"", ""Contemporary"", ""Businesswomen"", ""Man-woman relationships"", ""Murder"", ""Investigation"", ""Attempted murder"", ""1980s""]"
9780373510412__genre__Fiction / Romance / General Romance / Love Story,9780373510412,Risky Business,Genre,Fiction / Romance / General Romance / Love Story,2,"[""qwen_groq"", ""gpt_oss_20b""]","[""gpt_oss_groq""]","[""Fiction"", ""Love stories, American"", ""Contemporary Fiction"", ""Romance Fiction"", ""Fiction, general"", ""Romance"", ""Contemporary Romance"", ""Contemporary"", ""Businesswomen"", ""Man-woman relationships"", ""Murder"", ""Investigation"", ""Attempted murder"", ""1980s""]"
9780373510412__genre__Fiction / Romance / Relationship Trope Romance / Workplace Romance,9780373510412,Risky Business,Genre,Fiction / Romance / Relationship Trope Romance / Workplace Romance,2,"[""gpt_oss_groq"", ""gpt_oss_20b""]","[""qwen_groq""]","[""Fiction"", ""Love stories, American"", ""Contemporary Fiction"", ""Romance Fiction"", ""Fiction, general"", ""Romance"", ""Contemporary Romance"", ""Contemporary"", ""Businesswomen"", ""Man-woman relationships"", ""Murder"", ""Investigation"", ""Attempted murder"", ""1980s""]"
9780373510412__metadata__Geographical_Context / Country_or_National_Context / Country_Based_Context / American Context,9780373510412,Risky Business,Metadata,Geographical_Context / Country_or_National_Context / Country_Based_Context / American Context,2,"[""qwen_groq"", ""gpt_oss_20b""]","[""gpt_oss_groq""]","[""Fiction"", ""Love stories, American"", ""Contemporary Fiction"", ""Romance Fiction"", ""Fiction, general"", ""Romance"", ""Contemporary Romance"", ""Contemporary"", ""Businesswomen"", ""Man-woman relationships"", ""Murder"", ""Investigation"", ""Attempted murder"", ""1980s""]"
9780373510412__metadata__Thematic_Metadata / Relationship_and_Social_Themes / Love_and_Intimacy / Love,9780373510412,Risky Business,Metadata,Thematic_Metadata / Relationship_and_Social_Themes / Love_and_Intimacy / Love,1,"[""gpt_oss_20b""]","[""qwen_groq"", ""gpt_oss_groq""]","[""Fiction"", ""Love stories, American"", ""Contemporary Fiction"", ""Romance Fiction"", ""Fiction, general"", ""Romance"", ""Contemporary Romance"", ""Contemporary"", ""Businesswomen"", ""Man-woman relationships"", ""Murder"", ""Investigation"", ""Attempted murder"", ""1980s""]"
9780373614752__genre__Fiction / Action Fiction / General Action Fiction,9780373614752,Evil Alliance (Superbolan),Genre,Fiction / Action Fiction / General Action Fiction,1,"[""gpt_oss_groq""]","[""qwen_groq"", ""gpt_oss_20b""]","[""Fiction, men's adventure"", ""Bolan, mack (fictitious character), fiction"", ""Action & Adventure""]"
9780373614752__genre__Fiction / Adventure / General Adventure Fiction,9780373614752,Evil Alliance (Superbolan),Genre,Fiction / Adventure / General Adventure Fiction,1,"[""gpt_oss_groq""]","[""qwen_groq"", ""gpt_oss_20b""]","[""Fiction, men's adventure"", ""Bolan, mack (fictitious character), fiction"", ""Action & Adventure""]"
9780373614752__genre__Fiction / Adventure / General Adventure Fiction / Action Adventure,9780373614752,Evil Alliance (Superbolan),Genre,Fiction / Adventure / General Adventure Fiction / Action Adventure,2,"[""qwen_groq"", ""gpt_oss_20b""]","[""gpt_oss_groq""]","[""Fiction, men's adventure"", ""Bolan, mack (fictitious character), fiction"", ""Action & Adventure""]"
9780373614813__genre__Fiction,9780373614813,Mack Bolan,Genre,Fiction,2,"[""qwen_groq"", ""gpt_oss_20b""]","[""gpt_oss_groq""]","[""Vietnam War, 1961-1975"", ""Mack Bolan (Fictitious character)"", ""Fiction"", ""Mafia"", ""Veterans"", ""Fiction, men's adventure"", ""Fiction, action & adventure"", ""Action & Adventure""]"
9780373614837__genre__Fiction,9780373614837,Mack Bolan,Genre,Fiction,2,"[""qwen_groq"", ""gpt_oss_20b""]","[""gpt_oss_groq""]","[""Vietnam War, 1961-1975"", ""Mack Bolan (Fictitious character)"", ""Fiction"", ""Mafia"", ""Veterans"", ""Fiction, men's adventure"", ""Fiction, action & adventure"", ""Action & Adventure""]"
9780373625369__metadata__Thematic_Metadata / Knowledge_and_Idea_Themes / Science_and_Technology,9780373625369,Skydark,Metadata,Thematic_Metadata / Knowledge_and_Idea_Themes / Science_and_Technology,2,"[""gpt_oss_groq"", ""gpt_oss_20b""]","[""qwen_groq""]","[""Fiction"", ""Science fiction"", ""Post Apocalyptic"", ""Adventure"", ""Action"", ""Survivalism"", ""Literature & Fiction""]"
9780373632220__metadata__Temporal_Context / Publication_Period / Contemporary_Publication,9780373632220,Feast Or Famine,Metadata,Temporal_Context / Publication_Period / Contemporary_Publication,1,"[""gpt_oss_groq""]","[""qwen_groq"", ""gpt_oss_20b""]","[""Martial Arts"", ""Contemporary""]"
9780373638086__genre__Fiction / Science Fiction / General Science Fiction / Science Fiction,9780373638086,"Deep Trek (Earthblood #2) (Earthblood, No 2)",Genre,Fiction / Science Fiction / General Science Fiction / Science Fiction,1,"[""qwen_groq""]","[""gpt_oss_groq"", ""gpt_oss_20b""]","[""Fiction, general"", ""Post Apocalyptic"", ""Action"", ""Science Fiction""]"
9780373704569__genre__Fiction / Romance / General Romance,9780373704569,Gun-Shy,Genre,Fiction / Romance / General Romance,1,"[""gpt_oss_groq""]","[""qwen_groq"", ""gpt_oss_20b""]","[""Child witnesses"", ""Single mothers"", ""Widows"", ""Fiction"", ""Fiction, general"", ""California"", ""Romance - General"", ""Fiction - General""]"
9780373704569__genre__Fiction / Romance / General Romance / Romance,9780373704569,Gun-Shy,Genre,Fiction / Romance / General Romance / Romance,2,"[""qwen_groq"", ""gpt_oss_20b""]","[""gpt_oss_groq""]","[""Child witnesses"", ""Single mothers"", ""Widows"", ""Fiction"", ""Fiction, general"", ""California"", ""Romance - General"", ""Fiction - General""]"
9780373704569__metadata__Character_and_Representation_Metadata / Protagonist_Profile / Age_Profile / Child Protagonist,9780373704569,Gun-Shy,Metadata,Character_and_Representation_Metadata / Protagonist_Profile / Age_Profile / Child Protagonist,1,"[""gpt_oss_20b""]","[""qwen_groq"", ""gpt_oss_groq""]","[""Child witnesses"", ""Single mothers"", ""Widows"", ""Fiction"", ""Fiction, general"", ""California"", ""Romance - General"", ""Fiction - General""]"
9780373705412__genre__Fiction / Romance,9780373705412,Cradle of Dreams,Genre,Fiction / Romance,2,"[""gpt_oss_groq"", ""gpt_oss_20b""]","[""qwen_groq""]","[""Fiction"", ""Romance"", ""Contemporary""]"
9780373705412__genre__Fiction / Romance / General Romance / Romance,9780373705412,Cradle of Dreams,Genre,Fiction / Romance / General Romance / Romance,1,"[""qwen_groq""]","[""gpt_oss_groq"", ""gpt_oss_20b""]","[""Fiction"", ""Romance"", ""Contemporary""]"
9780373705412__metadata__Temporal_Context / Publication_Period / Contemporary_Publication,9780373705412,Cradle of Dreams,Metadata,Temporal_Context / Publication_Period / Contemporary_Publication,1,"[""gpt_oss_20b""]","[""qwen_groq"", ""gpt_oss_groq""]","[""Fiction"", ""Romance"", ""Contemporary""]"
9780373709823__genre__Fiction,9780373709823,Rodeo!,Genre,Fiction,1,"[""qwen_groq""]","[""gpt_oss_groq"", ""gpt_oss_20b""]","[""Rodeos"", ""Romance"", ""Cowboys"", ""Rodeo performers"", ""Fiction"", ""Contemporary""]"
9780373709823__metadata__Temporal_Context / Publication_Period / Contemporary_Publication,9780373709823,Rodeo!,Metadata,Temporal_Context / Publication_Period / Contemporary_Publication,2,"[""gpt_oss_groq"", ""gpt_oss_20b""]","[""qwen_groq""]","[""Rodeos"", ""Romance"", ""Cowboys"", ""Rodeo performers"", ""Fiction"", ""Contemporary""]"
9780373760541__genre__Fiction / Romance,9780373760541,Lovers Only,Genre,Fiction / Romance,1,"[""gpt_oss_groq""]","[""qwen_groq"", ""gpt_oss_20b""]","[""Romance"", ""Contemporary Fiction""]"
9780373760541__genre__Fiction / Romance / General Romance / Romance,9780373760541,Lovers Only,Genre,Fiction / Romance / General Romance / Romance,2,"[""qwen_groq"", ""gpt_oss_20b""]","[""gpt_oss_groq""]","[""Romance"", ""Contemporary Fiction""]"
9780373760541__metadata__Temporal_Context / Publication_Period / Contemporary_Publication,9780373760541,Lovers Only,Metadata,Temporal_Context / Publication_Period / Contemporary_Publication,1,"[""gpt_oss_20b""]","[""qwen_groq"", ""gpt_oss_groq""]","[""Romance"", ""Contemporary Fiction""]"
9780373762491__genre__Fiction / Romance / General Romance,9780373762491,Heart Of Texas (Man Of The Month/Man Of The Month Anniversary),Genre,Fiction / Romance / General Romance,1,"[""gpt_oss_groq""]","[""qwen_groq"", ""gpt_oss_20b""]","[""Fiction, romance, general"", ""Romance"", ""Contemporary""]"
9780373762491__genre__Fiction / Romance / General Romance / Romance,9780373762491,Heart Of Texas (Man Of The Month/Man Of The Month Anniversary),Genre,Fiction / Romance / General Romance / Romance,2,"[""qwen_groq"", ""gpt_oss_20b""]","[""gpt_oss_groq""]","[""Fiction, romance, general"", ""Romance"", ""Contemporary""]"
9780373762491__metadata__Temporal_Context / Publication_Period / Contemporary_Publication,9780373762491,Heart Of Texas (Man Of The Month/Man Of The Month Anniversary),Metadata,Temporal_Context / Publication_Period / Contemporary_Publication,2,"[""gpt_oss_groq"", ""gpt_oss_20b""]","[""qwen_groq""]","[""Fiction, romance, general"", ""Romance"", ""Contemporary""]"
9780373763146__genre__Fiction / Romance / General Romance / Romance,9780373763146,One Snowbound Weekend...,Genre,Fiction / Romance / General Romance / Romance,2,"[""qwen_groq"", ""gpt_oss_20b""]","[""gpt_oss_groq""]","[""Romance"", ""Second Chance"", ""Contemporary"", ""Romantic""]"
9780373763146__metadata__Temporal_Context / Publication_Period / Contemporary_Publication,9780373763146,One Snowbound Weekend...,Metadata,Temporal_Context / Publication_Period / Contemporary_Publication,1,"[""gpt_oss_20b""]","[""qwen_groq"", ""gpt_oss_groq""]","[""Romance"", ""Second Chance"", ""Contemporary"", ""Romantic""]"
9780373763191__genre__Fiction / Humor and Satire / Humorous Fiction,9780373763191,Lady With A Past,Genre,Fiction / Humor and Satire / Humorous Fiction,2,"[""qwen_groq"", ""gpt_oss_20b""]","[""gpt_oss_groq""]","[""Fiction, romance, general"", ""Literature & Fiction"", ""Humorous""]"
9780373763191__genre__Fiction / Romance / General Romance,9780373763191,Lady With A Past,Genre,Fiction / Romance / General Romance,1,"[""gpt_oss_groq""]","[""qwen_groq"", ""gpt_oss_20b""]","[""Fiction, romance, general"", ""Literature & Fiction"", ""Humorous""]"
9780373763191__genre__Fiction / Romance / General Romance / Romance,9780373763191,Lady With A Past,Genre,Fiction / Romance / General Romance / Romance,2,"[""qwen_groq"", ""gpt_oss_20b""]","[""gpt_oss_groq""]","[""Fiction, romance, general"", ""Literature & Fiction"", ""Humorous""]"
9780373763221__metadata__Temporal_Context / Publication_Period / Contemporary_Publication,9780373763221,Rancher'S Proposition,Metadata,Temporal_Context / Publication_Period / Contemporary_Publication,1,"[""gpt_oss_groq""]","[""qwen_groq"", ""gpt_oss_20b""]","[""Romance"", ""Contemporary""]"
9780373833276__genre__Fiction / Romance / General Romance,9780373833276,Love's Choices,Genre,Fiction / Romance / General Romance,1,"[""gpt_oss_groq""]","[""qwen_groq"", ""gpt_oss_20b""]","[""Fiction, romance, general"", ""Romance fiction"", ""Romance"", ""Contemporary"", ""Contemporary Romance"", ""Second Chance""]"
9780373833276__genre__Fiction / Romance / General Romance / Romance,9780373833276,Love's Choices,Genre,Fiction / Romance / General Romance / Romance,2,"[""qwen_groq"", ""gpt_oss_20b""]","[""gpt_oss_groq""]","[""Fiction, romance, general"", ""Romance fiction"", ""Romance"", ""Contemporary"", ""Contemporary Romance"", ""Second Chance""]"
9780373833276__metadata__Temporal_Context / Publication_Period / Contemporary_Publication,9780373833276,Love's Choices,Metadata,Temporal_Context / Publication_Period / Contemporary_Publication,1,"[""gpt_oss_20b""]","[""qwen_groq"", ""gpt_oss_groq""]","[""Fiction, romance, general"", ""Romance fiction"", ""Romance"", ""Contemporary"", ""Contemporary Romance"", ""Second Chance""]"
9780373880355__metadata__Audience / Age_Group / Young_Adult,9780373880355,Just Like Jessica,Metadata,Audience / Age_Group / Young_Adult,1,"[""gpt_oss_groq""]","[""qwen_groq"", ""gpt_oss_20b""]","[""Fiction"", ""Self-acceptance"", ""Sisters"", ""Children: Young Adult (Gr. 7-9)""]"
9780373880355__metadata__Audience / Age_Group / Young_Adult / Young Adult Audience,9780373880355,Just Like Jessica,Metadata,Audience / Age_Group / Young_Adult / Young Adult Audience,2,"[""qwen_groq"", ""gpt_oss_20b""]","[""gpt_oss_groq""]","[""Fiction"", ""Self-acceptance"", ""Sisters"", ""Children: Young Adult (Gr. 7-9)""]"
9780374183899__genre__Fiction / Literary Fiction / Family and Relationship Fiction / Friendship Fiction,9780374183899,Last lovers,Genre,Fiction / Literary Fiction / Family and Relationship Fiction / Friendship Fiction,1,"[""qwen_groq""]","[""gpt_oss_groq"", ""gpt_oss_20b""]","[""Fiction"", ""Blind women"", ""Painters"", ""Friendship"", ""Americans"", ""France, fiction"", ""Paris (france), fiction"", ""Fiction, general"", ""Americans -- France -- Fiction."", ""Blind women -- Fiction."", ""Friendship -- Fiction."", ""Painters -- Fiction."", ""Paris (France) -- Fiction."", ""Romance"", ""Contemporary"", ""Novels"", ""Literature & Fiction""]"
9780374183899__genre__Fiction / Literary Fiction / General Literary Fiction / Contemporary Fiction,9780374183899,Last lovers,Genre,Fiction / Literary Fiction / General Literary Fiction / Contemporary Fiction,2,"[""qwen_groq"", ""gpt_oss_groq""]","[""gpt_oss_20b""]","[""Fiction"", ""Blind women"", ""Painters"", ""Friendship"", ""Americans"", ""France, fiction"", ""Paris (france), fiction"", ""Fiction, general"", ""Americans -- France -- Fiction."", ""Blind women -- Fiction."", ""Friendship -- Fiction."", ""Painters -- Fiction."", ""Paris (France) -- Fiction."", ""Romance"", ""Contemporary"", ""Novels"", ""Literature & Fiction""]"
9780374183899__genre__Fiction / Romance,9780374183899,Last lovers,Genre,Fiction / Romance,1,"[""gpt_oss_groq""]","[""qwen_groq"", ""gpt_oss_20b""]","[""Fiction"", ""Blind women"", ""Painters"", ""Friendship"", ""Americans"", ""France, fiction"", ""Paris (france), fiction"", ""Fiction, general"", ""Americans -- France -- Fiction."", ""Blind women -- Fiction."", ""Friendship -- Fiction."", ""Painters -- Fiction."", ""Paris (France) -- Fiction."", ""Romance"", ""Contemporary"", ""Novels"", ""Literature & Fiction""]"
9780374183899__genre__Fiction / Romance / General Romance / Romance,9780374183899,Last lovers,Genre,Fiction / Romance / General Romance / Romance,2,"[""qwen_groq"", ""gpt_oss_20b""]","[""gpt_oss_groq""]","[""Fiction"", ""Blind women"", ""Painters"", ""Friendship"", ""Americans"", ""France, fiction"", ""Paris (france), fiction"", ""Fiction, general"", ""Americans -- France -- Fiction."", ""Blind women -- Fiction."", ""Friendship -- Fiction."", ""Painters -- Fiction."", ""Paris (France) -- Fiction."", ""Romance"", ""Contemporary"", ""Novels"", ""Literature & Fiction""]"
9780374183899__metadata__Temporal_Context / Historical_Period / Contemporary,9780374183899,Last lovers,Metadata,Temporal_Context / Historical_Period / Contemporary,2,"[""qwen_groq"", ""gpt_oss_20b""]","[""gpt_oss_groq""]","[""Fiction"", ""Blind women"", ""Painters"", ""Friendship"", ""Americans"", ""France, fiction"", ""Paris (france), fiction"", ""Fiction, general"", ""Americans -- France -- Fiction."", ""Blind women -- Fiction."", ""Friendship -- Fiction."", ""Painters -- Fiction."", ""Paris (France) -- Fiction."", ""Romance"", ""Contemporary"", ""Novels"", ""Literature & Fiction""]"
9780374183899__metadata__Thematic_Metadata / Relationship_and_Social_Themes / Friendship,9780374183899,Last lovers,Metadata,Thematic_Metadata / Relationship_and_Social_Themes / Friendship,1,"[""gpt_oss_groq""]","[""qwen_groq"", ""gpt_oss_20b""]","[""Fiction"", ""Blind women"", ""Painters"", ""Friendship"", ""Americans"", ""France, fiction"", ""Paris (france), fiction"", ""Fiction, general"", ""Americans -- France -- Fiction."", ""Blind women -- Fiction."", ""Friendship -- Fiction."", ""Painters -- Fiction."", ""Paris (France) -- Fiction."", ""Romance"", ""Contemporary"", ""Novels"", ""Literature & Fiction""]"
9780374183899__metadata__Thematic_Metadata / Relationship_and_Social_Themes / Friendship / Friendship,9780374183899,Last lovers,Metadata,Thematic_Metadata / Relationship_and_Social_Themes / Friendship / Friendship,2,"[""qwen_groq"", ""gpt_oss_20b""]","[""gpt_oss_groq""]","[""Fiction"", ""Blind women"", ""Painters"", ""Friendship"", ""Americans"", ""France, fiction"", ""Paris (france), fiction"", ""Fiction, general"", ""Americans -- France -- Fiction."", ""Blind women -- Fiction."", ""Friendship -- Fiction."", ""Painters -- Fiction."", ""Paris (France) -- Fiction."", ""Romance"", ""Contemporary"", ""Novels"", ""Literature & Fiction""]"
9780374311902__genre__Fiction,9780374311902,Cat and mouse in the night,Genre,Fiction,2,"[""qwen_groq"", ""gpt_oss_20b""]","[""gpt_oss_groq""]","[""Fiction"", ""Mice"", ""Cats"", ""Night"", ""Children's fiction"", ""Picture Books"", ""Children's Books"", ""Growing Up & Facts of Life"", ""Family Life"", ""Sleep""]"
9780374311902__genre__Fiction / Literary Fiction / Family and Relationship Fiction / Family Saga,9780374311902,Cat and mouse in the night,Genre,Fiction / Literary Fiction / Family and Relationship Fiction / Family Saga,1,"[""gpt_oss_groq""]","[""qwen_groq"", ""gpt_oss_20b""]","[""Fiction"", ""Mice"", ""Cats"", ""Night"", ""Children's fiction"", ""Picture Books"", ""Children's Books"", ""Growing Up & Facts of Life"", ""Family Life"", ""Sleep""]"
9780374311902__metadata__Audience / Age_Group / All_Ages / Family Audience,9780374311902,Cat and mouse in the night,Metadata,Audience / Age_Group / All_Ages / Family Audience,1,"[""gpt_oss_20b""]","[""qwen_groq"", ""gpt_oss_groq""]","[""Fiction"", ""Mice"", ""Cats"", ""Night"", ""Children's fiction"", ""Picture Books"", ""Children's Books"", ""Growing Up & Facts of Life"", ""Family Life"", ""Sleep""]"
9780374311902__metadata__Character_and_Representation_Metadata / Protagonist_Profile / Group_Profile / Family-Centered,9780374311902,Cat and mouse in the night,Metadata,Character_and_Representation_Metadata / Protagonist_Profile / Group_Profile / Family-Centered,1,"[""gpt_oss_20b""]","[""qwen_groq"", ""gpt_oss_groq""]","[""Fiction"", ""Mice"", ""Cats"", ""Night"", ""Children's fiction"", ""Picture Books"", ""Children's Books"", ""Growing Up & Facts of Life"", ""Family Life"", ""Sleep""]"
9780374413392__genre__Fiction,9780374413392,Coming About,Genre,Fiction,2,"[""qwen_groq"", ""gpt_oss_20b""]","[""gpt_oss_groq""]","[""Children's fiction"", ""Sailing, fiction"", ""Fiction"", ""Friendship"", ""Schools"", ""Children: Young Adult (Gr. 10-12)""]"
9780374413392__metadata__Audience / Age_Group / Young_Adult,9780374413392,Coming About,Metadata,Audience / Age_Group / Young_Adult,1,"[""gpt_oss_groq""]","[""qwen_groq"", ""gpt_oss_20b""]","[""Children's fiction"", ""Sailing, fiction"", ""Fiction"", ""Friendship"", ""Schools"", ""Children: Young Adult (Gr. 10-12)""]"
9780374413392__metadata__Audience / Age_Group / Young_Adult / Young Adult Audience,9780374413392,Coming About,Metadata,Audience / Age_Group / Young_Adult / Young Adult Audience,2,"[""qwen_groq"", ""gpt_oss_20b""]","[""gpt_oss_groq""]","[""Children's fiction"", ""Sailing, fiction"", ""Fiction"", ""Friendship"", ""Schools"", ""Children: Young Adult (Gr. 10-12)""]"
9780374413392__metadata__Thematic_Metadata / Relationship_and_Social_Themes / Friendship / Friendship,9780374413392,Coming About,Metadata,Thematic_Metadata / Relationship_and_Social_Themes / Friendship / Friendship,2,"[""qwen_groq"", ""gpt_oss_20b""]","[""gpt_oss_groq""]","[""Children's fiction"", ""Sailing, fiction"", ""Fiction"", ""Friendship"", ""Schools"", ""Children: Young Adult (Gr. 10-12)""]"
9780374424442__genre__Fiction,9780374424442,For the life of Laetitia,Genre,Fiction,2,"[""qwen_groq"", ""gpt_oss_20b""]","[""gpt_oss_groq""]","[""Children's fiction"", ""Schools, fiction"", ""Family life, fiction"", ""Caribbean area, fiction"", ""Coming Of Age"", ""Teen"", ""Fiction""]"
9780374424442__genre__Fiction / Drama / Social Drama / Family Drama,9780374424442,For the life of Laetitia,Genre,Fiction / Drama / Social Drama / Family Drama,1,"[""gpt_oss_groq""]","[""qwen_groq"", ""gpt_oss_20b""]","[""Children's fiction"", ""Schools, fiction"", ""Family life, fiction"", ""Caribbean area, fiction"", ""Coming Of Age"", ""Teen"", ""Fiction""]"
9780374424442__genre__Fiction / Literary Fiction / Family and Relationship Fiction / Family Saga,9780374424442,For the life of Laetitia,Genre,Fiction / Literary Fiction / Family and Relationship Fiction / Family Saga,1,"[""gpt_oss_20b""]","[""qwen_groq"", ""gpt_oss_groq""]","[""Children's fiction"", ""Schools, fiction"", ""Family life, fiction"", ""Caribbean area, fiction"", ""Coming Of Age"", ""Teen"", ""Fiction""]"
9780374424442__metadata__Audience / Age_Group / Teen,9780374424442,For the life of Laetitia,Metadata,Audience / Age_Group / Teen,1,"[""gpt_oss_groq""]","[""qwen_groq"", ""gpt_oss_20b""]","[""Children's fiction"", ""Schools, fiction"", ""Family life, fiction"", ""Caribbean area, fiction"", ""Coming Of Age"", ""Teen"", ""Fiction""]"
9780374424442__metadata__Audience / Age_Group / Teen / Teen Audience,9780374424442,For the life of Laetitia,Metadata,Audience / Age_Group / Teen / Teen Audience,2,"[""qwen_groq"", ""gpt_oss_20b""]","[""gpt_oss_groq""]","[""Children's fiction"", ""Schools, fiction"", ""Family life, fiction"", ""Caribbean area, fiction"", ""Coming Of Age"", ""Teen"", ""Fiction""]"
9780374424442__metadata__Character_and_Representation_Metadata / Protagonist_Profile / Age_Profile / Teen Protagonist,9780374424442,For the life of Laetitia,Metadata,Character_and_Representation_Metadata / Protagonist_Profile / Age_Profile / Teen Protagonist,2,"[""gpt_oss_groq"", ""gpt_oss_20b""]","[""qwen_groq""]","[""Children's fiction"", ""Schools, fiction"", ""Family life, fiction"", ""Caribbean area, fiction"", ""Coming Of Age"", ""Teen"", ""Fiction""]"
9780374427672__genre__Fiction / Mystery,9780374427672,Goody Hall,Genre,Fiction / Mystery,1,"[""qwen_groq""]","[""gpt_oss_groq"", ""gpt_oss_20b""]","[""Juvenile fiction"", ""Detective and mystery stories"", ""Mystery and detective stories"", ""Reading Level-Grade 5"", ""Reading Level-Grade 4"", ""Reading Level-Grade 7"", ""Reading Level-Grade 6"", ""Children's fiction"", ""Mystery"", ""Middle Grade"", ""Fiction"", ""Childrens"", ""Juvenile"", ""Reading Level-Grade 8""]"
9780374427672__genre__Fiction / Mystery / Detective Mystery,9780374427672,Goody Hall,Genre,Fiction / Mystery / Detective Mystery,2,"[""qwen_groq"", ""gpt_oss_groq""]","[""gpt_oss_20b""]","[""Juvenile fiction"", ""Detective and mystery stories"", ""Mystery and detective stories"", ""Reading Level-Grade 5"", ""Reading Level-Grade 4"", ""Reading Level-Grade 7"", ""Reading Level-Grade 6"", ""Children's fiction"", ""Mystery"", ""Middle Grade"", ""Fiction"", ""Childrens"", ""Juvenile"", ""Reading Level-Grade 8""]"
9780374427672__genre__Fiction / Mystery / Traditional Mystery / Childrens Adventure and Mystery,9780374427672,Goody Hall,Genre,Fiction / Mystery / Traditional Mystery / Childrens Adventure and Mystery,2,"[""gpt_oss_groq"", ""gpt_oss_20b""]","[""qwen_groq""]","[""Juvenile fiction"", ""Detective and mystery stories"", ""Mystery and detective stories"", ""Reading Level-Grade 5"", ""Reading Level-Grade 4"", ""Reading Level-Grade 7"", ""Reading Level-Grade 6"", ""Children's fiction"", ""Mystery"", ""Middle Grade"", ""Fiction"", ""Childrens"", ""Juvenile"", ""Reading Level-Grade 8""]"
9780374427672__metadata__Audience / Educational_Stage / School_Level / Middle School,9780374427672,Goody Hall,Metadata,Audience / Educational_Stage / School_Level / Middle School,2,"[""gpt_oss_groq"", ""gpt_oss_20b""]","[""qwen_groq""]","[""Juvenile fiction"", ""Detective and mystery stories"", ""Mystery and detective stories"", ""Reading Level-Grade 5"", ""Reading Level-Grade 4"", ""Reading Level-Grade 7"", ""Reading Level-Grade 6"", ""Children's fiction"", ""Mystery"", ""Middle Grade"", ""Fiction"", ""Childrens"", ""Juvenile"", ""Reading Level-Grade 8""]"
9780374519049__genre__Fiction / Action Fiction / Military and Combat Fiction / War Fiction,9780374519049,Cassandra,Genre,Fiction / Action Fiction / Military and Combat Fiction / War Fiction,1,"[""gpt_oss_20b""]","[""qwen_groq"", ""gpt_oss_groq""]","[""Cassandra (Legendary character)"", ""Fiction"", ""Trojan War"", ""Mythology"", ""Historical Fiction"", ""Classics"", ""Greek Mythology"", ""Retellings"", ""Literature & Fiction"", ""Regional & Cultural"", ""European""]"
9780374519049__genre__Fiction / Fantasy / Fairy Tales / Retellings,9780374519049,Cassandra,Genre,Fiction / Fantasy / Fairy Tales / Retellings,1,"[""gpt_oss_groq""]","[""qwen_groq"", ""gpt_oss_20b""]","[""Cassandra (Legendary character)"", ""Fiction"", ""Trojan War"", ""Mythology"", ""Historical Fiction"", ""Classics"", ""Greek Mythology"", ""Retellings"", ""Literature & Fiction"", ""Regional & Cultural"", ""European""]"
9780374519049__metadata__Temporal_Context / Historical_Period,9780374519049,Cassandra,Metadata,Temporal_Context / Historical_Period,1,"[""gpt_oss_20b""]","[""qwen_groq"", ""gpt_oss_groq""]","[""Cassandra (Legendary character)"", ""Fiction"", ""Trojan War"", ""Mythology"", ""Historical Fiction"", ""Classics"", ""Greek Mythology"", ""Retellings"", ""Literature & Fiction"", ""Regional & Cultural"", ""European""]"
9780375806025__genre__Fiction,9780375806025,Arthur's first kiss,Genre,Fiction,2,"[""qwen_groq"", ""gpt_oss_20b""]","[""gpt_oss_groq""]","[""Fiction"", ""Animals"", ""Brothers and sisters"", ""Toy and movable books"", ""Aardvark"", ""Parties"", ""Kissing"", ""Juvenile fiction"", ""Arthur (Fictitious character : Brown)"", ""Brothers and sisters, fiction"", ""Children's fiction"", ""Aardvark, fiction"", ""Arthur (fictitious character : brown), fiction"", ""Parties, fiction"", ""Animals, fiction"", ""Kissing -- Fiction"", ""Brothers and sisters -- Fiction"", ""Picture Books"", ""2nd Grade"", ""Children's Books"", ""Growing Up & Facts of Life"", ""Family Life"", ""New Experiences"", ""Aardvark -- Fiction"", ""Animals -- Fiction"", ""Parties -- Fiction""]"
9780375806025__genre__Fiction / Drama / Social Drama / Family Drama,9780375806025,Arthur's first kiss,Genre,Fiction / Drama / Social Drama / Family Drama,1,"[""gpt_oss_groq""]","[""qwen_groq"", ""gpt_oss_20b""]","[""Fiction"", ""Animals"", ""Brothers and sisters"", ""Toy and movable books"", ""Aardvark"", ""Parties"", ""Kissing"", ""Juvenile fiction"", ""Arthur (Fictitious character : Brown)"", ""Brothers and sisters, fiction"", ""Children's fiction"", ""Aardvark, fiction"", ""Arthur (fictitious character : brown), fiction"", ""Parties, fiction"", ""Animals, fiction"", ""Kissing -- Fiction"", ""Brothers and sisters -- Fiction"", ""Picture Books"", ""2nd Grade"", ""Children's Books"", ""Growing Up & Facts of Life"", ""Family Life"", ""New Experiences"", ""Aardvark -- Fiction"", ""Animals -- Fiction"", ""Parties -- Fiction""]"
9780375806025__genre__Fiction / Literary Fiction / Family and Relationship Fiction / Family Saga,9780375806025,Arthur's first kiss,Genre,Fiction / Literary Fiction / Family and Relationship Fiction / Family Saga,1,"[""gpt_oss_20b""]","[""qwen_groq"", ""gpt_oss_groq""]","[""Fiction"", ""Animals"", ""Brothers and sisters"", ""Toy and movable books"", ""Aardvark"", ""Parties"", ""Kissing"", ""Juvenile fiction"", ""Arthur (Fictitious character : Brown)"", ""Brothers and sisters, fiction"", ""Children's fiction"", ""Aardvark, fiction"", ""Arthur (fictitious character : brown), fiction"", ""Parties, fiction"", ""Animals, fiction"", ""Kissing -- Fiction"", ""Brothers and sisters -- Fiction"", ""Picture Books"", ""2nd Grade"", ""Children's Books"", ""Growing Up & Facts of Life"", ""Family Life"", ""New Experiences"", ""Aardvark -- Fiction"", ""Animals -- Fiction"", ""Parties -- Fiction""]"
9780375806025__metadata__Audience / Age_Group / All_Ages / Family Audience,9780375806025,Arthur's first kiss,Metadata,Audience / Age_Group / All_Ages / Family Audience,2,"[""gpt_oss_groq"", ""gpt_oss_20b""]","[""qwen_groq""]","[""Fiction"", ""Animals"", ""Brothers and sisters"", ""Toy and movable books"", ""Aardvark"", ""Parties"", ""Kissing"", ""Juvenile fiction"", ""Arthur (Fictitious character : Brown)"", ""Brothers and sisters, fiction"", ""Children's fiction"", ""Aardvark, fiction"", ""Arthur (fictitious character : brown), fiction"", ""Parties, fiction"", ""Animals, fiction"", ""Kissing -- Fiction"", ""Brothers and sisters -- Fiction"", ""Picture Books"", ""2nd Grade"", ""Children's Books"", ""Growing Up & Facts of Life"", ""Family Life"", ""New Experiences"", ""Aardvark -- Fiction"", ""Animals -- Fiction"", ""Parties -- Fiction""]"
9780375806025__metadata__Audience / Age_Group / Middle_Grade,9780375806025,Arthur's first kiss,Metadata,Audience / Age_Group / Middle_Grade,1,"[""qwen_groq""]","[""gpt_oss_groq"", ""gpt_oss_20b""]","[""Fiction"", ""Animals"", ""Brothers and sisters"", ""Toy and movable books"", ""Aardvark"", ""Parties"", ""Kissing"", ""Juvenile fiction"", ""Arthur (Fictitious character : Brown)"", ""Brothers and sisters, fiction"", ""Children's fiction"", ""Aardvark, fiction"", ""Arthur (fictitious character : brown), fiction"", ""Parties, fiction"", ""Animals, fiction"", ""Kissing -- Fiction"", ""Brothers and sisters -- Fiction"", ""Picture Books"", ""2nd Grade"", ""Children's Books"", ""Growing Up & Facts of Life"", ""Family Life"", ""New Experiences"", ""Aardvark -- Fiction"", ""Animals -- Fiction"", ""Parties -- Fiction""]"
9780375806025__metadata__Geographical_Context / Place_Type / Domestic / Family Household,9780375806025,Arthur's first kiss,Metadata,Geographical_Context / Place_Type / Domestic / Family Household,1,"[""gpt_oss_groq""]","[""qwen_groq"", ""gpt_oss_20b""]","[""Fiction"", ""Animals"", ""Brothers and sisters"", ""Toy and movable books"", ""Aardvark"", ""Parties"", ""Kissing"", ""Juvenile fiction"", ""Arthur (Fictitious character : Brown)"", ""Brothers and sisters, fiction"", ""Children's fiction"", ""Aardvark, fiction"", ""Arthur (fictitious character : brown), fiction"", ""Parties, fiction"", ""Animals, fiction"", ""Kissing -- Fiction"", ""Brothers and sisters -- Fiction"", ""Picture Books"", ""2nd Grade"", ""Children's Books"", ""Growing Up & Facts of Life"", ""Family Life"", ""New Experiences"", ""Aardvark -- Fiction"", ""Animals -- Fiction"", ""Parties -- Fiction""]"
9780380677023__genre__Fiction,9780380677023,Hunter in the dark.,Genre,Fiction,2,"[""qwen_groq"", ""gpt_oss_20b""]","[""gpt_oss_groq""]","[""Fiction"", ""Adventure and adventurers, fiction"", ""Hunting, fiction"", ""Young Adult"", ""Children's fiction""]"
9780380677023__genre__Fiction / Adventure,9780380677023,Hunter in the dark.,Genre,Fiction / Adventure,1,"[""gpt_oss_20b""]","[""qwen_groq"", ""gpt_oss_groq""]","[""Fiction"", ""Adventure and adventurers, fiction"", ""Hunting, fiction"", ""Young Adult"", ""Children's fiction""]"
9780380677023__genre__Fiction / Adventure / General Adventure Fiction / Adventure Fiction,9780380677023,Hunter in the dark.,Genre,Fiction / Adventure / General Adventure Fiction / Adventure Fiction,2,"[""qwen_groq"", ""gpt_oss_groq""]","[""gpt_oss_20b""]","[""Fiction"", ""Adventure and adventurers, fiction"", ""Hunting, fiction"", ""Young Adult"", ""Children's fiction""]"
9780380699117__genre__Nonfiction / Humor Nonfiction / Humor,9780380699117,"Bubble, Bubble, Toil and Trouble",Genre,Nonfiction / Humor Nonfiction / Humor,1,"[""gpt_oss_20b""]","[""qwen_groq"", ""gpt_oss_groq""]","[""Family"", ""Families"", ""Mothers"", ""Humor"", ""Wit and humor"", ""Essays"", ""Humor & Entertainment""]"
9780380699117__metadata__Audience / Age_Group / All_Ages / Family Audience,9780380699117,"Bubble, Bubble, Toil and Trouble",Metadata,Audience / Age_Group / All_Ages / Family Audience,2,"[""gpt_oss_groq"", ""gpt_oss_20b""]","[""qwen_groq""]","[""Family"", ""Families"", ""Mothers"", ""Humor"", ""Wit and humor"", ""Essays"", ""Humor & Entertainment""]"
9780380699117__metadata__Character_and_Representation_Metadata / Protagonist_Profile / Group_Profile / Family-Centered,9780380699117,"Bubble, Bubble, Toil and Trouble",Metadata,Character_and_Representation_Metadata / Protagonist_Profile / Group_Profile / Family-Centered,2,"[""gpt_oss_groq"", ""gpt_oss_20b""]","[""qwen_groq""]","[""Family"", ""Families"", ""Mothers"", ""Humor"", ""Wit and humor"", ""Essays"", ""Humor & Entertainment""]"
9780380699117__metadata__Geographical_Context / Place_Type / Domestic / Family Household,9780380699117,"Bubble, Bubble, Toil and Trouble",Metadata,Geographical_Context / Place_Type / Domestic / Family Household,1,"[""gpt_oss_groq""]","[""qwen_groq"", ""gpt_oss_20b""]","[""Family"", ""Families"", ""Mothers"", ""Humor"", ""Wit and humor"", ""Essays"", ""Humor & Entertainment""]"
9780380704231__genre__Fiction,9780380704231,War in the Painted Buttes,Genre,Fiction,2,"[""qwen_groq"", ""gpt_oss_groq""]","[""gpt_oss_20b""]","[""Westerns""]"
9780380704972__genre__Fiction,9780380704972,Josie Gambit,Genre,Fiction,1,"[""qwen_groq""]","[""gpt_oss_groq"", ""gpt_oss_20b""]","[""Children's fiction"", ""Mystery and detective stories"", ""Fiction""]"
9780380704972__genre__Fiction / Mystery / Traditional Mystery / Childrens Adventure and Mystery,9780380704972,Josie Gambit,Genre,Fiction / Mystery / Traditional Mystery / Childrens Adventure and Mystery,2,"[""gpt_oss_groq"", ""gpt_oss_20b""]","[""qwen_groq""]","[""Children's fiction"", ""Mystery and detective stories"", ""Fiction""]"
9780380704972__metadata__Character_and_Representation_Metadata / Protagonist_Profile / Role_Profile / Detective,9780380704972,Josie Gambit,Metadata,Character_and_Representation_Metadata / Protagonist_Profile / Role_Profile / Detective,1,"[""gpt_oss_20b""]","[""qwen_groq"", ""gpt_oss_groq""]","[""Children's fiction"", ""Mystery and detective stories"", ""Fiction""]"
9780380707300__genre__Fiction,9780380707300,Desert Stake-Out,Genre,Fiction,1,"[""qwen_groq""]","[""gpt_oss_groq"", ""gpt_oss_20b""]","[""Fiction, mystery & detective, general"", ""Westerns"", ""Genre Fiction""]"
9780380707300__genre__Fiction / Mystery,9780380707300,Desert Stake-Out,Genre,Fiction / Mystery,1,"[""gpt_oss_20b""]","[""qwen_groq"", ""gpt_oss_groq""]","[""Fiction, mystery & detective, general"", ""Westerns"", ""Genre Fiction""]"
9780380707300__genre__Fiction / Mystery / Detective Mystery,9780380707300,Desert Stake-Out,Genre,Fiction / Mystery / Detective Mystery,2,"[""qwen_groq"", ""gpt_oss_groq""]","[""gpt_oss_20b""]","[""Fiction, mystery & detective, general"", ""Westerns"", ""Genre Fiction""]"
9780380707300__metadata__Character_and_Representation_Metadata / Protagonist_Profile / Role_Profile / Detective,9780380707300,Desert Stake-Out,Metadata,Character_and_Representation_Metadata / Protagonist_Profile / Role_Profile / Detective,2,"[""gpt_oss_groq"", ""gpt_oss_20b""]","[""qwen_groq""]","[""Fiction, mystery & detective, general"", ""Westerns"", ""Genre Fiction""]"
9780380707652__genre__Fiction / Mystery / Detective Mystery,9780380707652,Prisoner of Pineapple Place,Genre,Fiction / Mystery / Detective Mystery,1,"[""gpt_oss_groq""]","[""qwen_groq"", ""gpt_oss_20b""]","[""Children's fiction"", ""Mystery and detective stories"", ""Childrens""]"
9780380707652__genre__Fiction / Mystery / Traditional Mystery / Childrens Adventure and Mystery,9780380707652,Prisoner of Pineapple Place,Genre,Fiction / Mystery / Traditional Mystery / Childrens Adventure and Mystery,2,"[""qwen_groq"", ""gpt_oss_20b""]","[""gpt_oss_groq""]","[""Children's fiction"", ""Mystery and detective stories"", ""Childrens""]"
9780380707652__metadata__Character_and_Representation_Metadata / Protagonist_Profile / Role_Profile / Detective,9780380707652,Prisoner of Pineapple Place,Metadata,Character_and_Representation_Metadata / Protagonist_Profile / Role_Profile / Detective,1,"[""gpt_oss_20b""]","[""qwen_groq"", ""gpt_oss_groq""]","[""Children's fiction"", ""Mystery and detective stories"", ""Childrens""]"
9780380709229__genre__Fiction / Romance,9780380709229,The Luckiest Girl,Genre,Fiction / Romance,1,"[""gpt_oss_groq""]","[""qwen_groq"", ""gpt_oss_20b""]","[""Fiction"", ""Teenage girls"", ""Love, fiction"", ""Teenagers"", ""Young Adult"", ""Romance"", ""Realistic Fiction"", ""California, fiction"", ""Girls, fiction""]"
9780380709229__genre__Fiction / Romance / General Romance / Romance,9780380709229,The Luckiest Girl,Genre,Fiction / Romance / General Romance / Romance,2,"[""qwen_groq"", ""gpt_oss_20b""]","[""gpt_oss_groq""]","[""Fiction"", ""Teenage girls"", ""Love, fiction"", ""Teenagers"", ""Young Adult"", ""Romance"", ""Realistic Fiction"", ""California, fiction"", ""Girls, fiction""]"
9780380709229__metadata__Audience / Age_Group / Young_Adult,9780380709229,The Luckiest Girl,Metadata,Audience / Age_Group / Young_Adult,1,"[""gpt_oss_groq""]","[""qwen_groq"", ""gpt_oss_20b""]","[""Fiction"", ""Teenage girls"", ""Love, fiction"", ""Teenagers"", ""Young Adult"", ""Romance"", ""Realistic Fiction"", ""California, fiction"", ""Girls, fiction""]"
9780380709229__metadata__Audience / Age_Group / Young_Adult / Young Adult Audience,9780380709229,The Luckiest Girl,Metadata,Audience / Age_Group / Young_Adult / Young Adult Audience,2,"[""qwen_groq"", ""gpt_oss_20b""]","[""gpt_oss_groq""]","[""Fiction"", ""Teenage girls"", ""Love, fiction"", ""Teenagers"", ""Young Adult"", ""Romance"", ""Realistic Fiction"", ""California, fiction"", ""Girls, fiction""]"
9780380709229__metadata__Thematic_Metadata / Relationship_and_Social_Themes / Love_and_Intimacy,9780380709229,The Luckiest Girl,Metadata,Thematic_Metadata / Relationship_and_Social_Themes / Love_and_Intimacy,1,"[""gpt_oss_groq""]","[""qwen_groq"", ""gpt_oss_20b""]","[""Fiction"", ""Teenage girls"", ""Love, fiction"", ""Teenagers"", ""Young Adult"", ""Romance"", ""Realistic Fiction"", ""California, fiction"", ""Girls, fiction""]"
9780380709229__metadata__Thematic_Metadata / Relationship_and_Social_Themes / Love_and_Intimacy / Love,9780380709229,The Luckiest Girl,Metadata,Thematic_Metadata / Relationship_and_Social_Themes / Love_and_Intimacy / Love,2,"[""qwen_groq"", ""gpt_oss_20b""]","[""gpt_oss_groq""]","[""Fiction"", ""Teenage girls"", ""Love, fiction"", ""Teenagers"", ""Young Adult"", ""Romance"", ""Realistic Fiction"", ""California, fiction"", ""Girls, fiction""]"
9780380718269__genre__Fiction / Science Fiction,9780380718269,Me Two,Genre,Fiction / Science Fiction,2,"[""gpt_oss_groq"", ""gpt_oss_20b""]","[""qwen_groq""]","[""Science fiction"", ""Juvenile fiction"", ""Children's fiction"", ""Boys, fiction""]"
9780380718269__genre__Fiction / Science Fiction / General Science Fiction / Science Fiction,9780380718269,Me Two,Genre,Fiction / Science Fiction / General Science Fiction / Science Fiction,1,"[""qwen_groq""]","[""gpt_oss_groq"", ""gpt_oss_20b""]","[""Science fiction"", ""Juvenile fiction"", ""Children's fiction"", ""Boys, fiction""]"
9780380718269__metadata__Thematic_Metadata / Knowledge_and_Idea_Themes / Science_and_Technology,9780380718269,Me Two,Metadata,Thematic_Metadata / Knowledge_and_Idea_Themes / Science_and_Technology,1,"[""gpt_oss_20b""]","[""qwen_groq"", ""gpt_oss_groq""]","[""Science fiction"", ""Juvenile fiction"", ""Children's fiction"", ""Boys, fiction""]"
9780380724994__genre__Fiction,9780380724994,B.J.'s Billion-Dollar Bet,Genre,Fiction,2,"[""qwen_groq"", ""gpt_oss_20b""]","[""gpt_oss_groq""]","[""Fiction"", ""Lotteries -- Fiction."", ""Wagers"", ""Friendship, fiction"", ""Children's 9-12"", ""Lotteries""]"
9780380724994__metadata__Thematic_Metadata / Relationship_and_Social_Themes / Friendship,9780380724994,B.J.'s Billion-Dollar Bet,Metadata,Thematic_Metadata / Relationship_and_Social_Themes / Friendship,2,"[""qwen_groq"", ""gpt_oss_groq""]","[""gpt_oss_20b""]","[""Fiction"", ""Lotteries -- Fiction."", ""Wagers"", ""Friendship, fiction"", ""Children's 9-12"", ""Lotteries""]"
9780380724994__metadata__Thematic_Metadata / Relationship_and_Social_Themes / Friendship / Friendship,9780380724994,B.J.'s Billion-Dollar Bet,Metadata,Thematic_Metadata / Relationship_and_Social_Themes / Friendship / Friendship,1,"[""gpt_oss_20b""]","[""qwen_groq"", ""gpt_oss_groq""]","[""Fiction"", ""Lotteries -- Fiction."", ""Wagers"", ""Friendship, fiction"", ""Children's 9-12"", ""Lotteries""]"
9780380725021__genre__Fiction,9780380725021,Their Kind of Town (A Chicago Mystery),Genre,Fiction,1,"[""qwen_groq""]","[""gpt_oss_groq"", ""gpt_oss_20b""]","[""Women journalists"", ""Fiction"", ""Police"", ""Fiction, mystery & detective, general"", ""Illinois, fiction"", ""Chicago (ill.), fiction""]"
9780380725021__genre__Fiction / Mystery / Detective Mystery,9780380725021,Their Kind of Town (A Chicago Mystery),Genre,Fiction / Mystery / Detective Mystery,1,"[""qwen_groq""]","[""gpt_oss_groq"", ""gpt_oss_20b""]","[""Women journalists"", ""Fiction"", ""Police"", ""Fiction, mystery & detective, general"", ""Illinois, fiction"", ""Chicago (ill.), fiction""]"
9780380725021__genre__Fiction / Mystery / Detective Mystery / Police Detective Mystery,9780380725021,Their Kind of Town (A Chicago Mystery),Genre,Fiction / Mystery / Detective Mystery / Police Detective Mystery,2,"[""gpt_oss_groq"", ""gpt_oss_20b""]","[""qwen_groq""]","[""Women journalists"", ""Fiction"", ""Police"", ""Fiction, mystery & detective, general"", ""Illinois, fiction"", ""Chicago (ill.), fiction""]"
9780380729371__genre__Fiction / Crime Fiction,9780380729371,Black Hearts and Slow Dancing,Genre,Fiction / Crime Fiction,2,"[""qwen_groq"", ""gpt_oss_groq""]","[""gpt_oss_20b""]","[""Fiction"", ""Mac Fontana (Fictitious character)"", ""Fire fighters"", ""Fiction, mystery & detective, general"", ""Washington (state), fiction"", ""Mystery"", ""Crime"", ""Mystery, Thriller & Suspense"", ""Hard-Boiled"", ""Fontana, mac (fictitious character), fiction""]"
9780380729371__genre__Fiction / Crime Fiction / General Crime Fiction / Crime Fiction,9780380729371,Black Hearts and Slow Dancing,Genre,Fiction / Crime Fiction / General Crime Fiction / Crime Fiction,1,"[""gpt_oss_20b""]","[""qwen_groq"", ""gpt_oss_groq""]","[""Fiction"", ""Mac Fontana (Fictitious character)"", ""Fire fighters"", ""Fiction, mystery & detective, general"", ""Washington (state), fiction"", ""Mystery"", ""Crime"", ""Mystery, Thriller & Suspense"", ""Hard-Boiled"", ""Fontana, mac (fictitious character), fiction""]"
9780380729371__genre__Fiction / Mystery,9780380729371,Black Hearts and Slow Dancing,Genre,Fiction / Mystery,2,"[""gpt_oss_groq"", ""gpt_oss_20b""]","[""qwen_groq""]","[""Fiction"", ""Mac Fontana (Fictitious character)"", ""Fire fighters"", ""Fiction, mystery & detective, general"", ""Washington (state), fiction"", ""Mystery"", ""Crime"", ""Mystery, Thriller & Suspense"", ""Hard-Boiled"", ""Fontana, mac (fictitious character), fiction""]"
9780380729371__genre__Fiction / Mystery / Crime Mystery / Noir Mystery,9780380729371,Black Hearts and Slow Dancing,Genre,Fiction / Mystery / Crime Mystery / Noir Mystery,1,"[""qwen_groq""]","[""gpt_oss_groq"", ""gpt_oss_20b""]","[""Fiction"", ""Mac Fontana (Fictitious character)"", ""Fire fighters"", ""Fiction, mystery & detective, general"", ""Washington (state), fiction"", ""Mystery"", ""Crime"", ""Mystery, Thriller & Suspense"", ""Hard-Boiled"", ""Fontana, mac (fictitious character), fiction""]"
9780380729371__genre__Fiction / Mystery / Detective Mystery,9780380729371,Black Hearts and Slow Dancing,Genre,Fiction / Mystery / Detective Mystery,1,"[""qwen_groq""]","[""gpt_oss_groq"", ""gpt_oss_20b""]","[""Fiction"", ""Mac Fontana (Fictitious character)"", ""Fire fighters"", ""Fiction, mystery & detective, general"", ""Washington (state), fiction"", ""Mystery"", ""Crime"", ""Mystery, Thriller & Suspense"", ""Hard-Boiled"", ""Fontana, mac (fictitious character), fiction""]"
9780380729371__metadata__Character_and_Representation_Metadata / Protagonist_Profile / Role_Profile / Detective,9780380729371,Black Hearts and Slow Dancing,Metadata,Character_and_Representation_Metadata / Protagonist_Profile / Role_Profile / Detective,1,"[""qwen_groq""]","[""gpt_oss_groq"", ""gpt_oss_20b""]","[""Fiction"", ""Mac Fontana (Fictitious character)"", ""Fire fighters"", ""Fiction, mystery & detective, general"", ""Washington (state), fiction"", ""Mystery"", ""Crime"", ""Mystery, Thriller & Suspense"", ""Hard-Boiled"", ""Fontana, mac (fictitious character), fiction""]"
9780380729371__metadata__Thematic_Metadata / Conflict_and_Event_Themes / Crime_and_Justice / Crime,9780380729371,Black Hearts and Slow Dancing,Metadata,Thematic_Metadata / Conflict_and_Event_Themes / Crime_and_Justice / Crime,2,"[""qwen_groq"", ""gpt_oss_groq""]","[""gpt_oss_20b""]","[""Fiction"", ""Mac Fontana (Fictitious character)"", ""Fire fighters"", ""Fiction, mystery & detective, general"", ""Washington (state), fiction"", ""Mystery"", ""Crime"", ""Mystery, Thriller & Suspense"", ""Hard-Boiled"", ""Fontana, mac (fictitious character), fiction""]"
9780380729821__genre__Fiction,9780380729821,Operation,Genre,Fiction,2,"[""qwen_groq"", ""gpt_oss_20b""]","[""gpt_oss_groq""]","[""Fiction"", ""Fiction, thrillers, espionage"", ""Women""]"
9780380730551__metadata__Audience / Age_Group / All_Ages / Family Audience,9780380730551,No More Nice,Metadata,Audience / Age_Group / All_Ages / Family Audience,2,"[""gpt_oss_groq"", ""gpt_oss_20b""]","[""qwen_groq""]","[""Children's fiction"", ""Family, fiction""]"
9780380730551__metadata__Character_and_Representation_Metadata / Protagonist_Profile / Group_Profile / Family-Centered,9780380730551,No More Nice,Metadata,Character_and_Representation_Metadata / Protagonist_Profile / Group_Profile / Family-Centered,1,"[""gpt_oss_20b""]","[""qwen_groq"", ""gpt_oss_groq""]","[""Children's fiction"", ""Family, fiction""]"
9780380731466__genre__Fiction,9780380731466,"Blood Artists, The",Genre,Fiction,1,"[""qwen_groq""]","[""gpt_oss_groq"", ""gpt_oss_20b""]","[""Fiction, medical"", ""Fiction, thrillers"", ""Horror"", ""Thriller"", ""Mystery"", ""Suspense"", ""Mystery Thriller"", ""Medical""]"
9780380731466__genre__Fiction / Thriller,9780380731466,"Blood Artists, The",Genre,Fiction / Thriller,2,"[""qwen_groq"", ""gpt_oss_groq""]","[""gpt_oss_20b""]","[""Fiction, medical"", ""Fiction, thrillers"", ""Horror"", ""Thriller"", ""Mystery"", ""Suspense"", ""Mystery Thriller"", ""Medical""]"
9780380752683__genre__Fiction,9780380752683,Remington No. 3,Genre,Fiction,1,"[""gpt_oss_groq""]","[""qwen_groq"", ""gpt_oss_20b""]","[""Fiction, westerns"", ""Westerns - General"", ""Fiction - Western""]"
9780380752683__genre__Fiction / Action Fiction / Western Fiction / Western,9780380752683,Remington No. 3,Genre,Fiction / Action Fiction / Western Fiction / Western,2,"[""qwen_groq"", ""gpt_oss_20b""]","[""gpt_oss_groq""]","[""Fiction, westerns"", ""Westerns - General"", ""Fiction - Western""]"
9780380753086__genre__Nonfiction / Medicine and Health / Health and Wellness / Fitness,9780380753086,Choices,Genre,Nonfiction / Medicine and Health / Health and Wellness / Fitness,2,"[""gpt_oss_groq"", ""gpt_oss_20b""]","[""qwen_groq""]","[""Cancer"", ""Cancer, treatment"", ""Therapy"", ""Health, Fitness & Dieting"", ""Diseases & Physical Ailments"", ""Miscellanea"", ""Popular Works"", ""Handbooks""]"
9780380755530__genre__Fiction / Romance,9780380755530,Lovestorm,Genre,Fiction / Romance,1,"[""gpt_oss_20b""]","[""qwen_groq"", ""gpt_oss_groq""]","[""Fiction, general"", ""Romance""]"
9780380755530__genre__Fiction / Romance / General Romance,9780380755530,Lovestorm,Genre,Fiction / Romance / General Romance,1,"[""gpt_oss_groq""]","[""qwen_groq"", ""gpt_oss_20b""]","[""Fiction, general"", ""Romance""]"
9780380755530__genre__Fiction / Romance / General Romance / Romance,9780380755530,Lovestorm,Genre,Fiction / Romance / General Romance / Romance,1,"[""qwen_groq""]","[""gpt_oss_groq"", ""gpt_oss_20b""]","[""Fiction, general"", ""Romance""]"
9780380757022__metadata__Audience / Age_Group / Teen,9780380757022,Color war!,Metadata,Audience / Age_Group / Teen,1,"[""gpt_oss_groq""]","[""qwen_groq"", ""gpt_oss_20b""]","[""Camps"", ""Fiction"", ""Children's fiction"", ""Camping, fiction"", ""Young Adult"", ""Teen & Young Adult""]"
9780380757022__metadata__Audience / Age_Group / Teen / Teen Audience,9780380757022,Color war!,Metadata,Audience / Age_Group / Teen / Teen Audience,2,"[""qwen_groq"", ""gpt_oss_20b""]","[""gpt_oss_groq""]","[""Camps"", ""Fiction"", ""Children's fiction"", ""Camping, fiction"", ""Young Adult"", ""Teen & Young Adult""]"
9780380759095__genre__Fiction,9780380759095,Looking for trouble,Genre,Fiction,2,"[""qwen_groq"", ""gpt_oss_20b""]","[""gpt_oss_groq""]","[""Fiction"", ""Camps"", ""Friendship"", ""Children, fiction"", ""Children's fiction"", ""Camps, fiction"", ""Middle Grade"", ""Children's Books""]"
9780380759095__metadata__Thematic_Metadata / Relationship_and_Social_Themes / Friendship,9780380759095,Looking for trouble,Metadata,Thematic_Metadata / Relationship_and_Social_Themes / Friendship,2,"[""qwen_groq"", ""gpt_oss_groq""]","[""gpt_oss_20b""]","[""Fiction"", ""Camps"", ""Friendship"", ""Children, fiction"", ""Children's fiction"", ""Camps, fiction"", ""Middle Grade"", ""Children's Books""]"
9780380759095__metadata__Thematic_Metadata / Relationship_and_Social_Themes / Friendship / Friendship,9780380759095,Looking for trouble,Metadata,Thematic_Metadata / Relationship_and_Social_Themes / Friendship / Friendship,1,"[""gpt_oss_20b""]","[""qwen_groq"", ""gpt_oss_groq""]","[""Fiction"", ""Camps"", ""Friendship"", ""Children, fiction"", ""Children's fiction"", ""Camps, fiction"", ""Middle Grade"", ""Children's Books""]"
9780380760367__genre__Nonfiction,9780380760367,Stranger than fiction.,Genre,Nonfiction,1,"[""qwen_groq""]","[""gpt_oss_groq"", ""gpt_oss_20b""]","[""Insects"", ""Juvenile literature"", ""Insects, juvenile literature"", ""Insects -- Juvenile literature"", ""Children's Books""]"
9780380761395__genre__Fiction,9780380761395,Dorrie's Book,Genre,Fiction,2,"[""qwen_groq"", ""gpt_oss_20b""]","[""gpt_oss_groq""]","[""Fiction"", ""Family life"", ""Children's stories"", ""Triplets"", ""Girls, fiction"", ""Children's fiction"", ""Middle Grade"", ""Children's Books""]"
9780380761395__genre__Fiction / Drama / Social Drama / Family Drama,9780380761395,Dorrie's Book,Genre,Fiction / Drama / Social Drama / Family Drama,1,"[""gpt_oss_20b""]","[""qwen_groq"", ""gpt_oss_groq""]","[""Fiction"", ""Family life"", ""Children's stories"", ""Triplets"", ""Girls, fiction"", ""Children's fiction"", ""Middle Grade"", ""Children's Books""]"
9780380761395__genre__Fiction / Literary Fiction / Family and Relationship Fiction / Family Saga,9780380761395,Dorrie's Book,Genre,Fiction / Literary Fiction / Family and Relationship Fiction / Family Saga,1,"[""gpt_oss_groq""]","[""qwen_groq"", ""gpt_oss_20b""]","[""Fiction"", ""Family life"", ""Children's stories"", ""Triplets"", ""Girls, fiction"", ""Children's fiction"", ""Middle Grade"", ""Children's Books""]"
9780380761395__metadata__Character_and_Representation_Metadata / Protagonist_Profile / Group_Profile / Family-Centered,9780380761395,Dorrie's Book,Metadata,Character_and_Representation_Metadata / Protagonist_Profile / Group_Profile / Family-Centered,1,"[""gpt_oss_20b""]","[""qwen_groq"", ""gpt_oss_groq""]","[""Fiction"", ""Family life"", ""Children's stories"", ""Triplets"", ""Girls, fiction"", ""Children's fiction"", ""Middle Grade"", ""Children's Books""]"
9780380762217__genre__Nonfiction / Biography,9780380762217,What happened to Amelia Earhart?,Genre,Nonfiction / Biography,1,"[""gpt_oss_20b""]","[""qwen_groq"", ""gpt_oss_groq""]","[""Air pilots"", ""Juvenile literature"", ""Biography"", ""Women"", ""Earhart, amelia, 1898-1937"", ""Earhart, Amelia, 1897-1937 -- Juvenile literature."", ""Air pilots -- United States -- Biography -- Juvenile literature."", ""Children's Books""]"
9780380762217__genre__Nonfiction / Biography / Biography,9780380762217,What happened to Amelia Earhart?,Genre,Nonfiction / Biography / Biography,1,"[""gpt_oss_groq""]","[""qwen_groq"", ""gpt_oss_20b""]","[""Air pilots"", ""Juvenile literature"", ""Biography"", ""Women"", ""Earhart, amelia, 1898-1937"", ""Earhart, Amelia, 1897-1937 -- Juvenile literature."", ""Air pilots -- United States -- Biography -- Juvenile literature."", ""Children's Books""]"
9780380762217__genre__Nonfiction / Biography / Biography / Biography,9780380762217,What happened to Amelia Earhart?,Genre,Nonfiction / Biography / Biography / Biography,1,"[""qwen_groq""]","[""gpt_oss_groq"", ""gpt_oss_20b""]","[""Air pilots"", ""Juvenile literature"", ""Biography"", ""Women"", ""Earhart, amelia, 1898-1937"", ""Earhart, Amelia, 1897-1937 -- Juvenile literature."", ""Air pilots -- United States -- Biography -- Juvenile literature."", ""Children's Books""]"
9780380764044__genre__Fiction / Science Fiction,9780380764044,Fruit Blasterz from outer space,Genre,Fiction / Science Fiction,1,"[""gpt_oss_20b""]","[""qwen_groq"", ""gpt_oss_groq""]","[""Children's fiction"", ""Science fiction""]"
9780380764044__genre__Fiction / Science Fiction / General Science Fiction,9780380764044,Fruit Blasterz from outer space,Genre,Fiction / Science Fiction / General Science Fiction,1,"[""gpt_oss_groq""]","[""qwen_groq"", ""gpt_oss_20b""]","[""Children's fiction"", ""Science fiction""]"
9780380764044__genre__Fiction / Science Fiction / General Science Fiction / Science Fiction,9780380764044,Fruit Blasterz from outer space,Genre,Fiction / Science Fiction / General Science Fiction / Science Fiction,1,"[""qwen_groq""]","[""gpt_oss_groq"", ""gpt_oss_20b""]","[""Children's fiction"", ""Science fiction""]"
9780380764044__metadata__Thematic_Metadata / Knowledge_and_Idea_Themes / Science_and_Technology,9780380764044,Fruit Blasterz from outer space,Metadata,Thematic_Metadata / Knowledge_and_Idea_Themes / Science_and_Technology,1,"[""gpt_oss_groq""]","[""qwen_groq"", ""gpt_oss_20b""]","[""Children's fiction"", ""Science fiction""]"
9780380767571__genre__Fiction,9780380767571,The secret of the plant that ate dirty socks,Genre,Fiction,1,"[""qwen_groq""]","[""gpt_oss_groq"", ""gpt_oss_20b""]","[""Plants"", ""Brothers"", ""Fiction"", ""Children's fiction"", ""Fantasy fiction"", ""Plants -- Fiction."", ""Brothers -- Fiction."", ""Humor"", ""Childrens"", ""Fantasy"", ""Chapter Books"", ""Children's Books""]"
9780380768967__genre__Fiction / Mystery / Detective Mystery,9780380768967,Cookie McCorkle and the case of the crooked key,Genre,Fiction / Mystery / Detective Mystery,2,"[""qwen_groq"", ""gpt_oss_groq""]","[""gpt_oss_20b""]","[""Mystery and detective stories"", ""Juvenile fiction"", ""Children's fiction"", ""Children's Books""]"
9780380768967__metadata__Character_and_Representation_Metadata / Protagonist_Profile / Role_Profile / Detective,9780380768967,Cookie McCorkle and the case of the crooked key,Metadata,Character_and_Representation_Metadata / Protagonist_Profile / Role_Profile / Detective,2,"[""gpt_oss_groq"", ""gpt_oss_20b""]","[""qwen_groq""]","[""Mystery and detective stories"", ""Juvenile fiction"", ""Children's fiction"", ""Children's Books""]"
9780380773046__genre__Fiction,9780380773046,Slime lives!,Genre,Fiction,1,"[""gpt_oss_20b""]","[""qwen_groq"", ""gpt_oss_groq""]","[""Curiosities and wonders"", ""Juvenile literature"", ""Children's Books""]"
9780380773046__genre__Nonfiction,9780380773046,Slime lives!,Genre,Nonfiction,2,"[""qwen_groq"", ""gpt_oss_groq""]","[""gpt_oss_20b""]","[""Curiosities and wonders"", ""Juvenile literature"", ""Children's Books""]"
9780380774623__genre__Fiction,9780380774623,Super Snoop Sam Snout and the Case of the Yogurt Poker,Genre,Fiction,2,"[""qwen_groq"", ""gpt_oss_groq""]","[""gpt_oss_20b""]","[""Children: Grades 3-4"", ""Children's fiction"", ""Mystery and detective stories"", ""Readers - Beginner"", ""Children's 4-8"", ""Fiction"", ""Children's Books""]"
9780380774623__genre__Fiction / Mystery / Detective Mystery,9780380774623,Super Snoop Sam Snout and the Case of the Yogurt Poker,Genre,Fiction / Mystery / Detective Mystery,2,"[""qwen_groq"", ""gpt_oss_groq""]","[""gpt_oss_20b""]","[""Children: Grades 3-4"", ""Children's fiction"", ""Mystery and detective stories"", ""Readers - Beginner"", ""Children's 4-8"", ""Fiction"", ""Children's Books""]"
9780380774623__genre__Fiction / Mystery / Traditional Mystery / Childrens Adventure and Mystery,9780380774623,Super Snoop Sam Snout and the Case of the Yogurt Poker,Genre,Fiction / Mystery / Traditional Mystery / Childrens Adventure and Mystery,1,"[""gpt_oss_20b""]","[""qwen_groq"", ""gpt_oss_groq""]","[""Children: Grades 3-4"", ""Children's fiction"", ""Mystery and detective stories"", ""Readers - Beginner"", ""Children's 4-8"", ""Fiction"", ""Children's Books""]"
9780380774623__metadata__Audience / Reading_Level / Beginner / Beginner Reader,9780380774623,Super Snoop Sam Snout and the Case of the Yogurt Poker,Metadata,Audience / Reading_Level / Beginner / Beginner Reader,2,"[""qwen_groq"", ""gpt_oss_20b""]","[""gpt_oss_groq""]","[""Children: Grades 3-4"", ""Children's fiction"", ""Mystery and detective stories"", ""Readers - Beginner"", ""Children's 4-8"", ""Fiction"", ""Children's Books""]"
9780380774623__metadata__Character_and_Representation_Metadata / Protagonist_Profile / Role_Profile / Detective,9780380774623,Super Snoop Sam Snout and the Case of the Yogurt Poker,Metadata,Character_and_Representation_Metadata / Protagonist_Profile / Role_Profile / Detective,2,"[""qwen_groq"", ""gpt_oss_groq""]","[""gpt_oss_20b""]","[""Children: Grades 3-4"", ""Children's fiction"", ""Mystery and detective stories"", ""Readers - Beginner"", ""Children's 4-8"", ""Fiction"", ""Children's Books""]"
9780380775484__genre__Fiction / Historical Fiction,9780380775484,My Lord Conqueror (An Avon Romantic Treasure),Genre,Fiction / Historical Fiction,1,"[""gpt_oss_groq""]","[""qwen_groq"", ""gpt_oss_20b""]","[""Fiction"", ""Romance"", ""Historical"", ""Historical Romance"", ""Medieval"", ""Medieval Romance"", ""Enemies To Lovers"", ""Steamy""]"
9780380775484__genre__Fiction / Romance,9780380775484,My Lord Conqueror (An Avon Romantic Treasure),Genre,Fiction / Romance,1,"[""gpt_oss_groq""]","[""qwen_groq"", ""gpt_oss_20b""]","[""Fiction"", ""Romance"", ""Historical"", ""Historical Romance"", ""Medieval"", ""Medieval Romance"", ""Enemies To Lovers"", ""Steamy""]"
9780380775484__genre__Fiction / Romance / Erotic Romance,9780380775484,My Lord Conqueror (An Avon Romantic Treasure),Genre,Fiction / Romance / Erotic Romance,1,"[""gpt_oss_groq""]","[""qwen_groq"", ""gpt_oss_20b""]","[""Fiction"", ""Romance"", ""Historical"", ""Historical Romance"", ""Medieval"", ""Medieval Romance"", ""Enemies To Lovers"", ""Steamy""]"
9780380775484__genre__Fiction / Romance / Erotic Romance / Passionate Romance,9780380775484,My Lord Conqueror (An Avon Romantic Treasure),Genre,Fiction / Romance / Erotic Romance / Passionate Romance,1,"[""qwen_groq""]","[""gpt_oss_groq"", ""gpt_oss_20b""]","[""Fiction"", ""Romance"", ""Historical"", ""Historical Romance"", ""Medieval"", ""Medieval Romance"", ""Enemies To Lovers"", ""Steamy""]"
9780380775484__genre__Fiction / Romance / General Romance / Romance,9780380775484,My Lord Conqueror (An Avon Romantic Treasure),Genre,Fiction / Romance / General Romance / Romance,1,"[""qwen_groq""]","[""gpt_oss_groq"", ""gpt_oss_20b""]","[""Fiction"", ""Romance"", ""Historical"", ""Historical Romance"", ""Medieval"", ""Medieval Romance"", ""Enemies To Lovers"", ""Steamy""]"
9780380778508__genre__Fiction,9780380778508,Till the Leaves Change,Genre,Fiction,2,"[""qwen_groq"", ""gpt_oss_20b""]","[""gpt_oss_groq""]","[""Fiction"", ""Growing Up & Facts of Life"", ""Family Life"", ""Multigenerational""]"
9780380778508__genre__Fiction / Drama / Social Drama / Family Drama,9780380778508,Till the Leaves Change,Genre,Fiction / Drama / Social Drama / Family Drama,2,"[""qwen_groq"", ""gpt_oss_20b""]","[""gpt_oss_groq""]","[""Fiction"", ""Growing Up & Facts of Life"", ""Family Life"", ""Multigenerational""]"
9780380778508__genre__Fiction / Literary Fiction / Family and Relationship Fiction / Family Saga,9780380778508,Till the Leaves Change,Genre,Fiction / Literary Fiction / Family and Relationship Fiction / Family Saga,2,"[""gpt_oss_groq"", ""gpt_oss_20b""]","[""qwen_groq""]","[""Fiction"", ""Growing Up & Facts of Life"", ""Family Life"", ""Multigenerational""]"
9780380778508__genre__Fiction / Literary Fiction / General Literary Fiction / Slice of Life Fiction,9780380778508,Till the Leaves Change,Genre,Fiction / Literary Fiction / General Literary Fiction / Slice of Life Fiction,1,"[""gpt_oss_20b""]","[""qwen_groq"", ""gpt_oss_groq""]","[""Fiction"", ""Growing Up & Facts of Life"", ""Family Life"", ""Multigenerational""]"
9780380778508__metadata__Audience / Age_Group / All_Ages / Family Audience,9780380778508,Till the Leaves Change,Metadata,Audience / Age_Group / All_Ages / Family Audience,1,"[""gpt_oss_20b""]","[""qwen_groq"", ""gpt_oss_groq""]","[""Fiction"", ""Growing Up & Facts of Life"", ""Family Life"", ""Multigenerational""]"
9780380783687__genre__Fiction / Romance,9780380783687,Jonathan's Wife,Genre,Fiction / Romance,1,"[""gpt_oss_groq""]","[""qwen_groq"", ""gpt_oss_20b""]","[""Man-woman relationships"", ""Fiction"", ""Fiction, romance, contemporary"", ""Romance - Contemporary"", ""Fiction - Romance"", ""Romance: Modern"", ""Romance"", ""Contemporary""]"
9780380783687__genre__Fiction / Romance / General Romance / Romance,9780380783687,Jonathan's Wife,Genre,Fiction / Romance / General Romance / Romance,2,"[""qwen_groq"", ""gpt_oss_20b""]","[""gpt_oss_groq""]","[""Man-woman relationships"", ""Fiction"", ""Fiction, romance, contemporary"", ""Romance - Contemporary"", ""Fiction - Romance"", ""Romance: Modern"", ""Romance"", ""Contemporary""]"
9780380783687__metadata__Temporal_Context / Historical_Period / Modern,9780380783687,Jonathan's Wife,Metadata,Temporal_Context / Historical_Period / Modern,1,"[""gpt_oss_20b""]","[""qwen_groq"", ""gpt_oss_groq""]","[""Man-woman relationships"", ""Fiction"", ""Fiction, romance, contemporary"", ""Romance - Contemporary"", ""Fiction - Romance"", ""Romance: Modern"", ""Romance"", ""Contemporary""]"
9780380784615__genre__Fiction,9780380784615,S 15,Genre,Fiction,1,"[""qwen_groq""]","[""gpt_oss_groq"", ""gpt_oss_20b""]","[""Children's fiction"", ""Horror stories"", ""Horror & Ghost Stories"", ""Juvenile Fiction / General"", ""Juvenile Fiction"", ""Children's 9-12 - Fiction - Horror"", ""Fiction"", ""Children: Grades 4-6"", ""Children's Books"", ""Spine-Chilling Horror""]"
9780380784615__genre__Fiction / Horror,9780380784615,S 15,Genre,Fiction / Horror,1,"[""qwen_groq""]","[""gpt_oss_groq"", ""gpt_oss_20b""]","[""Children's fiction"", ""Horror stories"", ""Horror & Ghost Stories"", ""Juvenile Fiction / General"", ""Juvenile Fiction"", ""Children's 9-12 - Fiction - Horror"", ""Fiction"", ""Children: Grades 4-6"", ""Children's Books"", ""Spine-Chilling Horror""]"
9780380784615__genre__Fiction / Horror / Supernatural Horror / Ghost Story,9780380784615,S 15,Genre,Fiction / Horror / Supernatural Horror / Ghost Story,2,"[""gpt_oss_groq"", ""gpt_oss_20b""]","[""qwen_groq""]","[""Children's fiction"", ""Horror stories"", ""Horror & Ghost Stories"", ""Juvenile Fiction / General"", ""Juvenile Fiction"", ""Children's 9-12 - Fiction - Horror"", ""Fiction"", ""Children: Grades 4-6"", ""Children's Books"", ""Spine-Chilling Horror""]"
9780380788057__genre__Fiction,9780380788057,S 20,Genre,Fiction,1,"[""qwen_groq""]","[""gpt_oss_groq"", ""gpt_oss_20b""]","[""Fiction"", ""Horror stories"", ""Horror & Ghost Stories"", ""Juvenile Fiction / Horror & Ghost Stories"", ""Children's Books/Ages 9-12 Fiction"", ""Monsters"", ""Children: Grades 4-6"", ""Children's Books"", ""Horror tales"", ""Children's fiction""]"
9780380788057__genre__Fiction / Horror,9780380788057,S 20,Genre,Fiction / Horror,1,"[""qwen_groq""]","[""gpt_oss_groq"", ""gpt_oss_20b""]","[""Fiction"", ""Horror stories"", ""Horror & Ghost Stories"", ""Juvenile Fiction / Horror & Ghost Stories"", ""Children's Books/Ages 9-12 Fiction"", ""Monsters"", ""Children: Grades 4-6"", ""Children's Books"", ""Horror tales"", ""Children's fiction""]"
9780380788057__genre__Fiction / Horror / Supernatural Horror / Ghost Story,9780380788057,S 20,Genre,Fiction / Horror / Supernatural Horror / Ghost Story,2,"[""gpt_oss_groq"", ""gpt_oss_20b""]","[""qwen_groq""]","[""Fiction"", ""Horror stories"", ""Horror & Ghost Stories"", ""Juvenile Fiction / Horror & Ghost Stories"", ""Children's Books/Ages 9-12 Fiction"", ""Monsters"", ""Children: Grades 4-6"", ""Children's Books"", ""Horror tales"", ""Children's fiction""]"
9780380789924__genre__Fiction,9780380789924,Unconscious truths,Genre,Fiction,2,"[""qwen_groq"", ""gpt_oss_20b""]","[""gpt_oss_groq""]","[""Fiction"", ""Women detectives"", ""Memory"", ""Fiction, mystery & detective, women sleuths"", ""Mcalister, haley (fictitious character), fiction"", ""College teachers, fiction"", ""Houston (tex.), fiction"", ""Texas, fiction""]"
9780380789924__genre__Fiction / Mystery / Detective Mystery,9780380789924,Unconscious truths,Genre,Fiction / Mystery / Detective Mystery,2,"[""qwen_groq"", ""gpt_oss_20b""]","[""gpt_oss_groq""]","[""Fiction"", ""Women detectives"", ""Memory"", ""Fiction, mystery & detective, women sleuths"", ""Mcalister, haley (fictitious character), fiction"", ""College teachers, fiction"", ""Houston (tex.), fiction"", ""Texas, fiction""]"
9780380789924__genre__Fiction / Mystery / Detective Mystery / Amateur Detective Mystery,9780380789924,Unconscious truths,Genre,Fiction / Mystery / Detective Mystery / Amateur Detective Mystery,1,"[""gpt_oss_groq""]","[""qwen_groq"", ""gpt_oss_20b""]","[""Fiction"", ""Women detectives"", ""Memory"", ""Fiction, mystery & detective, women sleuths"", ""Mcalister, haley (fictitious character), fiction"", ""College teachers, fiction"", ""Houston (tex.), fiction"", ""Texas, fiction""]"
9780380789924__metadata__Audience / Educational_Stage / College_Level,9780380789924,Unconscious truths,Metadata,Audience / Educational_Stage / College_Level,2,"[""qwen_groq"", ""gpt_oss_20b""]","[""gpt_oss_groq""]","[""Fiction"", ""Women detectives"", ""Memory"", ""Fiction, mystery & detective, women sleuths"", ""Mcalister, haley (fictitious character), fiction"", ""College teachers, fiction"", ""Houston (tex.), fiction"", ""Texas, fiction""]"
9780380790692__genre__Fiction / Mystery / Crime Mystery / Murder Mystery,9780380790692,Playing Dead,Genre,Fiction / Mystery / Crime Mystery / Murder Mystery,2,"[""gpt_oss_groq"", ""gpt_oss_20b""]","[""qwen_groq""]","[""Fiction"", ""Fiction, thrillers, suspense"", ""Fiction, mystery & detective, general"", ""Suspense"", ""Mystery, Thriller & Suspense"", ""Thrillers & Suspense"", ""Serial murderers"", ""Journalists, fiction"", ""New york (n.y.), fiction""]"
9780380790692__genre__Fiction / Mystery / Detective Mystery,9780380790692,Playing Dead,Genre,Fiction / Mystery / Detective Mystery,2,"[""qwen_groq"", ""gpt_oss_20b""]","[""gpt_oss_groq""]","[""Fiction"", ""Fiction, thrillers, suspense"", ""Fiction, mystery & detective, general"", ""Suspense"", ""Mystery, Thriller & Suspense"", ""Thrillers & Suspense"", ""Serial murderers"", ""Journalists, fiction"", ""New york (n.y.), fiction""]"
9780380790692__genre__Fiction / Suspense,9780380790692,Playing Dead,Genre,Fiction / Suspense,2,"[""gpt_oss_groq"", ""gpt_oss_20b""]","[""qwen_groq""]","[""Fiction"", ""Fiction, thrillers, suspense"", ""Fiction, mystery & detective, general"", ""Suspense"", ""Mystery, Thriller & Suspense"", ""Thrillers & Suspense"", ""Serial murderers"", ""Journalists, fiction"", ""New york (n.y.), fiction""]"
9780380790692__genre__Fiction / Suspense / Suspense Fiction / Suspense Fiction,9780380790692,Playing Dead,Genre,Fiction / Suspense / Suspense Fiction / Suspense Fiction,1,"[""qwen_groq""]","[""gpt_oss_groq"", ""gpt_oss_20b""]","[""Fiction"", ""Fiction, thrillers, suspense"", ""Fiction, mystery & detective, general"", ""Suspense"", ""Mystery, Thriller & Suspense"", ""Thrillers & Suspense"", ""Serial murderers"", ""Journalists, fiction"", ""New york (n.y.), fiction""]"
9780380790692__genre__Fiction / Thriller,9780380790692,Playing Dead,Genre,Fiction / Thriller,2,"[""qwen_groq"", ""gpt_oss_groq""]","[""gpt_oss_20b""]","[""Fiction"", ""Fiction, thrillers, suspense"", ""Fiction, mystery & detective, general"", ""Suspense"", ""Mystery, Thriller & Suspense"", ""Thrillers & Suspense"", ""Serial murderers"", ""Journalists, fiction"", ""New york (n.y.), fiction""]"
9780380790692__metadata__Book_Format_and_Form / Textual_Form / Serial_Form,9780380790692,Playing Dead,Metadata,Book_Format_and_Form / Textual_Form / Serial_Form,1,"[""gpt_oss_20b""]","[""qwen_groq"", ""gpt_oss_groq""]","[""Fiction"", ""Fiction, thrillers, suspense"", ""Fiction, mystery & detective, general"", ""Suspense"", ""Mystery, Thriller & Suspense"", ""Thrillers & Suspense"", ""Serial murderers"", ""Journalists, fiction"", ""New york (n.y.), fiction""]"
9780380790692__metadata__Character_and_Representation_Metadata / Protagonist_Profile / Role_Profile / Detective,9780380790692,Playing Dead,Metadata,Character_and_Representation_Metadata / Protagonist_Profile / Role_Profile / Detective,1,"[""gpt_oss_20b""]","[""qwen_groq"", ""gpt_oss_groq""]","[""Fiction"", ""Fiction, thrillers, suspense"", ""Fiction, mystery & detective, general"", ""Suspense"", ""Mystery, Thriller & Suspense"", ""Thrillers & Suspense"", ""Serial murderers"", ""Journalists, fiction"", ""New york (n.y.), fiction""]"
9780380791880__genre__Fiction / Crime Fiction,9780380791880,Empire of dust,Genre,Fiction / Crime Fiction,2,"[""gpt_oss_groq"", ""gpt_oss_20b""]","[""qwen_groq""]","[""American Detective and mystery stories"", ""Detective and mystery stories, American"", ""Fiction"", ""Occult crime"", ""Occult crime -- Fiction"", ""Horror"", ""Mystery, Thriller & Suspense"", ""Suspense"", ""Paranormal"", ""Psychics""]"
9780380791880__genre__Fiction / Horror,9780380791880,Empire of dust,Genre,Fiction / Horror,1,"[""gpt_oss_20b""]","[""qwen_groq"", ""gpt_oss_groq""]","[""American Detective and mystery stories"", ""Detective and mystery stories, American"", ""Fiction"", ""Occult crime"", ""Occult crime -- Fiction"", ""Horror"", ""Mystery, Thriller & Suspense"", ""Suspense"", ""Paranormal"", ""Psychics""]"
9780380791880__genre__Fiction / Horror / Supernatural Horror / Paranormal Horror,9780380791880,Empire of dust,Genre,Fiction / Horror / Supernatural Horror / Paranormal Horror,2,"[""gpt_oss_groq"", ""gpt_oss_20b""]","[""qwen_groq""]","[""American Detective and mystery stories"", ""Detective and mystery stories, American"", ""Fiction"", ""Occult crime"", ""Occult crime -- Fiction"", ""Horror"", ""Mystery, Thriller & Suspense"", ""Suspense"", ""Paranormal"", ""Psychics""]"
9780380791880__genre__Fiction / Suspense,9780380791880,Empire of dust,Genre,Fiction / Suspense,1,"[""gpt_oss_groq""]","[""qwen_groq"", ""gpt_oss_20b""]","[""American Detective and mystery stories"", ""Detective and mystery stories, American"", ""Fiction"", ""Occult crime"", ""Occult crime -- Fiction"", ""Horror"", ""Mystery, Thriller & Suspense"", ""Suspense"", ""Paranormal"", ""Psychics""]"
9780380791880__genre__Fiction / Suspense / Suspense Fiction,9780380791880,Empire of dust,Genre,Fiction / Suspense / Suspense Fiction,1,"[""gpt_oss_20b""]","[""qwen_groq"", ""gpt_oss_groq""]","[""American Detective and mystery stories"", ""Detective and mystery stories, American"", ""Fiction"", ""Occult crime"", ""Occult crime -- Fiction"", ""Horror"", ""Mystery, Thriller & Suspense"", ""Suspense"", ""Paranormal"", ""Psychics""]"
9780380791880__genre__Fiction / Suspense / Suspense Fiction / Suspense Fiction,9780380791880,Empire of dust,Genre,Fiction / Suspense / Suspense Fiction / Suspense Fiction,1,"[""qwen_groq""]","[""gpt_oss_groq"", ""gpt_oss_20b""]","[""American Detective and mystery stories"", ""Detective and mystery stories, American"", ""Fiction"", ""Occult crime"", ""Occult crime -- Fiction"", ""Horror"", ""Mystery, Thriller & Suspense"", ""Suspense"", ""Paranormal"", ""Psychics""]"
9780380797479__genre__Fiction / Romance,9780380797479,"The Pirate Lord (Lord Trilogy, Book 1)",Genre,Fiction / Romance,2,"[""qwen_groq"", ""gpt_oss_groq""]","[""gpt_oss_20b""]","[""historical romance"", ""pirate romance"", ""Fiction"", ""Romance"", ""Historical"", ""Pirates""]"
9780380797479__genre__Fiction / Romance / General Romance / Romance,9780380797479,"The Pirate Lord (Lord Trilogy, Book 1)",Genre,Fiction / Romance / General Romance / Romance,1,"[""gpt_oss_20b""]","[""qwen_groq"", ""gpt_oss_groq""]","[""historical romance"", ""pirate romance"", ""Fiction"", ""Romance"", ""Historical"", ""Pirates""]"
9780380797479__metadata__Temporal_Context / Historical_Period,9780380797479,"The Pirate Lord (Lord Trilogy, Book 1)",Metadata,Temporal_Context / Historical_Period,1,"[""qwen_groq""]","[""gpt_oss_groq"", ""gpt_oss_20b""]","[""historical romance"", ""pirate romance"", ""Fiction"", ""Romance"", ""Historical"", ""Pirates""]"
9780380798704__genre__Fiction / Mystery / Traditional Mystery,9780380798704,Elements of a Kill,Genre,Fiction / Mystery / Traditional Mystery,2,"[""qwen_groq"", ""gpt_oss_20b""]","[""gpt_oss_groq""]","[""Fiction, mystery & detective, police procedural"", ""Alaska, fiction"", ""Attla, ray (fictitious character), fiction"", ""Inuit, fiction"", ""Mystery"", ""Mystery, Thriller & Suspense"", ""Traditional Detectives""]"
9780380974368__genre__Fiction / Thriller,9780380974368,Eater,Genre,Fiction / Thriller,2,"[""gpt_oss_groq"", ""gpt_oss_20b""]","[""qwen_groq""]","[""Science fiction"", ""Fiction"", ""Black holes (Astronomy)"", ""Fiction, science fiction, general"", ""Hard Science Fiction"", ""Thriller"", ""Literature & Fiction"", ""Genre Fiction"", ""Disaster""]"
9780380974368__genre__Fiction / Thriller / Action Thriller / Disaster Thriller,9780380974368,Eater,Genre,Fiction / Thriller / Action Thriller / Disaster Thriller,1,"[""qwen_groq""]","[""gpt_oss_groq"", ""gpt_oss_20b""]","[""Science fiction"", ""Fiction"", ""Black holes (Astronomy)"", ""Fiction, science fiction, general"", ""Hard Science Fiction"", ""Thriller"", ""Literature & Fiction"", ""Genre Fiction"", ""Disaster""]"
9780380974368__metadata__Thematic_Metadata / Knowledge_and_Idea_Themes / Science_and_Technology,9780380974368,Eater,Metadata,Thematic_Metadata / Knowledge_and_Idea_Themes / Science_and_Technology,2,"[""gpt_oss_groq"", ""gpt_oss_20b""]","[""qwen_groq""]","[""Science fiction"", ""Fiction"", ""Black holes (Astronomy)"", ""Fiction, science fiction, general"", ""Hard Science Fiction"", ""Thriller"", ""Literature & Fiction"", ""Genre Fiction"", ""Disaster""]"
9780385022927__genre__Nonfiction / Biography / Biography,9780385022927,The road to Hollywood,Genre,Nonfiction / Biography / Biography,1,"[""gpt_oss_20b""]","[""qwen_groq"", ""gpt_oss_groq""]","[""Biography"", ""Comedians"", ""Motion picture actors and actresses"", ""Acting"", ""Actors, united states"", ""Nonfiction"", ""Humor"", ""Autobiography""]"
9780385022927__genre__Nonfiction / Biography / Biography / Artistic Biography,9780385022927,The road to Hollywood,Genre,Nonfiction / Biography / Biography / Artistic Biography,1,"[""qwen_groq""]","[""gpt_oss_groq"", ""gpt_oss_20b""]","[""Biography"", ""Comedians"", ""Motion picture actors and actresses"", ""Acting"", ""Actors, united states"", ""Nonfiction"", ""Humor"", ""Autobiography""]"
9780385022927__genre__Nonfiction / Humor Nonfiction / Humor,9780385022927,The road to Hollywood,Genre,Nonfiction / Humor Nonfiction / Humor,1,"[""gpt_oss_groq""]","[""qwen_groq"", ""gpt_oss_20b""]","[""Biography"", ""Comedians"", ""Motion picture actors and actresses"", ""Acting"", ""Actors, united states"", ""Nonfiction"", ""Humor"", ""Autobiography""]"
9780385022927__genre__Nonfiction / Humor Nonfiction / Humor / Humor Nonfiction,9780385022927,The road to Hollywood,Genre,Nonfiction / Humor Nonfiction / Humor / Humor Nonfiction,1,"[""gpt_oss_20b""]","[""qwen_groq"", ""gpt_oss_groq""]","[""Biography"", ""Comedians"", ""Motion picture actors and actresses"", ""Acting"", ""Actors, united states"", ""Nonfiction"", ""Humor"", ""Autobiography""]"
9780385022927__metadata__Geographical_Context / World_Region / North_America / United States,9780385022927,The road to Hollywood,Metadata,Geographical_Context / World_Region / North_America / United States,2,"[""gpt_oss_groq"", ""gpt_oss_20b""]","[""qwen_groq""]","[""Biography"", ""Comedians"", ""Motion picture actors and actresses"", ""Acting"", ""Actors, united states"", ""Nonfiction"", ""Humor"", ""Autobiography""]"
9780385159906__metadata__Book_Format_and_Form / Narrative_Length / Short,9780385159906,Smith and other events,Metadata,Book_Format_and_Form / Narrative_Length / Short,2,"[""gpt_oss_groq"", ""gpt_oss_20b""]","[""qwen_groq""]","[""Fiction"", ""Social life and customs"", ""Chilcotin Indians"", ""Ranch life"", ""Western stories"", ""City and town life"", ""Manners and customs"", ""Fiction, short stories (single author)"", ""British columbia, fiction"", ""Fiction, general"", ""Chilcotin Indians -- Social life and customs -- Fiction."", ""British Columbia -- Social life and customs -- Fiction.""]"
9780385159906__metadata__Series_and_Publication_Metadata / Authorship_Metadata / Single_Author / Single Author,9780385159906,Smith and other events,Metadata,Series_and_Publication_Metadata / Authorship_Metadata / Single_Author / Single Author,2,"[""qwen_groq"", ""gpt_oss_20b""]","[""gpt_oss_groq""]","[""Fiction"", ""Social life and customs"", ""Chilcotin Indians"", ""Ranch life"", ""Western stories"", ""City and town life"", ""Manners and customs"", ""Fiction, short stories (single author)"", ""British columbia, fiction"", ""Fiction, general"", ""Chilcotin Indians -- Social life and customs -- Fiction."", ""British Columbia -- Social life and customs -- Fiction.""]"
9780385159906__metadata__Thematic_Metadata / Relationship_and_Social_Themes,9780385159906,Smith and other events,Metadata,Thematic_Metadata / Relationship_and_Social_Themes,1,"[""gpt_oss_20b""]","[""qwen_groq"", ""gpt_oss_groq""]","[""Fiction"", ""Social life and customs"", ""Chilcotin Indians"", ""Ranch life"", ""Western stories"", ""City and town life"", ""Manners and customs"", ""Fiction, short stories (single author)"", ""British columbia, fiction"", ""Fiction, general"", ""Chilcotin Indians -- Social life and customs -- Fiction."", ""British Columbia -- Social life and customs -- Fiction.""]"
9780385171885__genre__Fiction / Science Fiction,9780385171885,Dreams that burn in the night,Genre,Fiction / Science Fiction,1,"[""qwen_groq""]","[""gpt_oss_groq"", ""gpt_oss_20b""]","[""Science fiction, American""]"
9780385171885__genre__Fiction / Science Fiction / General Science Fiction / Science Fiction,9780385171885,Dreams that burn in the night,Genre,Fiction / Science Fiction / General Science Fiction / Science Fiction,2,"[""gpt_oss_groq"", ""gpt_oss_20b""]","[""qwen_groq""]","[""Science fiction, American""]"
9780385172196__genre__Nonfiction,9780385172196,The hunter's bible,Genre,Nonfiction,1,"[""qwen_groq""]","[""gpt_oss_groq"", ""gpt_oss_20b""]","[""Hunting"", ""Reference"", ""Encyclopedias & Subject Guides""]"
9780385174701__genre__Fiction,9780385174701,End of the tracks,Genre,Fiction,1,"[""qwen_groq""]","[""gpt_oss_groq"", ""gpt_oss_20b""]","[""American literature""]"
9780385176552__metadata__Character_and_Representation_Metadata / Protagonist_Profile / Group_Profile / Family-Centered,9780385176552,A land beyond tears,Metadata,Character_and_Representation_Metadata / Protagonist_Profile / Group_Profile / Family-Centered,1,"[""gpt_oss_groq""]","[""qwen_groq"", ""gpt_oss_20b""]","[""Bereavement"", ""Case studies"", ""Death"", ""Family relationships"", ""Psychological aspects"", ""Psychological aspects of Bereavement"", ""Psychological aspects of Death"", ""Psychotherapy"", ""Terminally ill"", ""Bereavement -- Psychological aspects -- Case studies."", ""Death -- Psychological aspects -- Case studies."", ""Terminally ill -- Family relationships -- Case studies."", ""Psychotherapy -- Case studies.""]"
9780385233620__genre__Nonfiction / Education / Education,9780385233620,French made simple,Genre,Nonfiction / Education / Education,1,"[""qwen_groq""]","[""gpt_oss_groq"", ""gpt_oss_20b""]","[""French language"", ""Grammar"", ""Text-books for foreign speakers"", ""Textbooks for foreign speakers"", ""French language, textbooks for foreign speakers"", ""French language -- Textbooks for foreign speakers -- English."", ""Reference"", ""Language"", ""Nonfiction"", ""Education & Teaching"", ""Studying & Workbooks""]"
9780385233620__genre__Nonfiction / Reference and Knowledge Organization / Reference,9780385233620,French made simple,Genre,Nonfiction / Reference and Knowledge Organization / Reference,1,"[""qwen_groq""]","[""gpt_oss_groq"", ""gpt_oss_20b""]","[""French language"", ""Grammar"", ""Text-books for foreign speakers"", ""Textbooks for foreign speakers"", ""French language, textbooks for foreign speakers"", ""French language -- Textbooks for foreign speakers -- English."", ""Reference"", ""Language"", ""Nonfiction"", ""Education & Teaching"", ""Studying & Workbooks""]"
9780385233620__metadata__Book_Format_and_Form / Textual_Form / Reference_Form,9780385233620,French made simple,Metadata,Book_Format_and_Form / Textual_Form / Reference_Form,1,"[""qwen_groq""]","[""gpt_oss_groq"", ""gpt_oss_20b""]","[""French language"", ""Grammar"", ""Text-books for foreign speakers"", ""Textbooks for foreign speakers"", ""French language, textbooks for foreign speakers"", ""French language -- Textbooks for foreign speakers -- English."", ""Reference"", ""Language"", ""Nonfiction"", ""Education & Teaching"", ""Studying & Workbooks""]"
9780385233620__metadata__Content_Suitability_Metadata / Reader_Advisory / Accessibility / Simplified Language,9780385233620,French made simple,Metadata,Content_Suitability_Metadata / Reader_Advisory / Accessibility / Simplified Language,2,"[""qwen_groq"", ""gpt_oss_20b""]","[""gpt_oss_groq""]","[""French language"", ""Grammar"", ""Text-books for foreign speakers"", ""Textbooks for foreign speakers"", ""French language, textbooks for foreign speakers"", ""French language -- Textbooks for foreign speakers -- English."", ""Reference"", ""Language"", ""Nonfiction"", ""Education & Teaching"", ""Studying & Workbooks""]"
9780385292610__genre__Fiction / Literary Fiction,9780385292610,Love and glory,Genre,Fiction / Literary Fiction,2,"[""qwen_groq"", ""gpt_oss_groq""]","[""gpt_oss_20b""]","[""Fiction"", ""Literature"", ""Literature & Fiction"", ""Literary Fiction"", ""Historical""]"
9780385292610__genre__Fiction / Literary Fiction / General Literary Fiction,9780385292610,Love and glory,Genre,Fiction / Literary Fiction / General Literary Fiction,1,"[""gpt_oss_20b""]","[""qwen_groq"", ""gpt_oss_groq""]","[""Fiction"", ""Literature"", ""Literature & Fiction"", ""Literary Fiction"", ""Historical""]"
9780385292986__genre__Fiction / Mystery / Detective Mystery,9780385292986,"Loretta P. Sweeny, where are you?",Genre,Fiction / Mystery / Detective Mystery,2,"[""qwen_groq"", ""gpt_oss_20b""]","[""gpt_oss_groq""]","[""Mystery and detective stories"", ""Middle Grade"", ""Children's Books"", ""Mystery and detective stories.""]"
9780385292986__genre__Fiction / Mystery / Traditional Mystery / Childrens Adventure and Mystery,9780385292986,"Loretta P. Sweeny, where are you?",Genre,Fiction / Mystery / Traditional Mystery / Childrens Adventure and Mystery,2,"[""qwen_groq"", ""gpt_oss_groq""]","[""gpt_oss_20b""]","[""Mystery and detective stories"", ""Middle Grade"", ""Children's Books"", ""Mystery and detective stories.""]"
9780385293853__genre__Fiction / Mystery / Crime Mystery / Noir Mystery,9780385293853,A Catskill eagle,Genre,Fiction / Mystery / Crime Mystery / Noir Mystery,1,"[""qwen_groq""]","[""gpt_oss_groq"", ""gpt_oss_20b""]","[""Private investigators"", ""Detective and mystery stories"", ""Fiction"", ""Detectives"", ""Mystery"", ""Crime"", ""Thriller"", ""Mystery Thriller"", ""Hard Boiled"", ""Mystery, Thriller & Suspense"", ""Hard-Boiled"", ""Boston (mass.), fiction"", ""Massachusetts, fiction"", ""Spenser (Fictitious character)"", ""Spenser (fictitious character), fiction"", ""Spenser (Fictitious character) -- Fiction"", ""Private investigators -- Massachusetts -- Boston -- Fiction"", ""Boston (Mass.) -- Fiction"", ""Detective""]"
9780385293853__genre__Fiction / Thriller,9780385293853,A Catskill eagle,Genre,Fiction / Thriller,1,"[""qwen_groq""]","[""gpt_oss_groq"", ""gpt_oss_20b""]","[""Private investigators"", ""Detective and mystery stories"", ""Fiction"", ""Detectives"", ""Mystery"", ""Crime"", ""Thriller"", ""Mystery Thriller"", ""Hard Boiled"", ""Mystery, Thriller & Suspense"", ""Hard-Boiled"", ""Boston (mass.), fiction"", ""Massachusetts, fiction"", ""Spenser (Fictitious character)"", ""Spenser (fictitious character), fiction"", ""Spenser (Fictitious character) -- Fiction"", ""Private investigators -- Massachusetts -- Boston -- Fiction"", ""Boston (Mass.) -- Fiction"", ""Detective""]"
9780385293853__metadata__Thematic_Metadata / Conflict_and_Event_Themes / Crime_and_Justice,9780385293853,A Catskill eagle,Metadata,Thematic_Metadata / Conflict_and_Event_Themes / Crime_and_Justice,2,"[""gpt_oss_groq"", ""gpt_oss_20b""]","[""qwen_groq""]","[""Private investigators"", ""Detective and mystery stories"", ""Fiction"", ""Detectives"", ""Mystery"", ""Crime"", ""Thriller"", ""Mystery Thriller"", ""Hard Boiled"", ""Mystery, Thriller & Suspense"", ""Hard-Boiled"", ""Boston (mass.), fiction"", ""Massachusetts, fiction"", ""Spenser (Fictitious character)"", ""Spenser (fictitious character), fiction"", ""Spenser (Fictitious character) -- Fiction"", ""Private investigators -- Massachusetts -- Boston -- Fiction"", ""Boston (Mass.) -- Fiction"", ""Detective""]"
9780385294867__genre__Fiction,9780385294867,"Love, from the fifth grade celebrity",Genre,Fiction,2,"[""gpt_oss_groq"", ""gpt_oss_20b""]","[""qwen_groq""]","[""Juvenile fiction"", ""Friendship"", ""Fiction"", ""Friendship -- Fiction"", ""Middle Grade"", ""Children's Books""]"
9780385294867__metadata__Thematic_Metadata / Relationship_and_Social_Themes / Friendship / Friendship,9780385294867,"Love, from the fifth grade celebrity",Metadata,Thematic_Metadata / Relationship_and_Social_Themes / Friendship / Friendship,1,"[""gpt_oss_20b""]","[""qwen_groq"", ""gpt_oss_groq""]","[""Juvenile fiction"", ""Friendship"", ""Fiction"", ""Friendship -- Fiction"", ""Middle Grade"", ""Children's Books""]"
9780385295840__metadata__Audience / Age_Group / Teen,9780385295840,Dear Bruce Springsteen,Metadata,Audience / Age_Group / Teen,2,"[""gpt_oss_groq"", ""gpt_oss_20b""]","[""qwen_groq""]","[""Letters"", ""Fiction"", ""Parent and child"", ""Young Adult"", ""Teen & Young Adult"", ""Literature & Fiction""]"
9780385295840__metadata__Audience / Age_Group / Teen / Teen Audience,9780385295840,Dear Bruce Springsteen,Metadata,Audience / Age_Group / Teen / Teen Audience,2,"[""gpt_oss_groq"", ""gpt_oss_20b""]","[""qwen_groq""]","[""Letters"", ""Fiction"", ""Parent and child"", ""Young Adult"", ""Teen & Young Adult"", ""Literature & Fiction""]"
9780385295840__metadata__Audience / Age_Group / Young_Adult,9780385295840,Dear Bruce Springsteen,Metadata,Audience / Age_Group / Young_Adult,2,"[""gpt_oss_groq"", ""gpt_oss_20b""]","[""qwen_groq""]","[""Letters"", ""Fiction"", ""Parent and child"", ""Young Adult"", ""Teen & Young Adult"", ""Literature & Fiction""]"
9780385295840__metadata__Narrative_and_Stylistic_Metadata / Narrative_Structure / Epistolary / Letters-Based,9780385295840,Dear Bruce Springsteen,Metadata,Narrative_and_Stylistic_Metadata / Narrative_Structure / Epistolary / Letters-Based,2,"[""gpt_oss_groq"", ""gpt_oss_20b""]","[""qwen_groq""]","[""Letters"", ""Fiction"", ""Parent and child"", ""Young Adult"", ""Teen & Young Adult"", ""Literature & Fiction""]"
9780385298957__genre__Fiction,9780385298957,Jackpot,Genre,Fiction,1,"[""qwen_groq""]","[""gpt_oss_groq"", ""gpt_oss_20b""]","[""Fiction"", ""Private investigators"", ""Nameless Detective (Fictitious character)"", ""California, fiction"", ""San francisco (calif.), fiction"", ""Fiction, mystery & detective, police procedural"", ""Private investigators, fiction"", ""Nameless Detective (Fictitious character) -- Fiction."", ""Private investigators -- California -- San Francisco -- Fiction."", ""San Francisco (Calif.) -- Fiction."", ""Mystery"", ""Mystery, Thriller & Suspense"", ""Thrillers & Suspense"", ""Suspense"", ""Nameless detective (fictitious character), fiction""]"
9780385298957__genre__Fiction / Mystery,9780385298957,Jackpot,Genre,Fiction / Mystery,1,"[""qwen_groq""]","[""gpt_oss_groq"", ""gpt_oss_20b""]","[""Fiction"", ""Private investigators"", ""Nameless Detective (Fictitious character)"", ""California, fiction"", ""San francisco (calif.), fiction"", ""Fiction, mystery & detective, police procedural"", ""Private investigators, fiction"", ""Nameless Detective (Fictitious character) -- Fiction."", ""Private investigators -- California -- San Francisco -- Fiction."", ""San Francisco (Calif.) -- Fiction."", ""Mystery"", ""Mystery, Thriller & Suspense"", ""Thrillers & Suspense"", ""Suspense"", ""Nameless detective (fictitious character), fiction""]"
9780385298957__genre__Fiction / Mystery / Procedural Mystery / Police Procedural,9780385298957,Jackpot,Genre,Fiction / Mystery / Procedural Mystery / Police Procedural,1,"[""gpt_oss_20b""]","[""qwen_groq"", ""gpt_oss_groq""]","[""Fiction"", ""Private investigators"", ""Nameless Detective (Fictitious character)"", ""California, fiction"", ""San francisco (calif.), fiction"", ""Fiction, mystery & detective, police procedural"", ""Private investigators, fiction"", ""Nameless Detective (Fictitious character) -- Fiction."", ""Private investigators -- California -- San Francisco -- Fiction."", ""San Francisco (Calif.) -- Fiction."", ""Mystery"", ""Mystery, Thriller & Suspense"", ""Thrillers & Suspense"", ""Suspense"", ""Nameless detective (fictitious character), fiction""]"
9780385298957__genre__Fiction / Suspense,9780385298957,Jackpot,Genre,Fiction / Suspense,2,"[""qwen_groq"", ""gpt_oss_groq""]","[""gpt_oss_20b""]","[""Fiction"", ""Private investigators"", ""Nameless Detective (Fictitious character)"", ""California, fiction"", ""San francisco (calif.), fiction"", ""Fiction, mystery & detective, police procedural"", ""Private investigators, fiction"", ""Nameless Detective (Fictitious character) -- Fiction."", ""Private investigators -- California -- San Francisco -- Fiction."", ""San Francisco (Calif.) -- Fiction."", ""Mystery"", ""Mystery, Thriller & Suspense"", ""Thrillers & Suspense"", ""Suspense"", ""Nameless detective (fictitious character), fiction""]"
9780385298957__genre__Fiction / Suspense / Suspense Fiction / Suspense Fiction,9780385298957,Jackpot,Genre,Fiction / Suspense / Suspense Fiction / Suspense Fiction,1,"[""gpt_oss_20b""]","[""qwen_groq"", ""gpt_oss_groq""]","[""Fiction"", ""Private investigators"", ""Nameless Detective (Fictitious character)"", ""California, fiction"", ""San francisco (calif.), fiction"", ""Fiction, mystery & detective, police procedural"", ""Private investigators, fiction"", ""Nameless Detective (Fictitious character) -- Fiction."", ""Private investigators -- California -- San Francisco -- Fiction."", ""San Francisco (Calif.) -- Fiction."", ""Mystery"", ""Mystery, Thriller & Suspense"", ""Thrillers & Suspense"", ""Suspense"", ""Nameless detective (fictitious character), fiction""]"
9780385299596__genre__Fiction,9780385299596,Threat case,Genre,Fiction,1,"[""qwen_groq""]","[""gpt_oss_groq"", ""gpt_oss_20b""]","[""Fiction, action & adventure"", ""Fiction, thrillers, espionage"", ""Fiction"", ""Thriller"", ""Literature & Fiction""]"
9780385299596__genre__Fiction / Action Fiction / General Action Fiction / Action Fiction,9780385299596,Threat case,Genre,Fiction / Action Fiction / General Action Fiction / Action Fiction,1,"[""qwen_groq""]","[""gpt_oss_groq"", ""gpt_oss_20b""]","[""Fiction, action & adventure"", ""Fiction, thrillers, espionage"", ""Fiction"", ""Thriller"", ""Literature & Fiction""]"
9780385299596__genre__Fiction / Adventure / General Adventure Fiction / Action Adventure,9780385299596,Threat case,Genre,Fiction / Adventure / General Adventure Fiction / Action Adventure,2,"[""gpt_oss_groq"", ""gpt_oss_20b""]","[""qwen_groq""]","[""Fiction, action & adventure"", ""Fiction, thrillers, espionage"", ""Fiction"", ""Thriller"", ""Literature & Fiction""]"
9780385299596__genre__Fiction / Thriller,9780385299596,Threat case,Genre,Fiction / Thriller,2,"[""qwen_groq"", ""gpt_oss_20b""]","[""gpt_oss_groq""]","[""Fiction, action & adventure"", ""Fiction, thrillers, espionage"", ""Fiction"", ""Thriller"", ""Literature & Fiction""]"
9780385299596__genre__Fiction / Thriller / Political and Espionage Thriller / Espionage Thriller,9780385299596,Threat case,Genre,Fiction / Thriller / Political and Espionage Thriller / Espionage Thriller,2,"[""qwen_groq"", ""gpt_oss_groq""]","[""gpt_oss_20b""]","[""Fiction, action & adventure"", ""Fiction, thrillers, espionage"", ""Fiction"", ""Thriller"", ""Literature & Fiction""]"
9780385299596__genre__Fiction / Thriller / Political and Espionage Thriller / Spy Thriller,9780385299596,Threat case,Genre,Fiction / Thriller / Political and Espionage Thriller / Spy Thriller,1,"[""gpt_oss_20b""]","[""qwen_groq"", ""gpt_oss_groq""]","[""Fiction, action & adventure"", ""Fiction, thrillers, espionage"", ""Fiction"", ""Thriller"", ""Literature & Fiction""]"
9780385302609__genre__Fiction,9780385302609,Indemnity Only,Genre,Fiction,1,"[""qwen_groq""]","[""gpt_oss_groq"", ""gpt_oss_20b""]","[""Fiction"", ""V. I. Warshawski (Fictitious character)"", ""Women private investigators"", ""Mystery"", ""Women detectives"", ""Detective and mystery stories"", ""Private investigators"", ""Fiction, mystery & detective, women sleuths"", ""Private investigators, fiction"", ""Chicago (ill.), fiction"", ""Illinois, fiction"", ""Crime"", ""Mystery Thriller"", ""Thriller"", ""Detective"", ""Mystery, Thriller & Suspense"", ""Hard-Boiled"", ""V.I. Warshawski (Fictitious character)"", ""Warshawski, v. i. (fictitious character), fiction""]"
9780385302609__genre__Fiction / Crime Fiction,9780385302609,Indemnity Only,Genre,Fiction / Crime Fiction,1,"[""qwen_groq""]","[""gpt_oss_groq"", ""gpt_oss_20b""]","[""Fiction"", ""V. I. Warshawski (Fictitious character)"", ""Women private investigators"", ""Mystery"", ""Women detectives"", ""Detective and mystery stories"", ""Private investigators"", ""Fiction, mystery & detective, women sleuths"", ""Private investigators, fiction"", ""Chicago (ill.), fiction"", ""Illinois, fiction"", ""Crime"", ""Mystery Thriller"", ""Thriller"", ""Detective"", ""Mystery, Thriller & Suspense"", ""Hard-Boiled"", ""V.I. Warshawski (Fictitious character)"", ""Warshawski, v. i. (fictitious character), fiction""]"
9780385302609__genre__Fiction / Mystery,9780385302609,Indemnity Only,Genre,Fiction / Mystery,1,"[""qwen_groq""]","[""gpt_oss_groq"", ""gpt_oss_20b""]","[""Fiction"", ""V. I. Warshawski (Fictitious character)"", ""Women private investigators"", ""Mystery"", ""Women detectives"", ""Detective and mystery stories"", ""Private investigators"", ""Fiction, mystery & detective, women sleuths"", ""Private investigators, fiction"", ""Chicago (ill.), fiction"", ""Illinois, fiction"", ""Crime"", ""Mystery Thriller"", ""Thriller"", ""Detective"", ""Mystery, Thriller & Suspense"", ""Hard-Boiled"", ""V.I. Warshawski (Fictitious character)"", ""Warshawski, v. i. (fictitious character), fiction""]"
9780385302609__metadata__Thematic_Metadata / Conflict_and_Event_Themes / Crime_and_Justice,9780385302609,Indemnity Only,Metadata,Thematic_Metadata / Conflict_and_Event_Themes / Crime_and_Justice,1,"[""gpt_oss_groq""]","[""qwen_groq"", ""gpt_oss_20b""]","[""Fiction"", ""V. I. Warshawski (Fictitious character)"", ""Women private investigators"", ""Mystery"", ""Women detectives"", ""Detective and mystery stories"", ""Private investigators"", ""Fiction, mystery & detective, women sleuths"", ""Private investigators, fiction"", ""Chicago (ill.), fiction"", ""Illinois, fiction"", ""Crime"", ""Mystery Thriller"", ""Thriller"", ""Detective"", ""Mystery, Thriller & Suspense"", ""Hard-Boiled"", ""V.I. Warshawski (Fictitious character)"", ""Warshawski, v. i. (fictitious character), fiction""]"
9780385302609__metadata__Thematic_Metadata / Conflict_and_Event_Themes / Crime_and_Justice / Crime,9780385302609,Indemnity Only,Metadata,Thematic_Metadata / Conflict_and_Event_Themes / Crime_and_Justice / Crime,2,"[""qwen_groq"", ""gpt_oss_20b""]","[""gpt_oss_groq""]","[""Fiction"", ""V. I. Warshawski (Fictitious character)"", ""Women private investigators"", ""Mystery"", ""Women detectives"", ""Detective and mystery stories"", ""Private investigators"", ""Fiction, mystery & detective, women sleuths"", ""Private investigators, fiction"", ""Chicago (ill.), fiction"", ""Illinois, fiction"", ""Crime"", ""Mystery Thriller"", ""Thriller"", ""Detective"", ""Mystery, Thriller & Suspense"", ""Hard-Boiled"", ""V.I. Warshawski (Fictitious character)"", ""Warshawski, v. i. (fictitious character), fiction""]"
9780385319928__genre__Fiction / Romance,9780385319928,The long road home,Genre,Fiction / Romance,2,"[""qwen_groq"", ""gpt_oss_groq""]","[""gpt_oss_20b""]","[""Fiction"", ""Contemporary Fiction"", ""Romance"", ""Child abuse -- Fiction"", ""Adult child abuse victims -- Fiction"", ""Parent and child"", ""Women authors"", ""Women authors -- Fiction"", ""New York (N.Y.) -- Fiction"", ""Betrayal"", ""Psychology""]"
9780385319928__genre__Fiction / Romance / General Romance / Romance,9780385319928,The long road home,Genre,Fiction / Romance / General Romance / Romance,1,"[""gpt_oss_20b""]","[""qwen_groq"", ""gpt_oss_groq""]","[""Fiction"", ""Contemporary Fiction"", ""Romance"", ""Child abuse -- Fiction"", ""Adult child abuse victims -- Fiction"", ""Parent and child"", ""Women authors"", ""Women authors -- Fiction"", ""New York (N.Y.) -- Fiction"", ""Betrayal"", ""Psychology""]"
9780385319928__metadata__Temporal_Context / Historical_Period / Contemporary,9780385319928,The long road home,Metadata,Temporal_Context / Historical_Period / Contemporary,1,"[""qwen_groq""]","[""gpt_oss_groq"", ""gpt_oss_20b""]","[""Fiction"", ""Contemporary Fiction"", ""Romance"", ""Child abuse -- Fiction"", ""Adult child abuse victims -- Fiction"", ""Parent and child"", ""Women authors"", ""Women authors -- Fiction"", ""New York (N.Y.) -- Fiction"", ""Betrayal"", ""Psychology""]"
9780385411035__genre__Nonfiction / Biography,9780385411035,A little original sin,Genre,Nonfiction / Biography,1,"[""gpt_oss_20b""]","[""qwen_groq"", ""gpt_oss_groq""]","[""Biography"", ""American Women authors"", ""Women, biography"", ""Women authors"", ""Authors, American -- 20th century -- Biography"", ""Americans -- Morocco -- Biography"", ""Nonfiction"", ""Literature""]"
9780385411035__genre__Nonfiction / Biography / Biography / Literary Biography,9780385411035,A little original sin,Genre,Nonfiction / Biography / Biography / Literary Biography,2,"[""qwen_groq"", ""gpt_oss_groq""]","[""gpt_oss_20b""]","[""Biography"", ""American Women authors"", ""Women, biography"", ""Women authors"", ""Authors, American -- 20th century -- Biography"", ""Americans -- Morocco -- Biography"", ""Nonfiction"", ""Literature""]"
9780385427104__genre__Nonfiction,9780385427104,"Hot Zone,the",Genre,Nonfiction,1,"[""qwen_groq""]","[""gpt_oss_groq"", ""gpt_oss_20b""]","[""Ebola virus disease"", ""Ebolavirus"", ""Epidemiology"", ""Communicable diseases"", ""Nonfiction"", ""Science"", ""History"", ""Medical"", ""Medicine"", ""Horror"", ""Thriller"", ""Popular works"", ""New York Times bestseller"", ""Ebola Virus"", ""Ebola Hemorrhagic Fever""]"
9780385427104__genre__Nonfiction / History,9780385427104,"Hot Zone,the",Genre,Nonfiction / History,1,"[""gpt_oss_20b""]","[""qwen_groq"", ""gpt_oss_groq""]","[""Ebola virus disease"", ""Ebolavirus"", ""Epidemiology"", ""Communicable diseases"", ""Nonfiction"", ""Science"", ""History"", ""Medical"", ""Medicine"", ""Horror"", ""Thriller"", ""Popular works"", ""New York Times bestseller"", ""Ebola Virus"", ""Ebola Hemorrhagic Fever""]"
9780385427104__genre__Nonfiction / History / General History,9780385427104,"Hot Zone,the",Genre,Nonfiction / History / General History,1,"[""gpt_oss_groq""]","[""qwen_groq"", ""gpt_oss_20b""]","[""Ebola virus disease"", ""Ebolavirus"", ""Epidemiology"", ""Communicable diseases"", ""Nonfiction"", ""Science"", ""History"", ""Medical"", ""Medicine"", ""Horror"", ""Thriller"", ""Popular works"", ""New York Times bestseller"", ""Ebola Virus"", ""Ebola Hemorrhagic Fever""]"
9780385427104__genre__Nonfiction / Medicine and Health / Medicine,9780385427104,"Hot Zone,the",Genre,Nonfiction / Medicine and Health / Medicine,2,"[""qwen_groq"", ""gpt_oss_20b""]","[""gpt_oss_groq""]","[""Ebola virus disease"", ""Ebolavirus"", ""Epidemiology"", ""Communicable diseases"", ""Nonfiction"", ""Science"", ""History"", ""Medical"", ""Medicine"", ""Horror"", ""Thriller"", ""Popular works"", ""New York Times bestseller"", ""Ebola Virus"", ""Ebola Hemorrhagic Fever""]"
9780385427104__genre__Nonfiction / Science,9780385427104,"Hot Zone,the",Genre,Nonfiction / Science,1,"[""qwen_groq""]","[""gpt_oss_groq"", ""gpt_oss_20b""]","[""Ebola virus disease"", ""Ebolavirus"", ""Epidemiology"", ""Communicable diseases"", ""Nonfiction"", ""Science"", ""History"", ""Medical"", ""Medicine"", ""Horror"", ""Thriller"", ""Popular works"", ""New York Times bestseller"", ""Ebola Virus"", ""Ebola Hemorrhagic Fever""]"
9780385427104__genre__Nonfiction / Science / Popular Science / Popular Science,9780385427104,"Hot Zone,the",Genre,Nonfiction / Science / Popular Science / Popular Science,1,"[""qwen_groq""]","[""gpt_oss_groq"", ""gpt_oss_20b""]","[""Ebola virus disease"", ""Ebolavirus"", ""Epidemiology"", ""Communicable diseases"", ""Nonfiction"", ""Science"", ""History"", ""Medical"", ""Medicine"", ""Horror"", ""Thriller"", ""Popular works"", ""New York Times bestseller"", ""Ebola Virus"", ""Ebola Hemorrhagic Fever""]"
9780385427104__genre__Nonfiction / Science / Popular Science / Science Communication,9780385427104,"Hot Zone,the",Genre,Nonfiction / Science / Popular Science / Science Communication,1,"[""gpt_oss_groq""]","[""qwen_groq"", ""gpt_oss_20b""]","[""Ebola virus disease"", ""Ebolavirus"", ""Epidemiology"", ""Communicable diseases"", ""Nonfiction"", ""Science"", ""History"", ""Medical"", ""Medicine"", ""Horror"", ""Thriller"", ""Popular works"", ""New York Times bestseller"", ""Ebola Virus"", ""Ebola Hemorrhagic Fever""]"
9780393018059__genre__Nonfiction / Philosophy,9780393018059,Enjoy old age,Genre,Nonfiction / Philosophy,1,"[""gpt_oss_20b""]","[""qwen_groq"", ""gpt_oss_groq""]","[""Old age"", ""Older people"", ""Aging"", ""Self-help techniques"", ""Self-management (Psychology)"", ""Psychology"", ""Philosophy"", ""Nonfiction"", ""Self Help"", ""Health, Fitness & Dieting"", ""Activities of Daily Living"", ""Conduct of life"", ""Older people, psychology"", ""Old age -- Philosophy."", ""Aged -- Psychology.""]"
9780393018059__genre__Nonfiction / Philosophy / Core Philosophy / Philosophy,9780393018059,Enjoy old age,Genre,Nonfiction / Philosophy / Core Philosophy / Philosophy,2,"[""qwen_groq"", ""gpt_oss_groq""]","[""gpt_oss_20b""]","[""Old age"", ""Older people"", ""Aging"", ""Self-help techniques"", ""Self-management (Psychology)"", ""Psychology"", ""Philosophy"", ""Nonfiction"", ""Self Help"", ""Health, Fitness & Dieting"", ""Activities of Daily Living"", ""Conduct of life"", ""Older people, psychology"", ""Old age -- Philosophy."", ""Aged -- Psychology.""]"
9780393018059__metadata__Character_and_Representation_Metadata / Protagonist_Profile / Age_Profile,9780393018059,Enjoy old age,Metadata,Character_and_Representation_Metadata / Protagonist_Profile / Age_Profile,2,"[""qwen_groq"", ""gpt_oss_groq""]","[""gpt_oss_20b""]","[""Old age"", ""Older people"", ""Aging"", ""Self-help techniques"", ""Self-management (Psychology)"", ""Psychology"", ""Philosophy"", ""Nonfiction"", ""Self Help"", ""Health, Fitness & Dieting"", ""Activities of Daily Living"", ""Conduct of life"", ""Older people, psychology"", ""Old age -- Philosophy."", ""Aged -- Psychology.""]"
9780393018059__metadata__Thematic_Metadata / Knowledge_and_Idea_Themes / Ethics_and_Philosophy,9780393018059,Enjoy old age,Metadata,Thematic_Metadata / Knowledge_and_Idea_Themes / Ethics_and_Philosophy,1,"[""gpt_oss_20b""]","[""qwen_groq"", ""gpt_oss_groq""]","[""Old age"", ""Older people"", ""Aging"", ""Self-help techniques"", ""Self-management (Psychology)"", ""Psychology"", ""Philosophy"", ""Nonfiction"", ""Self Help"", ""Health, Fitness & Dieting"", ""Activities of Daily Living"", ""Conduct of life"", ""Older people, psychology"", ""Old age -- Philosophy."", ""Aged -- Psychology.""]"
9780393018059__metadata__Thematic_Metadata / Knowledge_and_Idea_Themes / Ethics_and_Philosophy / Meaning of Life,9780393018059,Enjoy old age,Metadata,Thematic_Metadata / Knowledge_and_Idea_Themes / Ethics_and_Philosophy / Meaning of Life,1,"[""qwen_groq""]","[""gpt_oss_groq"", ""gpt_oss_20b""]","[""Old age"", ""Older people"", ""Aging"", ""Self-help techniques"", ""Self-management (Psychology)"", ""Psychology"", ""Philosophy"", ""Nonfiction"", ""Self Help"", ""Health, Fitness & Dieting"", ""Activities of Daily Living"", ""Conduct of life"", ""Older people, psychology"", ""Old age -- Philosophy."", ""Aged -- Psychology.""]"
9780393022148__genre__Fiction / Crime Fiction,9780393022148,Field of blood,Genre,Fiction / Crime Fiction,1,"[""qwen_groq""]","[""gpt_oss_groq"", ""gpt_oss_20b""]","[""Fiction"", ""Fiction, general"", ""Thriller"", ""Crime"", ""Ireland -- Fiction""]"
9780393022148__genre__Fiction / Crime Fiction / General Crime Fiction,9780393022148,Field of blood,Genre,Fiction / Crime Fiction / General Crime Fiction,1,"[""gpt_oss_groq""]","[""qwen_groq"", ""gpt_oss_20b""]","[""Fiction"", ""Fiction, general"", ""Thriller"", ""Crime"", ""Ireland -- Fiction""]"
9780393022148__genre__Fiction / Crime Fiction / General Crime Fiction / Crime Fiction,9780393022148,Field of blood,Genre,Fiction / Crime Fiction / General Crime Fiction / Crime Fiction,1,"[""gpt_oss_20b""]","[""qwen_groq"", ""gpt_oss_groq""]","[""Fiction"", ""Fiction, general"", ""Thriller"", ""Crime"", ""Ireland -- Fiction""]"
9780393959574__genre__Nonfiction / Education,9780393959574,Psychology,Genre,Nonfiction / Education,1,"[""gpt_oss_20b""]","[""qwen_groq"", ""gpt_oss_groq""]","[""Psychology"", ""Textbooks"", ""Psychology textbooks"", ""Psychologie"", ""Humanities textbooks"", ""Psykologi"", ""State of the art review"", ""Psychology -- Textbooks"", ""Nonfiction"", ""Science"", ""Reference"", ""Education""]"
9780393959574__genre__Nonfiction / Education / Education,9780393959574,Psychology,Genre,Nonfiction / Education / Education,1,"[""qwen_groq""]","[""gpt_oss_groq"", ""gpt_oss_20b""]","[""Psychology"", ""Textbooks"", ""Psychology textbooks"", ""Psychologie"", ""Humanities textbooks"", ""Psykologi"", ""State of the art review"", ""Psychology -- Textbooks"", ""Nonfiction"", ""Science"", ""Reference"", ""Education""]"
9780393959574__genre__Nonfiction / Reference and Knowledge Organization / Reference,9780393959574,Psychology,Genre,Nonfiction / Reference and Knowledge Organization / Reference,2,"[""qwen_groq"", ""gpt_oss_20b""]","[""gpt_oss_groq""]","[""Psychology"", ""Textbooks"", ""Psychology textbooks"", ""Psychologie"", ""Humanities textbooks"", ""Psykologi"", ""State of the art review"", ""Psychology -- Textbooks"", ""Nonfiction"", ""Science"", ""Reference"", ""Education""]"
9780393959574__metadata__Audience / Educational_Stage / Professional_Level / Continuing Education,9780393959574,Psychology,Metadata,Audience / Educational_Stage / Professional_Level / Continuing Education,1,"[""gpt_oss_20b""]","[""qwen_groq"", ""gpt_oss_groq""]","[""Psychology"", ""Textbooks"", ""Psychology textbooks"", ""Psychologie"", ""Humanities textbooks"", ""Psykologi"", ""State of the art review"", ""Psychology -- Textbooks"", ""Nonfiction"", ""Science"", ""Reference"", ""Education""]"
9780393959574__metadata__Thematic_Metadata / Knowledge_and_Idea_Themes / Science_and_Technology,9780393959574,Psychology,Metadata,Thematic_Metadata / Knowledge_and_Idea_Themes / Science_and_Technology,1,"[""gpt_oss_20b""]","[""qwen_groq"", ""gpt_oss_groq""]","[""Psychology"", ""Textbooks"", ""Psychology textbooks"", ""Psychologie"", ""Humanities textbooks"", ""Psykologi"", ""State of the art review"", ""Psychology -- Textbooks"", ""Nonfiction"", ""Science"", ""Reference"", ""Education""]"
9780394412030__genre__Fiction,9780394412030,The fan,Genre,Fiction,1,"[""qwen_groq""]","[""gpt_oss_groq"", ""gpt_oss_20b""]","[""Fiction"", ""Thrillers"", ""Fiction, psychological"", ""Thriller"", ""Mystery"", ""Suspense"", ""Mystery Thriller"", ""Drama""]"
9780394412030__genre__Fiction / Suspense,9780394412030,The fan,Genre,Fiction / Suspense,2,"[""qwen_groq"", ""gpt_oss_20b""]","[""gpt_oss_groq""]","[""Fiction"", ""Thrillers"", ""Fiction, psychological"", ""Thriller"", ""Mystery"", ""Suspense"", ""Mystery Thriller"", ""Drama""]"
9780394412030__genre__Fiction / Suspense / Suspense Fiction,9780394412030,The fan,Genre,Fiction / Suspense / Suspense Fiction,1,"[""gpt_oss_groq""]","[""qwen_groq"", ""gpt_oss_20b""]","[""Fiction"", ""Thrillers"", ""Fiction, psychological"", ""Thriller"", ""Mystery"", ""Suspense"", ""Mystery Thriller"", ""Drama""]"
9780394412030__genre__Fiction / Thriller,9780394412030,The fan,Genre,Fiction / Thriller,2,"[""qwen_groq"", ""gpt_oss_20b""]","[""gpt_oss_groq""]","[""Fiction"", ""Thrillers"", ""Fiction, psychological"", ""Thriller"", ""Mystery"", ""Suspense"", ""Mystery Thriller"", ""Drama""]"
9780394499826__genre__Fiction,9780394499826,The siege of the Villa Lipp,Genre,Fiction,1,"[""qwen_groq""]","[""gpt_oss_groq"", ""gpt_oss_20b""]","[""Fiction"", ""Great britain, fiction"", ""Fiction, thrillers, espionage"", ""Espionage"", ""Thriller"", ""Mystery"", ""British Literature"", ""Novels"", ""Mystery, Thriller & Suspense"", ""Thrillers & Suspense"", ""Spies & Politics""]"
9780394499826__genre__Fiction / Thriller,9780394499826,The siege of the Villa Lipp,Genre,Fiction / Thriller,1,"[""qwen_groq""]","[""gpt_oss_groq"", ""gpt_oss_20b""]","[""Fiction"", ""Great britain, fiction"", ""Fiction, thrillers, espionage"", ""Espionage"", ""Thriller"", ""Mystery"", ""British Literature"", ""Novels"", ""Mystery, Thriller & Suspense"", ""Thrillers & Suspense"", ""Spies & Politics""]"
9780394514055__metadata__Book_Format_and_Form / Narrative_Length / Short,9780394514055,The stories of Heinrich Böll,Metadata,Book_Format_and_Form / Narrative_Length / Short,1,"[""gpt_oss_20b""]","[""qwen_groq"", ""gpt_oss_groq""]","[""Translations into English"", ""German Short stories"", ""Short Stories"", ""Fiction"", ""German Literature"", ""Literature"", ""Classics"", ""Böll, Heinrich, 1917- -- Translations into English""]"
9780394514055__metadata__Book_Format_and_Form / Textual_Form / Short_Form,9780394514055,The stories of Heinrich Böll,Metadata,Book_Format_and_Form / Textual_Form / Short_Form,1,"[""gpt_oss_20b""]","[""qwen_groq"", ""gpt_oss_groq""]","[""Translations into English"", ""German Short stories"", ""Short Stories"", ""Fiction"", ""German Literature"", ""Literature"", ""Classics"", ""Böll, Heinrich, 1917- -- Translations into English""]"
9780394514055__metadata__Geographical_Context / Country_or_National_Context / Country_Based_Context / German Context,9780394514055,The stories of Heinrich Böll,Metadata,Geographical_Context / Country_or_National_Context / Country_Based_Context / German Context,2,"[""gpt_oss_groq"", ""gpt_oss_20b""]","[""qwen_groq""]","[""Translations into English"", ""German Short stories"", ""Short Stories"", ""Fiction"", ""German Literature"", ""Literature"", ""Classics"", ""Böll, Heinrich, 1917- -- Translations into English""]"
9780394514055__metadata__Language_and_Textual_Context / Language / Single_Language / German,9780394514055,The stories of Heinrich Böll,Metadata,Language_and_Textual_Context / Language / Single_Language / German,1,"[""gpt_oss_20b""]","[""qwen_groq"", ""gpt_oss_groq""]","[""Translations into English"", ""German Short stories"", ""Short Stories"", ""Fiction"", ""German Literature"", ""Literature"", ""Classics"", ""Böll, Heinrich, 1917- -- Translations into English""]"
9780394539362__genre__Fiction / Literary Fiction / Social and Political Fiction / Psychological Fiction,9780394539362,Other women,Genre,Fiction / Literary Fiction / Social and Political Fiction / Psychological Fiction,2,"[""qwen_groq"", ""gpt_oss_20b""]","[""gpt_oss_groq""]","[""Fiction"", ""Lesbians"", ""Single mothers"", ""Vermont, fiction"", ""Fiction, lgbtq+, lesbian"", ""Fiction, psychological"", ""Fiction, general"", ""Single mothers -- Fiction."", ""Lesbians -- Fiction."", ""Vermont -- Fiction."", ""Contemporary"", ""Novels"", ""Literature"", ""Literature & Fiction""]"
9780394542690__genre__Nonfiction / Biography / Biography,9780394542690,Wilbur and Orville,Genre,Nonfiction / Biography / Biography,1,"[""gpt_oss_20b""]","[""qwen_groq"", ""gpt_oss_groq""]","[""Aeronautics"", ""Biography"", ""Wright brothers"", ""Aeronautics, biography"", ""Wright, Wilbur, 1867-1912."", ""Wright, Orville, 1871-1948."", ""Aeronautics -- United States -- Biography."", ""Biographies & Memoirs""]"
9780394542690__genre__Nonfiction / Biography / Biography / Collective Biography,9780394542690,Wilbur and Orville,Genre,Nonfiction / Biography / Biography / Collective Biography,1,"[""qwen_groq""]","[""gpt_oss_groq"", ""gpt_oss_20b""]","[""Aeronautics"", ""Biography"", ""Wright brothers"", ""Aeronautics, biography"", ""Wright, Wilbur, 1867-1912."", ""Wright, Orville, 1871-1948."", ""Aeronautics -- United States -- Biography."", ""Biographies & Memoirs""]"
9780394542690__genre__Nonfiction / Biography / Biography / Scientific Biography,9780394542690,Wilbur and Orville,Genre,Nonfiction / Biography / Biography / Scientific Biography,1,"[""gpt_oss_groq""]","[""qwen_groq"", ""gpt_oss_20b""]","[""Aeronautics"", ""Biography"", ""Wright brothers"", ""Aeronautics, biography"", ""Wright, Wilbur, 1867-1912."", ""Wright, Orville, 1871-1948."", ""Aeronautics -- United States -- Biography."", ""Biographies & Memoirs""]"
9780394544939__genre__Nonfiction,9780394544939,Play with a purpose,Genre,Nonfiction,2,"[""qwen_groq"", ""gpt_oss_groq""]","[""gpt_oss_20b""]","[""Educational games"", ""Play"", ""Child rearing""]"
9780394544939__genre__Nonfiction / Education / Education / Educational Psychology,9780394544939,Play with a purpose,Genre,Nonfiction / Education / Education / Educational Psychology,2,"[""qwen_groq"", ""gpt_oss_20b""]","[""gpt_oss_groq""]","[""Educational games"", ""Play"", ""Child rearing""]"
9780394555522__genre__Nonfiction / Medicine and Health / Health and Wellness / Fitness,9780394555522,Ageless ageing,Genre,Nonfiction / Medicine and Health / Health and Wellness / Fitness,2,"[""gpt_oss_groq"", ""gpt_oss_20b""]","[""qwen_groq""]","[""Longevity"", ""Low-calorie diet"", ""Nutrition"", ""Nutritional aspects of Longevity"", ""Aging"", ""Health, Fitness & Dieting"", ""Nutritional aspects"", ""Health""]"
9780394555522__genre__Nonfiction / Medicine and Health / Health and Wellness / Health,9780394555522,Ageless ageing,Genre,Nonfiction / Medicine and Health / Health and Wellness / Health,2,"[""qwen_groq"", ""gpt_oss_20b""]","[""gpt_oss_groq""]","[""Longevity"", ""Low-calorie diet"", ""Nutrition"", ""Nutritional aspects of Longevity"", ""Aging"", ""Health, Fitness & Dieting"", ""Nutritional aspects"", ""Health""]"
9780394723167__genre__Fiction / Fantasy,9780394723167,Shadowcastle,Genre,Fiction / Fantasy,2,"[""qwen_groq"", ""gpt_oss_groq""]","[""gpt_oss_20b""]","[""Fantasy"", ""Fiction"", ""Science Fiction & Fantasy"", ""Childrens"", ""Choose Your Own Adventure""]"
9780394723167__genre__Fiction / Fantasy / Science Fantasy,9780394723167,Shadowcastle,Genre,Fiction / Fantasy / Science Fantasy,1,"[""gpt_oss_20b""]","[""qwen_groq"", ""gpt_oss_groq""]","[""Fantasy"", ""Fiction"", ""Science Fiction & Fantasy"", ""Childrens"", ""Choose Your Own Adventure""]"
9780394723167__genre__Fiction / Science Fiction / General Science Fiction,9780394723167,Shadowcastle,Genre,Fiction / Science Fiction / General Science Fiction,1,"[""gpt_oss_groq""]","[""qwen_groq"", ""gpt_oss_20b""]","[""Fantasy"", ""Fiction"", ""Science Fiction & Fantasy"", ""Childrens"", ""Choose Your Own Adventure""]"
9780394804248__genre__Fiction,9780394804248,The most beautiful place in the world,Genre,Fiction,1,"[""gpt_oss_20b""]","[""qwen_groq"", ""gpt_oss_groq""]","[""Fiction"", ""Juvenile fiction"", ""Children's fiction"", ""Realistic Fiction"", ""Middle Grade"", ""Family"", ""Family Life"", ""Multigenerational"", ""Grandmothers"", ""Grandmothers -- Fiction"", ""Voyages and travels, fiction"", ""Guatemala -- Fiction"", ""Growing Up & Facts of Life"", ""School"", ""Children's Books""]"
9780394804248__genre__Fiction / Literary Fiction / Family and Relationship Fiction,9780394804248,The most beautiful place in the world,Genre,Fiction / Literary Fiction / Family and Relationship Fiction,1,"[""gpt_oss_groq""]","[""qwen_groq"", ""gpt_oss_20b""]","[""Fiction"", ""Juvenile fiction"", ""Children's fiction"", ""Realistic Fiction"", ""Middle Grade"", ""Family"", ""Family Life"", ""Multigenerational"", ""Grandmothers"", ""Grandmothers -- Fiction"", ""Voyages and travels, fiction"", ""Guatemala -- Fiction"", ""Growing Up & Facts of Life"", ""School"", ""Children's Books""]"
9780394804248__metadata__Audience / Age_Group / All_Ages / Family Audience,9780394804248,The most beautiful place in the world,Metadata,Audience / Age_Group / All_Ages / Family Audience,1,"[""gpt_oss_20b""]","[""qwen_groq"", ""gpt_oss_groq""]","[""Fiction"", ""Juvenile fiction"", ""Children's fiction"", ""Realistic Fiction"", ""Middle Grade"", ""Family"", ""Family Life"", ""Multigenerational"", ""Grandmothers"", ""Grandmothers -- Fiction"", ""Voyages and travels, fiction"", ""Guatemala -- Fiction"", ""Growing Up & Facts of Life"", ""School"", ""Children's Books""]"
9780394804248__metadata__Character_and_Representation_Metadata / Protagonist_Profile / Group_Profile / Family-Centered,9780394804248,The most beautiful place in the world,Metadata,Character_and_Representation_Metadata / Protagonist_Profile / Group_Profile / Family-Centered,1,"[""gpt_oss_20b""]","[""qwen_groq"", ""gpt_oss_groq""]","[""Fiction"", ""Juvenile fiction"", ""Children's fiction"", ""Realistic Fiction"", ""Middle Grade"", ""Family"", ""Family Life"", ""Multigenerational"", ""Grandmothers"", ""Grandmothers -- Fiction"", ""Voyages and travels, fiction"", ""Guatemala -- Fiction"", ""Growing Up & Facts of Life"", ""School"", ""Children's Books""]"
9780394804248__metadata__Thematic_Metadata / Relationship_and_Social_Themes / Family,9780394804248,The most beautiful place in the world,Metadata,Thematic_Metadata / Relationship_and_Social_Themes / Family,2,"[""qwen_groq"", ""gpt_oss_20b""]","[""gpt_oss_groq""]","[""Fiction"", ""Juvenile fiction"", ""Children's fiction"", ""Realistic Fiction"", ""Middle Grade"", ""Family"", ""Family Life"", ""Multigenerational"", ""Grandmothers"", ""Grandmothers -- Fiction"", ""Voyages and travels, fiction"", ""Guatemala -- Fiction"", ""Growing Up & Facts of Life"", ""School"", ""Children's Books""]"
9780394807928__genre__Fiction,9780394807928,Follow that bus!,Genre,Fiction,2,"[""qwen_groq"", ""gpt_oss_20b""]","[""gpt_oss_groq""]","[""Children's stories"", ""Fiction"", ""Children's fiction"", ""Buses, fiction"", ""Growing Up & Facts of Life"", ""Friendship, Social Skills & School Life"", ""School""]"
9780394807928__genre__Fiction / Literary Fiction / General Literary Fiction / Slice of Life Fiction,9780394807928,Follow that bus!,Genre,Fiction / Literary Fiction / General Literary Fiction / Slice of Life Fiction,2,"[""gpt_oss_groq"", ""gpt_oss_20b""]","[""qwen_groq""]","[""Children's stories"", ""Fiction"", ""Children's fiction"", ""Buses, fiction"", ""Growing Up & Facts of Life"", ""Friendship, Social Skills & School Life"", ""School""]"
9780394827001__genre__Fiction,9780394827001,Soup.,Genre,Fiction,1,"[""qwen_groq""]","[""gpt_oss_groq"", ""gpt_oss_20b""]","[""Fiction"", ""Friendship"", ""Juvenile Fiction"", ""Children's fiction"", ""Boys, fiction"", ""Amitié"", ""Romans, nouvelles, etc. pour la jeunesse"", ""Friendship -- Fiction."", ""Humor"", ""Middle Grade"", ""Young Adult"", ""Juvenile"", ""Childrens""]"
9780394827001__metadata__Thematic_Metadata / Relationship_and_Social_Themes / Friendship,9780394827001,Soup.,Metadata,Thematic_Metadata / Relationship_and_Social_Themes / Friendship,2,"[""gpt_oss_groq"", ""gpt_oss_20b""]","[""qwen_groq""]","[""Fiction"", ""Friendship"", ""Juvenile Fiction"", ""Children's fiction"", ""Boys, fiction"", ""Amitié"", ""Romans, nouvelles, etc. pour la jeunesse"", ""Friendship -- Fiction."", ""Humor"", ""Middle Grade"", ""Young Adult"", ""Juvenile"", ""Childrens""]"
9780394827001__metadata__Thematic_Metadata / Relationship_and_Social_Themes / Friendship / Friendship,9780394827001,Soup.,Metadata,Thematic_Metadata / Relationship_and_Social_Themes / Friendship / Friendship,1,"[""qwen_groq""]","[""gpt_oss_groq"", ""gpt_oss_20b""]","[""Fiction"", ""Friendship"", ""Juvenile Fiction"", ""Children's fiction"", ""Boys, fiction"", ""Amitié"", ""Romans, nouvelles, etc. pour la jeunesse"", ""Friendship -- Fiction."", ""Humor"", ""Middle Grade"", ""Young Adult"", ""Juvenile"", ""Childrens""]"
9780394852768__genre__Fiction,9780394852768,The bloodroot flower,Genre,Fiction,2,"[""qwen_groq"", ""gpt_oss_20b""]","[""gpt_oss_groq""]","[""Family life"", ""Fiction"", ""Minnesota -- Fiction.""]"
9780394852768__genre__Fiction / Drama / Social Drama / Family Drama,9780394852768,The bloodroot flower,Genre,Fiction / Drama / Social Drama / Family Drama,1,"[""gpt_oss_groq""]","[""qwen_groq"", ""gpt_oss_20b""]","[""Family life"", ""Fiction"", ""Minnesota -- Fiction.""]"
9780394852768__metadata__Audience / Age_Group / All_Ages / Family Audience,9780394852768,The bloodroot flower,Metadata,Audience / Age_Group / All_Ages / Family Audience,1,"[""gpt_oss_groq""]","[""qwen_groq"", ""gpt_oss_20b""]","[""Family life"", ""Fiction"", ""Minnesota -- Fiction.""]"
9780394852768__metadata__Character_and_Representation_Metadata / Protagonist_Profile / Group_Profile / Family-Centered,9780394852768,The bloodroot flower,Metadata,Character_and_Representation_Metadata / Protagonist_Profile / Group_Profile / Family-Centered,2,"[""gpt_oss_groq"", ""gpt_oss_20b""]","[""qwen_groq""]","[""Family life"", ""Fiction"", ""Minnesota -- Fiction.""]"
9780394852768__metadata__Geographical_Context / Place_Type / Domestic / Family Household,9780394852768,The bloodroot flower,Metadata,Geographical_Context / Place_Type / Domestic / Family Household,1,"[""gpt_oss_groq""]","[""qwen_groq"", ""gpt_oss_20b""]","[""Family life"", ""Fiction"", ""Minnesota -- Fiction.""]"
9780394932767__genre__Fiction / Fantasy / Mythic and Folkloric Fantasy / Folkloric Fantasy,9780394932767,"Gudgekin, the thistle girl, and other tales",Genre,Fiction / Fantasy / Mythic and Folkloric Fantasy / Folkloric Fantasy,1,"[""qwen_groq""]","[""gpt_oss_groq"", ""gpt_oss_20b""]","[""Fairy tales"", ""Fantasy"", ""Short Stories"", ""Childrens"", ""Fiction"", ""Childrens Fantasy"", ""Mythology""]"
9780394932767__genre__Fiction / Fantasy / Mythic and Folkloric Fantasy / Mythic Fantasy,9780394932767,"Gudgekin, the thistle girl, and other tales",Genre,Fiction / Fantasy / Mythic and Folkloric Fantasy / Mythic Fantasy,1,"[""gpt_oss_20b""]","[""qwen_groq"", ""gpt_oss_groq""]","[""Fairy tales"", ""Fantasy"", ""Short Stories"", ""Childrens"", ""Fiction"", ""Childrens Fantasy"", ""Mythology""]"
9780394932767__metadata__Book_Format_and_Form / Narrative_Length / Short,9780394932767,"Gudgekin, the thistle girl, and other tales",Metadata,Book_Format_and_Form / Narrative_Length / Short,2,"[""gpt_oss_groq"", ""gpt_oss_20b""]","[""qwen_groq""]","[""Fairy tales"", ""Fantasy"", ""Short Stories"", ""Childrens"", ""Fiction"", ""Childrens Fantasy"", ""Mythology""]"
9780394932767__metadata__Book_Format_and_Form / Textual_Form / Short_Form / Short Story,9780394932767,"Gudgekin, the thistle girl, and other tales",Metadata,Book_Format_and_Form / Textual_Form / Short_Form / Short Story,2,"[""qwen_groq"", ""gpt_oss_groq""]","[""gpt_oss_20b""]","[""Fairy tales"", ""Fantasy"", ""Short Stories"", ""Childrens"", ""Fiction"", ""Childrens Fantasy"", ""Mythology""]"
9780394933252__genre__Fiction,9780394933252,All it takes is practice,Genre,Fiction,2,"[""qwen_groq"", ""gpt_oss_20b""]","[""gpt_oss_groq""]","[""Fiction"", ""Race relations"", ""Friendship"", ""Basketball stories""]"
9780394933252__metadata__Thematic_Metadata / Relationship_and_Social_Themes / Friendship,9780394933252,All it takes is practice,Metadata,Thematic_Metadata / Relationship_and_Social_Themes / Friendship,2,"[""gpt_oss_groq"", ""gpt_oss_20b""]","[""qwen_groq""]","[""Fiction"", ""Race relations"", ""Friendship"", ""Basketball stories""]"
9780394933252__metadata__Thematic_Metadata / Relationship_and_Social_Themes / Friendship / Friendship,9780394933252,All it takes is practice,Metadata,Thematic_Metadata / Relationship_and_Social_Themes / Friendship / Friendship,1,"[""qwen_groq""]","[""gpt_oss_groq"", ""gpt_oss_20b""]","[""Fiction"", ""Race relations"", ""Friendship"", ""Basketball stories""]"
9780394955513__genre__Fiction / Literary Fiction / General Literary Fiction,9780394955513,A Christmas book,Genre,Fiction / Literary Fiction / General Literary Fiction,1,"[""gpt_oss_20b""]","[""qwen_groq"", ""gpt_oss_groq""]","[""Christmas"", ""Literary collections""]"
9780394955513__genre__Fiction / Literary Fiction / Short Form Literary Fiction,9780394955513,A Christmas book,Genre,Fiction / Literary Fiction / Short Form Literary Fiction,2,"[""qwen_groq"", ""gpt_oss_groq""]","[""gpt_oss_20b""]","[""Christmas"", ""Literary collections""]"
9780394959535__genre__Fiction / Comics and Sequential Fiction,9780394959535,"Is this good-bye, Charlie Brown?",Genre,Fiction / Comics and Sequential Fiction,2,"[""gpt_oss_groq"", ""gpt_oss_20b""]","[""qwen_groq""]","[""Cartoons and comics"", ""Friendship"", ""Children's stories, American"", ""Fiction""]"
9780394959535__genre__Fiction / Comics and Sequential Fiction / Comics / Comics,9780394959535,"Is this good-bye, Charlie Brown?",Genre,Fiction / Comics and Sequential Fiction / Comics / Comics,1,"[""qwen_groq""]","[""gpt_oss_groq"", ""gpt_oss_20b""]","[""Cartoons and comics"", ""Friendship"", ""Children's stories, American"", ""Fiction""]"
9780394959535__metadata__Thematic_Metadata / Relationship_and_Social_Themes / Friendship,9780394959535,"Is this good-bye, Charlie Brown?",Metadata,Thematic_Metadata / Relationship_and_Social_Themes / Friendship,1,"[""gpt_oss_groq""]","[""qwen_groq"", ""gpt_oss_20b""]","[""Cartoons and comics"", ""Friendship"", ""Children's stories, American"", ""Fiction""]"
9780394959535__metadata__Thematic_Metadata / Relationship_and_Social_Themes / Friendship / Friendship,9780394959535,"Is this good-bye, Charlie Brown?",Metadata,Thematic_Metadata / Relationship_and_Social_Themes / Friendship / Friendship,2,"[""qwen_groq"", ""gpt_oss_20b""]","[""gpt_oss_groq""]","[""Cartoons and comics"", ""Friendship"", ""Children's stories, American"", ""Fiction""]"
9780394973333__genre__Fiction,9780394973333,The Berenstain Bears,Genre,Fiction,2,"[""qwen_groq"", ""gpt_oss_20b""]","[""gpt_oss_groq""]","[""Fiction"", ""Behavior"", ""Children's stories, American"", ""Bears"", ""Behavior -- Fiction"", ""Bears -- Fiction"", ""Picture Books"", ""Animals"", ""Family"", ""Humor""]"
9780394973333__genre__Fiction / Literary Fiction / Family and Relationship Fiction,9780394973333,The Berenstain Bears,Genre,Fiction / Literary Fiction / Family and Relationship Fiction,1,"[""gpt_oss_groq""]","[""qwen_groq"", ""gpt_oss_20b""]","[""Fiction"", ""Behavior"", ""Children's stories, American"", ""Bears"", ""Behavior -- Fiction"", ""Bears -- Fiction"", ""Picture Books"", ""Animals"", ""Family"", ""Humor""]"
9780394973333__genre__Fiction / Literary Fiction / Family and Relationship Fiction / Family Saga,9780394973333,The Berenstain Bears,Genre,Fiction / Literary Fiction / Family and Relationship Fiction / Family Saga,1,"[""gpt_oss_20b""]","[""qwen_groq"", ""gpt_oss_groq""]","[""Fiction"", ""Behavior"", ""Children's stories, American"", ""Bears"", ""Behavior -- Fiction"", ""Bears -- Fiction"", ""Picture Books"", ""Animals"", ""Family"", ""Humor""]"
9780394973333__metadata__Character_and_Representation_Metadata / Protagonist_Profile / Group_Profile / Family-Centered,9780394973333,The Berenstain Bears,Metadata,Character_and_Representation_Metadata / Protagonist_Profile / Group_Profile / Family-Centered,1,"[""qwen_groq""]","[""gpt_oss_groq"", ""gpt_oss_20b""]","[""Fiction"", ""Behavior"", ""Children's stories, American"", ""Bears"", ""Behavior -- Fiction"", ""Bears -- Fiction"", ""Picture Books"", ""Animals"", ""Family"", ""Humor""]"
9780394973333__metadata__Geographical_Context / Country_or_National_Context / Country_Based_Context / American Context,9780394973333,The Berenstain Bears,Metadata,Geographical_Context / Country_or_National_Context / Country_Based_Context / American Context,2,"[""gpt_oss_groq"", ""gpt_oss_20b""]","[""qwen_groq""]","[""Fiction"", ""Behavior"", ""Children's stories, American"", ""Bears"", ""Behavior -- Fiction"", ""Bears -- Fiction"", ""Picture Books"", ""Animals"", ""Family"", ""Humor""]"
9780395123645__metadata__Thematic_Metadata / Nature_and_Environment_Themes / Animals,9780395123645,Hotel for dogs.,Metadata,Thematic_Metadata / Nature_and_Environment_Themes / Animals,2,"[""gpt_oss_groq"", ""gpt_oss_20b""]","[""qwen_groq""]","[""Dogs"", ""Fiction"", ""Pet adoption"", ""Brothers and sisters"", ""Juvenile fiction"", ""Children's fiction"", ""Dogs, fiction"", ""Dogs -- Fiction"", ""Animals"", ""Middle Grade"", ""Realistic Fiction""]"
9780395150849__genre__Fiction,9780395150849,Kermit the Hermit,Genre,Fiction,1,"[""qwen_groq""]","[""gpt_oss_groq"", ""gpt_oss_20b""]","[""Stories in rhyme"", ""Juvenile fiction"", ""Fiction"", ""Children's fiction"", ""Picture books"", ""Children's Books"", ""Humor""]"
9780395214060__genre__Fiction,9780395214060,Star mother's youngest child,Genre,Fiction,1,"[""qwen_groq""]","[""gpt_oss_groq"", ""gpt_oss_20b""]","[""Children's stories"", ""Christmas"", ""Fiction"", ""Children's fiction"", ""Picture Books"", ""Holiday"", ""Fantasy""]"
9780395251508__genre__Fiction,9780395251508,Big bad Bruce,Genre,Fiction,1,"[""qwen_groq""]","[""gpt_oss_groq"", ""gpt_oss_20b""]","[""Fiction"", ""Bears"", ""Children's stories"", ""Witches"", ""Bullying"", ""Juvenile fiction"", ""Bullies"", ""Children's fiction"", ""Bears, fiction"", ""Witches, fiction"", ""Bears -- Fiction."", ""Witches -- Fiction."", ""Picture Books"", ""Animals"", ""Fantasy"", ""Children's Books"", ""Humor""]"
9780395251508__genre__Fiction / Animal Fiction / Animal Fiction / Animal Fantasy,9780395251508,Big bad Bruce,Genre,Fiction / Animal Fiction / Animal Fiction / Animal Fantasy,2,"[""qwen_groq"", ""gpt_oss_groq""]","[""gpt_oss_20b""]","[""Fiction"", ""Bears"", ""Children's stories"", ""Witches"", ""Bullying"", ""Juvenile fiction"", ""Bullies"", ""Children's fiction"", ""Bears, fiction"", ""Witches, fiction"", ""Bears -- Fiction."", ""Witches -- Fiction."", ""Picture Books"", ""Animals"", ""Fantasy"", ""Children's Books"", ""Humor""]"
9780395297421__genre__Fiction,9780395297421,The killer swan,Genre,Fiction,2,"[""qwen_groq"", ""gpt_oss_20b""]","[""gpt_oss_groq""]","[""Fiction"", ""Swans"", ""Swans, fiction"", ""Swans -- Fiction."", ""Fathers and sons"", ""Fathers and sons -- Fiction."", ""Teen & Young Adult"", ""Literature & Fiction"", ""Social & Family Issues"", ""Death & Dying"", ""Stepfathers -- Fiction.""]"
9780395297421__genre__Fiction / Literary Fiction / Social and Political Fiction / Social Fiction,9780395297421,The killer swan,Genre,Fiction / Literary Fiction / Social and Political Fiction / Social Fiction,2,"[""gpt_oss_groq"", ""gpt_oss_20b""]","[""qwen_groq""]","[""Fiction"", ""Swans"", ""Swans, fiction"", ""Swans -- Fiction."", ""Fathers and sons"", ""Fathers and sons -- Fiction."", ""Teen & Young Adult"", ""Literature & Fiction"", ""Social & Family Issues"", ""Death & Dying"", ""Stepfathers -- Fiction.""]"
9780395338827__genre__Fiction,9780395338827,Fishman and Charly,Genre,Fiction,2,"[""qwen_groq"", ""gpt_oss_20b""]","[""gpt_oss_groq""]","[""Fiction"", ""Manatees"", ""Wildlife conservation"", ""Fathers and sons"", ""Children's fiction"", ""Friendship, fiction"", ""Manatees -- Fiction."", ""Wildlife conservation -- Fiction."", ""Fathers and sons -- Fiction.""]"
9780395338827__metadata__Thematic_Metadata / Relationship_and_Social_Themes / Friendship,9780395338827,Fishman and Charly,Metadata,Thematic_Metadata / Relationship_and_Social_Themes / Friendship,1,"[""gpt_oss_groq""]","[""qwen_groq"", ""gpt_oss_20b""]","[""Fiction"", ""Manatees"", ""Wildlife conservation"", ""Fathers and sons"", ""Children's fiction"", ""Friendship, fiction"", ""Manatees -- Fiction."", ""Wildlife conservation -- Fiction."", ""Fathers and sons -- Fiction.""]"
9780395338827__metadata__Thematic_Metadata / Relationship_and_Social_Themes / Friendship / Friendship,9780395338827,Fishman and Charly,Metadata,Thematic_Metadata / Relationship_and_Social_Themes / Friendship / Friendship,2,"[""qwen_groq"", ""gpt_oss_20b""]","[""gpt_oss_groq""]","[""Fiction"", ""Manatees"", ""Wildlife conservation"", ""Fathers and sons"", ""Children's fiction"", ""Friendship, fiction"", ""Manatees -- Fiction."", ""Wildlife conservation -- Fiction."", ""Fathers and sons -- Fiction.""]"
9780395570388__metadata__Geographical_Context / Country_or_National_Context / Country_Based_Context,9780395570388,Bob War & Poke,Metadata,Geographical_Context / Country_or_National_Context / Country_Based_Context,1,"[""gpt_oss_20b""]","[""qwen_groq"", ""gpt_oss_groq""]","[""Automobile travel"", ""Brothers"", ""Country life"", ""Fiction"", ""Robbers and outlaws"", ""Children's fiction"", ""Voyages and travels, fiction"", ""Brothers and sisters, fiction"", ""Country life, fiction"", ""Robbers and outlaws -- Fiction."", ""Automobile travel -- Fiction."", ""Brothers -- Fiction."", ""Children's Books""]"
9780395599662__metadata__Audience / Age_Group / Young_Adult,9780395599662,Thunder rolling in the mountains,Metadata,Audience / Age_Group / Young_Adult,2,"[""qwen_groq"", ""gpt_oss_groq""]","[""gpt_oss_20b""]","[""Juvenile fiction"", ""Indians of North America"", ""Nez Percé Indians"", ""Fiction"", ""Nez Perce Indians"", ""Native Americans"", ""Children's fiction"", ""Historical Fiction"", ""Young Adult"", ""Historical"", ""Native American"", ""Middle Grade""]"
9780395599662__metadata__Audience / Age_Group / Young_Adult / Young Adult Audience,9780395599662,Thunder rolling in the mountains,Metadata,Audience / Age_Group / Young_Adult / Young Adult Audience,1,"[""gpt_oss_20b""]","[""qwen_groq"", ""gpt_oss_groq""]","[""Juvenile fiction"", ""Indians of North America"", ""Nez Percé Indians"", ""Fiction"", ""Nez Perce Indians"", ""Native Americans"", ""Children's fiction"", ""Historical Fiction"", ""Young Adult"", ""Historical"", ""Native American"", ""Middle Grade""]"
9780395669242__genre__Fiction,9780395669242,3 screenplays,Genre,Fiction,1,"[""gpt_oss_groq""]","[""qwen_groq"", ""gpt_oss_20b""]","[""Motion picture plays"", ""American Motion picture plays"", ""Film"", ""Screenplays""]"
9780395669242__genre__Nonfiction,9780395669242,3 screenplays,Genre,Nonfiction,2,"[""qwen_groq"", ""gpt_oss_20b""]","[""gpt_oss_groq""]","[""Motion picture plays"", ""American Motion picture plays"", ""Film"", ""Screenplays""]"
9780395797600__genre__Nonfiction / Education,9780395797600,The real high school handbook,Genre,Nonfiction / Education,2,"[""gpt_oss_groq"", ""gpt_oss_20b""]","[""qwen_groq""]","[""High schools"", ""Juvenile literature"", ""Handbooks, manuals"", ""Conduct of life"", ""Schools"", ""High school students"", ""High school"", ""Teen & Young Adult"", ""Education & Reference"", ""Reference""]"
9780395797600__genre__Nonfiction / Education / Education / Education,9780395797600,The real high school handbook,Genre,Nonfiction / Education / Education / Education,1,"[""qwen_groq""]","[""gpt_oss_groq"", ""gpt_oss_20b""]","[""High schools"", ""Juvenile literature"", ""Handbooks, manuals"", ""Conduct of life"", ""Schools"", ""High school students"", ""High school"", ""Teen & Young Adult"", ""Education & Reference"", ""Reference""]"
9780395797600__metadata__Audience / Age_Group / Teen,9780395797600,The real high school handbook,Metadata,Audience / Age_Group / Teen,1,"[""gpt_oss_groq""]","[""qwen_groq"", ""gpt_oss_20b""]","[""High schools"", ""Juvenile literature"", ""Handbooks, manuals"", ""Conduct of life"", ""Schools"", ""High school students"", ""High school"", ""Teen & Young Adult"", ""Education & Reference"", ""Reference""]"
9780395797600__metadata__Audience / Age_Group / Teen / Teen Audience,9780395797600,The real high school handbook,Metadata,Audience / Age_Group / Teen / Teen Audience,2,"[""qwen_groq"", ""gpt_oss_20b""]","[""gpt_oss_groq""]","[""High schools"", ""Juvenile literature"", ""Handbooks, manuals"", ""Conduct of life"", ""Schools"", ""High school students"", ""High school"", ""Teen & Young Adult"", ""Education & Reference"", ""Reference""]"
9780395797600__metadata__Audience / Age_Group / Young_Adult,9780395797600,The real high school handbook,Metadata,Audience / Age_Group / Young_Adult,1,"[""gpt_oss_groq""]","[""qwen_groq"", ""gpt_oss_20b""]","[""High schools"", ""Juvenile literature"", ""Handbooks, manuals"", ""Conduct of life"", ""Schools"", ""High school students"", ""High school"", ""Teen & Young Adult"", ""Education & Reference"", ""Reference""]"
9780395797600__metadata__Audience / Age_Group / Young_Adult / Young Adult Audience,9780395797600,The real high school handbook,Metadata,Audience / Age_Group / Young_Adult / Young Adult Audience,1,"[""gpt_oss_20b""]","[""qwen_groq"", ""gpt_oss_groq""]","[""High schools"", ""Juvenile literature"", ""Handbooks, manuals"", ""Conduct of life"", ""Schools"", ""High school students"", ""High school"", ""Teen & Young Adult"", ""Education & Reference"", ""Reference""]"
9780395797600__metadata__Book_Format_and_Form / Textual_Form / Reference_Form,9780395797600,The real high school handbook,Metadata,Book_Format_and_Form / Textual_Form / Reference_Form,2,"[""qwen_groq"", ""gpt_oss_20b""]","[""gpt_oss_groq""]","[""High schools"", ""Juvenile literature"", ""Handbooks, manuals"", ""Conduct of life"", ""Schools"", ""High school students"", ""High school"", ""Teen & Young Adult"", ""Education & Reference"", ""Reference""]"
9780395797600__metadata__Geographical_Context / Place_Type / Institutional / School,9780395797600,The real high school handbook,Metadata,Geographical_Context / Place_Type / Institutional / School,2,"[""gpt_oss_groq"", ""gpt_oss_20b""]","[""qwen_groq""]","[""High schools"", ""Juvenile literature"", ""Handbooks, manuals"", ""Conduct of life"", ""Schools"", ""High school students"", ""High school"", ""Teen & Young Adult"", ""Education & Reference"", ""Reference""]"
9780395882764__genre__Nonfiction,9780395882764,1998 information please almanac,Genre,Nonfiction,2,"[""qwen_groq"", ""gpt_oss_20b""]","[""gpt_oss_groq""]","[""American Almanacs"", ""Statistics"", ""Almanacs""]"
9780395900123__metadata__Audience / Age_Group / Young_Adult,9780395900123,A coming evil,Metadata,Audience / Age_Group / Young_Adult,1,"[""qwen_groq""]","[""gpt_oss_groq"", ""gpt_oss_20b""]","[""Fiction"", ""Historical Fiction"", ""Historical"", ""Young Adult"", ""Children's Books"", ""Juvenile fiction"", ""Children's fiction"", ""World War, 1939-1945"", ""World war, 1939-1945, fiction"", ""World War, 1939-1945 -- France -- Fiction."", ""World War, 1939-1945 -- France -- Juvenile fiction."", ""France"", ""France -- History -- German occupation, 1940-1945 -- Fiction."", ""France -- History -- German occupation, 1940-1945 -- Juvenile fiction."", ""Ghosts"", ""Ghosts, fiction"", ""Ghosts -- Fiction."", ""Literature & Fiction"", ""Europe"", ""Children, fiction"", ""France, history, german occupation, 1940-1945, fiction""]"
9780395900123__metadata__Audience / Age_Group / Young_Adult / Young Adult Audience,9780395900123,A coming evil,Metadata,Audience / Age_Group / Young_Adult / Young Adult Audience,2,"[""gpt_oss_groq"", ""gpt_oss_20b""]","[""qwen_groq""]","[""Fiction"", ""Historical Fiction"", ""Historical"", ""Young Adult"", ""Children's Books"", ""Juvenile fiction"", ""Children's fiction"", ""World War, 1939-1945"", ""World war, 1939-1945, fiction"", ""World War, 1939-1945 -- France -- Fiction."", ""World War, 1939-1945 -- France -- Juvenile fiction."", ""France"", ""France -- History -- German occupation, 1940-1945 -- Fiction."", ""France -- History -- German occupation, 1940-1945 -- Juvenile fiction."", ""Ghosts"", ""Ghosts, fiction"", ""Ghosts -- Fiction."", ""Literature & Fiction"", ""Europe"", ""Children, fiction"", ""France, history, german occupation, 1940-1945, fiction""]"
9780395900123__metadata__Geographical_Context / World_Region / Europe / Western Europe,9780395900123,A coming evil,Metadata,Geographical_Context / World_Region / Europe / Western Europe,1,"[""gpt_oss_20b""]","[""qwen_groq"", ""gpt_oss_groq""]","[""Fiction"", ""Historical Fiction"", ""Historical"", ""Young Adult"", ""Children's Books"", ""Juvenile fiction"", ""Children's fiction"", ""World War, 1939-1945"", ""World war, 1939-1945, fiction"", ""World War, 1939-1945 -- France -- Fiction."", ""World War, 1939-1945 -- France -- Juvenile fiction."", ""France"", ""France -- History -- German occupation, 1940-1945 -- Fiction."", ""France -- History -- German occupation, 1940-1945 -- Juvenile fiction."", ""Ghosts"", ""Ghosts, fiction"", ""Ghosts -- Fiction."", ""Literature & Fiction"", ""Europe"", ""Children, fiction"", ""France, history, german occupation, 1940-1945, fiction""]"
9780395900123__metadata__Temporal_Context / Historical_Period,9780395900123,A coming evil,Metadata,Temporal_Context / Historical_Period,2,"[""gpt_oss_groq"", ""gpt_oss_20b""]","[""qwen_groq""]","[""Fiction"", ""Historical Fiction"", ""Historical"", ""Young Adult"", ""Children's Books"", ""Juvenile fiction"", ""Children's fiction"", ""World War, 1939-1945"", ""World war, 1939-1945, fiction"", ""World War, 1939-1945 -- France -- Fiction."", ""World War, 1939-1945 -- France -- Juvenile fiction."", ""France"", ""France -- History -- German occupation, 1940-1945 -- Fiction."", ""France -- History -- German occupation, 1940-1945 -- Juvenile fiction."", ""Ghosts"", ""Ghosts, fiction"", ""Ghosts -- Fiction."", ""Literature & Fiction"", ""Europe"", ""Children, fiction"", ""France, history, german occupation, 1940-1945, fiction""]"
9780396083276__genre__Fiction,9780396083276,"Rachel Vellars, how could you?",Genre,Fiction,1,"[""qwen_groq""]","[""gpt_oss_groq"", ""gpt_oss_20b""]","[""Fiction"", ""Children's stories, American"", ""Single-parent families"", ""Divorce"", ""Friendship"", ""Children's fiction"", ""Girls, fiction"", ""Friendship -- Fiction"", ""Single-parent families -- Fiction"", ""Divorce -- Fiction""]"
9780396083276__metadata__Geographical_Context / Country_or_National_Context / Country_Based_Context / American Context,9780396083276,"Rachel Vellars, how could you?",Metadata,Geographical_Context / Country_or_National_Context / Country_Based_Context / American Context,2,"[""gpt_oss_groq"", ""gpt_oss_20b""]","[""qwen_groq""]","[""Fiction"", ""Children's stories, American"", ""Single-parent families"", ""Divorce"", ""Friendship"", ""Children's fiction"", ""Girls, fiction"", ""Friendship -- Fiction"", ""Single-parent families -- Fiction"", ""Divorce -- Fiction""]"
9780396085263__genre__Nonfiction / Biography / Biography,9780396085263,View from the seesaw,Genre,Nonfiction / Biography / Biography,2,"[""gpt_oss_groq"", ""gpt_oss_20b""]","[""qwen_groq""]","[""Biography"", ""Poliomyelitis"", ""People with disabilities"", ""Health"", ""Disabled"", ""Poliomyelitis -- Patients -- United States -- Biography."", ""People with disabilities -- United States -- Biography.""]"
9780396085263__genre__Nonfiction / Biography / Biography / Biography,9780396085263,View from the seesaw,Genre,Nonfiction / Biography / Biography / Biography,1,"[""qwen_groq""]","[""gpt_oss_groq"", ""gpt_oss_20b""]","[""Biography"", ""Poliomyelitis"", ""People with disabilities"", ""Health"", ""Disabled"", ""Poliomyelitis -- Patients -- United States -- Biography."", ""People with disabilities -- United States -- Biography.""]"
