ISBN-13,Title,Filtered_Tags,Qwen_Genre_Paths,Qwen_Metadata_Paths,GPT_OSS_120B_Genre_Paths,GPT_OSS_120B_Metadata_Paths,GPT_OSS_20B_Genre_Paths,GPT_OSS_20B_Metadata_Paths,Final_Genre_Paths,Final_Metadata_Paths,Accepted_Path_Count,Manual_Path_Count,Rejected_Path_Count,Has_Manual_Review
9780060269364,Early sorrow,"[""Short stories"", ""Fiction"", ""Literature & Fiction"", ""Short stories, American."", ""Short stories, English."", ""Youth -- Fiction."", ""Youth -- Social life and customs -- Fiction."", ""Teen & Young Adult"", ""English Short stories""]","[""Fiction / Literary Fiction / Short Form Literary Fiction / Short Fiction""]","[""Book_Format_and_Form / Textual_Form / Short_Form / Short Story"", ""Audience / Age_Group / Young_Adult / Young Adult Audience"", ""Language_and_Textual_Context / Language / Single_Language / English""]","[""Fiction / Literary Fiction / Short Form Literary Fiction / Short Fiction"", ""Fiction / Literary Fiction / Social and Political Fiction""]","[""Book_Format_and_Form / Textual_Form / Short_Form / Short Story"", ""Book_Format_and_Form / Narrative_Length / Short"", ""Audience / Age_Group / Young_Adult / Young Adult Audience"", ""Audience / Age_Group / Teen / Teen Audience"", ""Language_and_Textual_Context / Language / Single_Language / English""]","[""Fiction / Literary Fiction / Short Form Literary Fiction / Short Fiction""]","[""Book_Format_and_Form / Textual_Form / Short_Form / Short Story"", ""Book_Format_and_Form / Narrative_Length / Short"", ""Audience / Age_Group / Young_Adult / Young Adult Audience"", ""Audience / Age_Group / Teen / Teen Audience"", ""Language_and_Textual_Context / Language / Single_Language / English""]","[""Fiction / Literary Fiction / Short Form Literary Fiction / Short Fiction""]","[""Audience / Age_Group / Teen / Teen Audience"", ""Audience / Age_Group / Young_Adult / Young Adult Audience"", ""Book_Format_and_Form / Textual_Form / Short_Form / Short Story"", ""Language_and_Textual_Context / Language / Single_Language / English""]",5,1,1,YES
9780060992309,The last raven,"[""English fiction"", ""Fiction, general"", ""Fiction"", ""Thriller"", ""Espionage"", ""Mystery Thriller"", ""Mystery, Thriller & Suspense"", ""Thrillers & Suspense"", ""Spies & Politics"", ""Political""]","[""Fiction / Thriller / Political and Espionage Thriller / Spy Thriller"", ""Fiction / Thriller / Political and Espionage Thriller / Espionage Thriller"", ""Fiction / Thriller / Political and Espionage Thriller / Political Thriller"", ""Fiction / Thriller"", ""Fiction / Mystery / Crime Mystery""]","[""Language_and_Textual_Context / Language / Single_Language / English""]","[""Fiction / Thriller / Political and Espionage Thriller / Espionage Thriller"", ""Fiction / Thriller / Political and Espionage Thriller / Political Thriller"", ""Fiction / Thriller / Political and Espionage Thriller / Spy Thriller"", ""Fiction / Mystery""]","[""Language_and_Textual_Context / Language / Single_Language / English"", ""Thematic_Metadata / Conflict_and_Event_Themes / War_and_Conflict / Political Unrest""]","[""Fiction / Thriller / Political and Espionage Thriller / Espionage Thriller""]","[""Language_and_Textual_Context / Language / Single_Language / English"", ""Thematic_Metadata / Conflict_and_Event_Themes / War_and_Conflict / Political Unrest""]","[""Fiction / Thriller"", ""Fiction / Thriller / Political and Espionage Thriller / Espionage Thriller""]","[""Language_and_Textual_Context / Language / Single_Language / English""]",3,1,4,YES
9780061000546,Spirit's gold,"[""Western"", ""Fiction, general"", ""Genre Fiction"", ""Westerns""]","[""Fiction / Action Fiction / Western Fiction / Western""]",[],"[""Fiction / Action Fiction / Western Fiction / Western""]",[],"[""Fiction / Action Fiction / Western Fiction / Western""]",[],"[""Fiction / Action Fiction / Western Fiction / Western""]",[],1,0,0,NO
9780061000751,Aspen Affair,"[""Fiction, general"", ""Modern fiction"", ""General"", ""Fiction - General"", ""Fiction"", ""Literature & Fiction""]","[""Fiction""]","[""Temporal_Context / Historical_Period / Modern""]","[""Fiction""]","[""Temporal_Context / Historical_Period / Modern""]","[""Fiction""]","[""Temporal_Context / Historical_Period / Modern""]","[""Fiction""]","[""Temporal_Context / Historical_Period / Modern""]",2,0,0,NO
9780061001444,This I promise you,"[""Fiction"", ""Fiction, general"", ""Baden-Baden (Germany) -- Fiction.""]","[""Fiction""]",[],"[""Fiction""]",[],"[""Fiction""]",[],"[""Fiction""]",[],1,0,0,NO
9780061006319,Mountain Thunder (Mountain Country),"[""Fiction - Western"", ""Westerns""]","[""Fiction / Action Fiction / Western Fiction / Western""]",[],"[""Fiction / Action Fiction / Western Fiction / Western""]",[],"[""Fiction / Action Fiction / Western Fiction / Western""]",[],"[""Fiction / Action Fiction / Western Fiction / Western""]",[],1,0,0,NO
9780061006487,Ice Wolf,"[""Fiction"", ""Fiction, general""]","[""Fiction""]",[],"[""Fiction""]",[],"[""Fiction""]",[],"[""Fiction""]",[],1,0,0,NO
9780061007941,Cottonwood Station,"[""Fiction, westerns"", ""Indians of north america, fiction"", ""Fiction, historical, general"", ""West (u.s.), fiction"", ""Fiction"", ""Westerns""]","[""Fiction / Historical Fiction""]","[""Geographical_Context / World_Region / North_America""]","[""Fiction / Historical Fiction""]","[""Geographical_Context / World_Region / North_America""]","[""Fiction"", ""Fiction / Historical Fiction""]","[""Geographical_Context / World_Region / North_America""]","[""Fiction"", ""Fiction / Historical Fiction""]","[""Geographical_Context / World_Region / North_America""]",3,0,0,NO
9780061009457,The soldiers.,"[""Fiction, historical, general"", ""Historical"", ""Literature & Fiction""]","[""Fiction / Historical Fiction""]","[""Temporal_Context / Historical_Period""]","[""Fiction / Historical Fiction""]",[],"[""Fiction / Historical Fiction""]",[],"[""Fiction / Historical Fiction""]",[],1,0,1,NO
9780061009624,Buckskin Vengeance,"[""Fiction, westerns"", ""Adventure / thriller"", ""Westerns"", ""Fiction - Western""]","[""Fiction / Action Fiction / Western Fiction / Western"", ""Fiction / Thriller""]",[],"[""Fiction / Action Fiction / Western Fiction / Western"", ""Fiction / Thriller""]",[],"[""Fiction / Action Fiction / Western Fiction / Western"", ""Fiction / Thriller""]",[],"[""Fiction / Action Fiction / Western Fiction / Western"", ""Fiction / Thriller""]",[],2,0,0,NO
9780061010033,Long Drift,"[""Westerns"", ""Texas, fiction""]","[""Fiction""]",[],"[""Fiction""]",[],"[""Fiction""]",[],"[""Fiction""]",[],1,0,0,NO
9780061011610,Burn the Breeze,"[""Fiction"", ""Veterans"", ""Ranchers"", ""History"", ""Fiction, westerns"", ""Fiction - Western"", ""Westerns"", ""Literature & Fiction"", ""Genre Fiction""]","[""Fiction / Action Fiction / Western Fiction / Western""]",[],"[""Fiction / Action Fiction / Western Fiction / Western""]",[],"[""Fiction / Action Fiction / Western Fiction / Western""]",[],"[""Fiction / Action Fiction / Western Fiction / Western""]",[],1,0,0,NO
9780061012723,Heaven's Gate,"[""Cults"", ""Unidentified flying object cults"", ""True Crime"", ""Nonfiction""]","[""Nonfiction""]","[""Thematic_Metadata / Conflict_and_Event_Themes / Crime_and_Justice / Crime""]","[""Nonfiction""]","[""Thematic_Metadata / Conflict_and_Event_Themes / Crime_and_Justice / Crime""]","[""Nonfiction""]","[""Thematic_Metadata / Conflict_and_Event_Themes / Crime_and_Justice / Crime""]","[""Nonfiction""]","[""Thematic_Metadata / Conflict_and_Event_Themes / Crime_and_Justice / Crime""]",2,0,0,NO
9780061013850,The Complete Herbal Companion,"[""Herbs, therapeutic use"", ""Health"", ""Health, Fitness & Dieting""]","[""Nonfiction / Medicine and Health / Health and Wellness / Health""]",[],"[""Nonfiction / Medicine and Health / Health and Wellness / Health"", ""Nonfiction / Medicine and Health / Health and Wellness / Fitness""]",[],"[""Nonfiction / Medicine and Health / Health and Wellness / Health"", ""Nonfiction / Medicine and Health / Health and Wellness / Fitness""]",[],"[""Nonfiction / Medicine and Health / Health and Wellness / Health""]",[],1,1,0,YES
9780061054716,Conspicuous Consumption (The World of Darkness : Werewolf),"[""Werewolves"", ""Fiction"", ""Horror"", ""Fantasy"", ""World Of Darkness"", ""Science Fiction & Fantasy""]","[""Fiction / Horror"", ""Fiction / Fantasy""]",[],"[""Fiction / Horror / Supernatural Horror"", ""Fiction / Fantasy""]",[],"[""Fiction"", ""Fiction / Horror"", ""Fiction / Fantasy""]",[],"[""Fiction"", ""Fiction / Fantasy"", ""Fiction / Horror""]",[],3,0,1,NO
9780061054990,Eye of the Serpent,"[""Science Fiction & Fantasy""]","[""Fiction""]",[],"[""Fiction / Science Fiction"", ""Fiction / Fantasy""]",[],"[""Fiction / Fantasy / Science Fantasy / Science Fantasy""]",[],[],[],0,0,4,NO
9780061060137,"Glory's End (Robert Silverberg's Time Tours, No 2)","[""Science fiction"", ""Teen & Young Adult"", ""Literature & Fiction""]","[""Fiction / Science Fiction / General Science Fiction / Science Fiction""]","[""Audience / Age_Group / Teen / Teen Audience"", ""Audience / Age_Group / Young_Adult / Young Adult Audience""]","[""Fiction / Science Fiction / General Science Fiction / Science Fiction""]","[""Audience / Age_Group / Teen"", ""Audience / Age_Group / Young_Adult""]","[""Fiction / Science Fiction""]","[""Audience / Age_Group / Young_Adult / Young Adult Audience"", ""Audience / Age_Group / Teen / Teen Audience""]","[""Fiction / Science Fiction""]","[""Audience / Age_Group / Teen"", ""Audience / Age_Group / Teen / Teen Audience"", ""Audience / Age_Group / Young_Adult"", ""Audience / Age_Group / Young_Adult / Young Adult Audience""]",5,1,0,YES
9780061060281,The secret notebook,"[""Fiction"", ""Young readers"", ""Children's fiction"", ""Schools in fiction"", ""Behavior in fiction"", ""Growing Up & Facts of Life"", ""Friendship, Social Skills & School Life"", ""Friendship""]","[""Fiction"", ""Fiction / Literary Fiction / Family and Relationship Fiction / Friendship Fiction""]","[""Thematic_Metadata / Relationship_and_Social_Themes / Friendship / Friendship""]","[""Fiction / Literary Fiction / Family and Relationship Fiction / Friendship Fiction""]","[""Thematic_Metadata / Relationship_and_Social_Themes / Friendship / Friendship""]","[""Fiction"", ""Fiction / Literary Fiction / Family and Relationship Fiction / Friendship Fiction""]","[""Thematic_Metadata / Relationship_and_Social_Themes / Friendship / Friendship"", ""Thematic_Metadata / Relationship_and_Social_Themes / Friendship""]","[""Fiction / Literary Fiction / Family and Relationship Fiction / Friendship Fiction""]","[""Thematic_Metadata / Relationship_and_Social_Themes / Friendship"", ""Thematic_Metadata / Relationship_and_Social_Themes / Friendship / Friendship""]",3,1,0,YES
9780061060397,"Mutiny! (Escape from Lost Island, No 3)","[""Children's fiction"", ""Adventure and adventurers, fiction"", ""Survival"", ""Juvenile fiction"", ""Adventure stories"", ""Children's Books/Ages 9-12 Fiction"", ""Fiction"", ""Islands"", ""Action & Adventure"", ""Survival Stories""]","[""Fiction / Adventure / Survival and Exploration Fiction / Survival Fiction"", ""Fiction / Adventure / General Adventure Fiction / Adventure Fiction"", ""Fiction / Adventure / General Adventure Fiction / Action Adventure""]","[""Thematic_Metadata / Conflict_and_Event_Themes / Survival_and_Risk / Survival""]","[""Fiction / Adventure / Survival and Exploration Fiction / Survival Fiction""]","[""Thematic_Metadata / Conflict_and_Event_Themes / Survival_and_Risk / Survival""]","[""Fiction / Adventure / Survival and Exploration Fiction / Sea Adventure""]","[""Thematic_Metadata / Conflict_and_Event_Themes / Survival_and_Risk / Survival"", ""Geographical_Context / World_Region / Oceania / Pacific Islands""]","[""Fiction / Adventure / General Adventure Fiction / Adventure Fiction"", ""Fiction / Adventure / Survival and Exploration Fiction / Survival Fiction""]","[""Thematic_Metadata / Conflict_and_Event_Themes / Survival_and_Risk / Survival""]",3,1,2,YES
9780061060472,"Revenge! (Escape from Lost Island, No 5)","[""Survival"", ""Juvenile fiction"", ""Adventure stories"", ""Fiction, general"", ""Children's Books - Young Adult Fiction"", ""Adventure and adventurers"", ""Fiction"", ""Survival (after airplane accidents, shipwrecks, etc.)"", ""Children: Grades 4-6"", ""Action & Adventure"", ""Survival Stories""]","[""Fiction / Adventure / Survival and Exploration Fiction / Survival Fiction"", ""Fiction / Adventure / General Adventure Fiction / Action Adventure"", ""Fiction / Adventure / General Adventure Fiction / Adventure Fiction""]","[""Thematic_Metadata / Conflict_and_Event_Themes / Survival_and_Risk / Survival"", ""Audience / Age_Group / Young_Adult / Young Adult Audience""]","[""Fiction / Adventure / Survival and Exploration Fiction / Survival Fiction""]","[""Audience / Age_Group / Young_Adult"", ""Thematic_Metadata / Conflict_and_Event_Themes / Survival_and_Risk / Survival""]","[""Fiction / Adventure / Survival and Exploration Fiction / Survival Fiction"", ""Fiction / Adventure / General Adventure Fiction / Action Adventure""]","[""Thematic_Metadata / Conflict_and_Event_Themes / Survival_and_Risk / Survival"", ""Audience / Age_Group / Young_Adult / Young Adult Audience""]","[""Fiction / Adventure / General Adventure Fiction / Action Adventure"", ""Fiction / Adventure / General Adventure Fiction / Adventure Fiction"", ""Fiction / Adventure / Survival and Exploration Fiction / Survival Fiction""]","[""Audience / Age_Group / Young_Adult"", ""Audience / Age_Group / Young_Adult / Young Adult Audience"", ""Thematic_Metadata / Conflict_and_Event_Themes / Survival_and_Risk / Survival""]",6,0,0,NO
9780061060540,"Escape! (Escape from Lost Island, No 6)","[""Fiction, general"", ""Children's Books - Young Adult Fiction"", ""Adventure and adventurers"", ""Fiction"", ""Survival"", ""Survival Stories"", ""Children: Grades 4-6"", ""Action & Adventure""]","[""Fiction / Adventure / Survival and Exploration Fiction / Survival Fiction"", ""Fiction / Adventure / General Adventure Fiction / Action Adventure""]","[""Thematic_Metadata / Conflict_and_Event_Themes / Survival_and_Risk / Survival"", ""Audience / Age_Group / Young_Adult / Young Adult Audience""]","[""Fiction / Adventure / Survival and Exploration Fiction / Survival Fiction""]","[""Audience / Age_Group / Young_Adult"", ""Thematic_Metadata / Conflict_and_Event_Themes / Survival_and_Risk / Survival""]","[""Fiction / Adventure / Survival and Exploration Fiction / Survival Fiction""]","[""Audience / Age_Group / Young_Adult / Young Adult Audience"", ""Thematic_Metadata / Conflict_and_Event_Themes / Survival_and_Risk / Survival""]","[""Fiction / Adventure / General Adventure Fiction / Action Adventure"", ""Fiction / Adventure / Survival and Exploration Fiction / Survival Fiction""]","[""Audience / Age_Group / Young_Adult"", ""Audience / Age_Group / Young_Adult / Young Adult Audience"", ""Thematic_Metadata / Conflict_and_Event_Themes / Survival_and_Risk / Survival""]",5,0,0,NO
9780061060694,Sneaking Around (Pizza Paradise),"[""Children's fiction"", ""Schools, fiction"", ""Teen & Young Adult""]","[""Fiction""]","[""Audience / Age_Group / Teen / Teen Audience"", ""Audience / Age_Group / Young_Adult / Young Adult Audience""]","[""Fiction""]","[""Audience / Age_Group / Teen"", ""Audience / Age_Group / Young_Adult""]","[""Fiction""]","[""Audience / Age_Group / Teen / Teen Audience"", ""Audience / Age_Group / Young_Adult / Young Adult Audience""]","[""Fiction""]","[""Audience / Age_Group / Teen"", ""Audience / Age_Group / Teen / Teen Audience"", ""Audience / Age_Group / Young_Adult"", ""Audience / Age_Group / Young_Adult / Young Adult Audience""]",5,0,0,NO
9780061061523,Along the dangerous trail,"[""Juvenile fiction"", ""Frontier and pioneer life"", ""Fiction, general""]","[""Fiction""]",[],"[""Fiction""]",[],"[""Fiction""]",[],"[""Fiction""]",[],1,0,0,NO
9780061061998,Freshman Beach Party (Freshman Dorm Super),"[""College students"", ""Friendship"", ""Fiction"", ""Fiction, general"", ""Teen & Young Adult""]","[""Fiction"", ""Fiction / Literary Fiction / Family and Relationship Fiction / Friendship Fiction""]","[""Audience / Age_Group / Young_Adult / Young Adult Audience"", ""Audience / Educational_Stage / College_Level"", ""Thematic_Metadata / Relationship_and_Social_Themes / Friendship / Friendship""]","[""Fiction""]","[""Thematic_Metadata / Relationship_and_Social_Themes / Friendship"", ""Audience / Educational_Stage / College_Level"", ""Audience / Age_Group / Young_Adult"", ""Audience / Age_Group / Teen""]","[""Fiction / Literary Fiction / Family and Relationship Fiction / Friendship Fiction""]","[""Thematic_Metadata / Relationship_and_Social_Themes / Friendship / Friendship"", ""Audience / Age_Group / Teen / Teen Audience"", ""Audience / Age_Group / Young_Adult / Young Adult Audience"", ""Audience / Educational_Stage / College_Level""]","[""Fiction""]","[""Audience / Age_Group / Teen"", ""Audience / Age_Group / Teen / Teen Audience"", ""Audience / Age_Group / Young_Adult"", ""Audience / Age_Group / Young_Adult / Young Adult Audience"", ""Audience / Educational_Stage / College_Level"", ""Thematic_Metadata / Relationship_and_Social_Themes / Friendship"", ""Thematic_Metadata / Relationship_and_Social_Themes / Friendship / Friendship""]",8,0,1,NO
9780061062049,The Most Beautiful Horse in the World,"[""Horses"", ""Juvenile fiction"", ""Horsemanship"", ""Fiction"", ""Fiction, general"", ""Readers - Beginner"", ""Children's Books - Young Adult Fiction"", ""Show jumping"", ""Children: Grades 3-4"", ""Animals"", ""Children's Books""]","[""Fiction""]","[""Thematic_Metadata / Nature_and_Environment_Themes / Animals"", ""Audience / Reading_Level / Beginner"", ""Audience / Reading_Level / Beginner / Beginner Reader""]","[""Fiction""]","[""Thematic_Metadata / Nature_and_Environment_Themes / Animals"", ""Audience / Reading_Level / Beginner / Beginner Reader"", ""Audience / Age_Group / Young_Adult / Young Adult Audience""]","[""Fiction""]","[""Thematic_Metadata / Nature_and_Environment_Themes / Animals"", ""Audience / Reading_Level / Beginner"", ""Audience / Reading_Level / Beginner / Beginner Reader"", ""Audience / Age_Group / Young_Adult / Young Adult Audience""]","[""Fiction""]","[""Audience / Age_Group / Young_Adult / Young Adult Audience"", ""Audience / Reading_Level / Beginner"", ""Audience / Reading_Level / Beginner / Beginner Reader"", ""Thematic_Metadata / Nature_and_Environment_Themes / Animals""]",5,0,0,NO
9780061062384,"Harry Goes to Camp (Monsterkids, No 3)","[""Werewolves"", ""Juvenile fiction"", ""Camps"", ""Monsters"", ""Children's fiction"", ""Camping, fiction"", ""Children's Books/Ages 9-12 Fiction"", ""Fiction""]","[""Fiction""]",[],"[""Fiction""]",[],"[""Fiction""]",[],"[""Fiction""]",[],1,0,0,NO
9780061064340,"The Hunchback of Notre Dame (Enchanted Tales, No 3)","[""Notre-Dame de Paris (Cathedral)"", ""Juvenile fiction"", ""People with disabilities"", ""France, fiction"", ""Paris (france), fiction"", ""Quasimodo (fictitious character), fiction"", ""Fiction, general"", ""Children's 4-8 - Literature / Classics"", ""Children: Young Adult (Gr. 7-9)""]","[""Fiction""]","[""Audience / Age_Group / Young_Adult / Young Adult Audience"", ""Audience / Age_Group / Young_Adult""]","[""Fiction""]","[""Audience / Age_Group / Young_Adult""]","[""Fiction""]","[""Audience / Age_Group / Young_Adult""]","[""Fiction""]","[""Audience / Age_Group / Young_Adult"", ""Audience / Age_Group / Young_Adult / Young Adult Audience""]",3,0,0,NO
9780061064746,Romeo and Ghouliette (BC 23) (Bone Chillers),"[""Horror tales"", ""Juvenile fiction"", ""Horror stories"", ""Children's fiction"", ""Juvenile Fiction / Horror & Ghost Stories"", ""Horror & Ghost Stories"", ""Children's 9-12 - Fiction - Horror"", ""Fiction"", ""Horror fiction"", ""Children: Young Adult (Gr. 7-9)"", ""Horror"", ""Novels"", ""Children's Books"", ""Spine-Chilling Horror""]","[""Fiction / Horror"", ""Fiction / Horror / Supernatural Horror / Ghost Story""]","[""Audience / Age_Group / Young_Adult / Young Adult Audience""]","[""Fiction / Horror / Supernatural Horror / Ghost Story""]","[""Audience / Age_Group / Young_Adult""]","[""Fiction / Horror / Supernatural Horror / Ghost Story""]",[],"[""Fiction / Horror"", ""Fiction / Horror / Supernatural Horror / Ghost Story""]","[""Audience / Age_Group / Young_Adult""]",3,0,1,NO
9780061065293,Christina's courage,"[""Horses"", ""Juvenile fiction"", ""Children's fiction"", ""Behavior, fiction"", ""Horses, fiction"", ""Young Adult"", ""Middle Grade"", ""Animals"", ""Contemporary""]","[""Fiction""]","[""Thematic_Metadata / Nature_and_Environment_Themes / Animals"", ""Temporal_Context / Historical_Period / Contemporary"", ""Audience / Age_Group / Young_Adult"", ""Audience / Age_Group / Middle_Grade""]","[""Fiction / Literary Fiction / General Literary Fiction / Contemporary Fiction""]","[""Thematic_Metadata / Nature_and_Environment_Themes / Animals"", ""Audience / Age_Group / Young_Adult"", ""Audience / Age_Group / Middle_Grade"", ""Temporal_Context / Historical_Period / Contemporary""]","[""Fiction / Literary Fiction / General Literary Fiction / Contemporary Fiction""]","[""Thematic_Metadata / Nature_and_Environment_Themes / Animals"", ""Temporal_Context / Historical_Period / Contemporary"", ""Audience / Age_Group / Young_Adult / Young Adult Audience"", ""Audience / Age_Group / Middle_Grade""]","[""Fiction""]","[""Audience / Age_Group / Middle_Grade"", ""Audience / Age_Group / Young_Adult"", ""Audience / Age_Group / Young_Adult / Young Adult Audience"", ""Temporal_Context / Historical_Period / Contemporary"", ""Thematic_Metadata / Nature_and_Environment_Themes / Animals""]",6,0,1,NO
9780061067266,Boardwalk,"[""Love"", ""Love stories"", ""Fiction, general"", ""Young Adult"", ""Romance""]","[""Fiction / Romance / General Romance / Romance"", ""Fiction / Romance / General Romance / Love Story""]","[""Thematic_Metadata / Relationship_and_Social_Themes / Love_and_Intimacy / Love"", ""Audience / Age_Group / Young_Adult / Young Adult Audience""]","[""Fiction / Romance / General Romance / Love Story""]","[""Audience / Age_Group / Young_Adult"", ""Thematic_Metadata / Relationship_and_Social_Themes / Love_and_Intimacy / Love""]","[""Fiction / Romance / General Romance / Love Story""]","[""Audience / Age_Group / Young_Adult / Young Adult Audience"", ""Thematic_Metadata / Relationship_and_Social_Themes / Love_and_Intimacy / Love""]","[""Fiction / Romance / General Romance / Love Story"", ""Fiction / Romance / General Romance / Romance""]","[""Audience / Age_Group / Young_Adult"", ""Audience / Age_Group / Young_Adult / Young Adult Audience"", ""Thematic_Metadata / Relationship_and_Social_Themes / Love_and_Intimacy / Love""]",5,0,0,NO
9780061081446,Vows made in wine,"[""Fiction"", ""Fiction, general"", ""Historical Romance"", ""Fiction, romance, historical"", ""Romance"", ""Historical"", ""Historical Fiction"", ""Tudor Period"", ""Fiction, romance, historical, general""]","[""Fiction / Historical Fiction"", ""Fiction / Romance""]","[""Temporal_Context / Historical_Period""]","[""Fiction / Romance"", ""Fiction / Historical Fiction""]","[""Temporal_Context / Historical_Period""]","[""Fiction / Historical Fiction"", ""Fiction / Romance / General Romance""]",[],"[""Fiction / Historical Fiction"", ""Fiction / Romance""]","[""Temporal_Context / Historical_Period""]",3,0,1,NO
9780061082214,Simply Heaven,"[""Fiction"", ""Romance"", ""Historical Romance"", ""Historical Fiction"", ""Mixed descent"", ""Native American"", ""Fiction, romance, contemporary"", ""Fiction, romance, general"", ""Historical""]","[""Fiction / Romance / General Romance / Romance"", ""Fiction / Historical Fiction""]","[""Temporal_Context / Historical_Period / Contemporary""]","[""Fiction / Romance / General Romance / Romance"", ""Fiction / Historical Fiction""]","[""Temporal_Context / Historical_Period / Contemporary"", ""Temporal_Context / Historical_Period""]","[""Fiction / Romance / General Romance / Romance"", ""Fiction / Historical Fiction""]","[""Temporal_Context / Historical_Period / Contemporary"", ""Temporal_Context / Publication_Period / Contemporary_Publication""]","[""Fiction / Historical Fiction"", ""Fiction / Romance / General Romance / Romance""]","[""Temporal_Context / Historical_Period / Contemporary"", ""Temporal_Context / Publication_Period / Contemporary_Publication""]",4,1,0,YES
9780061090585,Quitting the Mob,"[""Mafia"", ""Organized crime"", ""Murder"", ""True Crime"", ""Biography"", ""Nonfiction"", ""Crime""]","[""Nonfiction / Biography / Biography / Biography"", ""Nonfiction / Biography / Biography"", ""Nonfiction / Biography"", ""Nonfiction""]","[""Thematic_Metadata / Conflict_and_Event_Themes / Crime_and_Justice / Crime""]","[""Nonfiction / Biography / Biography""]","[""Thematic_Metadata / Conflict_and_Event_Themes / Crime_and_Justice / Crime""]","[""Nonfiction / Biography""]","[""Thematic_Metadata / Conflict_and_Event_Themes / Crime_and_Justice / Crime""]","[""Nonfiction"", ""Nonfiction / Biography"", ""Nonfiction / Biography / Biography""]","[""Thematic_Metadata / Conflict_and_Event_Themes / Crime_and_Justice / Crime""]",4,1,0,YES
9780061094330,A Respectable Trade,"[""Fiction"", ""History"", ""Historical Fiction"", ""Historical"", ""18th Century"", ""British Literature"", ""Man-woman relationships"", ""Married women"", ""Slave trade"", ""Slaves"", ""England"", ""Bristol (England) -- History -- Fiction."", ""Man-woman relationships -- England -- Bristol -- History -- 18th century -- Fiction."", ""Slave trade -- England -- Bristol -- History -- 18th century -- Fiction."", ""Africans -- England -- Bristol -- History -- 18th century -- Fiction."", ""Married women -- England -- Bristol -- Fiction."", ""Slaves -- England -- Bristol -- Fiction."", ""Fiction, historical, general"", ""Man-woman relationships, fiction"", ""England, fiction"", ""Married people, fiction"", ""Literature & Fiction"", ""Genre Fiction"", ""Romance"", ""Historical Romance"", ""Africans"", ""Slave-trade""]","[""Fiction / Historical Fiction"", ""Fiction / Romance / General Romance / Romance""]","[""Temporal_Context / Historical_Period"", ""Geographical_Context / Country_or_National_Context / Country_Based_Context / British Context""]","[""Fiction / Historical Fiction"", ""Fiction / Romance""]","[""Geographical_Context / Country_or_National_Context / Country_Based_Context / British Context"", ""Temporal_Context / Historical_Period"", ""Character_and_Representation_Metadata / Identity_Representation / Gender_Representation / Women-Centered""]","[""Fiction / Historical Fiction"", ""Fiction / Romance / General Romance / Romance""]","[""Temporal_Context / Historical_Period"", ""Geographical_Context / Country_or_National_Context / Country_Based_Context / British Context"", ""Character_and_Representation_Metadata / Identity_Representation / Gender_Representation / Women-Centered""]","[""Fiction / Historical Fiction"", ""Fiction / Romance""]","[""Geographical_Context / Country_or_National_Context / Country_Based_Context / British Context"", ""Temporal_Context / Historical_Period""]",4,2,0,YES
9780064401319,Cry of the Crow,"[""Wildlife rescue"", ""Fiction"", ""Crows"", ""Crows, fiction"", ""Animals"", ""Young Adult"", ""Children's fiction"", ""Family life, fiction"", ""Nature"", ""Adventure"", ""Birds""]","[""Fiction / Animal Fiction / Animal Fiction / Wildlife Fiction"", ""Fiction / Adventure / General Adventure Fiction / Adventure Fiction""]","[""Thematic_Metadata / Nature_and_Environment_Themes / Animals / Wildlife"", ""Audience / Age_Group / Young_Adult / Young Adult Audience"", ""Thematic_Metadata / Relationship_and_Social_Themes / Family""]","[""Fiction / Adventure"", ""Fiction / Animal Fiction / Animal Fiction / Wildlife Fiction""]","[""Audience / Age_Group / Young_Adult"", ""Thematic_Metadata / Relationship_and_Social_Themes / Family"", ""Thematic_Metadata / Nature_and_Environment_Themes / Animals"", ""Thematic_Metadata / Nature_and_Environment_Themes / Animals / Wildlife""]","[""Fiction / Adventure / General Adventure Fiction / Adventure Fiction"", ""Fiction / Animal Fiction / Animal Fiction / Wildlife Fiction""]","[""Audience / Age_Group / Young_Adult"", ""Thematic_Metadata / Nature_and_Environment_Themes / Animals / Wildlife"", ""Thematic_Metadata / Relationship_and_Social_Themes / Family""]","[""Fiction / Adventure"", ""Fiction / Adventure / General Adventure Fiction / Adventure Fiction"", ""Fiction / Animal Fiction / Animal Fiction / Wildlife Fiction""]","[""Audience / Age_Group / Young_Adult"", ""Audience / Age_Group / Young_Adult / Young Adult Audience"", ""Thematic_Metadata / Nature_and_Environment_Themes / Animals"", ""Thematic_Metadata / Nature_and_Environment_Themes / Animals / Wildlife"", ""Thematic_Metadata / Relationship_and_Social_Themes / Family""]",8,0,0,NO
9780064403511,Chasing After Annie,"[""Friendship"", ""Dogs"", ""Diaries"", ""Fiction"", ""Juvenile fiction"", ""Children's fiction"", ""Girls, fiction"", ""Dogs, fiction"", ""General"", ""Children's Books/Ages 4-8 Fiction"", ""Children: Grades 2-3""]","[""Fiction / Literary Fiction / Family and Relationship Fiction / Friendship Fiction"", ""Fiction""]","[""Thematic_Metadata / Relationship_and_Social_Themes / Friendship / Friendship""]","[""Fiction / Literary Fiction / Family and Relationship Fiction / Friendship Fiction""]","[""Thematic_Metadata / Relationship_and_Social_Themes / Friendship""]","[""Fiction / Literary Fiction / Family and Relationship Fiction / Friendship Fiction"", ""Fiction""]","[""Thematic_Metadata / Relationship_and_Social_Themes / Friendship / Friendship""]","[""Fiction"", ""Fiction / Literary Fiction / Family and Relationship Fiction / Friendship Fiction""]","[""Thematic_Metadata / Relationship_and_Social_Themes / Friendship""]",3,1,0,YES
9780064403627,My brother Louis measures worms and other Louis stories,"[""Family life"", ""Fiction"", ""Children's fiction"", ""Humorous stories"", ""Short Stories"", ""Family life, fiction""]","[""Fiction / Humor and Satire / Humorous Fiction"", ""Fiction / Literary Fiction / Short Form Literary Fiction / Short Fiction""]","[""Narrative_and_Stylistic_Metadata / Tone / Comic / Humorous"", ""Book_Format_and_Form / Textual_Form / Short_Form / Short Story"", ""Thematic_Metadata / Relationship_and_Social_Themes / Family""]","[""Fiction / Literary Fiction / Short Form Literary Fiction / Short Fiction"", ""Fiction / Humor and Satire / Humorous Fiction"", ""Fiction / Literary Fiction / Family and Relationship Fiction / Family Saga""]","[""Book_Format_and_Form / Textual_Form / Short_Form / Short Story"", ""Narrative_and_Stylistic_Metadata / Tone / Comic / Humorous"", ""Thematic_Metadata / Relationship_and_Social_Themes / Family""]","[""Fiction / Humor and Satire / Humorous Fiction"", ""Fiction / Literary Fiction / Short Form Literary Fiction / Short Fiction"", ""Fiction / Literary Fiction / Family and Relationship Fiction / Family Saga""]","[""Narrative_and_Stylistic_Metadata / Tone / Comic / Humorous"", ""Book_Format_and_Form / Textual_Form / Short_Form / Short Story"", ""Book_Format_and_Form / Narrative_Length / Short"", ""Thematic_Metadata / Relationship_and_Social_Themes / Family"", ""Audience / Age_Group / All_Ages / Family Audience"", ""Character_and_Representation_Metadata / Protagonist_Profile / Group_Profile / Family-Centered""]","[""Fiction / Humor and Satire / Humorous Fiction"", ""Fiction / Literary Fiction / Short Form Literary Fiction / Short Fiction""]","[""Book_Format_and_Form / Textual_Form / Short_Form / Short Story"", ""Narrative_and_Stylistic_Metadata / Tone / Comic / Humorous"", ""Thematic_Metadata / Relationship_and_Social_Themes / Family""]",5,2,2,YES
9780064404938,The Chilling Hour,"[""Horror stories"", ""Horror tales, American"", ""Short stories"", ""Supernatural"", ""Occult fiction"", ""Fiction"", ""Supernatural, fiction"", ""Horror tales""]","[""Fiction"", ""Fiction / Horror"", ""Fiction / Horror / Supernatural Horror"", ""Fiction / Horror / Supernatural Horror / Occult Horror"", ""Fiction / Literary Fiction / Short Form Literary Fiction / Short Fiction""]","[""Book_Format_and_Form / Textual_Form / Short_Form / Short Story""]","[""Fiction / Horror / Supernatural Horror / Occult Horror""]","[""Book_Format_and_Form / Textual_Form / Short_Form / Short Story""]","[""Fiction / Horror / Supernatural Horror / Occult Horror""]","[""Book_Format_and_Form / Textual_Form / Short_Form / Short Prose""]","[""Fiction"", ""Fiction / Horror"", ""Fiction / Horror / Supernatural Horror / Occult Horror""]","[""Book_Format_and_Form / Textual_Form / Short_Form / Short Story""]",4,1,2,YES
9780064405126,Coco Grimes,"[""African Americans"", ""Juvenile fiction"", ""Fiction"", ""Grandfathers"", ""Baseball"", ""Children's fiction"", ""Baseball, fiction"", ""Grandparents, fiction"", ""Florida, fiction""]","[""Fiction""]",[],"[""Fiction""]",[],"[""Fiction""]",[],"[""Fiction""]",[],1,0,0,NO
9780064405577,My Brother the Ghost,"[""Ghosts"", ""Horror stories"", ""Ghost stories"", ""Children's fiction"", ""Children's Books/Ages 9-12 Fiction"", ""Fiction"", ""Horror"", ""Children: Grades 3-4"", ""Juvenile"", ""Children's Books"", ""Literature & Fiction"", ""Horror tales""]","[""Fiction / Horror / Supernatural Horror / Ghost Story"", ""Fiction / Horror""]",[],"[""Fiction / Horror / Supernatural Horror / Ghost Story""]",[],"[""Fiction / Horror / Supernatural Horror / Ghost Story""]",[],"[""Fiction / Horror"", ""Fiction / Horror / Supernatural Horror / Ghost Story""]",[],2,0,0,NO
9780064407267,Reed,"[""Fiction"", ""Children's fiction"", ""Hockey"", ""Hockey, fiction"", ""Sports, fiction"", ""Hockey -- Fiction."", ""Sportsmanship"", ""Sportsmanship -- Fiction.""]","[""Fiction""]",[],"[""Fiction""]",[],"[""Fiction""]",[],"[""Fiction""]",[],1,0,0,NO
9780064420013,Jason and the Escape from Bat Planet/a Trophy Chapter Book,"[""Children's fiction"", ""Science fiction"", ""Readers - Beginner"", ""Children's 9-12 - Fiction - General"", ""Adventure and adventurers"", ""Extraterrestrial beings"", ""Fiction"", ""Children: Grades 2-3""]","[""Fiction / Science Fiction / General Science Fiction / Science Fiction"", ""Fiction / Adventure / General Adventure Fiction / Adventure Fiction""]","[""Audience / Reading_Level / Beginner / Beginner Reader""]","[""Fiction / Science Fiction"", ""Fiction / Adventure""]","[""Audience / Reading_Level / Beginner / Beginner Reader"", ""Thematic_Metadata / Knowledge_and_Idea_Themes / Science_and_Technology""]","[""Fiction / Science Fiction"", ""Fiction / Adventure""]","[""Audience / Reading_Level / Beginner"", ""Audience / Reading_Level / Beginner / Beginner Reader""]","[""Fiction / Adventure"", ""Fiction / Adventure / General Adventure Fiction / Adventure Fiction"", ""Fiction / Science Fiction"", ""Fiction / Science Fiction / General Science Fiction / Science Fiction""]","[""Audience / Reading_Level / Beginner"", ""Audience / Reading_Level / Beginner / Beginner Reader""]",6,1,0,YES
9780064420655,The revenge of the pirate ghost,"[""Ghosts"", ""Pirates"", ""Fiction"", ""Ghost stories"", ""Juvenile fiction"", ""Children's fiction"", ""Pirates, fiction"", ""Ghosts -- Fiction"", ""Pirates -- Fiction"", ""Children's Books""]","[""Fiction"", ""Fiction / Horror / Supernatural Horror / Ghost Story""]",[],"[""Fiction / Horror / Supernatural Horror / Ghost Story""]",[],"[""Fiction / Horror / Supernatural Horror / Ghost Story""]",[],"[""Fiction"", ""Fiction / Horror / Supernatural Horror / Ghost Story""]",[],2,0,0,NO
9780070242708,Personal relationships,"[""Family life education"", ""Interpersonal Relations"", ""Family"", ""Politics & Social Sciences"", ""Social Sciences""]","[""Nonfiction / Education / Education / Education""]","[""Thematic_Metadata / Relationship_and_Social_Themes / Family""]","[""Nonfiction / Education""]","[""Thematic_Metadata / Relationship_and_Social_Themes / Family""]","[""Nonfiction / Education / Education / Education""]","[""Thematic_Metadata / Relationship_and_Social_Themes / Family""]",[],"[""Thematic_Metadata / Relationship_and_Social_Themes / Family""]",1,1,1,YES
9780070356870,A killing wind,"[""Accidents"", ""Bhopal Union Carbide Plant Disaster, Bhopal, India, 1984"", ""Environmental aspects"", ""Environmental aspects of Methyl isocyanate"", ""Methyl isocyanate"", ""Pesticides industry"", ""Pesticides"", ""Business & Money"", ""Economics"", ""Environmental Economics""]","[""Nonfiction / Nature and Environment / Environment / Environmental Nonfiction"", ""Nonfiction / Business and Economics / Economics / Economics""]",[],"[""Nonfiction / Business and Economics / Economics / Economics"", ""Nonfiction / Nature and Environment / Environment / Environmental Nonfiction""]",[],"[""Nonfiction / Business and Economics / Economics"", ""Nonfiction / Science / Earth and Environmental Sciences / Environmental Science""]",[],[],[],0,4,0,YES
9780070423749,Almost like a song,"[""Biography"", ""Country musicians"", ""Country musicians -- United States -- Biography."", ""Music""]","[""Nonfiction / Biography / Biography / Biography"", ""Nonfiction / Arts and Culture / Music / Music""]","[""Geographical_Context / World_Region / North_America / United States""]","[""Nonfiction / Biography / Biography / Artistic Biography"", ""Nonfiction / Arts and Culture / Music / Music""]","[""Geographical_Context / World_Region / North_America / United States""]","[""Nonfiction / Biography"", ""Nonfiction / Arts and Culture / Music""]","[""Geographical_Context / Country_or_National_Context / Country_Based_Context"", ""Geographical_Context / World_Region / North_America / United States""]","[""Nonfiction / Biography""]","[""Geographical_Context / Country_or_National_Context / Country_Based_Context"", ""Geographical_Context / World_Region / North_America / United States""]",3,4,0,YES
9780070826717,Democracy and discontent,"[""Canada"", ""Economic conditions"", ""History"", ""Political parties"", ""Politics and government"", ""Partis politiques"", ""Conditions économiques"", ""Politique et gouvernement"", ""Economic history"", ""Political parties -- Canada."", ""Canada -- Economic conditions.""]","[""Nonfiction / History / Social and Cultural History / Economic History"", ""Nonfiction / Politics and Law / Politics / Political Nonfiction""]","[""Geographical_Context / World_Region / North_America / Canada""]","[""Nonfiction / History / Social and Cultural History / Economic History"", ""Nonfiction / History / Social and Cultural History / Political History""]","[""Geographical_Context / World_Region / North_America / Canada""]","[""Nonfiction / History / Social and Cultural History / Economic History"", ""Nonfiction / Politics and Law / Politics / Political Nonfiction""]","[""Geographical_Context / World_Region / North_America / Canada""]","[""Nonfiction / History / Social and Cultural History / Economic History""]","[""Geographical_Context / World_Region / North_America / Canada""]",2,1,1,YES
9780091706005,The ladies of Missalonghi,"[""Women"", ""Fiction"", ""Romance fiction"", ""Man-woman relationships"", ""Social life and customs"", ""Manners and customs"", ""Fiction, historical, general"", ""Australia, fiction"", ""Women -- Australia -- Fiction."", ""Historical Fiction"", ""Romance"", ""Australia"", ""Historical"", ""Historical Romance"", ""Literature & Fiction"", ""Genre Fiction""]","[""Fiction / Historical Fiction"", ""Fiction / Romance / General Romance / Romance""]","[""Geographical_Context / World_Region / Oceania / Australia"", ""Character_and_Representation_Metadata / Identity_Representation / Gender_Representation / Women-Centered"", ""Thematic_Metadata / Relationship_and_Social_Themes""]","[""Fiction / Romance"", ""Fiction / Historical Fiction""]","[""Geographical_Context / World_Region / Oceania / Australia"", ""Character_and_Representation_Metadata / Identity_Representation / Gender_Representation / Women-Centered"", ""Thematic_Metadata / Relationship_and_Social_Themes""]","[""Fiction / Historical Fiction"", ""Fiction / Romance / General Romance / Romance""]","[""Geographical_Context / World_Region / Oceania / Australia"", ""Character_and_Representation_Metadata / Identity_Representation / Gender_Representation / Women-Centered"", ""Thematic_Metadata / Relationship_and_Social_Themes""]","[""Fiction / Historical Fiction"", ""Fiction / Romance"", ""Fiction / Romance / General Romance / Romance""]","[""Character_and_Representation_Metadata / Identity_Representation / Gender_Representation / Women-Centered"", ""Geographical_Context / World_Region / Oceania / Australia"", ""Thematic_Metadata / Relationship_and_Social_Themes""]",6,0,0,NO
9780091814601,Sleep Deep (Leslie's Quick Fix),"[""Sleep"", ""Insomnia""]","[""Nonfiction""]",[],"[""Nonfiction""]",[],[],[],[],[],0,0,1,NO
9780130555410,Bad luck Tony,"[""Grandfathers in fiction"", ""Fiction"", ""Grandfathers -- Fiction.""]","[""Fiction""]",[],"[""Fiction""]",[],"[""Fiction""]",[],"[""Fiction""]",[],1,0,0,NO
9780133851625,Heartmates,"[""Family relationships"", ""Myocardial infarction"", ""Patients"", ""Wives"", ""Psychology"", ""Family Relations"", ""Popular Works"", ""Heart Diseases"", ""Sick, family relationships"", ""Myocardial infarction -- Patients -- Family relationships."", ""Wives.""]","[""Nonfiction / Science / Cognitive and Behavioral Sciences / Psychology"", ""Nonfiction / Science / Popular Science / Popular Science""]","[""Thematic_Metadata / Relationship_and_Social_Themes / Family""]","[""Nonfiction / Science / Cognitive and Behavioral Sciences / Psychology""]","[""Thematic_Metadata / Relationship_and_Social_Themes / Family"", ""Geographical_Context / Place_Type / Domestic / Family Household"", ""Character_and_Representation_Metadata / Protagonist_Profile / Group_Profile / Family-Centered""]","[""Nonfiction / Science / Cognitive and Behavioral Sciences / Psychology""]","[""Thematic_Metadata / Relationship_and_Social_Themes / Family""]","[""Nonfiction / Science / Cognitive and Behavioral Sciences / Psychology""]","[""Thematic_Metadata / Relationship_and_Social_Themes / Family""]",2,0,3,NO
9780140060584,The Margery Allingham omnibus.,"[""Fiction"", ""Private investigators"", ""English Detective and mystery stories"", ""Albert Campion (Fictitious character)"", ""Campion, albert (fictitious character), fiction"", ""England, fiction"", ""Fiction, mystery & detective, traditional"", ""Campion, Albert (Fictitious character) -- Fiction."", ""Private investigators -- England -- Fiction."", ""Detective and mystery stories, English."", ""Mystery"", ""Crime""]","[""Fiction / Mystery / Traditional Mystery"", ""Fiction / Mystery / Detective Mystery / Private Investigator Mystery""]","[""Character_and_Representation_Metadata / Protagonist_Profile / Role_Profile / Detective""]","[""Fiction / Mystery / Detective Mystery / Private Investigator Mystery""]","[""Character_and_Representation_Metadata / Protagonist_Profile / Role_Profile / Detective""]","[""Fiction / Mystery / Detective Mystery / Private Investigator Mystery""]","[""Character_and_Representation_Metadata / Protagonist_Profile / Role_Profile / Detective"", ""Thematic_Metadata / Conflict_and_Event_Themes / Crime_and_Justice / Crime""]","[""Fiction / Mystery / Detective Mystery / Private Investigator Mystery"", ""Fiction / Mystery / Traditional Mystery""]","[""Character_and_Representation_Metadata / Protagonist_Profile / Role_Profile / Detective"", ""Thematic_Metadata / Conflict_and_Event_Themes / Crime_and_Justice / Crime""]",4,0,0,NO
9780140072884,1984 and beyond,"[""Twentieth century"", ""Twentieth century -- Forecasts.""]","[""Nonfiction""]","[""Temporal_Context / Historical_Period / Modern / Mid Twentieth Century""]","[""Nonfiction""]","[""Temporal_Context / Publication_Period / Twentieth_Century_Publication""]",[],"[""Temporal_Context / Publication_Period / Twentieth_Century_Publication""]",[],[],0,1,2,YES
9780140097986,The survival of Jan Little,"[""Biography"", ""Blind-deaf"", ""Wilderness survival"", ""Deafblind people"", ""Brazil"", ""Amazon river and valley"", ""Nonfiction"", ""Survival"", ""Adventure""]","[""Nonfiction / Biography / Biography / Biography"", ""Nonfiction / Travel / Travel Writing / Adventure Travel Writing""]","[""Thematic_Metadata / Conflict_and_Event_Themes / Survival_and_Risk / Survival""]","[""Nonfiction / Biography / Biography""]","[""Thematic_Metadata / Conflict_and_Event_Themes / Survival_and_Risk / Survival""]","[""Nonfiction / Biography""]","[""Thematic_Metadata / Conflict_and_Event_Themes / Survival_and_Risk / Survival""]","[""Nonfiction / Biography""]","[""Thematic_Metadata / Conflict_and_Event_Themes / Survival_and_Risk / Survival""]",2,1,2,YES
9780140112511,Libra,"[""Fiction"", ""Assassination"", ""Presidents"", ""Literature"", ""Roman américain"", ""Présidents"", ""Assassinat"", ""Romans, nouvelles"", ""Fiction, historical"", ""Presidents, united states, fiction"", ""American fiction (fictional works by one author)"", ""Oswald, lee harvey"", ""Roman"", ""Fiction, general"", ""American literature"", ""Historical Fiction"", ""Novels"", ""American"", ""Thriller""]","[""Fiction / Historical Fiction"", ""Fiction / Thriller""]","[""Geographical_Context / Country_or_National_Context / Country_Based_Context / American Context""]","[""Fiction / Thriller"", ""Fiction / Historical Fiction""]","[""Geographical_Context / Country_or_National_Context / Country_Based_Context / American Context"", ""Geographical_Context / World_Region / North_America / United States""]","[""Fiction / Thriller"", ""Fiction / Historical Fiction""]","[""Geographical_Context / Country_or_National_Context / Country_Based_Context / American Context"", ""Geographical_Context / World_Region / North_America / United States""]","[""Fiction / Historical Fiction"", ""Fiction / Thriller""]","[""Geographical_Context / Country_or_National_Context / Country_Based_Context / American Context"", ""Geographical_Context / World_Region / North_America / United States""]",4,0,0,NO
9780140117608,Starting Out,"[""Childhood and youth"", ""Enfance et jeunesse"", ""Biography"", ""Biographies""]","[""Nonfiction / Biography / Biography / Biography""]",[],"[""Nonfiction / Biography / Biography""]",[],"[""Nonfiction / Biography""]",[],"[""Nonfiction / Biography"", ""Nonfiction / Biography / Biography""]",[],2,1,0,YES
9780140329124,Shot from midfield,"[""Fiction"", ""Soccer"", ""Children's fiction"", ""Soccer, fiction"", ""Growing Up & Facts of Life"", ""Friendship, Social Skills & School Life"", ""Boys & Men""]","[""Fiction""]","[""Character_and_Representation_Metadata / Identity_Representation / Gender_Representation / Men-Centered""]","[""Fiction"", ""Fiction / Literary Fiction / General Literary Fiction / Slice of Life Fiction""]","[""Character_and_Representation_Metadata / Identity_Representation / Gender_Representation / Men-Centered""]","[""Fiction / Literary Fiction / General Literary Fiction / Slice of Life Fiction""]","[""Character_and_Representation_Metadata / Identity_Representation / Gender_Representation / Men-Centered""]","[""Fiction""]","[""Character_and_Representation_Metadata / Identity_Representation / Gender_Representation / Men-Centered""]",2,0,1,NO
9780140329513,The rabbi's girls,"[""Fiction"", ""Family life"", ""Twenties (20th century)"", ""New baby in family"", ""Juvenile fiction"", ""Rabbis"", ""Jewish American families"", ""Eleven-year-old girls"", ""Jewish American girls"", ""Moving to a new city"", ""Children's fiction"", ""Family life, fiction"", ""Jews, fiction"", ""Families"", ""Family life -- Fiction"", ""Jews -- United States -- Fiction"", ""Jewish"", ""Growing Up & Facts of Life"", ""Multigenerational"", ""Jews"", ""Children's Books""]","[""Fiction"", ""Fiction / Drama / Social Drama / Family Drama""]","[""Geographical_Context / Country_or_National_Context / Country_Based_Context / American Context"", ""Thematic_Metadata / Relationship_and_Social_Themes / Family"", ""Character_and_Representation_Metadata / Protagonist_Profile / Group_Profile / Family-Centered""]","[""Fiction / Drama / Social Drama / Family Drama""]","[""Thematic_Metadata / Relationship_and_Social_Themes / Family"", ""Geographical_Context / World_Region / North_America / United States"", ""Geographical_Context / Place_Type / Domestic / Family Household"", ""Audience / Age_Group / All_Ages / Family Audience"", ""Character_and_Representation_Metadata / Protagonist_Profile / Group_Profile / Family-Centered""]","[""Fiction""]","[""Geographical_Context / World_Region / North_America / United States"", ""Thematic_Metadata / Relationship_and_Social_Themes / Family"", ""Audience / Age_Group / All_Ages / Family Audience"", ""Geographical_Context / Place_Type / Domestic / Family Household"", ""Geographical_Context / Country_or_National_Context / Country_Based_Context / American Context"", ""Character_and_Representation_Metadata / Protagonist_Profile / Group_Profile / Family-Centered""]","[""Fiction""]","[""Character_and_Representation_Metadata / Protagonist_Profile / Group_Profile / Family-Centered"", ""Geographical_Context / Country_or_National_Context / Country_Based_Context / American Context"", ""Geographical_Context / World_Region / North_America / United States"", ""Thematic_Metadata / Relationship_and_Social_Themes / Family""]",5,2,1,YES
9780140341171,Winning kicker,"[""Football"", ""Fiction"", ""Football stories"", ""Sports"", ""Teen & Young Adult"", ""Literature & Fiction""]","[""Fiction""]","[""Audience / Age_Group / Teen / Teen Audience"", ""Audience / Age_Group / Young_Adult / Young Adult Audience""]","[""Fiction""]","[""Audience / Age_Group / Young_Adult / Young Adult Audience"", ""Audience / Age_Group / Teen / Teen Audience""]","[""Fiction""]","[""Audience / Age_Group / Young_Adult / Young Adult Audience"", ""Audience / Age_Group / Teen / Teen Audience""]","[""Fiction""]","[""Audience / Age_Group / Teen / Teen Audience"", ""Audience / Age_Group / Young_Adult / Young Adult Audience""]",3,0,0,NO
9780140346695,Marcia,"[""Fiction"", ""Youth"", ""City and town life"", ""Juvenile fiction""]","[""Fiction""]",[],"[""Fiction""]",[],"[""Fiction""]",[],"[""Fiction""]",[],1,0,0,NO
9780140351026,Tale of Troy.,"[""Odysseus (Greek mythology)"", ""Legends"", ""Greek Mythology"", ""Trojan War"", ""Juvenile literature"", ""Classical mythology"", ""Children's fiction"", ""Troy (extinct city), fiction"", ""Troy (extinct city), legends"", ""Fiction"", ""Mythology"", ""Classics"", ""Historical Fiction""]","[""Fiction / Historical Fiction""]","[""Thematic_Metadata / Conflict_and_Event_Themes / War_and_Conflict / War"", ""Temporal_Context / Historical_Period / Ancient / Classical""]","[""Fiction / Historical Fiction""]","[""Thematic_Metadata / Conflict_and_Event_Themes / War_and_Conflict / War"", ""Temporal_Context / Historical_Period / Ancient / Classical""]","[""Fiction / Historical Fiction""]","[""Temporal_Context / Historical_Period""]","[""Fiction / Historical Fiction""]","[""Thematic_Metadata / Conflict_and_Event_Themes / War_and_Conflict / War""]",2,2,0,YES
9780140360226,Cam Jansen,"[""Children's fiction"", ""Mystery and detective stories"", ""Jansen, cam (fictitious character), fiction"", ""Mystery"", ""Chapter Books"", ""Juvenile"", ""2nd Grade""]","[""Fiction / Mystery / Detective Mystery / Amateur Detective Mystery""]",[],"[""Fiction / Mystery / Detective Mystery / Amateur Detective Mystery"", ""Fiction / Mystery / Traditional Mystery / Childrens Adventure and Mystery""]",[],"[""Fiction / Mystery / Detective Mystery""]",[],"[""Fiction / Mystery / Detective Mystery""]",[],1,0,2,NO
9780140360233,Cam Jansen and the mystery at the monkey house,"[""Mystery and detective stories"", ""Fiction"", ""Juvenile Fiction"", ""Mystery"", ""Children's fiction"", ""Chapter Books"", ""Juvenile"", ""Adventure"", ""School""]","[""Fiction / Mystery / Traditional Mystery / Childrens Adventure and Mystery""]","[""Character_and_Representation_Metadata / Protagonist_Profile / Role_Profile / Detective""]","[""Fiction / Mystery / Traditional Mystery / Childrens Adventure and Mystery""]","[""Geographical_Context / Place_Type / Institutional / School""]","[""Fiction / Mystery / Traditional Mystery / Childrens Adventure and Mystery"", ""Fiction / Adventure""]","[""Geographical_Context / Place_Type / Institutional / School"", ""Audience / Educational_Stage / School_Level / Secondary School"", ""Character_and_Representation_Metadata / Protagonist_Profile / Role_Profile / Detective""]","[""Fiction / Adventure"", ""Fiction / Mystery / Traditional Mystery / Childrens Adventure and Mystery""]",[],2,2,1,YES
9780140361551,"Lights, camera, attitude!","[""Fiction"", ""Television"", ""Children's fiction"", ""Television -- Production and direction -- Fiction.""]","[""Fiction""]",[],"[""Fiction""]",[],"[""Fiction""]",[],"[""Fiction""]",[],1,0,0,NO
9780140363111,Gopher Takes Heart,"[""Fiction"", ""Schools"", ""Bullies"", ""Valentine's Day"", ""Self-esteem"", ""Bullying"", ""Juvenile fiction"", ""Children's fiction""]","[""Fiction""]",[],"[""Fiction""]",[],"[""Fiction""]",[],"[""Fiction""]",[],1,0,0,NO
9780140364477,Tell Me Your Best Thing,"[""Fiction"", ""Juvenile fiction"", ""Children's fiction"", ""Friendship"", ""Bullies""]","[""Fiction / Literary Fiction / Family and Relationship Fiction / Friendship Fiction""]","[""Thematic_Metadata / Relationship_and_Social_Themes / Friendship / Friendship""]","[""Fiction / Literary Fiction / Family and Relationship Fiction / Friendship Fiction""]","[""Thematic_Metadata / Relationship_and_Social_Themes / Friendship""]","[""Fiction / Literary Fiction / Family and Relationship Fiction / Friendship Fiction""]","[""Thematic_Metadata / Relationship_and_Social_Themes / Friendship""]","[""Fiction / Literary Fiction / Family and Relationship Fiction / Friendship Fiction""]","[""Thematic_Metadata / Relationship_and_Social_Themes / Friendship"", ""Thematic_Metadata / Relationship_and_Social_Themes / Friendship / Friendship""]",3,0,0,NO
9780140366440,"Life's a funny proposition, Horatio","[""Conduct of life"", ""Death"", ""Fiction"", ""Grandfathers"", ""Grief"", ""Death, fiction"", ""Grandparents, fiction"", ""Grief -- Fiction."", ""Grandfathers -- Fiction."", ""Conduct of life -- Fiction."", ""Juvenile"", ""Literature & Fiction"", ""Chapter Books & Readers"", ""Chapter Books"", ""Death -- Fiction.""]","[""Fiction""]","[""Content_Suitability_Metadata / Reader_Advisory / Sensitive_Content / Grief"", ""Thematic_Metadata / Knowledge_and_Idea_Themes / Ethics_and_Philosophy / Meaning of Life""]","[""Fiction / Literary Fiction / General Literary Fiction / Slice of Life Fiction""]","[""Content_Suitability_Metadata / Reader_Advisory / Sensitive_Content / Grief"", ""Thematic_Metadata / Knowledge_and_Idea_Themes / Ethics_and_Philosophy / Meaning of Life""]","[""Fiction / Literary Fiction / General Literary Fiction / Slice of Life Fiction""]","[""Content_Suitability_Metadata / Reader_Advisory / Sensitive_Content / Grief"", ""Thematic_Metadata / Knowledge_and_Idea_Themes / Ethics_and_Philosophy / Meaning of Life""]","[""Fiction""]","[""Content_Suitability_Metadata / Reader_Advisory / Sensitive_Content / Grief"", ""Thematic_Metadata / Knowledge_and_Idea_Themes / Ethics_and_Philosophy / Meaning of Life""]",3,0,1,NO
9780140366631,Tug-of-war,"[""Fiction"", ""Children's fiction"", ""Schools"", ""Adirondack mountains (n.y.), fiction"", ""Schools, fiction"", ""Adirondack Mountains (N.Y.) -- Fiction.""]","[""Fiction""]",[],"[""Fiction""]",[],"[""Fiction""]",[],"[""Fiction""]",[],1,0,0,NO
9780140368697,Underrunners,"[""Fiction"", ""Family relationships"", ""Family problems"", ""Kidnapping"", ""Imaginary playmates"", ""Detective and mystery stories"", ""Mystery and detective stories"", ""Child and youth fiction"", ""Adventure and adventurers, fiction"", ""Children's fiction"", ""Young Adult"", ""Literature & Fiction""]","[""Fiction"", ""Fiction / Mystery / Detective Mystery"", ""Fiction / Adventure / General Adventure Fiction / Adventure Fiction""]","[""Audience / Age_Group / Young_Adult / Young Adult Audience"", ""Thematic_Metadata / Relationship_and_Social_Themes / Family""]","[""Fiction"", ""Fiction / Mystery / Detective Mystery"", ""Fiction / Literary Fiction / Family and Relationship Fiction / Family Saga"", ""Fiction / Adventure""]","[""Audience / Age_Group / Young_Adult / Young Adult Audience"", ""Thematic_Metadata / Relationship_and_Social_Themes / Family"", ""Character_and_Representation_Metadata / Protagonist_Profile / Role_Profile / Detective""]","[""Fiction / Mystery / Detective Mystery"", ""Fiction / Mystery / Traditional Mystery / Childrens Adventure and Mystery""]","[""Audience / Age_Group / Young_Adult / Young Adult Audience"", ""Audience / Age_Group / Child"", ""Thematic_Metadata / Relationship_and_Social_Themes / Family""]","[""Fiction"", ""Fiction / Adventure"", ""Fiction / Adventure / General Adventure Fiction / Adventure Fiction"", ""Fiction / Mystery / Detective Mystery""]","[""Audience / Age_Group / Young_Adult / Young Adult Audience"", ""Thematic_Metadata / Relationship_and_Social_Themes / Family""]",6,2,2,YES
9780140369373,The Raid,"[""Fiction"", ""Frontier and pioneer life"", ""Indian captivities"", ""Comanche Indians""]","[""Fiction""]",[],"[""Fiction""]","[""Geographical_Context / Country_or_National_Context / Country_Based_Context / Indian Context""]","[""Fiction""]","[""Geographical_Context / Country_or_National_Context / Country_Based_Context / Indian Context""]","[""Fiction""]",[],1,1,0,YES
9780140369441,What My Sister Remembered,"[""Children's fiction"", ""Sisters, fiction"", ""Siblings, fiction"", ""Family, fiction"", ""Emotions, fiction"", ""Adoption, fiction"", ""Young Adult"", ""Fiction""]","[""Fiction"", ""Fiction / Literary Fiction / Family and Relationship Fiction""]","[""Thematic_Metadata / Relationship_and_Social_Themes / Family"", ""Audience / Age_Group / Young_Adult / Young Adult Audience""]","[""Fiction / Literary Fiction / Family and Relationship Fiction / Family Saga""]","[""Thematic_Metadata / Relationship_and_Social_Themes / Family"", ""Audience / Age_Group / Young_Adult"", ""Geographical_Context / Place_Type / Domestic / Family Household"", ""Character_and_Representation_Metadata / Protagonist_Profile / Group_Profile / Family-Centered""]","[""Fiction / Literary Fiction / Family and Relationship Fiction / Family Saga""]","[""Audience / Age_Group / Young_Adult / Young Adult Audience"", ""Thematic_Metadata / Relationship_and_Social_Themes / Family"", ""Character_and_Representation_Metadata / Protagonist_Profile / Group_Profile / Family-Centered""]","[""Fiction""]","[""Audience / Age_Group / Young_Adult"", ""Audience / Age_Group / Young_Adult / Young Adult Audience"", ""Thematic_Metadata / Relationship_and_Social_Themes / Family""]",4,2,2,YES
9780140377415,I Hate Company,"[""Fiction"", ""Behavior"", ""Humor""]","[""Fiction"", ""Fiction / Humor and Satire / Humorous Fiction / Humor Fiction""]",[],"[""Fiction / Humor and Satire / Humorous Fiction / Humor Fiction""]",[],"[""Fiction / Humor and Satire / Humorous Fiction / Humor Fiction""]",[],"[""Fiction / Humor and Satire / Humorous Fiction / Humor Fiction""]",[],1,0,1,NO
9780140388008,"Cam Jansen and the Mystery of the Television Dog (Cam Jansen Adventure, Book 4)","[""Detective and mystery stories"", ""Mystery and detective stories"", ""Fiction"", ""Juvenile fiction"", ""Cam Jansen (Fictitious character)"", ""Dogs"", ""Mystery"", ""Children's fiction"", ""Dogs, fiction"", ""Adventure and adventurers, fiction"", ""Child and youth fiction"", ""Chapter Books"", ""Realistic Fiction"", ""Middle Grade"", ""Juvenile"", ""Chapter Books & Readers""]","[""Fiction / Mystery / Traditional Mystery / Childrens Adventure and Mystery"", ""Fiction / Adventure / General Adventure Fiction / Adventure Fiction""]","[""Audience / Age_Group / Middle_Grade"", ""Character_and_Representation_Metadata / Protagonist_Profile / Role_Profile / Detective""]","[""Fiction / Mystery / Detective Mystery / Amateur Detective Mystery""]","[""Audience / Age_Group / Middle_Grade""]","[""Fiction"", ""Fiction / Mystery"", ""Fiction / Mystery / Detective Mystery"", ""Fiction / Adventure"", ""Fiction / Literary Fiction / General Literary Fiction / Realistic Fiction""]","[""Audience / Age_Group / Middle_Grade"", ""Audience / Age_Group / Child"", ""Audience / Educational_Stage / School_Level / Middle School""]","[""Fiction"", ""Fiction / Adventure"", ""Fiction / Mystery"", ""Fiction / Mystery / Detective Mystery""]","[""Audience / Age_Group / Child"", ""Audience / Age_Group / Middle_Grade""]",6,2,4,YES
9780140900835,Cold Blood (Fantail),"[""Horror & ghost stories, chillers"", ""Literature & Fiction"", ""Genre Fiction"", ""Horror""]","[""Fiction"", ""Fiction / Horror""]",[],"[""Fiction / Horror / Supernatural Horror / Ghost Story""]",[],"[""Fiction / Horror / Supernatural Horror / Ghost Story""]",[],"[""Fiction / Horror"", ""Fiction / Horror / Supernatural Horror / Ghost Story""]",[],2,0,1,NO
9780151309863,Final Gig,"[""Biography"", ""Motion picture actors and actresses"", ""Young, Gig, 1913-1978"", ""Nonfiction"", ""Film""]","[""Nonfiction / Biography / Biography / Artistic Biography""]",[],"[""Nonfiction / Biography""]",[],"[""Nonfiction / Biography""]",[],"[""Nonfiction / Biography""]",[],1,0,1,NO
9780151847556,Spirit wrestler,"[""Fiction"", ""Juvenile fiction"", ""Shamans"", ""Fiction in English"", ""Historical Fiction"", ""Literature & Fiction""]","[""Fiction / Historical Fiction""]","[""Language_and_Textual_Context / Language / Single_Language / English""]","[""Fiction / Historical Fiction""]","[""Language_and_Textual_Context / Language / Single_Language / English""]","[""Fiction / Historical Fiction""]","[""Language_and_Textual_Context / Language / Single_Language / English""]","[""Fiction / Historical Fiction""]","[""Language_and_Textual_Context / Language / Single_Language / English""]",2,0,0,NO
9780151913206,The truth about dragons,"[""Dragons"", ""Fiction"", ""Fantasy""]","[""Fiction"", ""Fiction / Fantasy""]",[],"[""Fiction / Fantasy""]",[],"[""Fiction / Fantasy""]",[],"[""Fiction"", ""Fiction / Fantasy""]",[],2,0,0,NO
9780155161023,Criminal justice,"[""Administration of Criminal justice"", ""Criminal justice, administration of"", ""Textbooks"", ""Politics & Social Sciences"", ""Social Sciences"", ""Criminology""]","[""Nonfiction / Politics and Law / Politics""]","[""Thematic_Metadata / Relationship_and_Social_Themes / Social_Issues / Social Justice""]","[""Nonfiction / Politics and Law / Politics""]",[],"[""Nonfiction / Politics and Law / Politics""]","[""Thematic_Metadata / Relationship_and_Social_Themes / Social_Issues""]","[""Nonfiction / Politics and Law / Politics""]",[],1,0,2,NO
9780192713377,Anna,"[""Juvenile fiction"", ""Children's Books""]","[""Fiction""]",[],"[""Fiction""]",[],"[""Fiction""]",[],"[""Fiction""]",[],1,0,0,NO
9780192829542,The Communist manifesto,"[""Communism"", ""Sources"", ""Capitalism"", ""Socialism"", ""Social conflict"", ""Marxism"", ""History"", ""Long Now Manual for Civilization"", ""Social justice"", ""Prolétariat"", ""Nonfiction"", ""Politics"", ""Classic Literature"", ""Social contract"", ""Political science"", ""Economics"", ""Capital"", ""Philosophy and ethics"", ""Communisme"", ""Socialisme"", ""Communism."", ""Marxisme"", ""Histoire"", ""Mouvement ouvrier"", ""Marx, karl, 1818-1883"", ""Communism, germany"", ""France, history, february revolution, 1848"", ""Politics and Social Sciences"", ""Ideologies and Doctrines"", ""Communism and Socialism"", ""Politics and government"", ""Biography"", ""Engels, friedrich, 1820-1895"", ""Political and diplomatic history"", ""Political parties"", ""Socialism. Communism. Anarchism"", ""Political Ideologies"", ""Communism & Socialism"", ""Communistisch manifest (Marx)"", ""Manifest der Kommunistischen Partei (Marx, Karl)"", ""Literary collections"", ""Hx39.5.a523 m364 2011"", ""335.4/22"", ""General"", ""Hx276 .m3 1948a"", ""World history"", ""Communist parties"", ""Communism, history"", ""Congresses"", ""Comunismo"", ""Socialismo"", ""Capitalismo"", ""Filosofía marxista"", ""Philosophy"", ""Classics"", ""Sociology""]","[""Nonfiction / Politics and Law / Politics / Political Theory"", ""Nonfiction / Philosophy / Core Philosophy / Political Philosophy"", ""Nonfiction / Business and Economics / Economics / Political Economy"", ""Nonfiction / History / Social and Cultural History / Political History""]","[""Thematic_Metadata / Relationship_and_Social_Themes / Social_Issues / Social Justice"", ""Thematic_Metadata / Conflict_and_Event_Themes / War_and_Conflict / Political Unrest""]","[""Nonfiction / Politics and Law / Politics / Political Theory"", ""Nonfiction / Philosophy / Core Philosophy / Political Philosophy"", ""Nonfiction / Business and Economics / Economics / Political Economy""]","[""Thematic_Metadata / Relationship_and_Social_Themes / Social_Issues / Social Justice"", ""Thematic_Metadata / Knowledge_and_Idea_Themes / Ethics_and_Philosophy"", ""Thematic_Metadata / Conflict_and_Event_Themes / War_and_Conflict / Political Unrest""]","[""Nonfiction / Philosophy / Core Philosophy / Political Philosophy"", ""Nonfiction / Politics and Law / Politics""]","[""Thematic_Metadata / Relationship_and_Social_Themes / Social_Issues / Social Justice"", ""Thematic_Metadata / Knowledge_and_Idea_Themes / Ethics_and_Philosophy""]","[""Nonfiction / Philosophy / Core Philosophy / Political Philosophy""]","[""Thematic_Metadata / Knowledge_and_Idea_Themes / Ethics_and_Philosophy"", ""Thematic_Metadata / Relationship_and_Social_Themes / Social_Issues / Social Justice""]",3,0,5,NO
9780195016161,Victorian Prose and Poetry,"[""English poetry (collections), 19th century"", ""English prose literature"", ""English poetry"", ""English literature"", ""Anthologies"", ""Poetry"", ""Nonfiction"", ""Literature"", ""19th Century"", ""Reference"", ""Classics"", ""History & Criticism"", ""British & Irish""]","[""Nonfiction"", ""Nonfiction / Reference and Knowledge Organization / Reference""]","[""Book_Format_and_Form / Textual_Form / Reference_Form"", ""Language_and_Textual_Context / Language / Single_Language / English"", ""Geographical_Context / Country_or_National_Context / Country_Based_Context / British Context"", ""Temporal_Context / Historical_Period / Modern / Nineteenth Century""]","[""Nonfiction / Reference and Knowledge Organization / Reference""]","[""Language_and_Textual_Context / Language / Single_Language / English"", ""Geographical_Context / Country_or_National_Context / Country_Based_Context / British Context"", ""Temporal_Context / Historical_Period / Modern / Nineteenth Century""]","[""Nonfiction / Reference and Knowledge Organization / Reference""]","[""Book_Format_and_Form / Textual_Form / Reference_Form"", ""Language_and_Textual_Context / Language / Single_Language / English"", ""Geographical_Context / Country_or_National_Context / Country_Based_Context / British Context"", ""Temporal_Context / Historical_Period / Modern / Nineteenth Century""]","[""Nonfiction"", ""Nonfiction / Reference and Knowledge Organization / Reference""]","[""Geographical_Context / Country_or_National_Context / Country_Based_Context / British Context"", ""Language_and_Textual_Context / Language / Single_Language / English"", ""Temporal_Context / Historical_Period / Modern / Nineteenth Century""]",5,1,0,YES
9780195402865,The Okanagan,"[""Pictorial works"", ""British columbia, description and travel"", ""Landscape photography"", ""Okanagan River Valley (B.C. and Wash.) -- Pictorial works"", ""Arts & Photography"", ""Photography & Video""]","[""Nonfiction / Arts and Culture / Photography / Landscape Photography""]",[],"[""Nonfiction / Arts and Culture / Photography / Landscape Photography""]",[],"[""Nonfiction / Arts and Culture / Photography / Landscape Photography""]",[],"[""Nonfiction / Arts and Culture / Photography / Landscape Photography""]",[],1,0,0,NO
9780297817734,"To hell with Picasso, and other essays","[""Miscellanea"", ""History"", ""Essays (single author)"", ""Nonfiction"", ""Essays"", ""Arts & Literature""]","[""Nonfiction"", ""Nonfiction / Arts and Culture / Arts""]","[""Series_and_Publication_Metadata / Authorship_Metadata / Single_Author / Single Author""]","[""Nonfiction / History"", ""Nonfiction / Arts and Culture / Arts""]","[""Series_and_Publication_Metadata / Authorship_Metadata / Single_Author / Single Author""]","[""Nonfiction / History"", ""Nonfiction / Arts and Culture / Arts""]","[""Series_and_Publication_Metadata / Authorship_Metadata / Single_Author / Single Author""]","[""Nonfiction"", ""Nonfiction / Arts and Culture / Arts"", ""Nonfiction / History""]","[""Series_and_Publication_Metadata / Authorship_Metadata / Single_Author / Single Author""]",4,0,0,NO
9780300036558,French in action,"[""Conversation and phrase books"", ""French language"", ""Textbooks for foreign speakers"", ""French language, textbooks for foreign speakers"", ""French language, conversation and phrase books"", ""Français (Langue)"", ""Manuels pour anglophones"", ""Spoken French"", ""Self-instruction"", ""Study and teaching"", ""Foreign language study"", ""Language study"", ""French"", ""French language -- Textbooks for foreign speakers -- English."", ""French language -- Conversation and phrase books."", ""Reference"", ""Nonfiction""]","[""Nonfiction"", ""Nonfiction / Language and Linguistics / Language / Language Studies"", ""Nonfiction / Reference and Knowledge Organization / Reference""]","[""Language_and_Textual_Context / Language / Single_Language / French"", ""Book_Format_and_Form / Textual_Form / Reference_Form""]","[""Nonfiction / Language and Linguistics / Language"", ""Nonfiction / Reference and Knowledge Organization / Reference""]","[""Language_and_Textual_Context / Language / Single_Language / French"", ""Book_Format_and_Form / Textual_Form / Reference_Form""]","[""Nonfiction / Language and Linguistics / Language"", ""Nonfiction / Reference and Knowledge Organization / Reference""]","[""Language_and_Textual_Context / Language / Single_Language / French"", ""Book_Format_and_Form / Textual_Form / Reference_Form"", ""Geographical_Context / Country_or_National_Context / Country_Based_Context / French Context""]","[""Nonfiction"", ""Nonfiction / Reference and Knowledge Organization / Reference""]","[""Book_Format_and_Form / Textual_Form / Reference_Form"", ""Language_and_Textual_Context / Language / Single_Language / French""]",4,0,3,NO
9780304297252,Mistress of darkness,"[""Fiction"", ""Historical Fiction"", ""Plantation life"", ""Caribbean Area -- Fiction."", ""Historical""]","[""Fiction / Historical Fiction""]","[""Temporal_Context / Historical_Period""]","[""Fiction / Historical Fiction""]",[],"[""Fiction / Historical Fiction""]","[""Temporal_Context / Historical_Period""]","[""Fiction / Historical Fiction""]",[],1,1,0,YES
9780307061348,Shapes And Colors,"[""Geometry"", ""Color"", ""Colors"", ""Juvenile literature"", ""Shape"", ""Picture books"", ""Preschool Picture Story Books"", ""Children's Books/Baby-Preschool"", ""Children: Babies & Toddlers"", ""Geometry - General"", ""Juvenile Fiction / General"", ""Children's Books""]","[""Fiction""]","[""Audience / Age_Group / Early_Childhood / Preschool Audience""]","[""Fiction""]","[""Audience / Age_Group / Early_Childhood / Preschool Audience""]","[""Fiction""]","[""Audience / Age_Group / Early_Childhood / Preschool Audience""]","[""Fiction""]","[""Audience / Age_Group / Early_Childhood / Preschool Audience""]",2,0,0,NO
9780307125873,M.B. Panda Club Look Look Bk,"[""Juvenile Fiction / General"", ""Children's 4-8"", ""Fiction"", ""Pandas"", ""Pets"", ""Responsibility"", ""Children: Grades 1-2""]","[""Fiction""]",[],"[""Fiction""]",[],"[""Fiction""]",[],"[""Fiction""]",[],1,0,0,NO
9780307220158,On the air,"[""Fiction"", ""Young Adult"", ""Teen & Young Adult"", ""Literature & Fiction""]","[""Fiction""]","[""Audience / Age_Group / Young_Adult / Young Adult Audience"", ""Audience / Age_Group / Teen / Teen Audience""]","[""Fiction""]","[""Audience / Age_Group / Young_Adult / Young Adult Audience"", ""Audience / Age_Group / Teen / Teen Audience""]","[""Fiction""]","[""Audience / Age_Group / Young_Adult / Young Adult Audience"", ""Audience / Age_Group / Teen / Teen Audience""]","[""Fiction""]","[""Audience / Age_Group / Teen / Teen Audience"", ""Audience / Age_Group / Young_Adult / Young Adult Audience""]",3,0,0,NO
9780307247087,No Answer,"[""Horror & ghost stories, chillers"", ""Horror & Ghost Stories"", ""Horror stories"", ""Horror"", ""Young Adult"", ""Teen"", ""Thriller"", ""Horror Thriller"", ""Sisters"", ""Telephone"", ""Mystery""]","[""Fiction / Horror"", ""Fiction / Horror / Supernatural Horror / Ghost Story"", ""Fiction / Thriller"", ""Fiction / Mystery""]","[""Audience / Age_Group / Young_Adult / Young Adult Audience"", ""Audience / Age_Group / Teen / Teen Audience""]","[""Fiction / Horror / Supernatural Horror / Ghost Story"", ""Fiction / Thriller"", ""Fiction / Mystery""]","[""Audience / Age_Group / Young_Adult / Young Adult Audience"", ""Audience / Age_Group / Teen / Teen Audience""]","[""Fiction / Horror / Supernatural Horror / Ghost Story"", ""Fiction / Thriller"", ""Fiction / Mystery""]","[""Audience / Age_Group / Young_Adult / Young Adult Audience"", ""Audience / Age_Group / Teen / Teen Audience""]","[""Fiction / Horror"", ""Fiction / Horror / Supernatural Horror / Ghost Story"", ""Fiction / Mystery"", ""Fiction / Thriller""]","[""Audience / Age_Group / Teen / Teen Audience"", ""Audience / Age_Group / Young_Adult / Young Adult Audience""]",6,0,0,NO
9780307249036,Caution: Aliens at Work,"[""Juvenile Fiction"", ""Children's 9-12 - Fiction - Horror"", ""Children: Grades 4-6"", ""Horror & ghost stories, chillers"", ""Horror & Ghost Stories"", ""Extraterrestrial beings"", ""Fiction"", ""Science fiction"", ""Supernatural"", ""Horror"", ""Young Adult"", ""Childrens"", ""Children's Books"", ""Science Fiction & Fantasy""]","[""Fiction / Horror"", ""Fiction / Science Fiction""]","[""Audience / Age_Group / Young_Adult / Young Adult Audience""]","[""Fiction / Horror / Supernatural Horror / Ghost Story"", ""Fiction / Science Fiction""]",[],"[""Fiction / Science Fiction"", ""Fiction / Horror / Supernatural Horror / Ghost Story""]",[],"[""Fiction / Horror"", ""Fiction / Science Fiction""]","[""Audience / Age_Group / Young_Adult / Young Adult Audience""]",3,1,0,YES
9780307606310,A fox jumped up one winter's night,"[""Children's poetry"", ""Nursery rhymes"", ""Children's poetry."", ""Childrens"", ""Children's Books""]","[""Fiction""]",[],"[""Fiction""]",[],"[""Fiction""]",[],"[""Fiction""]",[],1,0,0,NO
9780307988133,The School Play,"[""Fiction"", ""Schools"", ""Theater"", ""Stage fright"", ""Children's fiction"", ""Children's literature"", ""Juvenile fiction"", ""Juvenile Fiction / General"", ""Picture Books""]","[""Fiction""]","[""Audience / Educational_Stage""]","[""Fiction""]",[],"[""Fiction""]","[""Audience / Educational_Stage""]","[""Fiction""]","[""Audience / Educational_Stage""]",2,0,0,NO
9780312032753,Hartman's game,"[""Fiction, general""]","[""Fiction""]",[],"[""Fiction""]",[],"[""Fiction""]",[],"[""Fiction""]",[],1,0,0,NO
9780312033224,Death of a perfect wife,"[""Fiction"", ""Police"", ""Fiction, mystery & detective, general"", ""Fiction, mystery & detective, traditional"", ""Mystery"", ""Cozy Mystery"", ""Crime"", ""Scotland"", ""Cozy"", ""Mystery, Thriller & Suspense"", ""Police Procedurals""]","[""Fiction / Mystery / Traditional Mystery / Cozy Mystery"", ""Fiction / Mystery / Procedural Mystery / Police Procedural""]","[""Thematic_Metadata / Conflict_and_Event_Themes / Crime_and_Justice / Crime""]","[""Fiction / Mystery / Traditional Mystery / Cozy Mystery"", ""Fiction / Mystery / Procedural Mystery / Police Procedural""]","[""Thematic_Metadata / Conflict_and_Event_Themes / Crime_and_Justice / Crime""]","[""Fiction / Mystery / Traditional Mystery / Cozy Mystery"", ""Fiction / Mystery / Procedural Mystery / Police Procedural""]","[""Thematic_Metadata / Conflict_and_Event_Themes / Crime_and_Justice / Crime""]","[""Fiction / Mystery / Procedural Mystery / Police Procedural"", ""Fiction / Mystery / Traditional Mystery / Cozy Mystery""]","[""Thematic_Metadata / Conflict_and_Event_Themes / Crime_and_Justice / Crime""]",3,0,0,NO
9780312050658,Convoy of fear,"[""Fiction"", ""World War, 1939-1945"", ""Fiction, war & military"", ""Historical Fiction"", ""Literature & Fiction"", ""Great britain, fiction"", ""World War, 1939-1945 -- Naval operations, British -- Fiction"", ""Great Britain -- History, Naval -- 20th century -- Fiction"", ""John Mason Kemp (Fictitious character)""]","[""Fiction / Historical Fiction"", ""Fiction / Action Fiction / Military and Combat Fiction / War Fiction""]","[""Thematic_Metadata / Conflict_and_Event_Themes / War_and_Conflict / War"", ""Temporal_Context / Historical_Period""]","[""Fiction / Historical Fiction"", ""Fiction / Action Fiction / Military and Combat Fiction / War Fiction""]","[""Thematic_Metadata / Conflict_and_Event_Themes / War_and_Conflict / War"", ""Temporal_Context / Historical_Period""]","[""Fiction / Historical Fiction"", ""Fiction / Action Fiction / Military and Combat Fiction / War Fiction""]","[""Temporal_Context / Historical_Period"", ""Thematic_Metadata / Conflict_and_Event_Themes / War_and_Conflict / War""]","[""Fiction / Action Fiction / Military and Combat Fiction / War Fiction"", ""Fiction / Historical Fiction""]","[""Temporal_Context / Historical_Period"", ""Thematic_Metadata / Conflict_and_Event_Themes / War_and_Conflict / War""]",4,0,0,NO
9780312054021,A flash of diamonds,"[""Fiction, general""]","[""Fiction""]",[],"[""Fiction""]",[],"[""Fiction""]",[],"[""Fiction""]",[],1,0,0,NO
9780312118112,An easy day for a lady,"[""Fiction"", ""Nell Bray (Fictitious character)"", ""Suffragists"", ""Women detectives"", ""England, fiction"", ""Fiction, historical, general"", ""Fiction, mystery & detective, women sleuths"", ""Women detectives -- England -- Fiction"", ""Suffragists -- Fiction"", ""England -- Fiction"", ""Literature & Fiction""]","[""Fiction / Mystery / Detective Mystery / Amateur Detective Mystery"", ""Fiction / Historical Fiction""]","[""Character_and_Representation_Metadata / Identity_Representation / Gender_Representation / Women-Centered""]","[""Fiction / Historical Fiction"", ""Fiction / Mystery / Detective Mystery / Amateur Detective Mystery""]","[""Character_and_Representation_Metadata / Identity_Representation / Gender_Representation / Women-Centered""]","[""Fiction / Historical Fiction"", ""Fiction / Mystery / Detective Mystery""]","[""Character_and_Representation_Metadata / Identity_Representation / Gender_Representation / Women-Centered""]","[""Fiction / Historical Fiction"", ""Fiction / Mystery / Detective Mystery""]","[""Character_and_Representation_Metadata / Identity_Representation / Gender_Representation / Women-Centered""]",3,1,0,YES
9780312125394,The cavalier in white,"[""Fiction"", ""Mystery"", ""Crime"", ""Mystery, Thriller & Suspense"", ""Women Sleuths"", ""San francisco (calif.), fiction"", ""California, fiction""]","[""Fiction / Mystery"", ""Fiction / Crime Fiction""]","[""Thematic_Metadata / Conflict_and_Event_Themes / Crime_and_Justice / Crime"", ""Character_and_Representation_Metadata / Identity_Representation / Gender_Representation / Women-Centered""]","[""Fiction / Mystery"", ""Fiction / Crime Fiction / General Crime Fiction"", ""Fiction / Thriller"", ""Fiction / Suspense"", ""Fiction / Mystery / Detective Mystery""]","[""Character_and_Representation_Metadata / Identity_Representation / Gender_Representation / Women-Centered""]","[""Fiction / Mystery / Detective Mystery / Amateur Detective Mystery"", ""Fiction / Crime Fiction / General Crime Fiction / Crime Fiction"", ""Fiction / Thriller""]","[""Character_and_Representation_Metadata / Identity_Representation / Gender_Representation / Women-Centered"", ""Thematic_Metadata / Conflict_and_Event_Themes / Crime_and_Justice / Crime""]","[""Fiction / Crime Fiction"", ""Fiction / Mystery""]","[""Character_and_Representation_Metadata / Identity_Representation / Gender_Representation / Women-Centered"", ""Thematic_Metadata / Conflict_and_Event_Themes / Crime_and_Justice / Crime""]",4,1,5,YES
9780312139223,An Arcadian death,"[""Fiction"", ""Mystery"", ""Police"", ""Fiction, mystery & detective, police procedural"", ""Spain, fiction"", ""Majorca (Spain) -- Fiction."", ""Police -- Spain -- Majorca -- Fiction.""]","[""Fiction"", ""Fiction / Mystery"", ""Fiction / Mystery / Procedural Mystery / Police Procedural""]",[],"[""Fiction / Mystery / Procedural Mystery / Police Procedural""]",[],"[""Fiction / Mystery / Procedural Mystery / Police Procedural""]",[],"[""Fiction"", ""Fiction / Mystery"", ""Fiction / Mystery / Procedural Mystery / Police Procedural""]",[],3,0,0,NO
9780312209087,Sea trials,"[""Fiction"", ""Submarines (Ships) -- Fiction."", ""Atlantic Ocean -- Fiction."", ""Mystery, Thriller & Suspense"", ""Thrillers & Suspense""]","[""Fiction"", ""Fiction / Thriller""]",[],"[""Fiction / Thriller"", ""Fiction / Suspense"", ""Fiction / Mystery""]",[],"[""Fiction"", ""Fiction / Mystery"", ""Fiction / Thriller"", ""Fiction / Suspense""]",[],"[""Fiction"", ""Fiction / Mystery"", ""Fiction / Suspense"", ""Fiction / Thriller""]",[],4,0,0,NO
9780312254735,"White Mars, or, The mind set free","[""Utopias"", ""Colonization"", ""Science fiction"", ""Twenty-first century"", ""Fiction"", ""Utopias -- Fiction"", ""Mars (Planet) -- Fiction"", ""Near Future"", ""Space"", ""Planets"", ""Science Fiction & Fantasy""]","[""Fiction / Science Fiction / Space Science Fiction / Colonization Fiction"", ""Fiction / Science Fiction / General Science Fiction / Science Fiction""]","[""Temporal_Context / Historical_Period / Future / Near Future"", ""Temporal_Context / Historical_Period / Contemporary / Twenty First Century""]","[""Fiction / Science Fiction / Space Science Fiction / Colonization Fiction""]","[""Temporal_Context / Historical_Period / Contemporary / Twenty First Century"", ""Temporal_Context / Historical_Period / Future""]","[""Fiction / Science Fiction / Space Science Fiction / Colonization Fiction""]","[""Temporal_Context / Historical_Period / Future / Near Future"", ""Temporal_Context / Historical_Period / Contemporary / Twenty First Century"", ""Thematic_Metadata / Knowledge_and_Idea_Themes / Science_and_Technology""]","[""Fiction / Science Fiction / Space Science Fiction / Colonization Fiction""]","[""Temporal_Context / Historical_Period / Contemporary / Twenty First Century"", ""Temporal_Context / Historical_Period / Future"", ""Temporal_Context / Historical_Period / Future / Near Future""]",4,1,1,YES
9780312392482,Hôtel Transylvania,"[""Fiction"", ""Vampires"", ""Vampires, fiction"", ""Fiction, horror"", ""Saint-Germain, comte de, d. 1784 -- Fiction."", ""Vampires -- Fiction."", ""Horror"", ""Fantasy"", ""Paranormal"", ""Science Fiction & Fantasy""]","[""Fiction"", ""Fiction / Horror"", ""Fiction / Fantasy"", ""Fiction / Horror / Supernatural Horror / Paranormal Horror""]",[],"[""Fiction / Horror / Supernatural Horror / Paranormal Horror"", ""Fiction / Fantasy""]",[],"[""Fiction / Horror / Supernatural Horror""]",[],"[""Fiction"", ""Fiction / Fantasy"", ""Fiction / Horror""]",[],3,0,2,NO
9780312395643,Weight Without Losing Your Looks--Or Health,"[""Health and hygiene"", ""Women"", ""Weight loss"", ""Physiological aspects""]","[""Nonfiction / Medicine and Health / Health and Wellness""]","[""Character_and_Representation_Metadata / Identity_Representation / Gender_Representation / Women-Centered""]","[""Nonfiction / Medicine and Health / Health and Wellness""]","[""Character_and_Representation_Metadata / Identity_Representation / Gender_Representation / Women-Centered""]","[""Nonfiction / Medicine and Health / Health and Wellness / Health""]","[""Character_and_Representation_Metadata / Identity_Representation / Gender_Representation / Women-Centered""]","[""Nonfiction / Medicine and Health / Health and Wellness"", ""Nonfiction / Medicine and Health / Health and Wellness / Health""]","[""Character_and_Representation_Metadata / Identity_Representation / Gender_Representation / Women-Centered""]",3,0,0,NO
9780312441449,"Jeeves, a gentleman's personal gentleman","[""Bertie Wooster (Fictitious character)"", ""Fiction"", ""Jeeves (Fictitious character)"", ""Humor"", ""Literature & Fiction"", ""England, fiction"", ""Jeeves (Fictitious character) -- Fiction"", ""Wooster, Bertie (Fictitious character) -- Fiction""]","[""Fiction"", ""Fiction / Humor and Satire / Humorous Fiction / Humor Fiction""]",[],"[""Fiction / Humor and Satire / Humorous Fiction / Humor Fiction""]",[],"[""Fiction / Humor and Satire / Humorous Fiction / Humor Fiction""]",[],"[""Fiction"", ""Fiction / Humor and Satire / Humorous Fiction / Humor Fiction""]",[],2,0,0,NO
9780312531829,Midas world,"[""Fiction, general"", ""Science Fiction""]","[""Fiction / Science Fiction""]",[],"[""Fiction / Science Fiction""]",[],"[""Fiction / Science Fiction / General Science Fiction / Science Fiction""]","[""Thematic_Metadata / Knowledge_and_Idea_Themes / Science_and_Technology""]","[""Fiction / Science Fiction""]",[],1,1,1,YES
9780312549022,Moscow requiem,"[""English literature"", ""Literature & Fiction"", ""Contemporary""]","[""Fiction / Literary Fiction / General Literary Fiction / Contemporary Fiction""]","[""Temporal_Context / Historical_Period / Contemporary"", ""Language_and_Textual_Context / Language / Single_Language / English""]","[""Fiction / Literary Fiction / General Literary Fiction / Contemporary Fiction""]","[""Temporal_Context / Historical_Period / Contemporary"", ""Temporal_Context / Publication_Period / Contemporary_Publication"", ""Language_and_Textual_Context / Language / Single_Language / English""]","[""Fiction / Literary Fiction / General Literary Fiction / Contemporary Fiction""]","[""Temporal_Context / Historical_Period / Contemporary"", ""Temporal_Context / Publication_Period / Contemporary_Publication"", ""Language_and_Textual_Context / Language / Single_Language / English""]","[""Fiction / Literary Fiction / General Literary Fiction / Contemporary Fiction""]","[""Language_and_Textual_Context / Language / Single_Language / English"", ""Temporal_Context / Historical_Period / Contemporary""]",3,1,0,YES
9780312836078,The Valkyrie Project,"[""American literature""]","[""Fiction""]","[""Geographical_Context / Country_or_National_Context / Country_Based_Context / American Context""]","[""Fiction""]","[""Geographical_Context / Country_or_National_Context / Country_Based_Context / American Context""]",[],"[""Geographical_Context / Country_or_National_Context / Country_Based_Context / American Context""]",[],"[""Geographical_Context / Country_or_National_Context / Country_Based_Context / American Context""]",1,0,1,NO
9780312850036,All about women,"[""Fiction, general"", ""Fiction, short stories (single author)"", ""Contemporary Fiction"", ""Short Stories""]","[""Fiction / Literary Fiction / General Literary Fiction / Contemporary Fiction"", ""Fiction / Literary Fiction / Short Form Literary Fiction / Short Fiction""]","[""Book_Format_and_Form / Textual_Form / Short_Form / Short Story"", ""Series_and_Publication_Metadata / Authorship_Metadata / Single_Author / Single Author""]","[""Fiction / Literary Fiction / Short Form Literary Fiction / Short Fiction"", ""Fiction / Literary Fiction / General Literary Fiction / Contemporary Fiction""]","[""Book_Format_and_Form / Textual_Form / Short_Form / Short Story"", ""Series_and_Publication_Metadata / Authorship_Metadata / Single_Author / Single Author"", ""Temporal_Context / Publication_Period / Contemporary_Publication"", ""Temporal_Context / Historical_Period / Contemporary""]","[""Fiction / Literary Fiction / Short Form Literary Fiction / Short Fiction"", ""Fiction / Literary Fiction / General Literary Fiction / Contemporary Fiction""]","[""Series_and_Publication_Metadata / Authorship_Metadata / Single_Author / Single Author"", ""Book_Format_and_Form / Textual_Form / Short_Form / Short Story"", ""Book_Format_and_Form / Narrative_Length / Short"", ""Temporal_Context / Publication_Period / Contemporary_Publication"", ""Temporal_Context / Historical_Period / Contemporary""]","[""Fiction / Literary Fiction / General Literary Fiction / Contemporary Fiction"", ""Fiction / Literary Fiction / Short Form Literary Fiction / Short Fiction""]","[""Book_Format_and_Form / Textual_Form / Short_Form / Short Story"", ""Series_and_Publication_Metadata / Authorship_Metadata / Single_Author / Single Author"", ""Temporal_Context / Historical_Period / Contemporary""]",5,2,0,YES
9780312860769,The pumpkin rollers,"[""Fiction"", ""Texas, fiction"", ""Fiction, westerns"", ""Cattle drives -- Fiction"", ""Texas -- Fiction"", ""Westerns"", ""Historical Fiction"", ""Genre Fiction""]","[""Fiction"", ""Fiction / Historical Fiction""]",[],"[""Fiction / Historical Fiction""]",[],"[""Fiction / Historical Fiction""]",[],"[""Fiction"", ""Fiction / Historical Fiction""]",[],2,0,0,NO
9780312884185,The wishing tree,"[""Fiction, general"", ""Historical Fiction"", ""Historical""]","[""Fiction / Historical Fiction""]",[],"[""Fiction / Historical Fiction""]",[],"[""Fiction / Historical Fiction""]",[],"[""Fiction / Historical Fiction""]",[],1,0,0,NO
9780312886448,Woman wanted,"[""Fiction"", ""Fiction, general"", ""Literature & Fiction"", ""American Love stories"", ""Triangles (Interpersonal relations)""]","[""Fiction"", ""Fiction / Romance / General Romance / Love Story""]","[""Thematic_Metadata / Relationship_and_Social_Themes / Love_and_Intimacy / Love"", ""Geographical_Context / Country_or_National_Context / Country_Based_Context / American Context""]","[""Fiction"", ""Fiction / Romance / General Romance / Love Story""]","[""Thematic_Metadata / Relationship_and_Social_Themes / Love_and_Intimacy / Love"", ""Geographical_Context / Country_or_National_Context / Country_Based_Context / American Context""]","[""Fiction / Romance / General Romance / Love Story""]","[""Thematic_Metadata / Relationship_and_Social_Themes / Love_and_Intimacy / Love"", ""Geographical_Context / Country_or_National_Context / Country_Based_Context / American Context""]","[""Fiction"", ""Fiction / Romance / General Romance / Love Story""]","[""Geographical_Context / Country_or_National_Context / Country_Based_Context / American Context"", ""Thematic_Metadata / Relationship_and_Social_Themes / Love_and_Intimacy / Love""]",4,0,0,NO
9780312904463,Vicki,"[""Mistresses"", ""Murder"", ""Biography""]","[""Nonfiction / Biography / Biography / Biography""]",[],"[""Nonfiction / Biography / Biography""]",[],"[""Nonfiction / Biography""]",[],"[""Nonfiction / Biography"", ""Nonfiction / Biography / Biography"", ""Nonfiction / Biography / Biography / Biography""]",[],3,0,0,NO
9780312925475,The mummy case,"[""Amelia Peabody (Fictitious character)"", ""Fiction"", ""Women archaeologists"", ""Mystery and detective stories"", ""Mystery"", ""Peabody, amelia (fictitious character), fiction"", ""Egypt, fiction"", ""Fiction, mystery & detective, women sleuths"", ""Fiction, historical, general"", ""Women archaeologists, fiction"", ""Mystery fiction"", ""Women detectives"", ""Excavations (Archaeology)"", ""Fiction, historical"", ""Fiction, mystery & detective, general"", ""Peabody, Amelia (Fictitious character) -- Fiction"", ""Women archaeologists -- Fiction"", ""Egypt -- Fiction"", ""Historical Fiction"", ""Historical"", ""Egypt"", ""Historical Mystery"", ""Victorian""]","[""Fiction / Mystery / Detective Mystery"", ""Fiction / Historical Fiction""]","[""Temporal_Context / Historical_Period"", ""Character_and_Representation_Metadata / Protagonist_Profile / Role_Profile / Detective"", ""Character_and_Representation_Metadata / Identity_Representation / Gender_Representation / Women-Centered""]","[""Fiction / Mystery / Detective Mystery / Amateur Detective Mystery"", ""Fiction / Historical Fiction""]","[""Character_and_Representation_Metadata / Protagonist_Profile / Role_Profile / Detective"", ""Character_and_Representation_Metadata / Identity_Representation / Gender_Representation / Women-Centered""]","[""Fiction / Mystery / Detective Mystery / Amateur Detective Mystery"", ""Fiction / Historical Fiction""]","[""Character_and_Representation_Metadata / Identity_Representation / Gender_Representation / Women-Centered"", ""Character_and_Representation_Metadata / Protagonist_Profile / Role_Profile / Detective""]","[""Fiction / Historical Fiction""]","[""Character_and_Representation_Metadata / Identity_Representation / Gender_Representation / Women-Centered"", ""Character_and_Representation_Metadata / Protagonist_Profile / Role_Profile / Detective"", ""Temporal_Context / Historical_Period""]",4,0,2,NO
9780312953621,Star Wreck VII,"[""Fiction, science fiction, general"", ""Comics & Graphic Novels"", ""Fiction - Science Fiction"", ""Humor"", ""Science Fiction - General"", ""Fiction / Science Fiction / General"", ""Parodies, imitations, etc"", ""Science Fiction""]","[""Fiction / Science Fiction / General Science Fiction / Science Fiction"", ""Fiction / Humor and Satire / Humorous Fiction / Humor Fiction"", ""Fiction / Comics and Sequential Fiction / Comics / Comics""]",[],"[""Fiction / Science Fiction / General Science Fiction / Science Fiction"", ""Fiction / Humor and Satire / Humorous Fiction / Humor Fiction"", ""Fiction / Comics and Sequential Fiction / Graphic Fiction / Graphic Narrative""]","[""Thematic_Metadata / Knowledge_and_Idea_Themes / Science_and_Technology""]","[""Fiction / Science Fiction / General Science Fiction"", ""Fiction / Humor and Satire / Humorous Fiction / Humor Fiction"", ""Fiction / Comics and Sequential Fiction / Comics""]","[""Thematic_Metadata / Knowledge_and_Idea_Themes / Science_and_Technology""]","[""Fiction / Comics and Sequential Fiction / Comics"", ""Fiction / Humor and Satire / Humorous Fiction / Humor Fiction""]",[],2,3,2,YES
9780312954475,"Blood at Fort Bridger (Forts of Freedom, Vol 4)","[""Fiction"", ""History"", ""Shoshoni Indians"", ""Fiction, westerns"", ""Fiction - Western"", ""Westerns"", ""Genre Fiction""]","[""Fiction"", ""Fiction / Action Fiction / Western Fiction / Western""]",[],"[""Fiction / Action Fiction / Western Fiction / Western""]",[],"[""Fiction / Action Fiction / Western Fiction / Western""]",[],"[""Fiction"", ""Fiction / Action Fiction / Western Fiction / Western""]",[],2,0,0,NO
9780312956929,The Dead File,"[""Fiction, mystery & detective, general"", ""Mystery & Detective - General"", ""Psychological"", ""Fiction - Psychological Suspense"", ""Mystery fiction"", ""Fiction"", ""Mystery, Thriller & Suspense"", ""Mystery"", ""Police Procedurals""]","[""Fiction / Mystery / Detective Mystery"", ""Fiction / Mystery / Procedural Mystery / Police Procedural"", ""Fiction / Thriller / Psychological Thriller""]","[""Character_and_Representation_Metadata / Protagonist_Profile / Role_Profile / Detective""]","[""Fiction / Mystery / Procedural Mystery / Police Procedural"", ""Fiction / Thriller / Psychological Thriller""]","[""Character_and_Representation_Metadata / Protagonist_Profile / Role_Profile / Detective"", ""Content_Suitability_Metadata / Content_Intensity / High_Intensity / Severe Psychological Distress""]","[""Fiction / Mystery / Procedural Mystery / Police Procedural"", ""Fiction / Thriller / Psychological Thriller""]","[""Content_Suitability_Metadata / Content_Intensity / High_Intensity / Severe Psychological Distress""]","[""Fiction / Mystery / Procedural Mystery / Police Procedural"", ""Fiction / Thriller / Psychological Thriller""]",[],2,1,2,YES
9780312958398,Bloody Hand,"[""Fiction / Westerns"", ""Westerns"", ""Fiction - Western"", ""Westerns - General"", ""Fiction, westerns""]","[""Fiction / Action Fiction / Western Fiction / Western""]",[],"[""Fiction / Action Fiction / Western Fiction / Western""]",[],"[""Fiction / Action Fiction / Western Fiction / Western""]",[],"[""Fiction / Action Fiction / Western Fiction / Western""]",[],1,0,0,NO
9780312960551,Antonio Banderas,"[""Biography"", ""Motion picture actors and actresses"", ""Actors, spain"", ""Biography: general"", ""Entertainment & Performing Arts - Actors & Actresses"", ""Acting & Auditioning"", ""Performing Arts"", ""Biography / Autobiography"", ""Biography/Autobiography"", ""Theater""]","[""Nonfiction / Biography / Biography / Biography"", ""Nonfiction / Arts and Culture / Arts""]",[],"[""Nonfiction / Biography / Biography""]",[],"[""Nonfiction / Biography / Biography / Artistic Biography"", ""Nonfiction / Arts and Culture / Arts""]",[],"[""Nonfiction / Biography / Biography"", ""Nonfiction / Biography / Biography / Biography""]",[],2,0,2,NO
9780312965112,Ashes of heaven,"[""Fiction"", ""Historical Fiction"", ""Westerns"", ""Historical"", ""Literature & Fiction"", ""Genre Fiction"", ""Fiction, historical, general""]","[""Fiction / Historical Fiction""]",[],"[""Fiction / Historical Fiction""]",[],"[""Fiction / Historical Fiction""]",[],"[""Fiction / Historical Fiction""]",[],1,0,0,NO
9780312965600,"Autumn Thunder (Last Warriors, Bk 1)","[""Fiction"", ""Fiction - Historical"", ""Genre Fiction"", ""Westerns"", ""Frontier & Pioneer""]","[""Fiction / Historical Fiction / Historical Adventure Fiction / Frontier Fiction""]",[],"[""Fiction / Historical Fiction"", ""Fiction / Action Fiction / Western Fiction / Frontier Western""]",[],"[""Fiction / Historical Fiction / Historical Adventure Fiction / Frontier Fiction"", ""Fiction / Action Fiction / Western Fiction / Frontier Western""]",[],"[""Fiction / Historical Fiction""]",[],1,2,0,YES
9780312966089,Lorrie Morgan,"[""Biography"", ""Women musicians"", ""Country musicians"", ""Country musicians -- United States -- Biography."", ""Country""]","[""Nonfiction / Biography / Biography / Artistic Biography""]","[""Geographical_Context / World_Region / North_America / United States"", ""Character_and_Representation_Metadata / Identity_Representation / Gender_Representation / Women-Centered""]","[""Nonfiction / Biography / Biography / Artistic Biography""]","[""Character_and_Representation_Metadata / Identity_Representation / Gender_Representation / Women-Centered"", ""Geographical_Context / World_Region / North_America / United States""]","[""Nonfiction / Biography / Biography / Artistic Biography""]","[""Character_and_Representation_Metadata / Identity_Representation / Gender_Representation / Women-Centered"", ""Geographical_Context / World_Region / North_America / United States""]","[""Nonfiction / Biography / Biography / Artistic Biography""]","[""Character_and_Representation_Metadata / Identity_Representation / Gender_Representation / Women-Centered"", ""Geographical_Context / World_Region / North_America / United States""]",3,0,0,NO
9780312968182,See No Evil (A Marti MacAlister Mystery),"[""Fiction, mystery & detective, women sleuths"", ""Policewomen, fiction"", ""Mystery & Detective - Police Procedural"", ""Mystery & Detective - Series"", ""Mystery & Detective - Women Sleuths"", ""Fiction / Mystery & Detective / General"", ""Mystery & Detective - General"", ""Fiction"", ""Fiction - Mystery/ Detective"", ""Mystery/Suspense"", ""Mystery"", ""Crime""]","[""Fiction / Mystery / Detective Mystery / Police Detective Mystery"", ""Fiction / Mystery / Procedural Mystery / Police Procedural"", ""Fiction / Mystery / Detective Mystery"", ""Fiction / Mystery"", ""Fiction""]","[""Series_and_Publication_Metadata / Series_Status / Series"", ""Character_and_Representation_Metadata / Protagonist_Profile / Role_Profile / Detective""]","[""Fiction / Mystery / Procedural Mystery / Police Procedural""]","[""Series_and_Publication_Metadata / Series_Status / Series"", ""Book_Format_and_Form / Textual_Form / Serial_Form / Series"", ""Character_and_Representation_Metadata / Protagonist_Profile / Role_Profile / Detective""]","[""Fiction / Mystery / Procedural Mystery / Police Procedural"", ""Fiction / Crime Fiction / General Crime Fiction / Crime Fiction"", ""Fiction / Suspense""]","[""Series_and_Publication_Metadata / Series_Status / Series"", ""Character_and_Representation_Metadata / Protagonist_Profile / Role_Profile / Detective"", ""Thematic_Metadata / Conflict_and_Event_Themes / Crime_and_Justice / Crime"", ""Thematic_Metadata / Conflict_and_Event_Themes / Crime_and_Justice""]","[""Fiction"", ""Fiction / Mystery / Procedural Mystery / Police Procedural"", ""Fiction / Suspense""]","[""Book_Format_and_Form / Textual_Form / Serial_Form / Series"", ""Character_and_Representation_Metadata / Protagonist_Profile / Role_Profile / Detective"", ""Series_and_Publication_Metadata / Series_Status / Series"", ""Thematic_Metadata / Conflict_and_Event_Themes / Crime_and_Justice / Crime""]",7,2,3,YES
9780312968274,Gentleman Rogue,"[""Fiction"", ""Fiction, general"", ""Westerns"", ""Fiction / Westerns"", ""Genre Fiction"", ""Fiction - Western""]","[""Fiction / Action Fiction / Western Fiction / Western""]",[],"[""Fiction / Action Fiction / Western Fiction / Western""]",[],"[""Fiction / Action Fiction / Western Fiction / Western""]",[],"[""Fiction / Action Fiction / Western Fiction / Western""]",[],1,0,0,NO
9780312969950,Devil Wire,"[""Westerns"", ""Fiction / Westerns"", ""Fiction - Western"", ""Genre Fiction""]","[""Fiction / Action Fiction / Western Fiction / Western""]",[],"[""Fiction / Action Fiction / Western Fiction / Western""]",[],"[""Fiction / Action Fiction / Western Fiction / Western""]",[],"[""Fiction / Action Fiction / Western Fiction / Western""]",[],1,0,0,NO
9780312970932,Indian Territory,"[""Railroad stories"", ""Fiction"", ""Fiction, historical"", ""Westerns"", ""Westerns - General"", ""Fiction - Western"", ""Historical""]","[""Fiction / Historical Fiction"", ""Fiction / Action Fiction / Western Fiction / Western""]",[],"[""Fiction / Historical Fiction"", ""Fiction / Action Fiction / Western Fiction / Western""]",[],"[""Fiction"", ""Fiction / Historical Fiction"", ""Fiction / Action Fiction / Western Fiction / Western""]",[],"[""Fiction"", ""Fiction / Action Fiction / Western Fiction / Western"", ""Fiction / Historical Fiction""]",[],3,0,0,NO
9780312971007,How to win at Sony Playstation games,"[""Sony video games"", ""Handbooks, manuals"", ""Video games"", ""Sony video games -- Handbooks, manuals, etc."", ""Games & Strategy Guides""]","[""Nonfiction""]",[],"[""Nonfiction""]",[],"[""Nonfiction""]",[],"[""Nonfiction""]",[],1,0,0,NO
9780316092814,At the highest levels,"[""Foreign relations"", ""Cold War"", ""United states, foreign relations, soviet union"", ""Soviet union, foreign relations, united states"", ""United states, foreign relations, 1989-1993"", ""Soviet union, foreign relations, 1985-1991"", ""Bush, george, 1924-2018"", ""Gorbachev, mikhail sergeevich, 1931-2022"", ""Bush, George, 1924-"", ""Gorbachev, Mikhail Sergeevich, 1931-"", ""United States -- Foreign relations -- Soviet Union"", ""Soviet Union -- Foreign relations -- United States"", ""United States -- Foreign relations -- 1989-1993"", ""Soviet Union -- Foreign relations -- 1985-1991"", ""History"", ""Nonfiction"", ""Russia"", ""Politics"", ""American History"", ""Russian History"", ""20th Century"", ""Biographies & Memoirs"", ""Leaders & Notable People"", ""Presidents & Heads of State"", ""US Presidents""]","[""Nonfiction / Politics and Law / Politics"", ""Nonfiction / History / Social and Cultural History / Diplomatic History"", ""Nonfiction / History / General History / Contemporary History""]","[""Geographical_Context / Country_or_National_Context / Country_Based_Context / Russian Context"", ""Geographical_Context / Country_or_National_Context / Country_Based_Context / American Context"", ""Geographical_Context / World_Region / North_America / United States""]","[""Nonfiction / History / Social and Cultural History / Diplomatic History""]","[""Geographical_Context / Country_or_National_Context / Country_Based_Context / American Context"", ""Geographical_Context / Country_or_National_Context / Country_Based_Context / Russian Context""]","[""Nonfiction / History / Social and Cultural History / Diplomatic History""]","[""Thematic_Metadata / Conflict_and_Event_Themes / War_and_Conflict / War"", ""Geographical_Context / Country_or_National_Context / Country_Based_Context / American Context"", ""Geographical_Context / Country_or_National_Context / Country_Based_Context / Russian Context"", ""Geographical_Context / World_Region / North_America / United States""]","[""Nonfiction / History / Social and Cultural History / Diplomatic History"", ""Nonfiction / Politics and Law / Politics""]","[""Geographical_Context / Country_or_National_Context / Country_Based_Context / American Context"", ""Geographical_Context / Country_or_National_Context / Country_Based_Context / Russian Context"", ""Geographical_Context / World_Region / North_America / United States""]",5,0,2,NO
9780316170925,Heiress,"[""Fiction"", ""Inheritance and succession"", ""Romance"", ""Sisters"", ""Contemporary Romance"", ""Contemporary"", ""Adult Fiction""]","[""Fiction / Romance / General Romance / Romance""]","[""Temporal_Context / Historical_Period / Contemporary"", ""Audience / Age_Group / Adult / General Adult Audience""]","[""Fiction / Romance / General Romance / Romance""]","[""Audience / Age_Group / Adult"", ""Temporal_Context / Historical_Period / Contemporary"", ""Temporal_Context / Publication_Period / Contemporary_Publication""]","[""Fiction / Romance / General Romance / Romance""]","[""Temporal_Context / Historical_Period / Contemporary"", ""Audience / Age_Group / Adult / General Adult Audience""]","[""Fiction / Romance / General Romance / Romance""]","[""Audience / Age_Group / Adult"", ""Temporal_Context / Historical_Period / Contemporary"", ""Temporal_Context / Publication_Period / Contemporary_Publication""]",4,1,0,YES
9780316243001,Santa and Alex,"[""Christmas"", ""Santa Claus"", ""Fiction"", ""Picture books"", ""Children's fiction""]","[""Fiction""]",[],"[""Fiction""]",[],"[""Fiction""]",[],"[""Fiction""]",[],1,0,0,NO
9780316279185,Tales out of school,"[""Educational change"", ""Public schools"", ""Education"", ""Aims and objectives"", ""School management and organization"", ""Education, united states"", ""Public schools, united states"", ""Education & Teaching"", ""Schools & Teaching"", ""Education, aims and objectives"", ""Fernández, Joseph A.""]","[""Nonfiction / Education / Education / Education""]","[""Geographical_Context / World_Region / North_America / United States""]","[""Nonfiction / Education / Education""]","[""Geographical_Context / World_Region / North_America / United States""]","[""Nonfiction / Education / Education / Education""]","[""Geographical_Context / World_Region / North_America / United States""]",[],"[""Geographical_Context / World_Region / North_America / United States""]",1,0,2,NO
9780316698399,No man alone,"[""Biography"", ""History"", ""Neurosurgeons"", ""Surgeons, biography"", ""Neurosurgery"", ""Personal narratives"", ""Penfield, Wilder, 1891-"", ""Montreal Neurological Institute -- History"", ""Psychology"", ""Nonfiction"", ""Biographies & Memoirs"", ""Professionals & Academics"", ""Medical"", ""Montreal Neurological Institute"", ""Neurosurgeons -- Québec (Province) -- Biography""]","[""Nonfiction / Biography / Biography / Scientific Biography"", ""Nonfiction / History / History of Science / History of Medicine"", ""Nonfiction / Science / Cognitive and Behavioral Sciences / Psychology""]","[""Book_Format_and_Form / Textual_Form / Personal_Document_Form""]","[""Nonfiction / Biography / Biography / Scientific Biography"", ""Nonfiction / Science / Cognitive and Behavioral Sciences / Psychology"", ""Nonfiction / History / History of Science / History of Medicine""]",[],"[""Nonfiction / Biography / Biography / Scientific Biography"", ""Nonfiction / History / History of Science / History of Medicine"", ""Nonfiction / Science / Cognitive and Behavioral Sciences / Psychology""]",[],"[""Nonfiction / Biography / Biography / Scientific Biography"", ""Nonfiction / History / History of Science / History of Medicine"", ""Nonfiction / Science / Cognitive and Behavioral Sciences / Psychology""]",[],3,0,1,NO
9780316723893,Lucy's birthday,"[""Fiction"", ""Children's fiction"", ""Birthdays, fiction"", ""Color"", ""Shape"", ""Counting"", ""Toy and movable books"", ""Children's Books""]","[""Fiction""]",[],"[""Fiction""]",[],"[""Fiction""]",[],"[""Fiction""]",[],1,0,0,NO
9780330306997,The Obstacle Race (Read Together),"[""Study guides, home study & revision notes"", ""English language readers""]","[""Nonfiction / Language and Linguistics / Language""]","[""Language_and_Textual_Context / Language / Single_Language / English""]","[""Nonfiction""]","[""Language_and_Textual_Context / Language / Single_Language / English""]","[""Nonfiction"", ""Nonfiction / Language and Linguistics / Language""]","[""Language_and_Textual_Context / Language / Single_Language / English""]",[],"[""Language_and_Textual_Context / Language / Single_Language / English""]",1,2,0,YES
9780330342018,Running Wild (Hollywell Stables),"[""Animal stories""]","[""Fiction / Animal Fiction / Animal Fiction / Animal Story""]",[],"[""Fiction / Animal Fiction / Animal Fiction / Animal Story""]",[],"[""Fiction / Animal Fiction / Animal Fiction / Animal Story""]",[],"[""Fiction / Animal Fiction / Animal Fiction / Animal Story""]",[],1,0,0,NO
9780340550823,Secret Seven Fireworks / Good Old Secret Seven,"[""Fiction"", ""Literature & Fiction""]","[""Fiction""]",[],"[""Fiction""]",[],"[""Fiction""]",[],"[""Fiction""]",[],1,0,0,NO
9780345285423,How to get whatever you want out of life,"[""Success"", ""Self Help""]","[""Nonfiction / Self Help and Personal Development / Self Help / Self Help""]",[],"[""Nonfiction / Self Help and Personal Development / Self Help / Self Help""]",[],"[""Nonfiction / Self Help and Personal Development / Self Help / Self Help""]",[],"[""Nonfiction / Self Help and Personal Development / Self Help / Self Help""]",[],1,0,0,NO
9780345353016,"Robotech : The Sentinels, Dark Powers","[""Science Fiction"", ""Media Tie In"", ""Space Opera"", ""Military Fiction"", ""Science Fiction & Fantasy""]","[""Fiction / Science Fiction / Space Science Fiction / Space Opera"", ""Fiction / Science Fiction / Military Science Fiction / Military Science Fiction""]",[],"[""Fiction / Science Fiction / Space Science Fiction / Space Opera"", ""Fiction / Science Fiction / Military Science Fiction / Military Science Fiction"", ""Fiction / Fantasy / Science Fantasy""]","[""Thematic_Metadata / Knowledge_and_Idea_Themes / Science_and_Technology""]","[""Fiction / Science Fiction / Space Science Fiction / Space Opera"", ""Fiction / Science Fiction / General Science Fiction / Science Fiction"", ""Fiction / Action Fiction / Military and Combat Fiction / Military Fiction"", ""Fiction / Fantasy / Science Fantasy / Science Fantasy""]","[""Thematic_Metadata / Knowledge_and_Idea_Themes / Science_and_Technology""]","[""Fiction / Action Fiction / Military and Combat Fiction / Military Fiction"", ""Fiction / Science Fiction / General Science Fiction / Science Fiction"", ""Fiction / Science Fiction / Space Science Fiction / Space Opera""]",[],3,0,4,NO
9780345353818,Fall from grace,"[""Politics and government"", ""Scandals"", ""Political corruption"", ""Sex scandals"", ""History"", ""Political corruption -- United States -- History"", ""Scandals -- United States -- History"", ""United States -- Politics and government"", ""United States""]","[""Nonfiction / History / Social and Cultural History / Political History"", ""Nonfiction / Politics and Law / Politics / Political Nonfiction""]","[""Geographical_Context / World_Region / North_America / United States""]","[""Nonfiction / Politics and Law / Politics / Political Nonfiction"", ""Nonfiction / History / Social and Cultural History / Political History""]","[""Geographical_Context / World_Region / North_America / United States""]","[""Nonfiction / Politics and Law / Politics / Political Nonfiction"", ""Nonfiction / History / Social and Cultural History / Political History""]","[""Geographical_Context / World_Region / North_America / United States""]","[""Nonfiction / History / Social and Cultural History / Political History"", ""Nonfiction / Politics and Law / Politics / Political Nonfiction""]","[""Geographical_Context / World_Region / North_America / United States""]",3,0,0,NO
9780345356284,Richard Lamb,"[""Westerns"", ""Literature & Fiction"", ""Genre Fiction""]","[""Fiction""]",[],"[""Fiction""]",[],"[""Fiction""]",[],"[""Fiction""]",[],1,0,0,NO
9780345380487,Hammer and anvil,"[""Science fiction"", ""Alternate History"", ""Fiction"", ""Literature & Fiction""]","[""Fiction / Science Fiction / General Science Fiction / Science Fiction"", ""Fiction / Historical Fiction / Historical Speculative Fiction / Alternate History""]",[],"[""Fiction / Science Fiction"", ""Fiction / Historical Fiction / Historical Speculative Fiction / Alternate History""]",[],"[""Fiction / Science Fiction / General Science Fiction / Science Fiction"", ""Fiction / Historical Fiction / Historical Speculative Fiction / Alternate History""]","[""Thematic_Metadata / Knowledge_and_Idea_Themes / Science_and_Technology""]","[""Fiction / Historical Fiction / Historical Speculative Fiction / Alternate History"", ""Fiction / Science Fiction"", ""Fiction / Science Fiction / General Science Fiction / Science Fiction""]",[],3,0,1,NO
9780345386830,Double jeopardy,"[""Fiction, mystery & detective, general"", ""Lawyers, fiction"", ""Fiction, legal"", ""Mystery"", ""Legal Thriller"", ""Thriller"", ""Mystery Thriller"", ""Crime"", ""Mystery, Thriller & Suspense"", ""Thrillers & Suspense"", ""Kidnapping"", ""Fiction"", ""Legal""]","[""Fiction / Thriller / Legal and Forensic Thriller / Legal Thriller"", ""Fiction / Crime Fiction / Legal and Courtroom Fiction / Legal Fiction"", ""Fiction / Mystery""]","[""Thematic_Metadata / Conflict_and_Event_Themes / Crime_and_Justice / Crime""]","[""Fiction / Thriller / Legal and Forensic Thriller / Legal Thriller""]","[""Thematic_Metadata / Conflict_and_Event_Themes / Crime_and_Justice / Crime""]","[""Fiction / Thriller / Legal and Forensic Thriller / Legal Thriller"", ""Fiction / Mystery"", ""Fiction / Crime Fiction / General Crime Fiction / Crime Fiction""]","[""Thematic_Metadata / Conflict_and_Event_Themes / Crime_and_Justice / Crime""]","[""Fiction / Crime Fiction / Legal and Courtroom Fiction / Legal Fiction"", ""Fiction / Mystery"", ""Fiction / Thriller / Legal and Forensic Thriller / Legal Thriller""]","[""Thematic_Metadata / Conflict_and_Event_Themes / Crime_and_Justice / Crime""]",4,0,1,NO
9780345387325,Kingdoms Of The Night,"[""Fiction"", ""Fantasy"", ""High Fantasy"", ""Science Fiction & Fantasy"", ""Epic""]","[""Fiction"", ""Fiction / Fantasy"", ""Fiction / Fantasy / Epic and High Fantasy / High Fantasy""]",[],"[""Fiction / Fantasy / Epic and High Fantasy / High Fantasy"", ""Fiction / Fantasy / Epic and High Fantasy / Epic Fantasy""]","[""Book_Format_and_Form / Narrative_Length / Very_Long / Epic-Length""]","[""Fiction / Fantasy / Epic and High Fantasy / High Fantasy"", ""Fiction / Fantasy / Epic and High Fantasy / Epic Fantasy"", ""Fiction / Fantasy"", ""Fiction / Science Fiction""]",[],"[""Fiction"", ""Fiction / Fantasy"", ""Fiction / Fantasy / Epic and High Fantasy / High Fantasy""]",[],3,2,1,YES
9780345387356,Wind After Time,"[""Science Fiction"", ""Fiction - Science Fiction"", ""Science Fiction & Fantasy"", ""Fiction, general"", ""Fiction""]","[""Fiction / Science Fiction / General Science Fiction / Science Fiction""]",[],"[""Fiction / Science Fiction / General Science Fiction""]",[],"[""Fiction / Science Fiction / General Science Fiction / Science Fiction""]","[""Thematic_Metadata / Knowledge_and_Idea_Themes / Science_and_Technology""]",[],[],0,1,2,YES
9780345402967,The Moreau Factor,"[""Genetic engineering"", ""Conspiracies"", ""Fiction"", ""Fiction - Science Fiction"", ""Science Fiction - General"", ""Fiction / Science Fiction / General"", ""Science Fiction"", ""Science Fiction & Fantasy"", ""Hard Science Fiction""]","[""Fiction / Science Fiction / Hard and Soft Science Fiction / Hard Science Fiction"", ""Fiction / Science Fiction / General Science Fiction / Science Fiction""]","[""Thematic_Metadata / Knowledge_and_Idea_Themes / Science_and_Technology""]","[""Fiction / Science Fiction / Hard and Soft Science Fiction / Hard Science Fiction""]","[""Thematic_Metadata / Knowledge_and_Idea_Themes / Science_and_Technology""]","[""Fiction / Science Fiction / Hard and Soft Science Fiction / Hard Science Fiction""]","[""Thematic_Metadata / Knowledge_and_Idea_Themes / Science_and_Technology""]","[""Fiction / Science Fiction / Hard and Soft Science Fiction / Hard Science Fiction""]","[""Thematic_Metadata / Knowledge_and_Idea_Themes / Science_and_Technology""]",2,0,1,NO
9780345418067,Blind Justice,"[""Ben Kincaid (Fictitious character)"", ""Fiction"", ""Fiction, suspense"", ""Legal"", ""Mystery & Detective - General"", ""Mystery"", ""Legal Thriller"", ""Thriller"", ""Crime"", ""Mystery, Thriller & Suspense"", ""Thrillers & Suspense""]","[""Fiction"", ""Fiction / Thriller / Legal and Forensic Thriller / Legal Thriller"", ""Fiction / Mystery / Detective Mystery"", ""Fiction / Crime Fiction / Legal and Courtroom Fiction / Legal Fiction""]","[""Thematic_Metadata / Conflict_and_Event_Themes / Crime_and_Justice / Crime"", ""Character_and_Representation_Metadata / Protagonist_Profile / Role_Profile / Detective""]","[""Fiction / Thriller / Legal and Forensic Thriller / Legal Thriller""]","[""Thematic_Metadata / Conflict_and_Event_Themes / Crime_and_Justice / Crime""]","[""Fiction / Thriller / Legal and Forensic Thriller / Legal Thriller""]",[],"[""Fiction"", ""Fiction / Crime Fiction / Legal and Courtroom Fiction / Legal Fiction"", ""Fiction / Thriller / Legal and Forensic Thriller / Legal Thriller""]","[""Thematic_Metadata / Conflict_and_Event_Themes / Crime_and_Justice / Crime""]",4,0,2,NO
9780356178981,Eve's Apples,"[""Fiction, romance, historical"", ""Fiction, romance, historical, general"", ""Romance: historical"", ""Historical Fiction"", ""Fiction"", ""Literature & Fiction"", ""Literary Fiction"", ""British & Irish""]","[""Fiction / Historical Fiction"", ""Fiction / Romance""]","[""Geographical_Context / Country_or_National_Context / Country_Based_Context / British Context""]","[""Fiction / Romance"", ""Fiction / Historical Fiction""]","[""Geographical_Context / Country_or_National_Context / Country_Based_Context / British Context""]","[""Fiction / Historical Fiction"", ""Fiction / Romance""]","[""Geographical_Context / Country_or_National_Context / Country_Based_Context / British Context""]","[""Fiction / Historical Fiction"", ""Fiction / Romance""]","[""Geographical_Context / Country_or_National_Context / Country_Based_Context / British Context""]",3,0,0,NO
9780370314679,The shining company,"[""Fiction"", ""Historical fiction"", ""Historical"", ""Young Adult"", ""Adventure"", ""Great Britain -- History -- Anglo-Saxon period, 449-1066 -- Fiction."", ""Great Britain -- History -- Anglo-Saxon period, 449-1066 -- Juvenile fiction.""]","[""Fiction / Historical Fiction"", ""Fiction / Adventure""]","[""Audience / Age_Group / Young_Adult / Young Adult Audience"", ""Temporal_Context / Historical_Period""]","[""Fiction / Historical Fiction"", ""Fiction / Adventure""]","[""Audience / Age_Group / Young_Adult"", ""Temporal_Context / Historical_Period""]","[""Fiction / Historical Fiction / Historical Adventure Fiction""]","[""Audience / Age_Group / Young_Adult / Young Adult Audience""]","[""Fiction / Adventure"", ""Fiction / Historical Fiction"", ""Fiction / Historical Fiction / Historical Adventure Fiction""]","[""Audience / Age_Group / Young_Adult"", ""Audience / Age_Group / Young_Adult / Young Adult Audience"", ""Temporal_Context / Historical_Period""]",6,0,0,NO
9780373028344,"Tempest In The Tropics (Harlequin Romance, No. 2834) (Harlequin Romance, No. 2834)","[""Romance - Contemporary"", ""Fiction"", ""Romance: Modern"", ""Romance"", ""Harlequin Romance""]","[""Fiction / Romance / General Romance / Romance""]","[""Temporal_Context / Historical_Period / Contemporary""]","[""Fiction / Romance / General Romance""]","[""Temporal_Context / Historical_Period / Contemporary""]","[""Fiction / Romance / General Romance / Romance""]","[""Temporal_Context / Historical_Period / Modern""]","[""Fiction / Romance / General Romance / Romance""]","[""Temporal_Context / Historical_Period / Contemporary"", ""Temporal_Context / Historical_Period / Modern""]",3,0,1,NO
9780373033263,On Blueberry Hill,"[""Fiction, general"", ""Romance - General"", ""Fiction"", ""Fiction - Romance"", ""Literature & Fiction""]","[""Fiction / Romance / General Romance / Romance""]",[],"[""Fiction / Romance / General Romance / Romance""]",[],"[""Fiction / Romance / General Romance""]",[],"[""Fiction / Romance / General Romance"", ""Fiction / Romance / General Romance / Romance""]",[],2,0,0,NO
9780373033737,Best For Last (Sealed With A Kiss),"[""Fiction, general"", ""Romance - General"", ""Fiction - Romance"", ""Romance"", ""Literature & Fiction""]","[""Fiction / Romance / General Romance / Romance""]",[],"[""Fiction / Romance / General Romance""]",[],"[""Fiction / Romance / General Romance / Romance""]",[],"[""Fiction / Romance / General Romance / Romance""]",[],1,0,1,NO
9780373033805,The Best Man,"[""Fiction, romance, general"", ""American fiction"", ""Fiction, general"", ""Fiction"", ""Fiction - Romance"", ""Romance - General"", ""Romance""]","[""Fiction / Romance / General Romance / Romance""]","[""Geographical_Context / Country_or_National_Context / Country_Based_Context / American Context""]","[""Fiction / Romance / General Romance""]",[],"[""Fiction / Romance / General Romance / Romance""]","[""Geographical_Context / Country_or_National_Context / Country_Based_Context / American Context""]","[""Fiction / Romance / General Romance"", ""Fiction / Romance / General Romance / Romance""]","[""Geographical_Context / Country_or_National_Context / Country_Based_Context / American Context""]",3,0,0,NO
9780373035380,Make Believe Mother (Kids & Kisses),"[""Romance - Contemporary"", ""Fiction - Romance"", ""Family Life"", ""Parenthood & Children""]","[""Fiction / Romance / General Romance / Romance""]","[""Thematic_Metadata / Relationship_and_Social_Themes / Family"", ""Temporal_Context / Historical_Period / Contemporary""]","[""Fiction / Romance""]","[""Thematic_Metadata / Relationship_and_Social_Themes / Family"", ""Character_and_Representation_Metadata / Protagonist_Profile / Group_Profile / Family-Centered""]","[""Fiction / Romance / General Romance / Romance""]","[""Thematic_Metadata / Relationship_and_Social_Themes / Family"", ""Character_and_Representation_Metadata / Protagonist_Profile / Group_Profile / Family-Centered""]","[""Fiction / Romance""]","[""Temporal_Context / Historical_Period / Contemporary"", ""Thematic_Metadata / Relationship_and_Social_Themes / Family""]",3,2,0,YES
9780373035397,Bachelor Available (Texas Grooms Wanted),"[""Romance - Contemporary"", ""Romance"", ""Contemporary"", ""Fiction - Romance"", ""Fiction""]","[""Fiction / Romance / General Romance / Romance""]","[""Temporal_Context / Historical_Period / Contemporary""]","[""Fiction / Romance""]","[""Temporal_Context / Historical_Period / Contemporary""]","[""Fiction / Romance / General Romance / Romance""]","[""Temporal_Context / Historical_Period / Contemporary""]","[""Fiction / Romance""]","[""Temporal_Context / Historical_Period / Contemporary""]",2,1,0,YES
9780373035458,Undercover Fiancee (Love Undercover),"[""Romance - General"", ""Romance - Contemporary"", ""Fiction - Romance"", ""Romance"", ""Contemporary""]","[""Fiction / Romance / General Romance / Romance""]","[""Temporal_Context / Historical_Period / Contemporary""]","[""Fiction / Romance / General Romance""]","[""Temporal_Context / Historical_Period / Contemporary""]","[""Fiction / Romance / General Romance / Romance""]","[""Temporal_Context / Historical_Period / Contemporary""]","[""Fiction / Romance / General Romance"", ""Fiction / Romance / General Romance / Romance""]","[""Temporal_Context / Historical_Period / Contemporary""]",3,0,0,NO
9780373035809,"A Husband For Christmas (Daddy Boom) (Harlequin Romance, 3580)","[""Fiction, romance, general"", ""Romance - Contemporary"", ""Romance - General"", ""Fiction - Romance"", ""Fiction"", ""Romance"", ""Christmas"", ""Contemporary""]","[""Fiction / Romance / General Romance / Romance""]","[""Temporal_Context / Historical_Period / Contemporary""]","[""Fiction / Romance / General Romance / Romance""]","[""Temporal_Context / Historical_Period / Contemporary""]","[""Fiction / Romance / General Romance / Romance""]","[""Temporal_Context / Historical_Period / Contemporary""]","[""Fiction / Romance / General Romance / Romance""]","[""Temporal_Context / Historical_Period / Contemporary""]",2,0,0,NO
9780373035823,Resolution,"[""Fiction, romance, general"", ""Romance - Contemporary"", ""Romance - General"", ""Fiction - Romance"", ""Fiction""]","[""Fiction / Romance / General Romance / Romance""]","[""Temporal_Context / Historical_Period / Contemporary""]","[""Fiction / Romance / General Romance / Romance""]","[""Temporal_Context / Historical_Period / Contemporary""]","[""Fiction / Romance / General Romance / Romance""]","[""Temporal_Context / Historical_Period / Contemporary""]","[""Fiction / Romance / General Romance / Romance""]","[""Temporal_Context / Historical_Period / Contemporary""]",2,0,0,NO
9780373036509,A Child in Need,"[""Fiction, Romance, Contemporary"", ""Romance - Contemporary"", ""Fiction - Romance"", ""Romance: Modern"", ""Literature & Fiction"", ""Genre Fiction"", ""Family Life"", ""Parenthood & Children""]","[""Fiction / Romance / General Romance / Romance""]","[""Thematic_Metadata / Relationship_and_Social_Themes / Family"", ""Temporal_Context / Historical_Period / Contemporary""]","[""Fiction / Romance""]","[""Thematic_Metadata / Relationship_and_Social_Themes / Family"", ""Character_and_Representation_Metadata / Protagonist_Profile / Group_Profile / Family-Centered"", ""Temporal_Context / Historical_Period / Contemporary""]","[""Fiction / Romance / General Romance""]","[""Thematic_Metadata / Relationship_and_Social_Themes / Family"", ""Character_and_Representation_Metadata / Protagonist_Profile / Group_Profile / Family-Centered"", ""Temporal_Context / Historical_Period / Contemporary"", ""Temporal_Context / Publication_Period / Contemporary_Publication"", ""Audience / Age_Group / All_Ages / Family Audience""]","[""Fiction / Romance""]","[""Temporal_Context / Historical_Period / Contemporary"", ""Temporal_Context / Publication_Period / Contemporary_Publication"", ""Thematic_Metadata / Relationship_and_Social_Themes / Family""]",4,2,2,YES
9780373053759,Gift Of Love,"[""Romance - Contemporary"", ""Fiction"", ""Romance: Modern"", ""Romance"", ""Literature & Fiction"", ""Genre Fiction"", ""Family Life""]","[""Fiction / Romance / General Romance / Romance""]","[""Temporal_Context / Historical_Period / Contemporary"", ""Thematic_Metadata / Relationship_and_Social_Themes / Family""]","[""Fiction / Romance / General Romance / Romance""]","[""Thematic_Metadata / Relationship_and_Social_Themes / Family"", ""Character_and_Representation_Metadata / Protagonist_Profile / Group_Profile / Family-Centered"", ""Temporal_Context / Historical_Period / Contemporary""]","[""Fiction / Romance / General Romance / Romance""]","[""Thematic_Metadata / Relationship_and_Social_Themes / Family"", ""Temporal_Context / Historical_Period / Contemporary""]","[""Fiction / Romance / General Romance / Romance""]","[""Temporal_Context / Historical_Period / Contemporary"", ""Thematic_Metadata / Relationship_and_Social_Themes / Family""]",3,1,0,YES
9780373057764,"Good Golly, Miss Molly","[""Romance"", ""Contemporary"", ""Fiction""]","[""Fiction / Romance / General Romance / Romance""]","[""Temporal_Context / Historical_Period / Contemporary""]","[""Fiction / Romance""]","[""Temporal_Context / Historical_Period / Contemporary""]","[""Fiction / Romance / General Romance / Romance""]","[""Temporal_Context / Historical_Period / Contemporary""]","[""Fiction / Romance""]","[""Temporal_Context / Historical_Period / Contemporary""]",2,1,0,YES
9780373075454,Sterling Advice,"[""Romance"", ""Fiction"", ""Romance - General"", ""Romantic Suspense""]","[""Fiction / Romance / General Romance / Romance"", ""Fiction / Suspense / Suspense Fiction / Suspense Fiction""]",[],"[""Fiction / Romance / General Romance"", ""Fiction / Suspense / Suspense Fiction""]",[],"[""Fiction / Romance / General Romance / Romance"", ""Fiction / Suspense / Suspense Fiction / Suspense Fiction""]",[],"[""Fiction / Romance / General Romance"", ""Fiction / Romance / General Romance / Romance""]",[],2,0,2,NO
9780373076895,Roughneck,"[""Fiction, general"", ""Romance - Contemporary"", ""Romance - General"", ""Fiction"", ""Fiction - Romance"", ""Romance: Modern"", ""Literature & Fiction"", ""Contemporary Fiction"", ""Romance""]","[""Fiction / Romance / General Romance / Romance"", ""Fiction / Literary Fiction / General Literary Fiction / Contemporary Fiction""]","[""Temporal_Context / Historical_Period / Contemporary""]","[""Fiction / Romance / General Romance / Romance"", ""Fiction / Literary Fiction / General Literary Fiction / Contemporary Fiction""]","[""Temporal_Context / Historical_Period / Contemporary""]","[""Fiction / Romance / General Romance / Romance""]","[""Temporal_Context / Historical_Period / Contemporary"", ""Temporal_Context / Historical_Period / Modern""]","[""Fiction / Romance / General Romance / Romance""]","[""Temporal_Context / Historical_Period / Contemporary"", ""Temporal_Context / Historical_Period / Modern""]",3,0,1,NO
9780373086870,Finally Home,"[""Fiction, general"", ""Romance - General"", ""Romance"", ""Contemporary""]","[""Fiction / Romance / General Romance / Romance""]","[""Temporal_Context / Historical_Period / Contemporary""]","[""Fiction / Romance / General Romance""]","[""Temporal_Context / Historical_Period / Contemporary"", ""Temporal_Context / Publication_Period / Contemporary_Publication""]","[""Fiction / Romance / General Romance / Romance""]","[""Temporal_Context / Historical_Period / Contemporary""]","[""Fiction / Romance / General Romance"", ""Fiction / Romance / General Romance / Romance""]","[""Temporal_Context / Historical_Period / Contemporary""]",3,1,0,YES
9780373093595,Something Worth Keeping,"[""Fiction"", ""Romance"", ""Contemporary"", ""Romance - Contemporary"", ""Romance: Modern""]","[""Fiction / Romance / General Romance / Romance""]","[""Temporal_Context / Historical_Period / Contemporary""]","[""Fiction / Romance / General Romance / Romance""]","[""Temporal_Context / Historical_Period / Contemporary"", ""Temporal_Context / Historical_Period / Modern""]","[""Fiction / Romance / General Romance / Romance""]","[""Temporal_Context / Historical_Period / Contemporary"", ""Temporal_Context / Historical_Period / Modern""]","[""Fiction / Romance / General Romance / Romance""]","[""Temporal_Context / Historical_Period / Contemporary"", ""Temporal_Context / Historical_Period / Modern""]",3,0,0,NO
9780373093762,Renegade Son,"[""Fiction"", ""Romance - Contemporary"", ""Romance""]","[""Fiction / Romance / General Romance / Romance""]","[""Temporal_Context / Historical_Period / Contemporary""]","[""Fiction / Romance / General Romance / Romance""]","[""Temporal_Context / Historical_Period / Contemporary""]","[""Fiction / Romance / General Romance / Romance""]","[""Temporal_Context / Historical_Period / Contemporary""]","[""Fiction / Romance / General Romance / Romance""]","[""Temporal_Context / Historical_Period / Contemporary""]",2,0,0,NO
9780373093861,Mandrego,"[""Romance - Contemporary"", ""Fiction"", ""Romance: Modern"", ""Romance"", ""Contemporary""]","[""Fiction / Romance / General Romance / Romance""]","[""Temporal_Context / Historical_Period / Contemporary""]","[""Fiction / Romance""]","[""Temporal_Context / Historical_Period / Contemporary""]","[""Fiction / Romance / General Romance / Romance""]","[""Temporal_Context / Historical_Period / Contemporary"", ""Temporal_Context / Historical_Period / Modern""]","[""Fiction / Romance""]","[""Temporal_Context / Historical_Period / Contemporary"", ""Temporal_Context / Historical_Period / Modern""]",3,1,0,YES
9780373094189,Torn Asunder,"[""Fiction, general"", ""Fiction - General"", ""Fiction"", ""Romance"", ""Contemporary""]","[""Fiction / Romance / General Romance / Romance""]","[""Temporal_Context / Historical_Period / Contemporary""]","[""Fiction / Romance""]","[""Temporal_Context / Historical_Period / Contemporary""]","[""Fiction / Romance / General Romance / Romance""]","[""Temporal_Context / Publication_Period / Contemporary_Publication""]","[""Fiction / Romance""]","[""Temporal_Context / Historical_Period / Contemporary""]",2,2,0,YES
9780373097876,He's a Bad Boy,"[""Fiction, general"", ""Romance - General"", ""Fiction - Romance"", ""Fiction""]","[""Fiction / Romance / General Romance / Romance""]",[],"[""Fiction / Romance / General Romance""]",[],"[""Fiction / Romance / General Romance""]",[],"[""Fiction / Romance / General Romance / Romance""]",[],1,1,0,YES
9780373098606,Summertime (The Breen Men),"[""Fiction, general"", ""Romance - General"", ""Fiction - Romance"", ""Romance: Regency""]","[""Fiction / Romance / General Romance / Romance""]",[],"[""Fiction / Romance / General Romance""]",[],"[""Fiction / Romance / General Romance""]",[],"[""Fiction / Romance / General Romance"", ""Fiction / Romance / General Romance / Romance""]",[],2,0,0,NO
9780373098620,Far To Go (Family Found) (Silhouette Special Edition No. 862),"[""Romance - General"", ""Fiction"", ""Fiction - Romance"", ""Romance""]","[""Fiction / Romance / General Romance / Romance""]",[],"[""Fiction / Romance / General Romance""]",[],"[""Fiction / Romance / General Romance / Romance""]",[],"[""Fiction / Romance / General Romance"", ""Fiction / Romance / General Romance / Romance""]",[],2,0,0,NO
9780373099498,Where Dreams Have Been...(That Special Woman!),"[""Romance"", ""Fiction"", ""Fiction - Romance"", ""Romance - General"", ""Contemporary""]","[""Fiction / Romance / General Romance / Romance""]","[""Temporal_Context / Historical_Period / Contemporary""]","[""Fiction / Romance / General Romance / Romance""]","[""Temporal_Context / Historical_Period / Contemporary""]","[""Fiction / Romance / General Romance / Romance""]","[""Temporal_Context / Historical_Period / Contemporary""]","[""Fiction / Romance / General Romance / Romance""]","[""Temporal_Context / Historical_Period / Contemporary""]",2,0,0,NO
9780373108770,Knight's Possession,"[""Romance"", ""Contemporary Romance"", ""M F Romance"", ""Contemporary"", ""Women's Fiction""]","[""Fiction / Romance / General Romance / Romance""]","[""Temporal_Context / Historical_Period / Contemporary"", ""Character_and_Representation_Metadata / Identity_Representation / Gender_Representation / Women-Centered""]","[""Fiction / Romance / General Romance""]","[""Temporal_Context / Historical_Period / Contemporary"", ""Character_and_Representation_Metadata / Identity_Representation / Gender_Representation / Women-Centered""]","[""Fiction / Romance / General Romance / Romance""]","[""Temporal_Context / Historical_Period / Contemporary"", ""Temporal_Context / Publication_Period / Contemporary_Publication"", ""Character_and_Representation_Metadata / Identity_Representation / Gender_Representation / Women-Centered""]",[],"[""Character_and_Representation_Metadata / Identity_Representation / Gender_Representation / Women-Centered"", ""Temporal_Context / Historical_Period / Contemporary""]",2,2,1,YES
9780373111954,Sweet Captivity,"[""Fiction, general"", ""Romance - General"", ""Romance"", ""Literature & Fiction""]","[""Fiction / Romance / General Romance / Romance""]",[],"[""Fiction / Romance / General Romance / Romance""]",[],"[""Fiction / Romance / General Romance / Romance""]",[],"[""Fiction / Romance / General Romance / Romance""]",[],1,0,0,NO
9780373112203,Devil's Shadow,"[""Fiction"", ""Romance"", ""Romance - General"", ""Literature & Fiction""]","[""Fiction / Romance / General Romance / Romance""]",[],"[""Fiction / Romance / General Romance""]",[],"[""Fiction / Romance / General Romance / Romance""]",[],"[""Fiction / Romance / General Romance / Romance""]",[],1,0,1,NO
9780373113392,Time For Trust,"[""Fiction, Romance, Contemporary"", ""Families, fiction"", ""Man-woman relationships, fiction"", ""Romance - General"", ""Fiction"", ""Romance"", ""Category Romance""]","[""Fiction / Romance / General Romance / Romance""]","[""Temporal_Context / Historical_Period / Contemporary""]","[""Fiction / Romance / General Romance""]","[""Temporal_Context / Historical_Period / Contemporary""]","[""Fiction / Romance / General Romance / Romance""]","[""Temporal_Context / Historical_Period / Contemporary""]","[""Fiction / Romance / General Romance"", ""Fiction / Romance / General Romance / Romance""]","[""Temporal_Context / Historical_Period / Contemporary""]",3,0,0,NO
9780373117796,Unfaithful Wife (Presents Plus),"[""Fiction, general"", ""Fiction, Romance, Contemporary"", ""Fiction"", ""Fiction, romance, general"", ""Fiction - Romance"", ""Romance - General"", ""Romance"", ""Contemporary Romance"", ""Contemporary"", ""Marriage Of Convenience"", ""Second Chance"", ""Literature & Fiction"", ""Genre Fiction"", ""Family Life"", ""Marriage & Divorce""]","[""Fiction / Romance / General Romance / Romance"", ""Fiction / Romance / Relationship Trope Romance / Second Chance Romance""]","[""Temporal_Context / Historical_Period / Contemporary"", ""Thematic_Metadata / Relationship_and_Social_Themes / Love_and_Intimacy / Marriage""]","[""Fiction / Romance / Relationship Trope Romance / Second Chance Romance""]","[""Temporal_Context / Historical_Period / Contemporary"", ""Thematic_Metadata / Relationship_and_Social_Themes / Love_and_Intimacy / Marriage"", ""Thematic_Metadata / Relationship_and_Social_Themes / Family""]","[""Fiction / Romance / General Romance / Romance"", ""Fiction / Romance / Relationship Trope Romance / Second Chance Romance""]","[""Temporal_Context / Historical_Period / Contemporary"", ""Thematic_Metadata / Relationship_and_Social_Themes / Family"", ""Thematic_Metadata / Relationship_and_Social_Themes / Love_and_Intimacy / Marriage""]","[""Fiction / Romance / General Romance / Romance"", ""Fiction / Romance / Relationship Trope Romance / Second Chance Romance""]","[""Temporal_Context / Historical_Period / Contemporary"", ""Thematic_Metadata / Relationship_and_Social_Themes / Family"", ""Thematic_Metadata / Relationship_and_Social_Themes / Love_and_Intimacy / Marriage""]",5,0,0,NO
9780373119875,Marriage Solution,"[""Fiction, general"", ""Marriage"", ""Fiction"", ""Romance - General"", ""Romance - Contemporary"", ""Fiction - Romance"", ""Romance: Modern"", ""Marriage Of Convenience"", ""Romance"", ""Contemporary Romance"", ""Contemporary""]","[""Fiction / Romance / General Romance / Romance""]","[""Thematic_Metadata / Relationship_and_Social_Themes / Love_and_Intimacy / Marriage"", ""Temporal_Context / Historical_Period / Contemporary""]","[""Fiction / Romance / General Romance / Romance""]","[""Thematic_Metadata / Relationship_and_Social_Themes / Love_and_Intimacy / Marriage"", ""Temporal_Context / Historical_Period / Contemporary""]","[""Fiction / Romance / General Romance / Romance""]","[""Thematic_Metadata / Relationship_and_Social_Themes / Love_and_Intimacy / Marriage"", ""Temporal_Context / Historical_Period / Contemporary""]","[""Fiction / Romance / General Romance / Romance""]","[""Temporal_Context / Historical_Period / Contemporary"", ""Thematic_Metadata / Relationship_and_Social_Themes / Love_and_Intimacy / Marriage""]",3,0,0,NO
9780373119882,"All Male (Harlequin Presents , No 1988)","[""Fiction, romance, erotica"", ""Fiction, romance, erotic"", ""Revenge"", ""Fiction"", ""Businessmen"", ""Premarital sex"", ""Romance - General"", ""Romance - Contemporary"", ""Fiction - Romance"", ""Romance: Modern"", ""Romance"", ""Contemporary""]","[""Fiction / Romance / Erotic Romance / Erotic Romance"", ""Fiction / Romance / General Romance / Romance""]","[""Temporal_Context / Historical_Period / Contemporary""]","[""Fiction / Romance / Erotic Romance / Erotic Romance""]","[""Temporal_Context / Historical_Period / Contemporary""]","[""Fiction / Romance / Erotic Romance / Erotic Romance""]","[""Temporal_Context / Historical_Period / Modern""]","[""Fiction / Romance / Erotic Romance / Erotic Romance"", ""Fiction / Romance / General Romance / Romance""]","[""Temporal_Context / Historical_Period / Contemporary"", ""Temporal_Context / Historical_Period / Modern""]",4,0,0,NO
9780373120215,Very Private Revenge,"[""Fiction"", ""Romance"", ""Revenge"", ""Contemporary Romance"", ""Contemporary"", ""Literature & Fiction"", ""Contemporary Fiction"", ""Romance - Contemporary""]","[""Fiction / Romance / General Romance / Romance""]","[""Temporal_Context / Historical_Period / Contemporary""]","[""Fiction / Romance / General Romance / Romance"", ""Fiction / Literary Fiction / General Literary Fiction / Contemporary Fiction""]","[""Temporal_Context / Historical_Period / Contemporary"", ""Temporal_Context / Publication_Period / Contemporary_Publication""]","[""Fiction / Romance / General Romance / Romance"", ""Fiction / Literary Fiction / General Literary Fiction / Contemporary Fiction""]","[""Temporal_Context / Historical_Period / Contemporary"", ""Temporal_Context / Publication_Period / Contemporary_Publication""]","[""Fiction / Romance / General Romance / Romance""]","[""Temporal_Context / Historical_Period / Contemporary""]",2,1,1,YES
9780373120239,One Husband Required (Wanted: One Wedding Dress),"[""Fiction, romance, contemporary"", ""Romance - Contemporary"", ""Fiction - Romance"", ""Romance"", ""Contemporary Romance"", ""Literature & Fiction"", ""Genre Fiction"", ""Fiction""]","[""Fiction / Romance / General Romance / Romance""]","[""Temporal_Context / Historical_Period / Contemporary""]","[""Fiction / Romance / General Romance / Romance""]","[""Temporal_Context / Historical_Period / Contemporary"", ""Temporal_Context / Publication_Period / Contemporary_Publication""]","[""Fiction / Romance / General Romance / Romance""]","[""Temporal_Context / Historical_Period / Contemporary"", ""Temporal_Context / Publication_Period / Contemporary_Publication""]","[""Fiction / Romance / General Romance / Romance""]","[""Temporal_Context / Historical_Period / Contemporary""]",2,1,0,YES
9780373120307,The Seduction Game,"[""Romance"", ""Fiction - Romance"", ""Romance - Contemporary"", ""Romantic Suspense""]","[""Fiction / Romance / General Romance / Romance"", ""Fiction / Suspense / Suspense Fiction / Suspense Fiction""]","[""Temporal_Context / Historical_Period / Contemporary""]","[""Fiction / Romance / General Romance / Romance"", ""Fiction / Suspense / Suspense Fiction""]","[""Temporal_Context / Historical_Period / Contemporary""]","[""Fiction / Romance / General Romance / Romance"", ""Fiction / Suspense / Suspense Fiction / Suspense Fiction""]","[""Temporal_Context / Historical_Period / Contemporary""]","[""Fiction / Romance / General Romance / Romance""]","[""Temporal_Context / Historical_Period / Contemporary""]",2,0,2,NO
9780373120345,Accidental Baby (Expecting!),"[""Romance"", ""Fiction - Romance"", ""Romance - Contemporary"", ""Contemporary"", ""Friends To Lovers"", ""Marriage Of Convenience""]","[""Fiction / Romance / General Romance / Romance"", ""Fiction / Romance / Relationship Trope Romance / Friends to Lovers Romance""]","[""Temporal_Context / Historical_Period / Contemporary"", ""Thematic_Metadata / Relationship_and_Social_Themes / Love_and_Intimacy / Marriage""]","[""Fiction / Romance / Relationship Trope Romance / Friends to Lovers Romance""]","[""Temporal_Context / Historical_Period / Contemporary"", ""Thematic_Metadata / Relationship_and_Social_Themes / Love_and_Intimacy / Marriage""]","[""Fiction / Romance / General Romance / Romance"", ""Fiction / Romance / Relationship Trope Romance / Friends to Lovers Romance""]","[""Temporal_Context / Historical_Period / Contemporary"", ""Thematic_Metadata / Relationship_and_Social_Themes / Love_and_Intimacy / Marriage""]","[""Fiction / Romance / Relationship Trope Romance / Friends to Lovers Romance""]","[""Temporal_Context / Historical_Period / Contemporary"", ""Thematic_Metadata / Relationship_and_Social_Themes / Love_and_Intimacy / Marriage""]",3,1,0,YES
9780373120468,Hot Surrender,"[""Fiction, romance, general"", ""Fiction, Romance, Contemporary"", ""Man-woman relationships, fiction"", ""Romance - General"", ""Romance - Contemporary"", ""Fiction - Romance"", ""Fiction"", ""Romance"", ""Contemporary Romance"", ""Category Romance"", ""Contemporary"", ""Romantic""]","[""Fiction / Romance / General Romance / Romance""]","[""Temporal_Context / Historical_Period / Contemporary""]","[""Fiction / Romance / General Romance / Romance""]","[""Temporal_Context / Historical_Period / Contemporary"", ""Temporal_Context / Publication_Period / Contemporary_Publication""]","[""Fiction / Romance / General Romance / Romance""]","[""Temporal_Context / Historical_Period / Contemporary""]","[""Fiction / Romance / General Romance / Romance""]","[""Temporal_Context / Historical_Period / Contemporary""]",2,1,0,YES
9780373120567,The mistress bride,"[""Fiction, romance, general"", ""Fiction"", ""Arranged marriage"", ""Man-woman relationships, fiction"", ""Marriage, fiction"", ""Pregnancy, fiction"", ""Romance"", ""Contemporary Romance"", ""Contemporary"", ""Adult"", ""Category Romance"", ""Literature & Fiction""]","[""Fiction / Romance / General Romance / Romance""]","[""Thematic_Metadata / Relationship_and_Social_Themes / Love_and_Intimacy / Marriage"", ""Temporal_Context / Historical_Period / Contemporary"", ""Audience / Age_Group / Adult / General Adult Audience""]","[""Fiction / Romance / General Romance / Romance""]","[""Audience / Age_Group / Adult"", ""Temporal_Context / Historical_Period / Contemporary""]","[""Fiction / Romance / General Romance / Romance""]","[""Audience / Age_Group / Adult"", ""Temporal_Context / Historical_Period / Contemporary"", ""Thematic_Metadata / Relationship_and_Social_Themes / Love_and_Intimacy / Marriage""]","[""Fiction / Romance / General Romance / Romance""]","[""Audience / Age_Group / Adult"", ""Audience / Age_Group / Adult / General Adult Audience"", ""Temporal_Context / Historical_Period / Contemporary"", ""Thematic_Metadata / Relationship_and_Social_Themes / Love_and_Intimacy / Marriage""]",5,0,0,NO
9780373120659,Secret Daughter,"[""Romance"", ""Fiction - Romance"", ""Romance - Contemporary"", ""Fiction""]","[""Fiction / Romance / General Romance / Romance""]","[""Temporal_Context / Historical_Period / Contemporary""]","[""Fiction / Romance""]","[""Temporal_Context / Historical_Period / Contemporary""]","[""Fiction / Romance / General Romance / Romance""]","[""Temporal_Context / Historical_Period / Contemporary"", ""Temporal_Context / Publication_Period / Contemporary_Publication""]","[""Fiction / Romance""]","[""Temporal_Context / Historical_Period / Contemporary""]",2,2,0,YES
9780373120673,Convenient Bridegroom (Society Weddings),"[""Fiction, Romance, Contemporary"", ""Fiction, romance, general"", ""Romance - Contemporary"", ""Romance - General"", ""Fiction - Romance"", ""Romance"", ""Contemporary""]","[""Fiction / Romance / General Romance / Romance""]","[""Temporal_Context / Historical_Period / Contemporary""]","[""Fiction / Romance / General Romance""]","[""Temporal_Context / Historical_Period / Contemporary""]","[""Fiction / Romance / General Romance / Romance""]","[""Temporal_Context / Historical_Period / Contemporary"", ""Temporal_Context / Publication_Period / Contemporary_Publication""]","[""Fiction / Romance / General Romance"", ""Fiction / Romance / General Romance / Romance""]","[""Temporal_Context / Historical_Period / Contemporary""]",3,1,0,YES
9780373120710,"Mistletoe Mistress (Harlequin Presents, No. 2071)","[""Fiction, romance, general"", ""Romance - Contemporary"", ""Fiction - Romance"", ""Romance"", ""Contemporary Romance""]","[""Fiction / Romance / General Romance / Romance""]","[""Temporal_Context / Historical_Period / Contemporary""]","[""Fiction / Romance / General Romance / Romance""]","[""Temporal_Context / Historical_Period / Contemporary""]","[""Fiction / Romance / General Romance / Romance""]","[""Temporal_Context / Historical_Period / Contemporary"", ""Temporal_Context / Publication_Period / Contemporary_Publication""]","[""Fiction / Romance / General Romance / Romance""]","[""Temporal_Context / Historical_Period / Contemporary""]",2,1,0,YES
9780373120871,Facing Up to Fatherhood,"[""Fiction, romance, contemporary"", ""Romance - Contemporary"", ""Fiction - Romance"", ""Romance"", ""Contemporary Romance"", ""Contemporary"", ""Adult"", ""Romance - General"", ""Fiction""]","[""Fiction / Romance / General Romance / Romance""]","[""Temporal_Context / Historical_Period / Contemporary"", ""Audience / Age_Group / Adult / General Adult Audience""]","[""Fiction / Romance / General Romance / Romance""]","[""Audience / Age_Group / Adult / General Adult Audience"", ""Temporal_Context / Historical_Period / Contemporary""]","[""Fiction / Romance / General Romance / Romance""]","[""Temporal_Context / Historical_Period / Contemporary"", ""Audience / Age_Group / Adult / General Adult Audience""]","[""Fiction / Romance / General Romance / Romance""]","[""Audience / Age_Group / Adult / General Adult Audience"", ""Temporal_Context / Historical_Period / Contemporary""]",3,0,0,NO
9780373121229,The Pleasure King's Bride,"[""Fiction, Romance, Contemporary"", ""Romance - Contemporary"", ""Contemporary Romance"", ""Romance"", ""Contemporary"", ""Romance - General"", ""Fiction - Romance"", ""Romance: Modern"", ""Fiction""]","[""Fiction / Romance / General Romance / Romance""]","[""Temporal_Context / Historical_Period / Contemporary""]","[""Fiction / Romance / General Romance""]","[""Temporal_Context / Historical_Period / Contemporary""]","[""Fiction / Romance / General Romance / Romance""]","[""Temporal_Context / Historical_Period / Modern""]","[""Fiction / Romance / General Romance / Romance""]","[""Temporal_Context / Historical_Period / Contemporary"", ""Temporal_Context / Historical_Period / Modern""]",3,0,1,NO
9780373121328,Bought,"[""Fiction, romance, general"", ""Romance - Contemporary"", ""Fiction - Romance"", ""Romance: Modern"", ""Romance"", ""Contemporary Romance"", ""Marriage Of Convenience"", ""Romantic"", ""Romance - General"", ""Fiction""]","[""Fiction / Romance / General Romance / Romance"", ""Fiction / Romance / Relationship Trope Romance""]","[""Temporal_Context / Historical_Period / Contemporary"", ""Thematic_Metadata / Relationship_and_Social_Themes / Love_and_Intimacy / Marriage""]","[""Fiction / Romance / General Romance""]","[""Temporal_Context / Historical_Period / Contemporary"", ""Thematic_Metadata / Relationship_and_Social_Themes / Love_and_Intimacy / Marriage""]","[""Fiction / Romance / General Romance / Romance""]","[""Temporal_Context / Historical_Period / Contemporary"", ""Thematic_Metadata / Relationship_and_Social_Themes / Love_and_Intimacy / Marriage""]","[""Fiction / Romance / General Romance"", ""Fiction / Romance / General Romance / Romance""]","[""Temporal_Context / Historical_Period / Contemporary"", ""Thematic_Metadata / Relationship_and_Social_Themes / Love_and_Intimacy / Marriage""]",4,0,1,NO
9780373121618,Seduction Scheme,"[""Romance - Contemporary"", ""Romance - General"", ""Fiction - Romance"", ""Romance: Modern"", ""Romance"", ""Fiction""]","[""Fiction / Romance / General Romance / Romance""]","[""Temporal_Context / Historical_Period / Contemporary""]","[""Fiction / Romance / General Romance""]","[""Temporal_Context / Historical_Period / Contemporary""]","[""Fiction / Romance / General Romance / Romance""]","[""Temporal_Context / Historical_Period / Modern""]","[""Fiction / Romance / General Romance"", ""Fiction / Romance / General Romance / Romance""]","[""Temporal_Context / Historical_Period / Contemporary"", ""Temporal_Context / Historical_Period / Modern""]",4,0,0,NO
9780373121861,YESTERDAY AND FOREVER,"[""Fiction"", ""Romance"", ""Romance - Contemporary"", ""Contemporary Romance"", ""Romance - General"", ""Fiction - Romance"", ""Romance: Modern"", ""Romantic"", ""Fiction, romance, general""]","[""Fiction / Romance / General Romance / Romance""]","[""Temporal_Context / Historical_Period / Contemporary""]","[""Fiction / Romance / General Romance / Romance""]","[""Temporal_Context / Historical_Period / Modern""]","[""Fiction / Romance / General Romance / Romance""]","[""Temporal_Context / Historical_Period / Modern""]","[""Fiction / Romance / General Romance / Romance""]","[""Temporal_Context / Historical_Period / Contemporary"", ""Temporal_Context / Historical_Period / Modern""]",3,0,0,NO
9780373121885,"To Have A Husband (Bachelor Sisters) (Presents, 2188)","[""Fiction, Romance, Contemporary"", ""Fiction, romance, general"", ""Romance - Contemporary"", ""Romance - General"", ""Fiction"", ""Fiction - Romance"", ""Romance: Modern"", ""Romance"", ""Contemporary Fiction""]","[""Fiction / Romance / General Romance / Romance""]","[""Temporal_Context / Historical_Period / Contemporary""]","[""Fiction / Romance / General Romance / Romance""]","[""Temporal_Context / Historical_Period / Contemporary"", ""Temporal_Context / Publication_Period / Contemporary_Publication""]","[""Fiction / Romance / General Romance / Romance""]","[""Temporal_Context / Historical_Period / Contemporary""]","[""Fiction / Romance / General Romance / Romance""]","[""Temporal_Context / Historical_Period / Contemporary""]",2,1,0,YES
9780373152247,Lingering shadows,"[""Romance fiction"", ""Fiction, general"", ""Fiction"", ""Romance""]","[""Fiction / Romance / General Romance / Romance""]",[],"[""Fiction / Romance / General Romance / Romance""]",[],"[""Fiction / Romance / General Romance / Romance""]",[],"[""Fiction / Romance / General Romance / Romance""]",[],1,0,0,NO
9780373160334,Destiny's Sweet Errand,"[""Fiction, general""]","[""Fiction""]",[],"[""Fiction""]",[],"[""Fiction""]",[],"[""Fiction""]",[],1,0,0,NO
9780373161782,This Day Forward,"[""Romance - Contemporary"", ""Fiction"", ""Romance: Modern"", ""Romance"", ""Contemporary""]","[""Fiction / Romance / General Romance / Romance""]","[""Temporal_Context / Historical_Period / Contemporary""]","[""Fiction / Romance""]","[""Temporal_Context / Historical_Period / Contemporary"", ""Temporal_Context / Historical_Period / Modern""]","[""Fiction / Romance / General Romance / Romance""]","[""Temporal_Context / Historical_Period / Contemporary""]","[""Fiction / Romance"", ""Fiction / Romance / General Romance / Romance""]","[""Temporal_Context / Historical_Period / Contemporary"", ""Temporal_Context / Historical_Period / Modern""]",4,0,0,NO
9780373167463,Daddy By Destiny,"[""Romance"", ""Fiction"", ""Romance - Contemporary"", ""Contemporary""]","[""Fiction / Romance / General Romance / Romance""]","[""Temporal_Context / Historical_Period / Contemporary""]","[""Fiction / Romance""]","[""Temporal_Context / Historical_Period / Contemporary""]","[""Fiction / Romance / General Romance / Romance""]","[""Temporal_Context / Historical_Period / Contemporary"", ""Temporal_Context / Publication_Period / Contemporary_Publication""]","[""Fiction / Romance""]","[""Temporal_Context / Historical_Period / Contemporary""]",2,2,0,YES
9780373167494,If Wishes Were...Daddies,"[""Fiction, romance, general"", ""Single mothers"", ""Fiction"", ""Romance - General"", ""Romance - Contemporary"", ""Fiction - Romance"", ""Romance: Modern"", ""Romance""]","[""Fiction / Romance / General Romance / Romance""]","[""Temporal_Context / Historical_Period / Contemporary""]","[""Fiction / Romance / General Romance / Romance""]","[""Temporal_Context / Historical_Period / Contemporary""]","[""Fiction / Romance / General Romance / Romance""]","[""Temporal_Context / Historical_Period / Modern""]","[""Fiction / Romance / General Romance / Romance""]","[""Temporal_Context / Historical_Period / Contemporary"", ""Temporal_Context / Historical_Period / Modern""]",3,0,0,NO
9780373168484,A Little Office Romance,"[""Romance fiction"", ""Fiction, romance, contemporary"", ""Romance - Contemporary"", ""Romance - General"", ""Fiction - Romance"", ""Romance: Modern"", ""Romance"", ""Contemporary""]","[""Fiction / Romance / General Romance / Romance""]","[""Temporal_Context / Historical_Period / Contemporary""]","[""Fiction / Romance / General Romance""]","[""Temporal_Context / Historical_Period / Contemporary""]","[""Fiction / Romance / General Romance / Romance""]","[""Temporal_Context / Historical_Period / Contemporary""]","[""Fiction / Romance / General Romance"", ""Fiction / Romance / General Romance / Romance""]","[""Temporal_Context / Historical_Period / Contemporary""]",3,0,0,NO
9780373190973,Baby talk,"[""Fiction, general"", ""Literature & Fiction"", ""Contemporary Fiction"", ""Romance""]","[""Fiction / Romance"", ""Fiction / Literary Fiction / General Literary Fiction / Contemporary Fiction""]","[""Temporal_Context / Historical_Period / Contemporary""]","[""Fiction / Romance"", ""Fiction / Literary Fiction / General Literary Fiction / Contemporary Fiction""]","[""Temporal_Context / Historical_Period / Contemporary""]","[""Fiction / Romance / General Romance / Romance"", ""Fiction / Literary Fiction / General Literary Fiction / Contemporary Fiction""]","[""Temporal_Context / Historical_Period / Contemporary"", ""Temporal_Context / Publication_Period / Contemporary_Publication""]","[""Fiction / Literary Fiction / General Literary Fiction / Contemporary Fiction"", ""Fiction / Romance""]","[""Temporal_Context / Historical_Period / Contemporary""]",3,0,2,NO
9780373194452,"Too Hard To Handle (Romance, 1445)","[""Fiction, romance, contemporary"", ""Romance - Contemporary"", ""Romance - General"", ""Fiction"", ""Fiction - Romance"", ""Romance: Modern"", ""Romantic""]","[""Fiction / Romance / General Romance / Romance""]","[""Temporal_Context / Historical_Period / Contemporary""]","[""Fiction / Romance / General Romance / Romance""]","[""Temporal_Context / Historical_Period / Contemporary""]","[""Fiction / Romance / General Romance / Romance""]","[""Temporal_Context / Historical_Period / Modern"", ""Temporal_Context / Historical_Period / Contemporary""]","[""Fiction / Romance / General Romance / Romance""]","[""Temporal_Context / Historical_Period / Contemporary"", ""Temporal_Context / Historical_Period / Modern""]",3,0,0,NO
9780373194636,Cherish The Boss (The Circle K Sisters),"[""Fiction, romance, general"", ""Romance - Contemporary"", ""Romance - General"", ""Fiction"", ""Fiction - Romance"", ""Romance: Modern"", ""Romance"", ""Contemporary""]","[""Fiction / Romance / General Romance / Romance""]","[""Temporal_Context / Historical_Period / Contemporary""]","[""Fiction / Romance / General Romance""]","[""Temporal_Context / Historical_Period / Contemporary""]","[""Fiction / Romance / General Romance / Romance"", ""Fiction / Romance""]","[""Temporal_Context / Historical_Period / Contemporary"", ""Temporal_Context / Historical_Period / Modern"", ""Temporal_Context / Publication_Period / Contemporary_Publication""]","[""Fiction / Romance"", ""Fiction / Romance / General Romance"", ""Fiction / Romance / General Romance / Romance""]","[""Temporal_Context / Historical_Period / Contemporary"", ""Temporal_Context / Historical_Period / Modern"", ""Temporal_Context / Publication_Period / Contemporary_Publication""]",6,0,0,NO
9780373201389,Rocky Mountain Men (By Request) (Harlequin by Request),"[""Fiction, general"", ""Romance fiction"", ""Romance - Contemporary"", ""Fiction - Romance"", ""Romance: Modern"", ""Romance"", ""Contemporary"", ""Fiction""]","[""Fiction / Romance / General Romance / Romance""]","[""Temporal_Context / Historical_Period / Contemporary""]","[""Fiction / Romance / General Romance / Romance""]","[""Temporal_Context / Historical_Period / Contemporary""]","[""Fiction / Romance / General Romance / Romance""]","[""Temporal_Context / Historical_Period / Contemporary"", ""Temporal_Context / Historical_Period / Modern""]","[""Fiction / Romance / General Romance / Romance""]","[""Temporal_Context / Historical_Period / Contemporary"", ""Temporal_Context / Historical_Period / Modern""]",3,0,0,NO
9780373201396,Lessons In Love,"[""Fiction, general"", ""Romance - Contemporary"", ""Romance - General"", ""Fiction"", ""Fiction - Romance"", ""Literature & Fiction""]","[""Fiction / Romance / General Romance / Romance""]","[""Temporal_Context / Historical_Period / Contemporary""]","[""Fiction / Romance / General Romance / Romance""]","[""Temporal_Context / Historical_Period / Contemporary""]","[""Fiction / Romance / General Romance / Romance""]","[""Temporal_Context / Historical_Period / Contemporary""]","[""Fiction / Romance / General Romance / Romance""]","[""Temporal_Context / Historical_Period / Contemporary""]",2,0,0,NO
9780373222506,Haunted,"[""Halloween stories"", ""Fiction, mystery & detective, general"", ""Mystery & Detective - General"", ""Fiction"", ""Fiction - Mystery/ Detective"", ""Romance"", ""Contemporary""]","[""Fiction / Mystery / Detective Mystery"", ""Fiction / Romance""]","[""Temporal_Context / Historical_Period / Contemporary""]","[""Fiction"", ""Fiction / Mystery / Detective Mystery"", ""Fiction / Romance""]","[""Temporal_Context / Historical_Period / Contemporary"", ""Character_and_Representation_Metadata / Protagonist_Profile / Role_Profile / Detective""]","[""Fiction / Mystery / Detective Mystery"", ""Fiction / Romance""]","[""Temporal_Context / Historical_Period / Contemporary"", ""Character_and_Representation_Metadata / Protagonist_Profile / Role_Profile / Detective""]","[""Fiction"", ""Fiction / Mystery / Detective Mystery"", ""Fiction / Romance""]","[""Temporal_Context / Historical_Period / Contemporary""]",4,1,0,YES
9780373222544,Santa Claus Is Coming,"[""Fiction"", ""Holiday"", ""Christmas"", ""Romance - General""]","[""Fiction / Romance / General Romance / Romance""]",[],"[""Fiction / Romance / General Romance""]",[],"[""Fiction / Romance / General Romance / Romance""]",[],"[""Fiction / Romance / General Romance"", ""Fiction / Romance / General Romance / Romance""]",[],2,0,0,NO
9780373222582,Simon Says,"[""Fiction"", ""Fiction - Romance"", ""Romance - General"", ""Literature & Fiction""]","[""Fiction / Romance / General Romance / Romance""]",[],"[""Fiction / Romance / General Romance""]",[],"[""Fiction / Romance / General Romance""]",[],"[""Fiction / Romance / General Romance"", ""Fiction / Romance / General Romance / Romance""]",[],2,0,0,NO
9780373224708,"Missing Hour (Intrigue , No 470)","[""Romance"", ""Fiction - Romance"", ""Romance - Contemporary"", ""Contemporary Fiction"", ""Mystery & Detective - General""]","[""Fiction / Romance / General Romance / Romance"", ""Fiction / Mystery / Detective Mystery""]","[""Temporal_Context / Historical_Period / Contemporary""]","[""Fiction / Romance"", ""Fiction / Mystery / Detective Mystery""]","[""Temporal_Context / Historical_Period / Contemporary""]","[""Fiction / Romance / General Romance / Romance"", ""Fiction / Mystery""]","[""Temporal_Context / Historical_Period / Contemporary"", ""Temporal_Context / Publication_Period / Contemporary_Publication""]","[""Fiction / Mystery"", ""Fiction / Romance""]","[""Temporal_Context / Historical_Period / Contemporary""]",3,3,0,YES
9780373224753,Fugitive Father,"[""Fiction, suspense"", ""Fiction, thrillers, suspense"", ""Romance"", ""Fiction"", ""Fiction - Romance"", ""Literature & Fiction""]","[""Fiction / Suspense / Suspense Fiction / Suspense Fiction"", ""Fiction / Romance / General Romance / Romance""]",[],"[""Fiction / Suspense / Suspense Fiction"", ""Fiction / Romance""]",[],"[""Fiction / Suspense"", ""Fiction / Romance""]",[],"[""Fiction / Romance"", ""Fiction / Suspense""]",[],2,2,1,YES
9780373224951,All I Want for Christmas,"[""Fiction, general"", ""Romance"", ""Fiction"", ""Fiction - Romance"", ""Romance: Modern"", ""Romance - General"", ""Romance - Contemporary"", ""Christmas"", ""Literature & Fiction"", ""Genre Fiction"", ""Holidays""]","[""Fiction / Romance / General Romance / Romance""]","[""Temporal_Context / Historical_Period / Contemporary""]","[""Fiction / Romance / General Romance""]","[""Temporal_Context / Historical_Period / Contemporary""]","[""Fiction / Romance / General Romance / Romance""]","[""Temporal_Context / Historical_Period / Modern""]","[""Fiction / Romance / General Romance"", ""Fiction / Romance / General Romance / Romance""]","[""Temporal_Context / Historical_Period / Contemporary"", ""Temporal_Context / Historical_Period / Modern""]",4,0,0,NO
9780373225231,Her Eyewitness,"[""Romance"", ""Fiction - Romance"", ""Romance - Contemporary"", ""Mystery, Thriller & Suspense"", ""Thrillers & Suspense"", ""Crime"", ""Murder""]","[""Fiction / Romance / General Romance / Romance"", ""Fiction / Crime Fiction / General Crime Fiction / Murder Fiction"", ""Fiction / Suspense / Suspense Fiction / Suspense Fiction""]","[""Thematic_Metadata / Conflict_and_Event_Themes / Crime_and_Justice / Crime"", ""Temporal_Context / Historical_Period / Contemporary""]","[""Fiction / Romance"", ""Fiction / Crime Fiction / General Crime Fiction / Murder Fiction"", ""Fiction / Thriller"", ""Fiction / Suspense""]","[""Temporal_Context / Historical_Period / Contemporary""]","[""Fiction / Romance / General Romance / Romance"", ""Fiction / Mystery"", ""Fiction / Suspense / Suspense Fiction / Suspense Fiction"", ""Fiction / Crime Fiction / General Crime Fiction / Crime Fiction"", ""Fiction / Crime Fiction / General Crime Fiction / Murder Fiction""]","[""Temporal_Context / Historical_Period / Contemporary""]","[""Fiction / Crime Fiction / General Crime Fiction / Murder Fiction"", ""Fiction / Mystery"", ""Fiction / Romance"", ""Fiction / Thriller""]","[""Temporal_Context / Historical_Period / Contemporary"", ""Thematic_Metadata / Conflict_and_Event_Themes / Crime_and_Justice / Crime""]",6,1,3,YES
9780373225590,"Heart Of A Lawman (Sons Of Silver Springs) (Intrigue, 559)","[""Romance"", ""Romantic Suspense"", ""Suspense"", ""Fiction - Romance""]","[""Fiction / Romance / General Romance / Romance"", ""Fiction / Suspense / Suspense Fiction / Suspense Fiction""]",[],"[""Fiction / Suspense / Suspense Fiction"", ""Fiction / Romance / General Romance""]",[],"[""Fiction / Romance / General Romance / Romance"", ""Fiction / Suspense / Suspense Fiction / Suspense Fiction""]",[],"[""Fiction / Romance / General Romance / Romance""]",[],1,0,3,NO
9780373241347,Just Jessie (Women To Watch),"[""Fiction"", ""Romance"", ""Fiction - Romance"", ""Romance - General"", ""Contemporary Fiction""]","[""Fiction / Romance / General Romance / Romance"", ""Fiction / Literary Fiction / General Literary Fiction / Contemporary Fiction""]","[""Temporal_Context / Historical_Period / Contemporary""]","[""Fiction / Romance / General Romance""]","[""Temporal_Context / Historical_Period / Contemporary""]","[""Fiction / Romance / General Romance / Romance""]","[""Temporal_Context / Historical_Period / Contemporary""]","[""Fiction / Romance / General Romance"", ""Fiction / Romance / General Romance / Romance""]","[""Temporal_Context / Historical_Period / Contemporary""]",3,0,1,NO
9780373242627,Most Eligible M D (The Bachelor Bet),"[""Romance"", ""Romance - Contemporary"", ""Contemporary Fiction""]","[""Fiction / Romance / General Romance / Romance""]","[""Temporal_Context / Historical_Period / Contemporary""]","[""Fiction / Romance / General Romance / Romance""]","[""Temporal_Context / Historical_Period / Contemporary""]","[""Fiction / Romance / General Romance / Romance"", ""Fiction / Literary Fiction / General Literary Fiction / Contemporary Fiction""]","[""Temporal_Context / Historical_Period / Contemporary"", ""Temporal_Context / Publication_Period / Contemporary_Publication""]","[""Fiction / Romance / General Romance / Romance""]","[""Temporal_Context / Historical_Period / Contemporary""]",2,1,1,YES
9780373242726,Cowboy'S Code,"[""Romance"", ""Fiction - Romance"", ""Romance - Contemporary"", ""Literature & Fiction""]","[""Fiction / Romance / General Romance / Romance""]","[""Temporal_Context / Historical_Period / Contemporary""]","[""Fiction / Romance"", ""Fiction / Literary Fiction / General Literary Fiction / Contemporary Fiction""]","[""Temporal_Context / Historical_Period / Contemporary"", ""Temporal_Context / Publication_Period / Contemporary_Publication""]","[""Fiction / Romance / General Romance / Romance""]","[""Temporal_Context / Historical_Period / Contemporary""]","[""Fiction / Romance""]","[""Temporal_Context / Historical_Period / Contemporary""]",2,2,1,YES
9780373243112,Cowboy's Caress (A Ranching Family),"[""Fiction, romance, general"", ""Single fathers"", ""Fiction"", ""Romance"", ""Romance - Contemporary"", ""Fiction - Romance"", ""Family Life""]","[""Fiction / Romance / General Romance / Romance""]","[""Thematic_Metadata / Relationship_and_Social_Themes / Family"", ""Temporal_Context / Historical_Period / Contemporary""]","[""Fiction / Romance / General Romance""]","[""Thematic_Metadata / Relationship_and_Social_Themes / Family"", ""Temporal_Context / Historical_Period / Contemporary"", ""Character_and_Representation_Metadata / Protagonist_Profile / Group_Profile / Family-Centered""]","[""Fiction / Romance / General Romance / Romance""]","[""Thematic_Metadata / Relationship_and_Social_Themes / Family""]","[""Fiction / Romance / General Romance"", ""Fiction / Romance / General Romance / Romance""]","[""Temporal_Context / Historical_Period / Contemporary"", ""Thematic_Metadata / Relationship_and_Social_Themes / Family""]",4,1,0,YES
9780373243266,Wild Mustang,"[""Romance"", ""Fiction - Romance"", ""Romance - Contemporary"", ""Contemporary Fiction""]","[""Fiction / Romance / General Romance / Romance"", ""Fiction / Literary Fiction / General Literary Fiction / Contemporary Fiction""]","[""Temporal_Context / Historical_Period / Contemporary""]","[""Fiction / Romance""]","[""Temporal_Context / Historical_Period / Contemporary""]","[""Fiction / Romance / General Romance / Romance""]","[""Temporal_Context / Historical_Period / Contemporary""]","[""Fiction / Romance""]","[""Temporal_Context / Historical_Period / Contemporary""]",2,1,1,YES
9780373243358,Whose Baby Is This?,"[""Fiction"", ""Romance"", ""Romance - Contemporary"", ""Contemporary"", ""Mistaken identity"", ""Paternity""]","[""Fiction / Romance / General Romance / Romance""]","[""Temporal_Context / Historical_Period / Contemporary""]","[""Fiction / Romance / General Romance / Romance""]","[""Temporal_Context / Historical_Period / Contemporary""]","[""Fiction / Romance / General Romance / Romance""]","[""Temporal_Context / Historical_Period / Contemporary""]","[""Fiction / Romance / General Romance / Romance""]","[""Temporal_Context / Historical_Period / Contemporary""]",2,0,0,NO
9780373251988,Straight from the Heart,"[""Fiction"", ""Romance"", ""Contemporary Romance"", ""Contemporary"", ""Large type books""]","[""Fiction / Romance / General Romance / Romance""]","[""Temporal_Context / Historical_Period / Contemporary"", ""Content_Suitability_Metadata / Reader_Advisory / Accessibility / Large Print""]","[""Fiction / Romance / General Romance / Romance""]","[""Content_Suitability_Metadata / Reader_Advisory / Accessibility / Large Print"", ""Temporal_Context / Historical_Period / Contemporary""]","[""Fiction / Romance""]","[""Temporal_Context / Historical_Period / Contemporary"", ""Content_Suitability_Metadata / Reader_Advisory / Accessibility / Large Print""]","[""Fiction / Romance""]","[""Content_Suitability_Metadata / Reader_Advisory / Accessibility / Large Print"", ""Temporal_Context / Historical_Period / Contemporary""]",3,0,1,NO
9780373252992,T.L.C.,"[""Fiction"", ""Romance"", ""Contemporary Romance"", ""Contemporary"", ""Chick Lit"", ""Adult"", ""Women graduate students"", ""Physicians"", ""New york (state), fiction""]","[""Fiction / Romance / General Romance / Romance""]","[""Temporal_Context / Historical_Period / Contemporary"", ""Audience / Age_Group / Adult / General Adult Audience""]","[""Fiction / Romance / General Romance / Romance""]","[""Audience / Age_Group / Adult / General Adult Audience"", ""Temporal_Context / Historical_Period / Contemporary""]","[""Fiction / Romance / Relationship Trope Romance / Workplace Romance""]","[""Audience / Age_Group / Adult / General Adult Audience"", ""Temporal_Context / Historical_Period / Contemporary""]",[],"[""Audience / Age_Group / Adult / General Adult Audience"", ""Temporal_Context / Historical_Period / Contemporary""]",2,1,1,YES
9780373255252,Perfect Husband,"[""Fiction, general"", ""Romance - General"", ""Fiction"", ""Romance""]","[""Fiction / Romance / General Romance / Romance""]",[],"[""Fiction / Romance / General Romance""]",[],"[""Fiction / Romance / General Romance / Romance""]",[],"[""Fiction / Romance / General Romance"", ""Fiction / Romance / General Romance / Romance""]",[],2,0,0,NO
9780373258352,While He Was Sleeping,"[""Fiction"", ""Contemporary romance"", ""Private investigators"", ""Harlequin Temptation"", ""The Wrong Bed series"", ""Fiction, romance, general"", ""Romance - General"", ""Romance - Contemporary"", ""Fiction - Romance"", ""Romance"", ""Romantic""]","[""Fiction / Romance / General Romance / Romance""]","[""Temporal_Context / Historical_Period / Contemporary""]","[""Fiction / Romance / General Romance""]","[""Temporal_Context / Historical_Period / Contemporary""]","[""Fiction / Romance / General Romance / Romance""]","[""Temporal_Context / Historical_Period / Contemporary"", ""Temporal_Context / Publication_Period / Contemporary_Publication""]","[""Fiction / Romance / General Romance"", ""Fiction / Romance / General Romance / Romance""]","[""Temporal_Context / Historical_Period / Contemporary""]",3,1,0,YES
9780373258499,"The Littlest Stowaway (Bachelors & Babies, Book 2)","[""Fiction"", ""Romance"", ""Contemporary"", ""Abandoned children"", ""Air pilots""]","[""Fiction / Romance / General Romance / Romance""]","[""Temporal_Context / Historical_Period / Contemporary""]","[""Fiction / Romance / General Romance""]","[""Temporal_Context / Historical_Period / Contemporary""]","[""Fiction / Romance""]","[""Temporal_Context / Historical_Period / Contemporary""]","[""Fiction / Romance""]","[""Temporal_Context / Historical_Period / Contemporary""]",2,1,1,YES
9780373270347,Sharing the Darkness,"[""Fiction"", ""Paranormal romance"", ""Gothic"", ""telekinesis"", ""clairvoyance"", ""telepathy"", ""single mother"", ""Parapsychology"", ""Romance"", ""Paranormal"", ""Horror"", ""Ghosts""]","[""Fiction"", ""Fiction / Romance"", ""Fiction / Horror / Supernatural Horror / Paranormal Horror"", ""Fiction / Horror / Gothic Horror / Gothic Fiction""]",[],"[""Fiction / Romance / General Romance"", ""Fiction / Horror / Supernatural Horror / Paranormal Horror"", ""Fiction / Horror / Gothic Horror / Gothic Fiction""]",[],"[""Fiction / Romance / General Romance / Romance"", ""Fiction / Horror / Supernatural Horror / Gothic"", ""Fiction / Horror / Supernatural Horror / Paranormal Horror""]",[],"[""Fiction"", ""Fiction / Horror / Supernatural Horror / Paranormal Horror"", ""Fiction / Romance""]",[],3,1,3,YES
9780373270958,The Lawman and the Lady,"[""Romance"", ""Fiction - Romance"", ""Romance - General"", ""Romance - Contemporary"", ""Literature & Fiction""]","[""Fiction / Romance / General Romance / Romance""]","[""Temporal_Context / Historical_Period / Contemporary""]","[""Fiction / Romance / General Romance""]","[""Temporal_Context / Historical_Period / Contemporary""]","[""Fiction / Romance / General Romance / Romance""]","[""Temporal_Context / Historical_Period / Contemporary""]","[""Fiction / Romance / General Romance"", ""Fiction / Romance / General Romance / Romance""]","[""Temporal_Context / Historical_Period / Contemporary""]",3,0,0,NO
9780373286232,Dandelion,"[""Fiction"", ""Romance"", ""Historical""]","[""Fiction / Romance"", ""Fiction / Historical Fiction""]",[],"[""Fiction / Romance"", ""Fiction / Historical Fiction""]",[],"[""Fiction / Romance / General Romance / Romance"", ""Fiction / Historical Fiction""]","[""Temporal_Context / Historical_Period""]","[""Fiction / Historical Fiction"", ""Fiction / Romance"", ""Fiction / Romance / General Romance / Romance""]",[],3,1,0,YES
9780373286874,Improbable Eden,"[""Fiction, general"", ""Romance - General"", ""Fiction"", ""Romance"", ""Literature & Fiction""]","[""Fiction / Romance / General Romance / Romance""]",[],"[""Fiction / Romance / General Romance""]",[],"[""Fiction / Romance / General Romance""]",[],"[""Fiction / Romance / General Romance"", ""Fiction / Romance / General Romance / Romance""]",[],2,0,0,NO
9780373287147,Wyoming Territory,"[""Fiction, general"", ""Romance - General"", ""Fiction"", ""Fiction - Romance"", ""Romance""]","[""Fiction / Romance / General Romance / Romance""]",[],"[""Fiction / Romance / General Romance""]",[],"[""Fiction / Romance / General Romance / Romance""]",[],"[""Fiction / Romance / General Romance / Romance""]",[],1,0,1,NO
9780373288113,The Heart's Desire (The Heart's series),"[""Fiction, Romance, Historical"", ""Romance - General"", ""Fiction - Romance"", ""Historical Romance"", ""Romance"", ""Historical"", ""Regency"", ""Historical Fiction"", ""Fiction"", ""Romance: Regency""]","[""Fiction / Romance / General Romance / Romance"", ""Fiction / Historical Fiction""]","[""Temporal_Context / Historical_Period""]","[""Fiction / Romance"", ""Fiction / Historical Fiction""]",[],"[""Fiction / Romance / General Romance / Romance"", ""Fiction / Historical Fiction""]","[""Temporal_Context / Historical_Period""]","[""Fiction / Historical Fiction"", ""Fiction / Romance"", ""Fiction / Romance / General Romance / Romance""]","[""Temporal_Context / Historical_Period""]",4,0,0,NO
9780373289097,Warrior's Deception,"[""Fiction - Romance"", ""Romance"", ""Historical Romance"", ""Romance - Historical"", ""Harlequin Historical"", ""Fiction""]","[""Fiction / Romance / General Romance / Romance""]","[""Temporal_Context / Historical_Period""]","[""Fiction / Romance"", ""Fiction / Historical Fiction""]",[],"[""Fiction / Romance / General Romance""]","[""Temporal_Context / Historical_Period""]","[""Fiction / Romance"", ""Fiction / Romance / General Romance / Romance""]",[],2,1,2,YES
9780373289226,Velvet Touch,"[""Fiction, general"", ""Fiction"", ""Fiction - Romance"", ""Romance - Historical"", ""Historical Romance"", ""Romance"", ""Historical"", ""Literature & Fiction"", ""Genre Fiction"", ""Romance: Regency"", ""Romance - General""]","[""Fiction / Romance / General Romance / Romance"", ""Fiction / Historical Fiction""]","[""Temporal_Context / Historical_Period""]","[""Fiction / Romance / General Romance"", ""Fiction / Historical Fiction""]",[],"[""Fiction / Romance / General Romance / Romance"", ""Fiction / Historical Fiction""]","[""Temporal_Context / Historical_Period""]","[""Fiction / Historical Fiction"", ""Fiction / Romance / General Romance / Romance""]","[""Temporal_Context / Historical_Period""]",3,1,0,YES
9780373290499,The Highlander's Maiden,"[""Historical fiction"", ""Love stories"", ""Fiction, romance, general"", ""Romance: historical"", ""Fiction"", ""Fiction - Romance"", ""Romance"", ""Historical Romance"", ""Scottish"", ""Highlanders""]","[""Fiction / Romance / General Romance / Romance"", ""Fiction / Romance / General Romance / Love Story"", ""Fiction / Historical Fiction""]","[""Thematic_Metadata / Relationship_and_Social_Themes / Love_and_Intimacy / Love"", ""Temporal_Context / Historical_Period""]","[""Fiction / Historical Fiction"", ""Fiction / Romance / General Romance / Romance""]","[""Thematic_Metadata / Relationship_and_Social_Themes / Love_and_Intimacy / Love""]","[""Fiction / Historical Fiction"", ""Fiction / Romance / General Romance / Love Story""]","[""Temporal_Context / Historical_Period"", ""Thematic_Metadata / Relationship_and_Social_Themes / Love_and_Intimacy / Love""]","[""Fiction / Historical Fiction"", ""Fiction / Romance / General Romance / Love Story""]","[""Thematic_Metadata / Relationship_and_Social_Themes / Love_and_Intimacy / Love""]",3,2,0,YES
9780373291076,The Conqueror (Knights of The Black Rose),"[""Fiction, romance, historical"", ""Fiction, romance, historical, general"", ""Romance - Historical"", ""Historical Romance"", ""Romance"", ""Historical"", ""Medieval"", ""Fiction - Romance"", ""Fiction""]","[""Fiction / Romance"", ""Fiction / Historical Fiction""]","[""Temporal_Context / Historical_Period / Medieval""]","[""Fiction / Romance"", ""Fiction / Historical Fiction""]","[""Temporal_Context / Historical_Period / Medieval""]","[""Fiction / Romance / General Romance / Romance"", ""Fiction / Historical Fiction""]","[""Temporal_Context / Historical_Period / Medieval""]","[""Fiction / Historical Fiction"", ""Fiction / Romance""]","[""Temporal_Context / Historical_Period / Medieval""]",3,0,1,NO
9780373302116,Buccaneer Bride,"[""Fiction""]","[""Fiction""]",[],"[""Fiction""]",[],"[""Fiction""]",[],"[""Fiction""]",[],1,0,0,NO
9780373510122,"Playing The Odds (Nora Roberts: Language of Love, No 12)","[""Fiction"", ""Contemporary Romance"", ""Romance"", ""Contemporary"", ""Women's Fiction"", ""Large type books"", ""Blackjack"", ""Card dealers"", ""Gamblers"", ""Cruise ships"", ""Language of Love series"", ""The MacGregors series"", ""Macgregor family"", ""Silhouette Special Edition"", ""Harlequin"", ""Adult""]","[""Fiction / Romance / General Romance / Romance""]","[""Audience / Age_Group / Adult / General Adult Audience"", ""Content_Suitability_Metadata / Reader_Advisory / Accessibility / Large Print"", ""Series_and_Publication_Metadata / Series_Status / Series"", ""Character_and_Representation_Metadata / Identity_Representation / Gender_Representation / Women-Centered"", ""Character_and_Representation_Metadata / Protagonist_Profile / Group_Profile / Family-Centered""]","[""Fiction / Romance / General Romance""]","[""Audience / Age_Group / Adult"", ""Temporal_Context / Historical_Period / Contemporary"", ""Content_Suitability_Metadata / Reader_Advisory / Accessibility / Large Print"", ""Series_and_Publication_Metadata / Series_Status / Series""]","[""Fiction / Romance / General Romance / Romance""]","[""Temporal_Context / Historical_Period / Contemporary"", ""Audience / Age_Group / Adult"", ""Content_Suitability_Metadata / Reader_Advisory / Accessibility / Large Print"", ""Series_and_Publication_Metadata / Series_Status / Series"", ""Series_and_Publication_Metadata / Edition_Metadata / Edition_Type""]","[""Fiction / Romance / General Romance / Romance""]","[""Audience / Age_Group / Adult"", ""Audience / Age_Group / Adult / General Adult Audience"", ""Character_and_Representation_Metadata / Protagonist_Profile / Group_Profile / Family-Centered"", ""Content_Suitability_Metadata / Reader_Advisory / Accessibility / Large Print"", ""Series_and_Publication_Metadata / Edition_Metadata / Edition_Type"", ""Series_and_Publication_Metadata / Series_Status / Series"", ""Temporal_Context / Historical_Period / Contemporary""]",8,0,2,NO
9780373510412,Risky Business,"[""Fiction"", ""Love stories, American"", ""Contemporary Fiction"", ""Romance Fiction"", ""Fiction, general"", ""Romance"", ""Contemporary Romance"", ""Contemporary"", ""Businesswomen"", ""Man-woman relationships"", ""Murder"", ""Investigation"", ""Attempted murder"", ""1980s""]","[""Fiction / Romance / General Romance / Romance"", ""Fiction / Romance / General Romance / Love Story"", ""Fiction / Mystery / Crime Mystery / Murder Mystery""]","[""Thematic_Metadata / Conflict_and_Event_Themes / Crime_and_Justice / Investigation"", ""Temporal_Context / Historical_Period / Contemporary"", ""Geographical_Context / Country_or_National_Context / Country_Based_Context / American Context""]","[""Fiction / Romance / General Romance / Romance"", ""Fiction / Romance / Relationship Trope Romance / Workplace Romance"", ""Fiction / Crime Fiction / General Crime Fiction / Murder Fiction""]","[""Thematic_Metadata / Conflict_and_Event_Themes / Crime_and_Justice / Investigation"", ""Temporal_Context / Historical_Period / Contemporary""]","[""Fiction"", ""Fiction / Romance / General Romance / Romance"", ""Fiction / Romance / General Romance / Love Story"", ""Fiction / Romance / Relationship Trope Romance / Workplace Romance"", ""Fiction / Crime Fiction / General Crime Fiction / Murder Fiction""]","[""Thematic_Metadata / Conflict_and_Event_Themes / Crime_and_Justice / Investigation"", ""Temporal_Context / Historical_Period / Contemporary"", ""Thematic_Metadata / Relationship_and_Social_Themes / Love_and_Intimacy / Love"", ""Geographical_Context / Country_or_National_Context / Country_Based_Context / American Context""]","[""Fiction"", ""Fiction / Romance / General Romance / Love Story"", ""Fiction / Romance / General Romance / Romance""]","[""Geographical_Context / Country_or_National_Context / Country_Based_Context / American Context"", ""Temporal_Context / Historical_Period / Contemporary"", ""Thematic_Metadata / Conflict_and_Event_Themes / Crime_and_Justice / Investigation"", ""Thematic_Metadata / Relationship_and_Social_Themes / Love_and_Intimacy / Love""]",7,1,2,YES
9780373614608,"Ultimate Game (Superbolan , No 60)","[""Fiction, men's adventure""]","[""Fiction / Adventure / General Adventure Fiction / Adventure Fiction""]",[],"[""Fiction / Adventure / General Adventure Fiction / Adventure Fiction""]",[],"[""Fiction / Adventure / General Adventure Fiction / Adventure Fiction""]",[],"[""Fiction / Adventure / General Adventure Fiction / Adventure Fiction""]",[],1,0,0,NO
9780373614752,Evil Alliance (Superbolan),"[""Fiction, men's adventure"", ""Bolan, mack (fictitious character), fiction"", ""Action & Adventure""]","[""Fiction / Adventure / General Adventure Fiction / Action Adventure""]",[],"[""Fiction / Action Fiction / General Action Fiction"", ""Fiction / Adventure / General Adventure Fiction""]",[],"[""Fiction / Adventure / General Adventure Fiction / Action Adventure""]",[],"[""Fiction / Adventure / General Adventure Fiction"", ""Fiction / Adventure / General Adventure Fiction / Action Adventure""]",[],2,0,1,NO
9780373614813,Mack Bolan,"[""Vietnam War, 1961-1975"", ""Mack Bolan (Fictitious character)"", ""Fiction"", ""Mafia"", ""Veterans"", ""Fiction, men's adventure"", ""Fiction, action & adventure"", ""Action & Adventure""]","[""Fiction"", ""Fiction / Crime Fiction / Gangster and Organized Crime Fiction / Mafia Fiction"", ""Fiction / Adventure / General Adventure Fiction / Action Adventure""]",[],"[""Fiction / Crime Fiction / Gangster and Organized Crime Fiction / Mafia Fiction"", ""Fiction / Adventure / General Adventure Fiction / Action Adventure""]",[],"[""Fiction / Crime Fiction / Gangster and Organized Crime Fiction / Mafia Fiction"", ""Fiction / Adventure / General Adventure Fiction / Action Adventure"", ""Fiction""]",[],"[""Fiction"", ""Fiction / Adventure / General Adventure Fiction / Action Adventure"", ""Fiction / Crime Fiction / Gangster and Organized Crime Fiction / Mafia Fiction""]",[],3,0,0,NO
9780373614837,Mack Bolan,"[""Vietnam War, 1961-1975"", ""Mack Bolan (Fictitious character)"", ""Fiction"", ""Mafia"", ""Veterans"", ""Fiction, men's adventure"", ""Fiction, action & adventure"", ""Action & Adventure""]","[""Fiction"", ""Fiction / Crime Fiction / Gangster and Organized Crime Fiction / Mafia Fiction"", ""Fiction / Adventure / General Adventure Fiction / Action Adventure""]",[],"[""Fiction / Crime Fiction / Gangster and Organized Crime Fiction / Mafia Fiction"", ""Fiction / Adventure / General Adventure Fiction / Action Adventure""]",[],"[""Fiction / Crime Fiction / Gangster and Organized Crime Fiction / Mafia Fiction"", ""Fiction / Adventure / General Adventure Fiction / Action Adventure"", ""Fiction""]",[],"[""Fiction"", ""Fiction / Adventure / General Adventure Fiction / Action Adventure"", ""Fiction / Crime Fiction / Gangster and Organized Crime Fiction / Mafia Fiction""]",[],3,0,0,NO
9780373619078,The perishing game,"[""Fiction, espionage""]","[""Fiction / Thriller / Political and Espionage Thriller / Espionage Thriller""]",[],"[""Fiction / Thriller / Political and Espionage Thriller / Espionage Thriller""]",[],"[""Fiction / Thriller / Political and Espionage Thriller / Espionage Thriller""]",[],"[""Fiction / Thriller / Political and Espionage Thriller / Espionage Thriller""]",[],1,0,0,NO
9780373625369,Skydark,"[""Fiction"", ""Science fiction"", ""Post Apocalyptic"", ""Adventure"", ""Action"", ""Survivalism"", ""Literature & Fiction""]","[""Fiction / Science Fiction / Dystopian and Post Apocalyptic Fiction / Post Apocalyptic Fiction"", ""Fiction / Adventure / General Adventure Fiction / Adventure Fiction"", ""Fiction / Action Fiction / General Action Fiction / Action Fiction""]",[],"[""Fiction / Science Fiction / Dystopian and Post Apocalyptic Fiction / Post Apocalyptic Fiction"", ""Fiction / Adventure / General Adventure Fiction / Adventure Fiction"", ""Fiction / Action Fiction / General Action Fiction / Action Fiction""]","[""Thematic_Metadata / Knowledge_and_Idea_Themes / Science_and_Technology""]","[""Fiction / Science Fiction / Dystopian and Post Apocalyptic Fiction / Post Apocalyptic Fiction"", ""Fiction / Adventure / General Adventure Fiction / Adventure Fiction"", ""Fiction / Action Fiction / General Action Fiction / Action Fiction""]","[""Thematic_Metadata / Knowledge_and_Idea_Themes / Science_and_Technology""]","[""Fiction / Action Fiction / General Action Fiction / Action Fiction"", ""Fiction / Adventure / General Adventure Fiction / Adventure Fiction"", ""Fiction / Science Fiction / Dystopian and Post Apocalyptic Fiction / Post Apocalyptic Fiction""]",[],3,1,0,YES
9780373632060,Frenchman (Hatchet #3) (Hatchet Book 3),"[""Fiction, general""]","[""Fiction""]",[],"[""Fiction""]",[],"[""Fiction""]",[],"[""Fiction""]",[],1,0,0,NO
9780373632220,Feast Or Famine,"[""Martial Arts"", ""Contemporary""]","[""Nonfiction / Sports and Outdoors / Sports / Martial Arts""]","[""Temporal_Context / Historical_Period / Contemporary""]","[""Nonfiction / Sports and Outdoors / Sports / Martial Arts""]","[""Temporal_Context / Historical_Period / Contemporary"", ""Temporal_Context / Publication_Period / Contemporary_Publication""]","[""Nonfiction / Sports and Outdoors / Sports / Martial Arts""]","[""Temporal_Context / Historical_Period / Contemporary""]","[""Nonfiction / Sports and Outdoors / Sports / Martial Arts""]","[""Temporal_Context / Historical_Period / Contemporary""]",2,1,0,YES
9780373638086,"Deep Trek (Earthblood #2) (Earthblood, No 2)","[""Fiction, general"", ""Post Apocalyptic"", ""Action"", ""Science Fiction""]","[""Fiction / Science Fiction / Dystopian and Post Apocalyptic Fiction / Post Apocalyptic Fiction"", ""Fiction / Action Fiction / General Action Fiction / Action Fiction"", ""Fiction / Science Fiction / General Science Fiction / Science Fiction""]",[],"[""Fiction / Science Fiction / Dystopian and Post Apocalyptic Fiction / Post Apocalyptic Fiction"", ""Fiction / Action Fiction / General Action Fiction / Action Fiction""]",[],"[""Fiction / Science Fiction / Dystopian and Post Apocalyptic Fiction / Post Apocalyptic Fiction"", ""Fiction / Action Fiction / General Action Fiction / Action Fiction""]",[],"[""Fiction / Action Fiction / General Action Fiction / Action Fiction"", ""Fiction / Science Fiction / Dystopian and Post Apocalyptic Fiction / Post Apocalyptic Fiction"", ""Fiction / Science Fiction / General Science Fiction / Science Fiction""]",[],3,0,0,NO
9780373704569,Gun-Shy,"[""Child witnesses"", ""Single mothers"", ""Widows"", ""Fiction"", ""Fiction, general"", ""California"", ""Romance - General"", ""Fiction - General""]","[""Fiction / Romance / General Romance / Romance""]",[],"[""Fiction / Romance / General Romance""]",[],"[""Fiction / Romance / General Romance / Romance""]","[""Character_and_Representation_Metadata / Protagonist_Profile / Age_Profile / Child Protagonist""]","[""Fiction / Romance / General Romance"", ""Fiction / Romance / General Romance / Romance""]",[],2,0,1,NO
9780373705412,Cradle of Dreams,"[""Fiction"", ""Romance"", ""Contemporary""]","[""Fiction / Romance / General Romance / Romance""]","[""Temporal_Context / Historical_Period / Contemporary""]","[""Fiction / Romance""]","[""Temporal_Context / Historical_Period / Contemporary""]","[""Fiction / Romance""]","[""Temporal_Context / Historical_Period / Contemporary"", ""Temporal_Context / Publication_Period / Contemporary_Publication""]","[""Fiction / Romance""]","[""Temporal_Context / Historical_Period / Contemporary""]",2,1,1,YES
9780373709823,Rodeo!,"[""Rodeos"", ""Romance"", ""Cowboys"", ""Rodeo performers"", ""Fiction"", ""Contemporary""]","[""Fiction / Romance / General Romance / Romance"", ""Fiction""]","[""Temporal_Context / Historical_Period / Contemporary""]","[""Fiction / Romance / General Romance / Romance""]","[""Temporal_Context / Historical_Period / Contemporary"", ""Temporal_Context / Publication_Period / Contemporary_Publication""]","[""Fiction / Romance / General Romance / Romance""]","[""Temporal_Context / Historical_Period / Contemporary"", ""Temporal_Context / Publication_Period / Contemporary_Publication""]","[""Fiction"", ""Fiction / Romance / General Romance / Romance""]","[""Temporal_Context / Historical_Period / Contemporary""]",3,1,0,YES
9780373760541,Lovers Only,"[""Romance"", ""Contemporary Fiction""]","[""Fiction / Romance / General Romance / Romance"", ""Fiction / Literary Fiction / General Literary Fiction / Contemporary Fiction""]","[""Temporal_Context / Historical_Period / Contemporary""]","[""Fiction / Romance"", ""Fiction / Literary Fiction / General Literary Fiction / Contemporary Fiction""]","[""Temporal_Context / Historical_Period / Contemporary""]","[""Fiction / Romance / General Romance / Romance"", ""Fiction / Literary Fiction / General Literary Fiction / Contemporary Fiction""]","[""Temporal_Context / Historical_Period / Contemporary"", ""Temporal_Context / Publication_Period / Contemporary_Publication""]","[""Fiction / Literary Fiction / General Literary Fiction / Contemporary Fiction"", ""Fiction / Romance"", ""Fiction / Romance / General Romance / Romance""]","[""Temporal_Context / Historical_Period / Contemporary""]",4,0,1,NO
9780373762491,Heart Of Texas (Man Of The Month/Man Of The Month Anniversary),"[""Fiction, romance, general"", ""Romance"", ""Contemporary""]","[""Fiction / Romance / General Romance / Romance""]","[""Temporal_Context / Historical_Period / Contemporary""]","[""Fiction / Romance / General Romance""]","[""Temporal_Context / Historical_Period / Contemporary"", ""Temporal_Context / Publication_Period / Contemporary_Publication""]","[""Fiction / Romance / General Romance / Romance""]","[""Temporal_Context / Historical_Period / Contemporary"", ""Temporal_Context / Publication_Period / Contemporary_Publication""]","[""Fiction / Romance / General Romance"", ""Fiction / Romance / General Romance / Romance""]","[""Temporal_Context / Historical_Period / Contemporary""]",3,1,0,YES
9780373763146,One Snowbound Weekend...,"[""Romance"", ""Second Chance"", ""Contemporary"", ""Romantic""]","[""Fiction / Romance / General Romance / Romance"", ""Fiction / Romance / Relationship Trope Romance / Second Chance Romance""]","[""Temporal_Context / Historical_Period / Contemporary""]","[""Fiction / Romance / Relationship Trope Romance / Second Chance Romance""]","[""Temporal_Context / Historical_Period / Contemporary""]","[""Fiction / Romance / General Romance / Romance"", ""Fiction / Romance / Relationship Trope Romance / Second Chance Romance""]","[""Temporal_Context / Historical_Period / Contemporary"", ""Temporal_Context / Publication_Period / Contemporary_Publication""]","[""Fiction / Romance / General Romance / Romance"", ""Fiction / Romance / Relationship Trope Romance / Second Chance Romance""]","[""Temporal_Context / Historical_Period / Contemporary""]",3,1,0,YES
9780373763191,Lady With A Past,"[""Fiction, romance, general"", ""Literature & Fiction"", ""Humorous""]","[""Fiction / Romance / General Romance / Romance"", ""Fiction / Humor and Satire / Humorous Fiction""]","[""Narrative_and_Stylistic_Metadata / Tone / Comic / Humorous""]","[""Fiction / Romance / General Romance""]","[""Narrative_and_Stylistic_Metadata / Tone / Comic / Humorous""]","[""Fiction / Romance / General Romance / Romance"", ""Fiction / Humor and Satire / Humorous Fiction""]","[""Narrative_and_Stylistic_Metadata / Tone / Comic / Humorous""]","[""Fiction / Romance / General Romance"", ""Fiction / Romance / General Romance / Romance""]","[""Narrative_and_Stylistic_Metadata / Tone / Comic / Humorous""]",3,0,1,NO
9780373763221,Rancher'S Proposition,"[""Romance"", ""Contemporary""]","[""Fiction / Romance / General Romance / Romance""]","[""Temporal_Context / Historical_Period / Contemporary""]","[""Fiction / Romance / General Romance / Romance""]","[""Temporal_Context / Historical_Period / Contemporary"", ""Temporal_Context / Publication_Period / Contemporary_Publication""]","[""Fiction / Romance / General Romance / Romance""]","[""Temporal_Context / Historical_Period / Contemporary""]","[""Fiction / Romance / General Romance / Romance""]","[""Temporal_Context / Historical_Period / Contemporary""]",2,1,0,YES
9780373810383,Stark Lightning (Men At Work) (Men at Work),"[""Romance"", ""Contemporary""]","[""Fiction / Romance / General Romance / Romance""]","[""Temporal_Context / Historical_Period / Contemporary""]","[""Fiction / Romance / General Romance / Romance""]","[""Temporal_Context / Historical_Period / Contemporary""]","[""Fiction / Romance / General Romance / Romance""]","[""Temporal_Context / Historical_Period / Contemporary""]","[""Fiction / Romance / General Romance / Romance""]","[""Temporal_Context / Historical_Period / Contemporary""]",2,0,0,NO
9780373833276,Love's Choices,"[""Fiction, romance, general"", ""Romance fiction"", ""Romance"", ""Contemporary"", ""Contemporary Romance"", ""Second Chance""]","[""Fiction / Romance / General Romance / Romance"", ""Fiction / Romance / Relationship Trope Romance / Second Chance Romance""]","[""Temporal_Context / Historical_Period / Contemporary""]","[""Fiction / Romance / General Romance"", ""Fiction / Romance / Relationship Trope Romance / Second Chance Romance""]","[""Temporal_Context / Historical_Period / Contemporary""]","[""Fiction / Romance / Relationship Trope Romance / Second Chance Romance"", ""Fiction / Romance / General Romance / Romance""]","[""Temporal_Context / Historical_Period / Contemporary"", ""Temporal_Context / Publication_Period / Contemporary_Publication""]","[""Fiction / Romance / General Romance"", ""Fiction / Romance / General Romance / Romance"", ""Fiction / Romance / Relationship Trope Romance / Second Chance Romance""]","[""Temporal_Context / Historical_Period / Contemporary"", ""Temporal_Context / Publication_Period / Contemporary_Publication""]",5,0,0,NO
9780373880355,Just Like Jessica,"[""Fiction"", ""Self-acceptance"", ""Sisters"", ""Children: Young Adult (Gr. 7-9)""]","[""Fiction""]","[""Audience / Age_Group / Young_Adult / Young Adult Audience""]","[""Fiction""]","[""Audience / Age_Group / Young_Adult""]","[""Fiction""]","[""Audience / Age_Group / Young_Adult / Young Adult Audience""]","[""Fiction""]","[""Audience / Age_Group / Young_Adult"", ""Audience / Age_Group / Young_Adult / Young Adult Audience""]",3,0,0,NO
9780374183899,Last lovers,"[""Fiction"", ""Blind women"", ""Painters"", ""Friendship"", ""Americans"", ""France, fiction"", ""Paris (france), fiction"", ""Fiction, general"", ""Americans -- France -- Fiction."", ""Blind women -- Fiction."", ""Friendship -- Fiction."", ""Painters -- Fiction."", ""Paris (France) -- Fiction."", ""Romance"", ""Contemporary"", ""Novels"", ""Literature & Fiction""]","[""Fiction / Romance / General Romance / Romance"", ""Fiction / Literary Fiction / General Literary Fiction / Contemporary Fiction"", ""Fiction / Literary Fiction / Family and Relationship Fiction / Friendship Fiction""]","[""Thematic_Metadata / Relationship_and_Social_Themes / Friendship / Friendship"", ""Temporal_Context / Historical_Period / Contemporary"", ""Character_and_Representation_Metadata / Identity_Representation / Gender_Representation / Women-Centered""]","[""Fiction / Romance"", ""Fiction / Literary Fiction / General Literary Fiction / Contemporary Fiction""]","[""Thematic_Metadata / Relationship_and_Social_Themes / Friendship"", ""Character_and_Representation_Metadata / Identity_Representation / Gender_Representation / Women-Centered""]","[""Fiction / Romance / General Romance / Romance""]","[""Thematic_Metadata / Relationship_and_Social_Themes / Friendship / Friendship"", ""Temporal_Context / Historical_Period / Contemporary"", ""Character_and_Representation_Metadata / Identity_Representation / Gender_Representation / Women-Centered""]","[""Fiction / Romance""]","[""Character_and_Representation_Metadata / Identity_Representation / Gender_Representation / Women-Centered"", ""Temporal_Context / Historical_Period / Contemporary"", ""Thematic_Metadata / Relationship_and_Social_Themes / Friendship"", ""Thematic_Metadata / Relationship_and_Social_Themes / Friendship / Friendship""]",5,3,0,YES
9780374311902,Cat and mouse in the night,"[""Fiction"", ""Mice"", ""Cats"", ""Night"", ""Children's fiction"", ""Picture Books"", ""Children's Books"", ""Growing Up & Facts of Life"", ""Family Life"", ""Sleep""]","[""Fiction""]","[""Thematic_Metadata / Relationship_and_Social_Themes / Family""]","[""Fiction / Literary Fiction / Family and Relationship Fiction / Family Saga""]","[""Thematic_Metadata / Relationship_and_Social_Themes / Family""]","[""Fiction""]","[""Thematic_Metadata / Relationship_and_Social_Themes / Family"", ""Audience / Age_Group / All_Ages / Family Audience"", ""Character_and_Representation_Metadata / Protagonist_Profile / Group_Profile / Family-Centered""]","[""Fiction""]","[""Thematic_Metadata / Relationship_and_Social_Themes / Family""]",2,1,2,YES
9780374413392,Coming About,"[""Children's fiction"", ""Sailing, fiction"", ""Fiction"", ""Friendship"", ""Schools"", ""Children: Young Adult (Gr. 10-12)""]","[""Fiction"", ""Fiction / Literary Fiction / Family and Relationship Fiction / Friendship Fiction""]","[""Audience / Age_Group / Young_Adult / Young Adult Audience"", ""Thematic_Metadata / Relationship_and_Social_Themes / Friendship / Friendship""]","[""Fiction / Literary Fiction / Family and Relationship Fiction / Friendship Fiction""]","[""Audience / Age_Group / Young_Adult""]","[""Fiction / Literary Fiction / Family and Relationship Fiction / Friendship Fiction"", ""Fiction""]","[""Thematic_Metadata / Relationship_and_Social_Themes / Friendship / Friendship"", ""Audience / Age_Group / Young_Adult / Young Adult Audience""]","[""Fiction"", ""Fiction / Literary Fiction / Family and Relationship Fiction / Friendship Fiction""]","[""Audience / Age_Group / Young_Adult"", ""Audience / Age_Group / Young_Adult / Young Adult Audience"", ""Thematic_Metadata / Relationship_and_Social_Themes / Friendship / Friendship""]",5,0,0,NO
9780374424442,For the life of Laetitia,"[""Children's fiction"", ""Schools, fiction"", ""Family life, fiction"", ""Caribbean area, fiction"", ""Coming Of Age"", ""Teen"", ""Fiction""]","[""Fiction""]","[""Audience / Age_Group / Teen / Teen Audience"", ""Thematic_Metadata / Relationship_and_Social_Themes / Family""]","[""Fiction / Drama / Social Drama / Family Drama""]","[""Audience / Age_Group / Teen"", ""Character_and_Representation_Metadata / Protagonist_Profile / Age_Profile / Teen Protagonist"", ""Thematic_Metadata / Relationship_and_Social_Themes / Family""]","[""Fiction"", ""Fiction / Literary Fiction / Family and Relationship Fiction / Family Saga""]","[""Audience / Age_Group / Teen / Teen Audience"", ""Thematic_Metadata / Relationship_and_Social_Themes / Family"", ""Character_and_Representation_Metadata / Protagonist_Profile / Age_Profile / Teen Protagonist""]","[""Fiction""]","[""Audience / Age_Group / Teen"", ""Audience / Age_Group / Teen / Teen Audience"", ""Thematic_Metadata / Relationship_and_Social_Themes / Family""]",4,1,2,YES
9780374427672,Goody Hall,"[""Juvenile fiction"", ""Detective and mystery stories"", ""Mystery and detective stories"", ""Reading Level-Grade 5"", ""Reading Level-Grade 4"", ""Reading Level-Grade 7"", ""Reading Level-Grade 6"", ""Children's fiction"", ""Mystery"", ""Middle Grade"", ""Fiction"", ""Childrens"", ""Juvenile"", ""Reading Level-Grade 8""]","[""Fiction / Mystery / Detective Mystery"", ""Fiction / Mystery""]","[""Audience / Age_Group / Middle_Grade"", ""Audience / Reading_Level""]","[""Fiction / Mystery / Detective Mystery"", ""Fiction / Mystery / Traditional Mystery / Childrens Adventure and Mystery""]","[""Audience / Age_Group / Middle_Grade"", ""Audience / Reading_Level"", ""Audience / Educational_Stage / School_Level / Middle School""]","[""Fiction / Mystery / Traditional Mystery / Childrens Adventure and Mystery""]","[""Audience / Age_Group / Middle_Grade"", ""Audience / Reading_Level"", ""Audience / Educational_Stage / School_Level / Middle School""]","[""Fiction / Mystery"", ""Fiction / Mystery / Detective Mystery""]","[""Audience / Age_Group / Middle_Grade"", ""Audience / Reading_Level""]",4,0,2,NO
9780374519049,Cassandra,"[""Cassandra (Legendary character)"", ""Fiction"", ""Trojan War"", ""Mythology"", ""Historical Fiction"", ""Classics"", ""Greek Mythology"", ""Retellings"", ""Literature & Fiction"", ""Regional & Cultural"", ""European""]","[""Fiction / Historical Fiction""]","[""Thematic_Metadata / Conflict_and_Event_Themes / War_and_Conflict / War""]","[""Fiction / Historical Fiction"", ""Fiction / Fantasy / Fairy Tales / Retellings""]","[""Thematic_Metadata / Conflict_and_Event_Themes / War_and_Conflict / War""]","[""Fiction / Historical Fiction"", ""Fiction / Action Fiction / Military and Combat Fiction / War Fiction""]","[""Thematic_Metadata / Conflict_and_Event_Themes / War_and_Conflict / War"", ""Temporal_Context / Historical_Period""]","[""Fiction / Historical Fiction""]","[""Thematic_Metadata / Conflict_and_Event_Themes / War_and_Conflict / War""]",2,1,2,YES
9780375806025,Arthur's first kiss,"[""Fiction"", ""Animals"", ""Brothers and sisters"", ""Toy and movable books"", ""Aardvark"", ""Parties"", ""Kissing"", ""Juvenile fiction"", ""Arthur (Fictitious character : Brown)"", ""Brothers and sisters, fiction"", ""Children's fiction"", ""Aardvark, fiction"", ""Arthur (fictitious character : brown), fiction"", ""Parties, fiction"", ""Animals, fiction"", ""Kissing -- Fiction"", ""Brothers and sisters -- Fiction"", ""Picture Books"", ""2nd Grade"", ""Children's Books"", ""Growing Up & Facts of Life"", ""Family Life"", ""New Experiences"", ""Aardvark -- Fiction"", ""Animals -- Fiction"", ""Parties -- Fiction""]","[""Fiction""]","[""Thematic_Metadata / Nature_and_Environment_Themes / Animals"", ""Thematic_Metadata / Relationship_and_Social_Themes / Family"", ""Audience / Age_Group / Middle_Grade""]","[""Fiction / Drama / Social Drama / Family Drama""]","[""Thematic_Metadata / Nature_and_Environment_Themes / Animals"", ""Thematic_Metadata / Relationship_and_Social_Themes / Family"", ""Geographical_Context / Place_Type / Domestic / Family Household"", ""Audience / Age_Group / All_Ages / Family Audience""]","[""Fiction"", ""Fiction / Literary Fiction / Family and Relationship Fiction / Family Saga""]","[""Thematic_Metadata / Nature_and_Environment_Themes / Animals"", ""Thematic_Metadata / Relationship_and_Social_Themes / Family"", ""Audience / Age_Group / All_Ages / Family Audience""]","[""Fiction""]","[""Thematic_Metadata / Nature_and_Environment_Themes / Animals"", ""Thematic_Metadata / Relationship_and_Social_Themes / Family""]",3,0,5,NO
9780380006694,Director,"[""Fiction, general""]","[""Fiction""]",[],"[""Fiction""]",[],"[""Fiction""]",[],"[""Fiction""]",[],1,0,0,NO
9780380620005,Boy Who Turned into a TV Set,"[""Fiction"", ""Children's fiction"", ""Children's 9-12"", ""Children's Books""]","[""Fiction""]",[],"[""Fiction""]",[],"[""Fiction""]",[],"[""Fiction""]",[],1,0,0,NO
9780380677023,Hunter in the dark.,"[""Fiction"", ""Adventure and adventurers, fiction"", ""Hunting, fiction"", ""Young Adult"", ""Children's fiction""]","[""Fiction"", ""Fiction / Adventure / General Adventure Fiction / Adventure Fiction""]","[""Audience / Age_Group / Young_Adult / Young Adult Audience""]","[""Fiction / Adventure / General Adventure Fiction / Adventure Fiction""]","[""Audience / Age_Group / Young_Adult / Young Adult Audience""]","[""Fiction"", ""Fiction / Adventure""]","[""Audience / Age_Group / Young_Adult / Young Adult Audience""]","[""Fiction"", ""Fiction / Adventure"", ""Fiction / Adventure / General Adventure Fiction / Adventure Fiction""]","[""Audience / Age_Group / Young_Adult / Young Adult Audience""]",4,0,0,NO
9780380698943,Wild Spenders,"[""English fiction"", ""General"", ""Fiction - General""]","[""Fiction""]","[""Language_and_Textual_Context / Language / Single_Language / English""]","[""Fiction""]","[""Language_and_Textual_Context / Language / Single_Language / English""]","[""Fiction""]","[""Language_and_Textual_Context / Language / Single_Language / English""]","[""Fiction""]","[""Language_and_Textual_Context / Language / Single_Language / English""]",2,0,0,NO
9780380699117,"Bubble, Bubble, Toil and Trouble","[""Family"", ""Families"", ""Mothers"", ""Humor"", ""Wit and humor"", ""Essays"", ""Humor & Entertainment""]","[""Nonfiction / Humor Nonfiction / Humor / Humorous Essays"", ""Nonfiction / Humor Nonfiction / Humor / Wit and Wordplay""]","[""Thematic_Metadata / Relationship_and_Social_Themes / Family""]","[""Nonfiction / Humor Nonfiction / Humor / Humorous Essays"", ""Nonfiction / Humor Nonfiction / Humor / Wit and Wordplay""]","[""Thematic_Metadata / Relationship_and_Social_Themes / Family"", ""Audience / Age_Group / All_Ages / Family Audience"", ""Geographical_Context / Place_Type / Domestic / Family Household"", ""Character_and_Representation_Metadata / Protagonist_Profile / Group_Profile / Family-Centered""]","[""Nonfiction / Humor Nonfiction / Humor / Humorous Essays"", ""Nonfiction / Humor Nonfiction / Humor / Wit and Wordplay"", ""Nonfiction / Humor Nonfiction / Humor""]","[""Thematic_Metadata / Relationship_and_Social_Themes / Family"", ""Audience / Age_Group / All_Ages / Family Audience"", ""Character_and_Representation_Metadata / Protagonist_Profile / Group_Profile / Family-Centered""]","[""Nonfiction / Humor Nonfiction / Humor / Humorous Essays"", ""Nonfiction / Humor Nonfiction / Humor / Wit and Wordplay""]","[""Thematic_Metadata / Relationship_and_Social_Themes / Family""]",3,3,1,YES
9780380704231,War in the Painted Buttes,"[""Westerns""]","[""Fiction""]",[],"[""Fiction""]",[],[],[],[],[],0,0,1,NO
9780380704972,Josie Gambit,"[""Children's fiction"", ""Mystery and detective stories"", ""Fiction""]","[""Fiction"", ""Fiction / Mystery / Detective Mystery""]",[],"[""Fiction / Mystery / Detective Mystery"", ""Fiction / Mystery / Traditional Mystery / Childrens Adventure and Mystery""]",[],"[""Fiction / Mystery / Traditional Mystery / Childrens Adventure and Mystery"", ""Fiction / Mystery / Detective Mystery""]","[""Character_and_Representation_Metadata / Protagonist_Profile / Role_Profile / Detective""]","[""Fiction"", ""Fiction / Mystery / Detective Mystery""]",[],2,1,1,YES
9780380705375,Frankie's Run (Flare),"[""Juvenile fiction"", ""Children's fiction""]","[""Fiction""]",[],"[""Fiction""]",[],"[""Fiction""]",[],"[""Fiction""]",[],1,0,0,NO
9780380706037,Reckoning at Yankee Flat,"[""Outlaws"", ""Sheriffs"", ""Vigilance committees"", ""Fiction"", ""Fiction, westerns""]","[""Fiction""]",[],"[""Fiction""]",[],"[""Fiction""]",[],"[""Fiction""]",[],1,0,0,NO
9780380706617,Dead Serious,"[""Suicide"", ""Adolescent psychology"", ""Suicidal behavior"", ""Teenagers"", ""Prevention"", ""Comportement suicidaire"", ""Psychologie"", ""Jeunesse"", ""Adolescents"", ""Youth"", ""Suicide, juvenile literature"", ""Psychology"", ""Nonfiction"", ""Mental Health"", ""Counselling""]","[""Nonfiction / Medicine and Health / Health and Wellness / Mental Health"", ""Nonfiction / Science / Cognitive and Behavioral Sciences / Psychology""]","[""Character_and_Representation_Metadata / Identity_Representation / Disability_Representation / Mental Health Representation""]","[""Nonfiction / Medicine and Health / Health and Wellness / Mental Health"", ""Nonfiction / Science / Cognitive and Behavioral Sciences / Psychology""]","[""Character_and_Representation_Metadata / Identity_Representation / Disability_Representation / Mental Health Representation""]","[""Nonfiction / Science / Cognitive and Behavioral Sciences / Psychology"", ""Nonfiction / Medicine and Health / Health and Wellness / Mental Health""]","[""Character_and_Representation_Metadata / Identity_Representation / Disability_Representation / Mental Health Representation""]","[""Nonfiction / Medicine and Health / Health and Wellness / Mental Health"", ""Nonfiction / Science / Cognitive and Behavioral Sciences / Psychology""]","[""Character_and_Representation_Metadata / Identity_Representation / Disability_Representation / Mental Health Representation""]",3,0,0,NO
9780380707300,Desert Stake-Out,"[""Fiction, mystery & detective, general"", ""Westerns"", ""Genre Fiction""]","[""Fiction / Mystery / Detective Mystery"", ""Fiction""]",[],"[""Fiction / Mystery / Detective Mystery""]","[""Character_and_Representation_Metadata / Protagonist_Profile / Role_Profile / Detective""]","[""Fiction / Mystery""]","[""Character_and_Representation_Metadata / Protagonist_Profile / Role_Profile / Detective""]","[""Fiction"", ""Fiction / Mystery""]",[],2,2,0,YES
9780380707652,Prisoner of Pineapple Place,"[""Children's fiction"", ""Mystery and detective stories"", ""Childrens""]","[""Fiction / Mystery / Traditional Mystery / Childrens Adventure and Mystery""]",[],"[""Fiction / Mystery / Detective Mystery""]",[],"[""Fiction / Mystery / Traditional Mystery / Childrens Adventure and Mystery""]","[""Character_and_Representation_Metadata / Protagonist_Profile / Role_Profile / Detective""]",[],[],0,1,2,YES
9780380709229,The Luckiest Girl,"[""Fiction"", ""Teenage girls"", ""Love, fiction"", ""Teenagers"", ""Young Adult"", ""Romance"", ""Realistic Fiction"", ""California, fiction"", ""Girls, fiction""]","[""Fiction / Romance / General Romance / Romance"", ""Fiction / Literary Fiction / General Literary Fiction / Realistic Fiction""]","[""Thematic_Metadata / Relationship_and_Social_Themes / Love_and_Intimacy / Love"", ""Audience / Age_Group / Young_Adult / Young Adult Audience""]","[""Fiction / Romance"", ""Fiction / Literary Fiction / General Literary Fiction / Realistic Fiction""]","[""Audience / Age_Group / Young_Adult"", ""Thematic_Metadata / Relationship_and_Social_Themes / Love_and_Intimacy""]","[""Fiction / Romance / General Romance / Romance"", ""Fiction / Literary Fiction / General Literary Fiction / Realistic Fiction""]","[""Audience / Age_Group / Young_Adult / Young Adult Audience"", ""Thematic_Metadata / Relationship_and_Social_Themes / Love_and_Intimacy / Love""]","[""Fiction / Literary Fiction / General Literary Fiction / Realistic Fiction"", ""Fiction / Romance""]","[""Audience / Age_Group / Young_Adult"", ""Audience / Age_Group / Young_Adult / Young Adult Audience"", ""Thematic_Metadata / Relationship_and_Social_Themes / Love_and_Intimacy"", ""Thematic_Metadata / Relationship_and_Social_Themes / Love_and_Intimacy / Love""]",6,1,0,YES
9780380718269,Me Two,"[""Science fiction"", ""Juvenile fiction"", ""Children's fiction"", ""Boys, fiction""]","[""Fiction / Science Fiction / General Science Fiction / Science Fiction""]",[],"[""Fiction / Science Fiction""]",[],"[""Fiction / Science Fiction""]","[""Thematic_Metadata / Knowledge_and_Idea_Themes / Science_and_Technology""]","[""Fiction / Science Fiction"", ""Fiction / Science Fiction / General Science Fiction / Science Fiction""]",[],2,0,1,NO
9780380722815,For the Love of Pete,"[""Fathers and daughters, fiction"", ""Travel, fiction""]","[""Fiction""]","[""Geographical_Context / Place_Type / Travel_Related""]","[""Fiction""]","[""Geographical_Context / Place_Type / Travel_Related""]","[""Fiction""]","[""Geographical_Context / Place_Type / Travel_Related""]","[""Fiction""]","[""Geographical_Context / Place_Type / Travel_Related""]",2,0,0,NO
9780380724994,B.J.'s Billion-Dollar Bet,"[""Fiction"", ""Lotteries -- Fiction."", ""Wagers"", ""Friendship, fiction"", ""Children's 9-12"", ""Lotteries""]","[""Fiction"", ""Fiction / Literary Fiction / Family and Relationship Fiction / Friendship Fiction""]","[""Thematic_Metadata / Relationship_and_Social_Themes / Friendship""]","[""Fiction / Literary Fiction / Family and Relationship Fiction / Friendship Fiction""]","[""Thematic_Metadata / Relationship_and_Social_Themes / Friendship""]","[""Fiction / Literary Fiction / Family and Relationship Fiction / Friendship Fiction"", ""Fiction""]","[""Thematic_Metadata / Relationship_and_Social_Themes / Friendship / Friendship""]","[""Fiction"", ""Fiction / Literary Fiction / Family and Relationship Fiction / Friendship Fiction""]","[""Thematic_Metadata / Relationship_and_Social_Themes / Friendship"", ""Thematic_Metadata / Relationship_and_Social_Themes / Friendship / Friendship""]",4,0,0,NO
9780380725021,Their Kind of Town (A Chicago Mystery),"[""Women journalists"", ""Fiction"", ""Police"", ""Fiction, mystery & detective, general"", ""Illinois, fiction"", ""Chicago (ill.), fiction""]","[""Fiction"", ""Fiction / Mystery / Detective Mystery""]","[""Character_and_Representation_Metadata / Identity_Representation / Gender_Representation / Women-Centered""]","[""Fiction / Mystery / Detective Mystery / Police Detective Mystery""]","[""Character_and_Representation_Metadata / Identity_Representation / Gender_Representation / Women-Centered""]","[""Fiction / Mystery / Detective Mystery / Police Detective Mystery""]","[""Character_and_Representation_Metadata / Identity_Representation / Gender_Representation / Women-Centered""]","[""Fiction""]","[""Character_and_Representation_Metadata / Identity_Representation / Gender_Representation / Women-Centered""]",2,1,1,YES
9780380728510,The California kid fights back,"[""Juvenile fiction"", ""Adventure and adventurers, fiction"", ""Children's fiction"", ""Action & Adventure""]","[""Fiction / Adventure / General Adventure Fiction / Action Adventure""]",[],"[""Fiction / Adventure / General Adventure Fiction / Action Adventure""]",[],"[""Fiction / Adventure / General Adventure Fiction / Action Adventure""]",[],"[""Fiction / Adventure / General Adventure Fiction / Action Adventure""]",[],1,0,0,NO
9780380729371,Black Hearts and Slow Dancing,"[""Fiction"", ""Mac Fontana (Fictitious character)"", ""Fire fighters"", ""Fiction, mystery & detective, general"", ""Washington (state), fiction"", ""Mystery"", ""Crime"", ""Mystery, Thriller & Suspense"", ""Hard-Boiled"", ""Fontana, mac (fictitious character), fiction""]","[""Fiction / Mystery / Detective Mystery"", ""Fiction / Mystery / Crime Mystery / Noir Mystery"", ""Fiction / Crime Fiction""]","[""Thematic_Metadata / Conflict_and_Event_Themes / Crime_and_Justice / Crime"", ""Character_and_Representation_Metadata / Protagonist_Profile / Role_Profile / Detective""]","[""Fiction / Mystery"", ""Fiction / Crime Fiction""]","[""Thematic_Metadata / Conflict_and_Event_Themes / Crime_and_Justice / Crime""]","[""Fiction / Mystery"", ""Fiction / Crime Fiction / General Crime Fiction / Crime Fiction""]",[],"[""Fiction / Mystery""]","[""Thematic_Metadata / Conflict_and_Event_Themes / Crime_and_Justice / Crime""]",2,1,4,YES
9780380729821,Operation,"[""Fiction"", ""Fiction, thrillers, espionage"", ""Women""]","[""Fiction"", ""Fiction / Thriller / Political and Espionage Thriller / Espionage Thriller""]","[""Character_and_Representation_Metadata / Identity_Representation / Gender_Representation / Women-Centered""]","[""Fiction / Thriller / Political and Espionage Thriller / Espionage Thriller""]","[""Character_and_Representation_Metadata / Identity_Representation / Gender_Representation / Women-Centered""]","[""Fiction"", ""Fiction / Thriller / Political and Espionage Thriller / Espionage Thriller""]","[""Character_and_Representation_Metadata / Identity_Representation / Gender_Representation / Women-Centered""]","[""Fiction"", ""Fiction / Thriller / Political and Espionage Thriller / Espionage Thriller""]","[""Character_and_Representation_Metadata / Identity_Representation / Gender_Representation / Women-Centered""]",3,0,0,NO
9780380730551,No More Nice,"[""Children's fiction"", ""Family, fiction""]","[""Fiction / Literary Fiction / Family and Relationship Fiction""]","[""Thematic_Metadata / Relationship_and_Social_Themes / Family""]","[""Fiction / Literary Fiction / Family and Relationship Fiction""]","[""Thematic_Metadata / Relationship_and_Social_Themes / Family"", ""Audience / Age_Group / All_Ages / Family Audience""]","[""Fiction / Literary Fiction / Family and Relationship Fiction""]","[""Thematic_Metadata / Relationship_and_Social_Themes / Family"", ""Audience / Age_Group / All_Ages / Family Audience"", ""Character_and_Representation_Metadata / Protagonist_Profile / Group_Profile / Family-Centered""]","[""Fiction / Literary Fiction / Family and Relationship Fiction""]","[""Thematic_Metadata / Relationship_and_Social_Themes / Family""]",2,2,0,YES
9780380731466,"Blood Artists, The","[""Fiction, medical"", ""Fiction, thrillers"", ""Horror"", ""Thriller"", ""Mystery"", ""Suspense"", ""Mystery Thriller"", ""Medical""]","[""Fiction"", ""Fiction / Thriller"", ""Fiction / Thriller / Legal and Forensic Thriller / Medical Thriller"", ""Fiction / Horror"", ""Fiction / Mystery"", ""Fiction / Suspense""]",[],"[""Fiction / Thriller / Legal and Forensic Thriller / Medical Thriller"", ""Fiction / Thriller"", ""Fiction / Mystery"", ""Fiction / Suspense"", ""Fiction / Horror""]",[],"[""Fiction / Thriller / Legal and Forensic Thriller / Medical Thriller"", ""Fiction / Mystery"", ""Fiction / Suspense"", ""Fiction / Horror""]",[],"[""Fiction"", ""Fiction / Horror"", ""Fiction / Mystery"", ""Fiction / Suspense"", ""Fiction / Thriller"", ""Fiction / Thriller / Legal and Forensic Thriller / Medical Thriller""]",[],6,0,0,NO
9780380752683,Remington No. 3,"[""Fiction, westerns"", ""Westerns - General"", ""Fiction - Western""]","[""Fiction / Action Fiction / Western Fiction / Western""]",[],"[""Fiction""]",[],"[""Fiction / Action Fiction / Western Fiction / Western""]",[],"[""Fiction""]",[],1,1,0,YES
9780380753086,Choices,"[""Cancer"", ""Cancer, treatment"", ""Therapy"", ""Health, Fitness & Dieting"", ""Diseases & Physical Ailments"", ""Miscellanea"", ""Popular Works"", ""Handbooks""]","[""Nonfiction / Medicine and Health / Health and Wellness / Health""]",[],"[""Nonfiction / Medicine and Health / Health and Wellness / Health"", ""Nonfiction / Medicine and Health / Health and Wellness / Fitness""]",[],"[""Nonfiction / Medicine and Health / Health and Wellness / Health"", ""Nonfiction / Medicine and Health / Health and Wellness / Fitness""]",[],"[""Nonfiction / Medicine and Health / Health and Wellness / Health""]",[],1,1,0,YES
9780380755530,Lovestorm,"[""Fiction, general"", ""Romance""]","[""Fiction / Romance / General Romance / Romance""]",[],"[""Fiction / Romance / General Romance""]",[],"[""Fiction / Romance""]",[],"[""Fiction / Romance""]",[],1,0,2,NO
9780380757022,Color war!,"[""Camps"", ""Fiction"", ""Children's fiction"", ""Camping, fiction"", ""Young Adult"", ""Teen & Young Adult""]","[""Fiction""]","[""Audience / Age_Group / Young_Adult / Young Adult Audience"", ""Audience / Age_Group / Teen / Teen Audience""]","[""Fiction""]","[""Audience / Age_Group / Young_Adult / Young Adult Audience"", ""Audience / Age_Group / Teen""]","[""Fiction""]","[""Audience / Age_Group / Young_Adult / Young Adult Audience"", ""Audience / Age_Group / Teen / Teen Audience""]","[""Fiction""]","[""Audience / Age_Group / Teen"", ""Audience / Age_Group / Teen / Teen Audience"", ""Audience / Age_Group / Young_Adult / Young Adult Audience""]",4,0,0,NO
9780380759071,"Island of the Weird (Fifth Grade Monsters, No. 11)","[""Children's fiction"", ""Monsters, fiction"", ""Schools, fiction""]","[""Fiction""]",[],"[""Fiction""]",[],"[""Fiction""]",[],"[""Fiction""]",[],1,0,0,NO
9780380759095,Looking for trouble,"[""Fiction"", ""Camps"", ""Friendship"", ""Children, fiction"", ""Children's fiction"", ""Camps, fiction"", ""Middle Grade"", ""Children's Books""]","[""Fiction"", ""Fiction / Literary Fiction / Family and Relationship Fiction / Friendship Fiction""]","[""Audience / Age_Group / Middle_Grade"", ""Thematic_Metadata / Relationship_and_Social_Themes / Friendship""]","[""Fiction / Literary Fiction / Family and Relationship Fiction / Friendship Fiction""]","[""Audience / Age_Group / Middle_Grade"", ""Thematic_Metadata / Relationship_and_Social_Themes / Friendship""]","[""Fiction / Literary Fiction / Family and Relationship Fiction / Friendship Fiction"", ""Fiction""]","[""Thematic_Metadata / Relationship_and_Social_Themes / Friendship / Friendship"", ""Audience / Age_Group / Middle_Grade""]","[""Fiction"", ""Fiction / Literary Fiction / Family and Relationship Fiction / Friendship Fiction""]","[""Audience / Age_Group / Middle_Grade"", ""Thematic_Metadata / Relationship_and_Social_Themes / Friendship"", ""Thematic_Metadata / Relationship_and_Social_Themes / Friendship / Friendship""]",5,0,0,NO
9780380759194,Fun in the Kitchen,"[""Cooking"", ""Juvenile literature"", ""Cooking, juvenile literature"", ""Methods - Beginner's Cookery"", ""Children's 9-12"", ""Cookery"", ""Children: Grades 4-6""]","[""Nonfiction / Cooking and Food / Cooking""]",[],"[""Nonfiction / Cooking and Food / Cooking""]",[],"[""Nonfiction / Cooking and Food / Cooking""]",[],"[""Nonfiction / Cooking and Food / Cooking""]",[],1,0,0,NO
9780380760367,Stranger than fiction.,"[""Insects"", ""Juvenile literature"", ""Insects, juvenile literature"", ""Insects -- Juvenile literature"", ""Children's Books""]","[""Nonfiction""]",[],[],[],[],[],[],[],0,0,1,NO
9780380760855,No Time for Rabbits,"[""Fiction, general"", ""Young Adult"", ""Teen & Young Adult"", ""Literature & Fiction""]","[""Fiction""]","[""Audience / Age_Group / Young_Adult / Young Adult Audience"", ""Audience / Age_Group / Teen / Teen Audience""]","[""Fiction""]","[""Audience / Age_Group / Young_Adult / Young Adult Audience"", ""Audience / Age_Group / Teen / Teen Audience""]","[""Fiction""]","[""Audience / Age_Group / Young_Adult / Young Adult Audience"", ""Audience / Age_Group / Teen / Teen Audience""]","[""Fiction""]","[""Audience / Age_Group / Teen / Teen Audience"", ""Audience / Age_Group / Young_Adult / Young Adult Audience""]",3,0,0,NO
9780380761142,Molly Maguire,"[""Children's fiction"", ""Girls, fiction"", ""Football, fiction"", ""Children's 9-12"", ""Fiction"", ""Football"", ""Children: Grades 4-6""]","[""Fiction""]",[],"[""Fiction""]",[],"[""Fiction""]",[],"[""Fiction""]",[],1,0,0,NO
9780380761395,Dorrie's Book,"[""Fiction"", ""Family life"", ""Children's stories"", ""Triplets"", ""Girls, fiction"", ""Children's fiction"", ""Middle Grade"", ""Children's Books""]","[""Fiction""]","[""Audience / Age_Group / Middle_Grade"", ""Thematic_Metadata / Relationship_and_Social_Themes / Family""]","[""Fiction / Literary Fiction / Family and Relationship Fiction / Family Saga""]","[""Audience / Age_Group / Middle_Grade"", ""Thematic_Metadata / Relationship_and_Social_Themes / Family""]","[""Fiction"", ""Fiction / Drama / Social Drama / Family Drama""]","[""Audience / Age_Group / Middle_Grade"", ""Thematic_Metadata / Relationship_and_Social_Themes / Family"", ""Character_and_Representation_Metadata / Protagonist_Profile / Group_Profile / Family-Centered""]","[""Fiction""]","[""Audience / Age_Group / Middle_Grade"", ""Thematic_Metadata / Relationship_and_Social_Themes / Family""]",3,1,2,YES
9780380762217,What happened to Amelia Earhart?,"[""Air pilots"", ""Juvenile literature"", ""Biography"", ""Women"", ""Earhart, amelia, 1898-1937"", ""Earhart, Amelia, 1897-1937 -- Juvenile literature."", ""Air pilots -- United States -- Biography -- Juvenile literature."", ""Children's Books""]","[""Nonfiction / Biography / Biography / Biography""]","[""Character_and_Representation_Metadata / Identity_Representation / Gender_Representation / Women-Centered""]","[""Nonfiction / Biography / Biography""]","[""Character_and_Representation_Metadata / Identity_Representation / Gender_Representation / Women-Centered""]","[""Nonfiction / Biography""]","[""Character_and_Representation_Metadata / Identity_Representation / Gender_Representation / Women-Centered""]","[""Nonfiction / Biography""]","[""Character_and_Representation_Metadata / Identity_Representation / Gender_Representation / Women-Centered""]",2,0,2,NO
9780380763054,"Monster Boy (5th Grade Monsters, No 13)","[""Children's fiction"", ""Monsters, fiction"", ""Children's 9-12"", ""Fiction"", ""Monsters"", ""Children: Grades 4-6""]","[""Fiction""]",[],"[""Fiction""]",[],"[""Fiction""]",[],"[""Fiction""]",[],1,0,0,NO
9780380764044,Fruit Blasterz from outer space,"[""Children's fiction"", ""Science fiction""]","[""Fiction / Science Fiction / General Science Fiction / Science Fiction""]",[],"[""Fiction / Science Fiction / General Science Fiction""]","[""Thematic_Metadata / Knowledge_and_Idea_Themes / Science_and_Technology""]","[""Fiction / Science Fiction""]",[],"[""Fiction / Science Fiction"", ""Fiction / Science Fiction / General Science Fiction / Science Fiction""]",[],2,2,0,YES
9780380767571,The secret of the plant that ate dirty socks,"[""Plants"", ""Brothers"", ""Fiction"", ""Children's fiction"", ""Fantasy fiction"", ""Plants -- Fiction."", ""Brothers -- Fiction."", ""Humor"", ""Childrens"", ""Fantasy"", ""Chapter Books"", ""Children's Books""]","[""Fiction"", ""Fiction / Fantasy"", ""Fiction / Humor and Satire / Humorous Fiction / Humor Fiction""]",[],"[""Fiction / Fantasy"", ""Fiction / Humor and Satire / Humorous Fiction / Humor Fiction""]",[],"[""Fiction / Humor and Satire / Humorous Fiction / Humor Fiction"", ""Fiction / Fantasy""]",[],"[""Fiction"", ""Fiction / Fantasy"", ""Fiction / Humor and Satire / Humorous Fiction / Humor Fiction""]",[],3,0,0,NO
9780380768479,The best medicine,"[""Children's fiction"", ""Hospitals, fiction"", ""Nurses, fiction""]","[""Fiction""]",[],"[""Fiction""]",[],"[""Fiction""]",[],"[""Fiction""]",[],1,0,0,NO
9780380768967,Cookie McCorkle and the case of the crooked key,"[""Mystery and detective stories"", ""Juvenile fiction"", ""Children's fiction"", ""Children's Books""]","[""Fiction / Mystery / Detective Mystery"", ""Fiction / Mystery / Traditional Mystery / Childrens Adventure and Mystery""]",[],"[""Fiction / Mystery / Detective Mystery"", ""Fiction / Mystery / Traditional Mystery / Childrens Adventure and Mystery""]","[""Character_and_Representation_Metadata / Protagonist_Profile / Role_Profile / Detective""]","[""Fiction / Mystery / Traditional Mystery / Childrens Adventure and Mystery""]","[""Character_and_Representation_Metadata / Protagonist_Profile / Role_Profile / Detective""]","[""Fiction / Mystery / Detective Mystery"", ""Fiction / Mystery / Traditional Mystery / Childrens Adventure and Mystery""]",[],2,1,0,YES
9780380769957,Fan Mail,"[""Fiction"", ""Horror"", ""Thriller"", ""Young Adult"", ""Teen"", ""Teen & Young Adult"", ""Literature & Fiction"", ""Mystery""]","[""Fiction / Horror"", ""Fiction / Thriller"", ""Fiction / Mystery""]","[""Audience / Age_Group / Young_Adult / Young Adult Audience"", ""Audience / Age_Group / Teen / Teen Audience""]","[""Fiction / Horror"", ""Fiction / Thriller"", ""Fiction / Mystery""]","[""Audience / Age_Group / Young_Adult / Young Adult Audience"", ""Audience / Age_Group / Teen / Teen Audience""]","[""Fiction / Thriller"", ""Fiction / Horror"", ""Fiction / Mystery""]","[""Audience / Age_Group / Young_Adult / Young Adult Audience"", ""Audience / Age_Group / Teen / Teen Audience""]","[""Fiction / Horror"", ""Fiction / Mystery"", ""Fiction / Thriller""]","[""Audience / Age_Group / Teen / Teen Audience"", ""Audience / Age_Group / Young_Adult / Young Adult Audience""]",5,0,0,NO
9780380770502,"Clean-Up Crew (The Eco-Kids, No 2)","[""Children: Grades 3-4"", ""Children's fiction"", ""Ecology, fiction"", ""Fiction"", ""Recycling (Waste, etc.)"", ""Schools"", ""Children's Books""]","[""Fiction""]","[""Thematic_Metadata / Nature_and_Environment_Themes / Environment / Ecology""]","[""Fiction""]","[""Thematic_Metadata / Nature_and_Environment_Themes / Environment / Ecology""]","[""Fiction""]","[""Thematic_Metadata / Nature_and_Environment_Themes / Environment / Ecology""]","[""Fiction""]","[""Thematic_Metadata / Nature_and_Environment_Themes / Environment / Ecology""]",2,0,0,NO
9780380773046,Slime lives!,"[""Curiosities and wonders"", ""Juvenile literature"", ""Children's Books""]","[""Nonfiction""]",[],"[""Nonfiction""]",[],"[""Fiction""]",[],[],[],0,0,2,NO
9780380774623,Super Snoop Sam Snout and the Case of the Yogurt Poker,"[""Children: Grades 3-4"", ""Children's fiction"", ""Mystery and detective stories"", ""Readers - Beginner"", ""Children's 4-8"", ""Fiction"", ""Children's Books""]","[""Fiction"", ""Fiction / Mystery / Detective Mystery""]","[""Audience / Reading_Level / Beginner"", ""Audience / Reading_Level / Beginner / Beginner Reader"", ""Character_and_Representation_Metadata / Protagonist_Profile / Role_Profile / Detective""]","[""Fiction"", ""Fiction / Mystery / Detective Mystery""]","[""Audience / Reading_Level / Beginner"", ""Character_and_Representation_Metadata / Protagonist_Profile / Role_Profile / Detective""]","[""Fiction / Mystery / Traditional Mystery / Childrens Adventure and Mystery""]","[""Audience / Reading_Level / Beginner"", ""Audience / Reading_Level / Beginner / Beginner Reader""]","[""Fiction"", ""Fiction / Mystery / Detective Mystery""]","[""Audience / Reading_Level / Beginner"", ""Audience / Reading_Level / Beginner / Beginner Reader""]",4,1,1,YES
9780380775484,My Lord Conqueror (An Avon Romantic Treasure),"[""Fiction"", ""Romance"", ""Historical"", ""Historical Romance"", ""Medieval"", ""Medieval Romance"", ""Enemies To Lovers"", ""Steamy""]","[""Fiction / Romance / General Romance / Romance"", ""Fiction / Romance / Relationship Trope Romance / Enemies to Lovers Romance"", ""Fiction / Romance / Erotic Romance / Passionate Romance""]","[""Temporal_Context / Historical_Period / Medieval""]","[""Fiction / Romance"", ""Fiction / Historical Fiction"", ""Fiction / Romance / Relationship Trope Romance / Enemies to Lovers Romance"", ""Fiction / Romance / Erotic Romance""]","[""Temporal_Context / Historical_Period / Medieval""]","[""Fiction / Romance / Relationship Trope Romance / Enemies to Lovers Romance""]","[""Temporal_Context / Historical_Period / Medieval""]","[""Fiction / Romance"", ""Fiction / Romance / General Romance / Romance"", ""Fiction / Romance / Relationship Trope Romance / Enemies to Lovers Romance""]","[""Temporal_Context / Historical_Period / Medieval""]",4,0,3,NO
9780380778058,Souvenirs,"[""Death"", ""Fiction"", ""Brothers and sisters, fiction"", ""Young Adult"", ""Teen & Young Adult"", ""Literature & Fiction""]","[""Fiction""]","[""Audience / Age_Group / Young_Adult / Young Adult Audience"", ""Audience / Age_Group / Teen / Teen Audience""]","[""Fiction""]","[""Audience / Age_Group / Young_Adult / Young Adult Audience"", ""Audience / Age_Group / Teen / Teen Audience""]","[""Fiction""]","[""Audience / Age_Group / Young_Adult / Young Adult Audience"", ""Audience / Age_Group / Teen / Teen Audience""]","[""Fiction""]","[""Audience / Age_Group / Teen / Teen Audience"", ""Audience / Age_Group / Young_Adult / Young Adult Audience""]",3,0,0,NO
9780380778508,Till the Leaves Change,"[""Fiction"", ""Growing Up & Facts of Life"", ""Family Life"", ""Multigenerational""]","[""Fiction"", ""Fiction / Drama / Social Drama / Family Drama""]","[""Thematic_Metadata / Relationship_and_Social_Themes / Family"", ""Character_and_Representation_Metadata / Protagonist_Profile / Group_Profile / Family-Centered""]","[""Fiction / Literary Fiction / Family and Relationship Fiction / Family Saga""]","[""Thematic_Metadata / Relationship_and_Social_Themes / Family"", ""Character_and_Representation_Metadata / Protagonist_Profile / Group_Profile / Family-Centered""]","[""Fiction"", ""Fiction / Literary Fiction / Family and Relationship Fiction / Family Saga"", ""Fiction / Drama / Social Drama / Family Drama"", ""Fiction / Literary Fiction / General Literary Fiction / Slice of Life Fiction""]","[""Thematic_Metadata / Relationship_and_Social_Themes / Family"", ""Audience / Age_Group / All_Ages / Family Audience"", ""Character_and_Representation_Metadata / Protagonist_Profile / Group_Profile / Family-Centered""]",[],"[""Character_and_Representation_Metadata / Protagonist_Profile / Group_Profile / Family-Centered"", ""Thematic_Metadata / Relationship_and_Social_Themes / Family""]",2,0,5,NO
9780380783687,Jonathan's Wife,"[""Man-woman relationships"", ""Fiction"", ""Fiction, romance, contemporary"", ""Romance - Contemporary"", ""Fiction - Romance"", ""Romance: Modern"", ""Romance"", ""Contemporary""]","[""Fiction / Romance / General Romance / Romance""]","[""Temporal_Context / Historical_Period / Contemporary""]","[""Fiction / Romance""]","[""Temporal_Context / Historical_Period / Contemporary""]","[""Fiction / Romance / General Romance / Romance""]","[""Temporal_Context / Historical_Period / Contemporary"", ""Temporal_Context / Historical_Period / Modern""]","[""Fiction / Romance"", ""Fiction / Romance / General Romance / Romance""]","[""Temporal_Context / Historical_Period / Contemporary"", ""Temporal_Context / Historical_Period / Modern""]",4,0,0,NO
9780380784615,S 15,"[""Children's fiction"", ""Horror stories"", ""Horror & Ghost Stories"", ""Juvenile Fiction / General"", ""Juvenile Fiction"", ""Children's 9-12 - Fiction - Horror"", ""Fiction"", ""Children: Grades 4-6"", ""Children's Books"", ""Spine-Chilling Horror""]","[""Fiction"", ""Fiction / Horror""]",[],"[""Fiction / Horror / Supernatural Horror / Ghost Story""]",[],"[""Fiction / Horror / Supernatural Horror / Ghost Story""]",[],"[""Fiction"", ""Fiction / Horror"", ""Fiction / Horror / Supernatural Horror / Ghost Story""]",[],3,0,0,NO
9780380786015,Drowning Towers,"[""Fiction, general""]","[""Fiction""]",[],"[""Fiction""]",[],"[""Fiction""]",[],"[""Fiction""]",[],1,0,0,NO
9780380788057,S 20,"[""Fiction"", ""Horror stories"", ""Horror & Ghost Stories"", ""Juvenile Fiction / Horror & Ghost Stories"", ""Children's Books/Ages 9-12 Fiction"", ""Monsters"", ""Children: Grades 4-6"", ""Children's Books"", ""Horror tales"", ""Children's fiction""]","[""Fiction"", ""Fiction / Horror"", ""Fiction / Horror / Monster Horror / Monster Horror""]",[],"[""Fiction / Horror / Supernatural Horror / Ghost Story"", ""Fiction / Horror / Monster Horror / Monster Horror""]",[],"[""Fiction / Horror / Supernatural Horror / Ghost Story"", ""Fiction / Horror / Monster Horror / Monster Horror""]",[],"[""Fiction"", ""Fiction / Horror"", ""Fiction / Horror / Monster Horror / Monster Horror"", ""Fiction / Horror / Supernatural Horror / Ghost Story""]",[],4,0,0,NO
9780380789924,Unconscious truths,"[""Fiction"", ""Women detectives"", ""Memory"", ""Fiction, mystery & detective, women sleuths"", ""Mcalister, haley (fictitious character), fiction"", ""College teachers, fiction"", ""Houston (tex.), fiction"", ""Texas, fiction""]","[""Fiction"", ""Fiction / Mystery / Detective Mystery""]","[""Character_and_Representation_Metadata / Identity_Representation / Gender_Representation / Women-Centered"", ""Audience / Educational_Stage / College_Level""]","[""Fiction / Mystery / Detective Mystery / Amateur Detective Mystery""]","[""Character_and_Representation_Metadata / Identity_Representation / Gender_Representation / Women-Centered""]","[""Fiction"", ""Fiction / Mystery / Detective Mystery""]","[""Character_and_Representation_Metadata / Identity_Representation / Gender_Representation / Women-Centered"", ""Audience / Educational_Stage / College_Level""]","[""Fiction"", ""Fiction / Mystery / Detective Mystery""]","[""Character_and_Representation_Metadata / Identity_Representation / Gender_Representation / Women-Centered""]",3,0,2,NO
9780380790159,Above the Law,"[""Fiction, general""]","[""Fiction""]",[],"[""Fiction""]",[],"[""Fiction""]",[],"[""Fiction""]",[],1,0,0,NO
9780380790692,Playing Dead,"[""Fiction"", ""Fiction, thrillers, suspense"", ""Fiction, mystery & detective, general"", ""Suspense"", ""Mystery, Thriller & Suspense"", ""Thrillers & Suspense"", ""Serial murderers"", ""Journalists, fiction"", ""New york (n.y.), fiction""]","[""Fiction / Thriller"", ""Fiction / Suspense / Suspense Fiction / Suspense Fiction"", ""Fiction / Mystery / Detective Mystery""]",[],"[""Fiction / Thriller"", ""Fiction / Suspense"", ""Fiction / Mystery / Crime Mystery / Murder Mystery""]",[],"[""Fiction / Suspense"", ""Fiction / Mystery / Detective Mystery"", ""Fiction / Mystery / Crime Mystery / Murder Mystery""]","[""Book_Format_and_Form / Textual_Form / Serial_Form"", ""Character_and_Representation_Metadata / Protagonist_Profile / Role_Profile / Detective""]","[""Fiction / Suspense"", ""Fiction / Thriller""]",[],2,1,4,YES
9780380791880,Empire of dust,"[""American Detective and mystery stories"", ""Detective and mystery stories, American"", ""Fiction"", ""Occult crime"", ""Occult crime -- Fiction"", ""Horror"", ""Mystery, Thriller & Suspense"", ""Suspense"", ""Paranormal"", ""Psychics""]","[""Fiction / Mystery / Detective Mystery"", ""Fiction / Horror / Supernatural Horror / Occult Horror"", ""Fiction / Suspense / Suspense Fiction / Suspense Fiction""]","[""Thematic_Metadata / Conflict_and_Event_Themes / Crime_and_Justice / Crime""]","[""Fiction / Mystery / Detective Mystery"", ""Fiction / Suspense"", ""Fiction / Crime Fiction"", ""Fiction / Horror / Supernatural Horror / Occult Horror"", ""Fiction / Horror / Supernatural Horror / Paranormal Horror""]","[""Thematic_Metadata / Conflict_and_Event_Themes / Crime_and_Justice / Crime""]","[""Fiction / Mystery / Detective Mystery"", ""Fiction / Suspense / Suspense Fiction"", ""Fiction / Horror"", ""Fiction / Horror / Supernatural Horror / Paranormal Horror"", ""Fiction / Horror / Supernatural Horror / Occult Horror"", ""Fiction / Crime Fiction""]","[""Thematic_Metadata / Conflict_and_Event_Themes / Crime_and_Justice / Crime""]","[""Fiction / Horror"", ""Fiction / Horror / Supernatural Horror / Occult Horror"", ""Fiction / Mystery / Detective Mystery"", ""Fiction / Suspense""]","[""Thematic_Metadata / Conflict_and_Event_Themes / Crime_and_Justice / Crime""]",5,1,3,YES
9780380797479,"The Pirate Lord (Lord Trilogy, Book 1)","[""historical romance"", ""pirate romance"", ""Fiction"", ""Romance"", ""Historical"", ""Pirates""]","[""Fiction / Romance"", ""Fiction / Historical Fiction""]","[""Temporal_Context / Historical_Period""]","[""Fiction / Romance"", ""Fiction / Historical Fiction""]",[],"[""Fiction / Historical Fiction"", ""Fiction / Romance / General Romance / Romance""]",[],"[""Fiction / Historical Fiction"", ""Fiction / Romance""]",[],2,0,2,NO
9780380798704,Elements of a Kill,"[""Fiction, mystery & detective, police procedural"", ""Alaska, fiction"", ""Attla, ray (fictitious character), fiction"", ""Inuit, fiction"", ""Mystery"", ""Mystery, Thriller & Suspense"", ""Traditional Detectives""]","[""Fiction / Mystery / Procedural Mystery / Police Procedural"", ""Fiction / Mystery / Traditional Mystery""]",[],"[""Fiction / Mystery / Procedural Mystery / Police Procedural""]",[],"[""Fiction / Mystery / Procedural Mystery / Police Procedural"", ""Fiction / Mystery / Traditional Mystery""]",[],"[""Fiction / Mystery / Procedural Mystery / Police Procedural""]",[],1,1,0,YES
9780380974368,Eater,"[""Science fiction"", ""Fiction"", ""Black holes (Astronomy)"", ""Fiction, science fiction, general"", ""Hard Science Fiction"", ""Thriller"", ""Literature & Fiction"", ""Genre Fiction"", ""Disaster""]","[""Fiction / Science Fiction / Hard and Soft Science Fiction / Hard Science Fiction"", ""Fiction / Thriller / Action Thriller / Disaster Thriller""]","[""Thematic_Metadata / Conflict_and_Event_Themes / Survival_and_Risk / Disaster""]","[""Fiction / Science Fiction / Hard and Soft Science Fiction / Hard Science Fiction"", ""Fiction / Thriller""]","[""Thematic_Metadata / Conflict_and_Event_Themes / Survival_and_Risk / Disaster"", ""Thematic_Metadata / Knowledge_and_Idea_Themes / Science_and_Technology""]","[""Fiction / Science Fiction / Hard and Soft Science Fiction / Hard Science Fiction"", ""Fiction / Thriller""]","[""Thematic_Metadata / Conflict_and_Event_Themes / Survival_and_Risk / Disaster"", ""Thematic_Metadata / Knowledge_and_Idea_Themes / Science_and_Technology""]","[""Fiction / Science Fiction / Hard and Soft Science Fiction / Hard Science Fiction"", ""Fiction / Thriller""]","[""Thematic_Metadata / Conflict_and_Event_Themes / Survival_and_Risk / Disaster""]",3,1,1,YES
9780385022927,The road to Hollywood,"[""Biography"", ""Comedians"", ""Motion picture actors and actresses"", ""Acting"", ""Actors, united states"", ""Nonfiction"", ""Humor"", ""Autobiography""]","[""Nonfiction / Memoir / Memoir / Autobiography"", ""Nonfiction / Biography / Biography / Artistic Biography""]",[],"[""Nonfiction / Memoir / Memoir / Autobiography"", ""Nonfiction / Humor Nonfiction / Humor""]","[""Geographical_Context / World_Region / North_America / United States""]","[""Nonfiction / Biography / Biography"", ""Nonfiction / Memoir / Memoir / Autobiography"", ""Nonfiction / Humor Nonfiction / Humor / Humor Nonfiction""]","[""Geographical_Context / World_Region / North_America / United States""]","[""Nonfiction / Biography / Biography"", ""Nonfiction / Humor Nonfiction / Humor"", ""Nonfiction / Memoir / Memoir / Autobiography""]","[""Geographical_Context / World_Region / North_America / United States""]",4,0,2,NO
9780385136044,The delta decision,"[""Fiction"", ""Thriller"", ""Adventure"", ""Action"", ""Mystery"", ""Literature & Fiction""]","[""Fiction / Thriller"", ""Fiction / Adventure"", ""Fiction / Action Fiction"", ""Fiction / Mystery""]",[],"[""Fiction / Thriller"", ""Fiction / Mystery"", ""Fiction / Adventure"", ""Fiction / Action Fiction""]",[],"[""Fiction / Thriller"", ""Fiction / Adventure"", ""Fiction / Action Fiction"", ""Fiction / Mystery""]",[],"[""Fiction / Action Fiction"", ""Fiction / Adventure"", ""Fiction / Mystery"", ""Fiction / Thriller""]",[],4,0,0,NO
9780385151412,Pentagon,"[""Fiction"", ""Fiction, general"", ""Literature & Fiction""]","[""Fiction""]",[],"[""Fiction""]",[],"[""Fiction""]",[],"[""Fiction""]",[],1,0,0,NO
9780385159906,Smith and other events,"[""Fiction"", ""Social life and customs"", ""Chilcotin Indians"", ""Ranch life"", ""Western stories"", ""City and town life"", ""Manners and customs"", ""Fiction, short stories (single author)"", ""British columbia, fiction"", ""Fiction, general"", ""Chilcotin Indians -- Social life and customs -- Fiction."", ""British Columbia -- Social life and customs -- Fiction.""]","[""Fiction / Action Fiction / Western Fiction / Western"", ""Fiction / Literary Fiction / Short Form Literary Fiction / Short Fiction""]","[""Series_and_Publication_Metadata / Authorship_Metadata / Single_Author / Single Author"", ""Book_Format_and_Form / Textual_Form / Short_Form / Short Story""]","[""Fiction / Action Fiction / Western Fiction / Western"", ""Fiction / Literary Fiction / Short Form Literary Fiction / Short Fiction""]","[""Book_Format_and_Form / Textual_Form / Short_Form / Short Story"", ""Book_Format_and_Form / Narrative_Length / Short""]","[""Fiction / Action Fiction / Western Fiction / Western"", ""Fiction / Literary Fiction / Short Form Literary Fiction / Short Fiction""]","[""Series_and_Publication_Metadata / Authorship_Metadata / Single_Author / Single Author"", ""Book_Format_and_Form / Textual_Form / Short_Form / Short Story"", ""Book_Format_and_Form / Narrative_Length / Short"", ""Thematic_Metadata / Relationship_and_Social_Themes""]","[""Fiction / Action Fiction / Western Fiction / Western"", ""Fiction / Literary Fiction / Short Form Literary Fiction / Short Fiction""]","[""Book_Format_and_Form / Narrative_Length / Short"", ""Book_Format_and_Form / Textual_Form / Short_Form / Short Story"", ""Series_and_Publication_Metadata / Authorship_Metadata / Single_Author / Single Author""]",5,1,0,YES
9780385171885,Dreams that burn in the night,"[""Science fiction, American""]","[""Fiction / Science Fiction""]","[""Geographical_Context / Country_or_National_Context / Country_Based_Context / American Context""]","[""Fiction / Science Fiction / General Science Fiction / Science Fiction""]","[""Geographical_Context / Country_or_National_Context / Country_Based_Context / American Context""]","[""Fiction / Science Fiction / General Science Fiction / Science Fiction""]","[""Geographical_Context / Country_or_National_Context / Country_Based_Context / American Context""]","[""Fiction / Science Fiction"", ""Fiction / Science Fiction / General Science Fiction / Science Fiction""]","[""Geographical_Context / Country_or_National_Context / Country_Based_Context / American Context""]",3,0,0,NO
9780385171946,A mighty afternoon,"[""Fiction"", ""Little Bighorn, Battle of the, Mont., 1876"", ""Custer, George Armstrong, 1839-1876 -- Fiction"", ""Little Bighorn, Battle of the, Mont., 1876 -- Fiction"", ""Indians of North America -- Wars -- Fiction""]","[""Fiction""]","[""Geographical_Context / World_Region / North_America""]","[""Fiction""]","[""Geographical_Context / World_Region / North_America""]","[""Fiction""]","[""Geographical_Context / World_Region / North_America""]","[""Fiction""]","[""Geographical_Context / World_Region / North_America""]",2,0,0,NO
9780385172196,The hunter's bible,"[""Hunting"", ""Reference"", ""Encyclopedias & Subject Guides""]","[""Nonfiction"", ""Nonfiction / Reference and Knowledge Organization / Reference""]","[""Book_Format_and_Form / Textual_Form / Reference_Form""]","[""Nonfiction / Reference and Knowledge Organization / Reference""]","[""Book_Format_and_Form / Textual_Form / Reference_Form""]","[""Nonfiction / Reference and Knowledge Organization / Reference""]","[""Book_Format_and_Form / Textual_Form / Reference_Form""]","[""Nonfiction"", ""Nonfiction / Reference and Knowledge Organization / Reference""]","[""Book_Format_and_Form / Textual_Form / Reference_Form""]",3,0,0,NO
9780385174701,End of the tracks,"[""American literature""]","[""Fiction""]","[""Geographical_Context / Country_or_National_Context / Country_Based_Context / American Context""]",[],"[""Geographical_Context / Country_or_National_Context / Country_Based_Context / American Context""]",[],"[""Geographical_Context / Country_or_National_Context / Country_Based_Context / American Context""]",[],"[""Geographical_Context / Country_or_National_Context / Country_Based_Context / American Context""]",1,0,1,NO
9780385176552,A land beyond tears,"[""Bereavement"", ""Case studies"", ""Death"", ""Family relationships"", ""Psychological aspects"", ""Psychological aspects of Bereavement"", ""Psychological aspects of Death"", ""Psychotherapy"", ""Terminally ill"", ""Bereavement -- Psychological aspects -- Case studies."", ""Death -- Psychological aspects -- Case studies."", ""Terminally ill -- Family relationships -- Case studies."", ""Psychotherapy -- Case studies.""]","[""Nonfiction""]","[""Thematic_Metadata / Relationship_and_Social_Themes / Family""]","[""Nonfiction""]","[""Thematic_Metadata / Relationship_and_Social_Themes / Family"", ""Character_and_Representation_Metadata / Protagonist_Profile / Group_Profile / Family-Centered""]","[""Nonfiction""]","[""Thematic_Metadata / Relationship_and_Social_Themes / Family""]","[""Nonfiction""]","[""Thematic_Metadata / Relationship_and_Social_Themes / Family""]",2,1,0,YES
9780385179638,Fair's Fair,"[""Children's Books"", ""Literature & Fiction"", ""Picture Books"", ""Christmas""]","[""Fiction""]",[],"[""Fiction""]",[],"[""Fiction""]",[],"[""Fiction""]",[],1,0,0,NO
9780385198721,The gift horse,"[""Fiction, general"", ""Literature & Fiction""]","[""Fiction""]",[],"[""Fiction""]",[],"[""Fiction""]",[],"[""Fiction""]",[],1,0,0,NO
9780385233620,French made simple,"[""French language"", ""Grammar"", ""Text-books for foreign speakers"", ""Textbooks for foreign speakers"", ""French language, textbooks for foreign speakers"", ""French language -- Textbooks for foreign speakers -- English."", ""Reference"", ""Language"", ""Nonfiction"", ""Education & Teaching"", ""Studying & Workbooks""]","[""Nonfiction / Language and Linguistics / Language / Grammar"", ""Nonfiction / Reference and Knowledge Organization / Reference"", ""Nonfiction / Education / Education""]","[""Language_and_Textual_Context / Language / Single_Language / French"", ""Book_Format_and_Form / Textual_Form / Reference_Form"", ""Content_Suitability_Metadata / Reader_Advisory / Accessibility / Simplified Language""]","[""Nonfiction / Language and Linguistics / Language / Grammar""]","[""Language_and_Textual_Context / Language / Single_Language / French""]","[""Nonfiction / Language and Linguistics / Language / Grammar""]","[""Language_and_Textual_Context / Language / Single_Language / French"", ""Content_Suitability_Metadata / Reader_Advisory / Accessibility / Simplified Language""]","[""Nonfiction / Language and Linguistics / Language / Grammar""]","[""Language_and_Textual_Context / Language / Single_Language / French""]",2,1,3,YES
9780385251020,Contact prints,"[""Fiction""]","[""Fiction""]",[],"[""Fiction""]",[],"[""Fiction""]",[],"[""Fiction""]",[],1,0,0,NO
9780385255264,Dennis And the Big Cleanup,"[""Juvenile fiction"", ""Recycling (Waste, etc.)""]","[""Fiction""]",[],"[""Fiction""]",[],"[""Fiction""]",[],"[""Fiction""]",[],1,0,0,NO
9780385292610,Love and glory,"[""Fiction"", ""Literature"", ""Literature & Fiction"", ""Literary Fiction"", ""Historical""]","[""Fiction / Literary Fiction"", ""Fiction / Historical Fiction""]",[],"[""Fiction / Literary Fiction"", ""Fiction / Historical Fiction""]",[],"[""Fiction / Literary Fiction / General Literary Fiction"", ""Fiction / Historical Fiction""]",[],"[""Fiction / Historical Fiction"", ""Fiction / Literary Fiction""]",[],2,0,1,NO
9780385292986,"Loretta P. Sweeny, where are you?","[""Mystery and detective stories"", ""Middle Grade"", ""Children's Books"", ""Mystery and detective stories.""]","[""Fiction / Mystery / Detective Mystery"", ""Fiction / Mystery / Traditional Mystery / Childrens Adventure and Mystery""]","[""Audience / Age_Group / Middle_Grade""]","[""Fiction / Mystery / Traditional Mystery / Childrens Adventure and Mystery""]","[""Audience / Age_Group / Middle_Grade""]","[""Fiction / Mystery / Detective Mystery""]","[""Audience / Age_Group / Middle_Grade""]",[],"[""Audience / Age_Group / Middle_Grade""]",1,0,2,NO
9780385293853,A Catskill eagle,"[""Private investigators"", ""Detective and mystery stories"", ""Fiction"", ""Detectives"", ""Mystery"", ""Crime"", ""Thriller"", ""Mystery Thriller"", ""Hard Boiled"", ""Mystery, Thriller & Suspense"", ""Hard-Boiled"", ""Boston (mass.), fiction"", ""Massachusetts, fiction"", ""Spenser (Fictitious character)"", ""Spenser (fictitious character), fiction"", ""Spenser (Fictitious character) -- Fiction"", ""Private investigators -- Massachusetts -- Boston -- Fiction"", ""Boston (Mass.) -- Fiction"", ""Detective""]","[""Fiction / Mystery / Detective Mystery / Private Investigator Mystery"", ""Fiction / Mystery / Crime Mystery / Noir Mystery"", ""Fiction / Thriller""]","[""Character_and_Representation_Metadata / Protagonist_Profile / Role_Profile / Detective"", ""Thematic_Metadata / Conflict_and_Event_Themes / Crime_and_Justice / Crime""]","[""Fiction / Mystery / Detective Mystery / Private Investigator Mystery""]","[""Character_and_Representation_Metadata / Protagonist_Profile / Role_Profile / Detective"", ""Thematic_Metadata / Conflict_and_Event_Themes / Crime_and_Justice / Crime"", ""Thematic_Metadata / Conflict_and_Event_Themes / Crime_and_Justice""]","[""Fiction / Mystery / Detective Mystery / Private Investigator Mystery""]","[""Character_and_Representation_Metadata / Protagonist_Profile / Role_Profile / Detective"", ""Thematic_Metadata / Conflict_and_Event_Themes / Crime_and_Justice / Crime"", ""Thematic_Metadata / Conflict_and_Event_Themes / Crime_and_Justice""]","[""Fiction / Mystery / Detective Mystery / Private Investigator Mystery"", ""Fiction / Thriller""]","[""Character_and_Representation_Metadata / Protagonist_Profile / Role_Profile / Detective"", ""Thematic_Metadata / Conflict_and_Event_Themes / Crime_and_Justice / Crime""]",4,1,1,YES
9780385294065,Travelers by night,"[""Circus"", ""Elephants"", ""Fiction"", ""Juvenile fiction"", ""Circus -- Fiction."", ""Elephants -- Fiction."", ""England -- Fiction.""]","[""Fiction""]",[],"[""Fiction""]",[],"[""Fiction""]",[],"[""Fiction""]",[],1,0,0,NO
9780385294867,"Love, from the fifth grade celebrity","[""Juvenile fiction"", ""Friendship"", ""Fiction"", ""Friendship -- Fiction"", ""Middle Grade"", ""Children's Books""]","[""Fiction / Literary Fiction / Family and Relationship Fiction / Friendship Fiction""]","[""Thematic_Metadata / Relationship_and_Social_Themes / Friendship"", ""Audience / Age_Group / Middle_Grade""]","[""Fiction / Literary Fiction / Family and Relationship Fiction / Friendship Fiction"", ""Fiction""]","[""Thematic_Metadata / Relationship_and_Social_Themes / Friendship"", ""Audience / Age_Group / Middle_Grade""]","[""Fiction / Literary Fiction / Family and Relationship Fiction / Friendship Fiction"", ""Fiction""]","[""Thematic_Metadata / Relationship_and_Social_Themes / Friendship / Friendship"", ""Thematic_Metadata / Relationship_and_Social_Themes / Friendship"", ""Audience / Age_Group / Middle_Grade""]","[""Fiction"", ""Fiction / Literary Fiction / Family and Relationship Fiction / Friendship Fiction""]","[""Audience / Age_Group / Middle_Grade"", ""Thematic_Metadata / Relationship_and_Social_Themes / Friendship"", ""Thematic_Metadata / Relationship_and_Social_Themes / Friendship / Friendship""]",5,0,0,NO
9780385295840,Dear Bruce Springsteen,"[""Letters"", ""Fiction"", ""Parent and child"", ""Young Adult"", ""Teen & Young Adult"", ""Literature & Fiction""]","[""Fiction""]","[""Book_Format_and_Form / Textual_Form / Personal_Document_Form / Letters"", ""Audience / Age_Group / Young_Adult / Young Adult Audience"", ""Thematic_Metadata / Relationship_and_Social_Themes / Family / Parent-Child Relationship""]","[""Fiction""]","[""Book_Format_and_Form / Textual_Form / Personal_Document_Form / Letters"", ""Narrative_and_Stylistic_Metadata / Narrative_Structure / Epistolary / Letters-Based"", ""Thematic_Metadata / Relationship_and_Social_Themes / Family / Parent-Child Relationship"", ""Audience / Age_Group / Young_Adult / Young Adult Audience"", ""Audience / Age_Group / Young_Adult"", ""Audience / Age_Group / Teen / Teen Audience"", ""Audience / Age_Group / Teen""]","[""Fiction""]","[""Book_Format_and_Form / Textual_Form / Personal_Document_Form / Letters"", ""Narrative_and_Stylistic_Metadata / Narrative_Structure / Epistolary / Letters-Based"", ""Audience / Age_Group / Young_Adult / Young Adult Audience"", ""Audience / Age_Group / Young_Adult"", ""Audience / Age_Group / Teen / Teen Audience"", ""Audience / Age_Group / Teen"", ""Thematic_Metadata / Relationship_and_Social_Themes / Family / Parent-Child Relationship""]","[""Fiction""]","[""Audience / Age_Group / Teen"", ""Audience / Age_Group / Teen / Teen Audience"", ""Audience / Age_Group / Young_Adult"", ""Audience / Age_Group / Young_Adult / Young Adult Audience"", ""Book_Format_and_Form / Textual_Form / Personal_Document_Form / Letters"", ""Thematic_Metadata / Relationship_and_Social_Themes / Family / Parent-Child Relationship""]",7,1,0,YES
9780385296939,"Poopsie Pomerantz, pick up your feet","[""Fiction"", ""Ballet dancing"", ""Ballet dancing -- Fiction.""]","[""Fiction""]",[],"[""Fiction""]",[],"[""Fiction""]",[],"[""Fiction""]",[],1,0,0,NO
9780385298957,Jackpot,"[""Fiction"", ""Private investigators"", ""Nameless Detective (Fictitious character)"", ""California, fiction"", ""San francisco (calif.), fiction"", ""Fiction, mystery & detective, police procedural"", ""Private investigators, fiction"", ""Nameless Detective (Fictitious character) -- Fiction."", ""Private investigators -- California -- San Francisco -- Fiction."", ""San Francisco (Calif.) -- Fiction."", ""Mystery"", ""Mystery, Thriller & Suspense"", ""Thrillers & Suspense"", ""Suspense"", ""Nameless detective (fictitious character), fiction""]","[""Fiction"", ""Fiction / Mystery"", ""Fiction / Mystery / Detective Mystery / Private Investigator Mystery"", ""Fiction / Suspense""]",[],"[""Fiction / Mystery / Detective Mystery / Private Investigator Mystery"", ""Fiction / Suspense""]",[],"[""Fiction / Suspense / Suspense Fiction / Suspense Fiction"", ""Fiction / Mystery / Procedural Mystery / Police Procedural"", ""Fiction / Mystery / Detective Mystery / Private Investigator Mystery""]",[],"[""Fiction"", ""Fiction / Mystery"", ""Fiction / Mystery / Detective Mystery / Private Investigator Mystery"", ""Fiction / Mystery / Procedural Mystery / Police Procedural"", ""Fiction / Suspense""]",[],5,0,1,NO
9780385299596,Threat case,"[""Fiction, action & adventure"", ""Fiction, thrillers, espionage"", ""Fiction"", ""Thriller"", ""Literature & Fiction""]","[""Fiction"", ""Fiction / Thriller"", ""Fiction / Thriller / Political and Espionage Thriller / Espionage Thriller"", ""Fiction / Action Fiction / General Action Fiction / Action Fiction""]",[],"[""Fiction / Thriller / Political and Espionage Thriller / Espionage Thriller"", ""Fiction / Adventure / General Adventure Fiction / Action Adventure""]",[],"[""Fiction / Thriller"", ""Fiction / Adventure / General Adventure Fiction / Action Adventure"", ""Fiction / Thriller / Political and Espionage Thriller / Spy Thriller""]",[],"[""Fiction"", ""Fiction / Thriller""]",[],2,1,3,YES
9780385302609,Indemnity Only,"[""Fiction"", ""V. I. Warshawski (Fictitious character)"", ""Women private investigators"", ""Mystery"", ""Women detectives"", ""Detective and mystery stories"", ""Private investigators"", ""Fiction, mystery & detective, women sleuths"", ""Private investigators, fiction"", ""Chicago (ill.), fiction"", ""Illinois, fiction"", ""Crime"", ""Mystery Thriller"", ""Thriller"", ""Detective"", ""Mystery, Thriller & Suspense"", ""Hard-Boiled"", ""V.I. Warshawski (Fictitious character)"", ""Warshawski, v. i. (fictitious character), fiction""]","[""Fiction"", ""Fiction / Mystery"", ""Fiction / Mystery / Detective Mystery / Private Investigator Mystery"", ""Fiction / Thriller"", ""Fiction / Crime Fiction""]","[""Character_and_Representation_Metadata / Protagonist_Profile / Role_Profile / Detective"", ""Character_and_Representation_Metadata / Identity_Representation / Gender_Representation / Women-Centered"", ""Thematic_Metadata / Conflict_and_Event_Themes / Crime_and_Justice / Crime""]","[""Fiction / Mystery / Detective Mystery / Private Investigator Mystery"", ""Fiction / Thriller""]","[""Character_and_Representation_Metadata / Protagonist_Profile / Role_Profile / Detective"", ""Character_and_Representation_Metadata / Identity_Representation / Gender_Representation / Women-Centered"", ""Thematic_Metadata / Conflict_and_Event_Themes / Crime_and_Justice""]","[""Fiction / Mystery / Detective Mystery / Private Investigator Mystery"", ""Fiction / Thriller""]","[""Character_and_Representation_Metadata / Protagonist_Profile / Role_Profile / Detective"", ""Character_and_Representation_Metadata / Identity_Representation / Gender_Representation / Women-Centered"", ""Thematic_Metadata / Conflict_and_Event_Themes / Crime_and_Justice / Crime""]","[""Fiction"", ""Fiction / Crime Fiction"", ""Fiction / Mystery"", ""Fiction / Mystery / Detective Mystery / Private Investigator Mystery"", ""Fiction / Thriller""]","[""Character_and_Representation_Metadata / Identity_Representation / Gender_Representation / Women-Centered"", ""Character_and_Representation_Metadata / Protagonist_Profile / Role_Profile / Detective"", ""Thematic_Metadata / Conflict_and_Event_Themes / Crime_and_Justice / Crime""]",8,0,1,NO
9780385319928,The long road home,"[""Fiction"", ""Contemporary Fiction"", ""Romance"", ""Child abuse -- Fiction"", ""Adult child abuse victims -- Fiction"", ""Parent and child"", ""Women authors"", ""Women authors -- Fiction"", ""New York (N.Y.) -- Fiction"", ""Betrayal"", ""Psychology""]","[""Fiction / Literary Fiction / General Literary Fiction / Contemporary Fiction"", ""Fiction / Romance""]","[""Temporal_Context / Historical_Period / Contemporary"", ""Thematic_Metadata / Relationship_and_Social_Themes / Family / Parent-Child Relationship"", ""Content_Suitability_Metadata / Reader_Advisory / Sensitive_Content / Abuse"", ""Character_and_Representation_Metadata / Identity_Representation / Gender_Representation / Women-Centered""]","[""Fiction / Romance"", ""Fiction / Literary Fiction / General Literary Fiction / Contemporary Fiction""]","[""Thematic_Metadata / Relationship_and_Social_Themes / Family / Parent-Child Relationship"", ""Content_Suitability_Metadata / Reader_Advisory / Sensitive_Content / Abuse"", ""Character_and_Representation_Metadata / Identity_Representation / Gender_Representation / Women-Centered""]","[""Fiction / Romance / General Romance / Romance"", ""Fiction / Literary Fiction / General Literary Fiction / Contemporary Fiction""]","[""Thematic_Metadata / Relationship_and_Social_Themes / Family / Parent-Child Relationship"", ""Content_Suitability_Metadata / Reader_Advisory / Sensitive_Content / Abuse"", ""Character_and_Representation_Metadata / Identity_Representation / Gender_Representation / Women-Centered""]","[""Fiction / Literary Fiction / General Literary Fiction / Contemporary Fiction"", ""Fiction / Romance""]","[""Character_and_Representation_Metadata / Identity_Representation / Gender_Representation / Women-Centered"", ""Content_Suitability_Metadata / Reader_Advisory / Sensitive_Content / Abuse"", ""Temporal_Context / Historical_Period / Contemporary"", ""Thematic_Metadata / Relationship_and_Social_Themes / Family / Parent-Child Relationship""]",6,0,1,NO
9780385411035,A little original sin,"[""Biography"", ""American Women authors"", ""Women, biography"", ""Women authors"", ""Authors, American -- 20th century -- Biography"", ""Americans -- Morocco -- Biography"", ""Nonfiction"", ""Literature""]","[""Nonfiction / Biography / Biography / Literary Biography""]","[""Geographical_Context / Country_or_National_Context / Country_Based_Context / American Context"", ""Character_and_Representation_Metadata / Identity_Representation / Gender_Representation / Women-Centered""]","[""Nonfiction / Biography / Biography / Literary Biography""]","[""Geographical_Context / Country_or_National_Context / Country_Based_Context / American Context"", ""Character_and_Representation_Metadata / Identity_Representation / Gender_Representation / Women-Centered""]","[""Nonfiction / Biography""]","[""Character_and_Representation_Metadata / Identity_Representation / Gender_Representation / Women-Centered"", ""Geographical_Context / Country_or_National_Context / Country_Based_Context / American Context""]","[""Nonfiction / Biography""]","[""Character_and_Representation_Metadata / Identity_Representation / Gender_Representation / Women-Centered"", ""Geographical_Context / Country_or_National_Context / Country_Based_Context / American Context""]",3,0,1,NO
9780385427104,"Hot Zone,the","[""Ebola virus disease"", ""Ebolavirus"", ""Epidemiology"", ""Communicable diseases"", ""Nonfiction"", ""Science"", ""History"", ""Medical"", ""Medicine"", ""Horror"", ""Thriller"", ""Popular works"", ""New York Times bestseller"", ""Ebola Virus"", ""Ebola Hemorrhagic Fever""]","[""Nonfiction"", ""Nonfiction / Science"", ""Nonfiction / Medicine and Health / Medicine"", ""Nonfiction / Medicine and Health / Public and Preventive Health / Epidemiology"", ""Nonfiction / Science / Popular Science / Popular Science""]","[""Thematic_Metadata / Knowledge_and_Idea_Themes / Science_and_Technology""]","[""Nonfiction / Medicine and Health / Public and Preventive Health / Epidemiology"", ""Nonfiction / Science / Popular Science / Science Communication"", ""Nonfiction / History / General History""]","[""Thematic_Metadata / Knowledge_and_Idea_Themes / Science_and_Technology""]","[""Nonfiction / Medicine and Health / Public and Preventive Health / Epidemiology"", ""Nonfiction / Medicine and Health / Medicine"", ""Nonfiction / History""]","[""Thematic_Metadata / Knowledge_and_Idea_Themes / Science_and_Technology""]","[""Nonfiction"", ""Nonfiction / History"", ""Nonfiction / Medicine and Health / Medicine"", ""Nonfiction / Medicine and Health / Public and Preventive Health / Epidemiology"", ""Nonfiction / Science""]","[""Thematic_Metadata / Knowledge_and_Idea_Themes / Science_and_Technology""]",6,0,3,NO
9780393018059,Enjoy old age,"[""Old age"", ""Older people"", ""Aging"", ""Self-help techniques"", ""Self-management (Psychology)"", ""Psychology"", ""Philosophy"", ""Nonfiction"", ""Self Help"", ""Health, Fitness & Dieting"", ""Activities of Daily Living"", ""Conduct of life"", ""Older people, psychology"", ""Old age -- Philosophy."", ""Aged -- Psychology.""]","[""Nonfiction / Self Help and Personal Development / Self Help / Self Help"", ""Nonfiction / Science / Cognitive and Behavioral Sciences / Psychology"", ""Nonfiction / Philosophy / Core Philosophy / Philosophy""]","[""Thematic_Metadata / Knowledge_and_Idea_Themes / Ethics_and_Philosophy / Meaning of Life"", ""Character_and_Representation_Metadata / Protagonist_Profile / Age_Profile""]","[""Nonfiction / Philosophy / Core Philosophy / Philosophy"", ""Nonfiction / Science / Cognitive and Behavioral Sciences / Psychology"", ""Nonfiction / Self Help and Personal Development / Self Help / Self Help""]","[""Character_and_Representation_Metadata / Protagonist_Profile / Age_Profile""]","[""Nonfiction / Self Help and Personal Development / Self Help / Self Help"", ""Nonfiction / Science / Cognitive and Behavioral Sciences / Psychology"", ""Nonfiction / Philosophy""]","[""Thematic_Metadata / Knowledge_and_Idea_Themes / Ethics_and_Philosophy""]","[""Nonfiction / Philosophy"", ""Nonfiction / Science / Cognitive and Behavioral Sciences / Psychology"", ""Nonfiction / Self Help and Personal Development / Self Help / Self Help""]",[],3,1,3,YES
9780393022148,Field of blood,"[""Fiction"", ""Fiction, general"", ""Thriller"", ""Crime"", ""Ireland -- Fiction""]","[""Fiction / Thriller"", ""Fiction / Crime Fiction""]","[""Thematic_Metadata / Conflict_and_Event_Themes / Crime_and_Justice / Crime""]","[""Fiction / Thriller"", ""Fiction / Crime Fiction / General Crime Fiction""]","[""Thematic_Metadata / Conflict_and_Event_Themes / Crime_and_Justice / Crime""]","[""Fiction / Thriller"", ""Fiction / Crime Fiction / General Crime Fiction / Crime Fiction""]","[""Thematic_Metadata / Conflict_and_Event_Themes / Crime_and_Justice / Crime""]","[""Fiction / Crime Fiction"", ""Fiction / Thriller""]","[""Thematic_Metadata / Conflict_and_Event_Themes / Crime_and_Justice / Crime""]",3,0,2,NO
9780393959574,Psychology,"[""Psychology"", ""Textbooks"", ""Psychology textbooks"", ""Psychologie"", ""Humanities textbooks"", ""Psykologi"", ""State of the art review"", ""Psychology -- Textbooks"", ""Nonfiction"", ""Science"", ""Reference"", ""Education""]","[""Nonfiction / Science / Cognitive and Behavioral Sciences / Psychology"", ""Nonfiction / Education / Education"", ""Nonfiction / Reference and Knowledge Organization / Reference""]","[""Book_Format_and_Form / Textual_Form / Reference_Form""]","[""Nonfiction / Science / Cognitive and Behavioral Sciences / Psychology""]","[""Book_Format_and_Form / Textual_Form / Reference_Form""]","[""Nonfiction / Science / Cognitive and Behavioral Sciences / Psychology"", ""Nonfiction / Reference and Knowledge Organization / Reference"", ""Nonfiction / Education""]","[""Book_Format_and_Form / Textual_Form / Reference_Form"", ""Audience / Educational_Stage / Professional_Level / Continuing Education"", ""Thematic_Metadata / Knowledge_and_Idea_Themes / Science_and_Technology""]","[""Nonfiction / Education"", ""Nonfiction / Science / Cognitive and Behavioral Sciences / Psychology""]","[""Book_Format_and_Form / Textual_Form / Reference_Form""]",3,3,1,YES
9780394412030,The fan,"[""Fiction"", ""Thrillers"", ""Fiction, psychological"", ""Thriller"", ""Mystery"", ""Suspense"", ""Mystery Thriller"", ""Drama""]","[""Fiction"", ""Fiction / Thriller"", ""Fiction / Thriller / Psychological Thriller"", ""Fiction / Mystery"", ""Fiction / Suspense"", ""Fiction / Drama""]",[],"[""Fiction / Thriller / Psychological Thriller"", ""Fiction / Suspense / Suspense Fiction"", ""Fiction / Mystery"", ""Fiction / Drama""]",[],"[""Fiction / Thriller"", ""Fiction / Suspense"", ""Fiction / Mystery"", ""Fiction / Drama"", ""Fiction / Thriller / Psychological Thriller""]",[],"[""Fiction"", ""Fiction / Drama"", ""Fiction / Mystery"", ""Fiction / Suspense"", ""Fiction / Thriller"", ""Fiction / Thriller / Psychological Thriller""]",[],6,0,1,NO
9780394499826,The siege of the Villa Lipp,"[""Fiction"", ""Great britain, fiction"", ""Fiction, thrillers, espionage"", ""Espionage"", ""Thriller"", ""Mystery"", ""British Literature"", ""Novels"", ""Mystery, Thriller & Suspense"", ""Thrillers & Suspense"", ""Spies & Politics""]","[""Fiction"", ""Fiction / Thriller"", ""Fiction / Mystery"", ""Fiction / Thriller / Political and Espionage Thriller / Espionage Thriller""]","[""Geographical_Context / Country_or_National_Context / Country_Based_Context / British Context""]","[""Fiction / Thriller / Political and Espionage Thriller / Espionage Thriller"", ""Fiction / Mystery""]","[""Geographical_Context / Country_or_National_Context / Country_Based_Context / British Context""]","[""Fiction / Thriller / Political and Espionage Thriller / Espionage Thriller"", ""Fiction / Mystery""]","[""Geographical_Context / Country_or_National_Context / Country_Based_Context / British Context""]","[""Fiction"", ""Fiction / Mystery"", ""Fiction / Thriller"", ""Fiction / Thriller / Political and Espionage Thriller / Espionage Thriller""]","[""Geographical_Context / Country_or_National_Context / Country_Based_Context / British Context""]",5,0,0,NO
9780394514055,The stories of Heinrich Böll,"[""Translations into English"", ""German Short stories"", ""Short Stories"", ""Fiction"", ""German Literature"", ""Literature"", ""Classics"", ""Böll, Heinrich, 1917- -- Translations into English""]","[""Fiction / Literary Fiction / Short Form Literary Fiction / Short Fiction""]","[""Book_Format_and_Form / Textual_Form / Short_Form / Short Story"", ""Language_and_Textual_Context / Language / Single_Language / English""]","[""Fiction / Literary Fiction / Short Form Literary Fiction / Short Fiction""]","[""Book_Format_and_Form / Textual_Form / Short_Form / Short Story"", ""Language_and_Textual_Context / Language / Single_Language / English"", ""Geographical_Context / Country_or_National_Context / Country_Based_Context / German Context""]","[""Fiction / Literary Fiction / Short Form Literary Fiction / Short Fiction""]","[""Language_and_Textual_Context / Language / Single_Language / English"", ""Language_and_Textual_Context / Language / Single_Language / German"", ""Book_Format_and_Form / Narrative_Length / Short"", ""Book_Format_and_Form / Textual_Form / Short_Form"", ""Book_Format_and_Form / Textual_Form / Short_Form / Short Story"", ""Geographical_Context / Country_or_National_Context / Country_Based_Context / German Context""]","[""Fiction / Literary Fiction / Short Form Literary Fiction / Short Fiction""]","[""Book_Format_and_Form / Narrative_Length / Short"", ""Book_Format_and_Form / Textual_Form / Short_Form"", ""Book_Format_and_Form / Textual_Form / Short_Form / Short Story"", ""Geographical_Context / Country_or_National_Context / Country_Based_Context / German Context"", ""Language_and_Textual_Context / Language / Single_Language / English""]",6,1,0,YES
9780394539362,Other women,"[""Fiction"", ""Lesbians"", ""Single mothers"", ""Vermont, fiction"", ""Fiction, lgbtq+, lesbian"", ""Fiction, psychological"", ""Fiction, general"", ""Single mothers -- Fiction."", ""Lesbians -- Fiction."", ""Vermont -- Fiction."", ""Contemporary"", ""Novels"", ""Literature"", ""Literature & Fiction""]","[""Fiction / Literary Fiction / Social and Political Fiction / Psychological Fiction"", ""Fiction / Literary Fiction / General Literary Fiction / Contemporary Fiction""]","[""Temporal_Context / Historical_Period / Contemporary"", ""Character_and_Representation_Metadata / Identity_Representation / LGBTQ_Representation / Lesbian Representation""]","[""Fiction / Literary Fiction / General Literary Fiction / Contemporary Fiction""]","[""Temporal_Context / Historical_Period / Contemporary"", ""Character_and_Representation_Metadata / Identity_Representation / LGBTQ_Representation / Lesbian Representation""]","[""Fiction / Literary Fiction / Social and Political Fiction / Psychological Fiction"", ""Fiction / Literary Fiction / General Literary Fiction / Contemporary Fiction""]","[""Temporal_Context / Historical_Period / Contemporary"", ""Character_and_Representation_Metadata / Identity_Representation / LGBTQ_Representation / Lesbian Representation""]","[""Fiction / Literary Fiction / General Literary Fiction / Contemporary Fiction""]","[""Character_and_Representation_Metadata / Identity_Representation / LGBTQ_Representation / Lesbian Representation"", ""Temporal_Context / Historical_Period / Contemporary""]",3,1,0,YES
9780394542690,Wilbur and Orville,"[""Aeronautics"", ""Biography"", ""Wright brothers"", ""Aeronautics, biography"", ""Wright, Wilbur, 1867-1912."", ""Wright, Orville, 1871-1948."", ""Aeronautics -- United States -- Biography."", ""Biographies & Memoirs""]","[""Nonfiction / Biography / Biography / Collective Biography""]","[""Geographical_Context / World_Region / North_America / United States""]","[""Nonfiction / Biography / Biography / Scientific Biography""]","[""Geographical_Context / World_Region / North_America / United States""]","[""Nonfiction / Biography / Biography""]","[""Geographical_Context / World_Region / North_America / United States""]","[""Nonfiction / Biography / Biography"", ""Nonfiction / Biography / Biography / Collective Biography""]","[""Geographical_Context / World_Region / North_America / United States""]",3,0,1,NO
9780394544939,Play with a purpose,"[""Educational games"", ""Play"", ""Child rearing""]","[""Nonfiction"", ""Nonfiction / Education / Education / Educational Psychology""]","[""Audience / Age_Group / Child""]","[""Nonfiction""]","[""Audience / Age_Group / Child""]","[""Nonfiction / Education / Education / Educational Psychology""]","[""Audience / Age_Group / Child""]",[],"[""Audience / Age_Group / Child""]",1,0,2,NO
9780394555522,Ageless ageing,"[""Longevity"", ""Low-calorie diet"", ""Nutrition"", ""Nutritional aspects of Longevity"", ""Aging"", ""Health, Fitness & Dieting"", ""Nutritional aspects"", ""Health""]","[""Nonfiction / Medicine and Health / Health and Wellness / Nutrition"", ""Nonfiction / Medicine and Health / Health and Wellness / Health""]",[],"[""Nonfiction / Medicine and Health / Health and Wellness / Nutrition"", ""Nonfiction / Medicine and Health / Health and Wellness / Fitness""]",[],"[""Nonfiction / Medicine and Health / Health and Wellness / Nutrition"", ""Nonfiction / Medicine and Health / Health and Wellness / Health"", ""Nonfiction / Medicine and Health / Health and Wellness / Fitness""]",[],"[""Nonfiction / Medicine and Health / Health and Wellness / Health"", ""Nonfiction / Medicine and Health / Health and Wellness / Nutrition""]",[],2,1,0,YES
9780394583358,The snake game,"[""Fiction"", ""Ojibwa Indians"", ""Indians of North America"", ""Indians of north america, fiction"", ""Ojibwa Indians -- Fiction"", ""Indians of North America -- Fiction""]","[""Fiction""]","[""Geographical_Context / World_Region / North_America""]","[""Fiction""]","[""Geographical_Context / World_Region / North_America""]","[""Fiction""]","[""Geographical_Context / World_Region / North_America""]","[""Fiction""]","[""Geographical_Context / World_Region / North_America""]",2,0,0,NO
9780394723167,Shadowcastle,"[""Fantasy"", ""Fiction"", ""Science Fiction & Fantasy"", ""Childrens"", ""Choose Your Own Adventure""]","[""Fiction / Fantasy""]",[],"[""Fiction / Fantasy"", ""Fiction / Science Fiction / General Science Fiction""]",[],"[""Fiction / Fantasy / Science Fantasy""]",[],"[""Fiction / Fantasy""]",[],1,0,2,NO
9780394804248,The most beautiful place in the world,"[""Fiction"", ""Juvenile fiction"", ""Children's fiction"", ""Realistic Fiction"", ""Middle Grade"", ""Family"", ""Family Life"", ""Multigenerational"", ""Grandmothers"", ""Grandmothers -- Fiction"", ""Voyages and travels, fiction"", ""Guatemala -- Fiction"", ""Growing Up & Facts of Life"", ""School"", ""Children's Books""]","[""Fiction / Literary Fiction / General Literary Fiction / Realistic Fiction""]","[""Audience / Age_Group / Middle_Grade"", ""Thematic_Metadata / Relationship_and_Social_Themes / Family"", ""Geographical_Context / Place_Type / Institutional / School""]","[""Fiction / Literary Fiction / General Literary Fiction / Realistic Fiction"", ""Fiction / Literary Fiction / Family and Relationship Fiction""]","[""Audience / Age_Group / Middle_Grade"", ""Geographical_Context / Place_Type / Institutional / School""]","[""Fiction / Literary Fiction / General Literary Fiction / Realistic Fiction"", ""Fiction""]","[""Audience / Age_Group / Middle_Grade"", ""Audience / Age_Group / All_Ages / Family Audience"", ""Geographical_Context / Place_Type / Institutional / School"", ""Thematic_Metadata / Relationship_and_Social_Themes / Family"", ""Character_and_Representation_Metadata / Protagonist_Profile / Group_Profile / Family-Centered""]","[""Fiction"", ""Fiction / Literary Fiction / General Literary Fiction / Realistic Fiction""]","[""Audience / Age_Group / Middle_Grade"", ""Geographical_Context / Place_Type / Institutional / School"", ""Thematic_Metadata / Relationship_and_Social_Themes / Family""]",5,1,2,YES
9780394806518,Famous Indian Tribes,"[""Ethnic Studies - Native American Studies"", ""Sociology""]","[""Nonfiction""]",[],"[""Nonfiction""]",[],"[""Nonfiction""]",[],"[""Nonfiction""]",[],1,0,0,NO
9780394807928,Follow that bus!,"[""Children's stories"", ""Fiction"", ""Children's fiction"", ""Buses, fiction"", ""Growing Up & Facts of Life"", ""Friendship, Social Skills & School Life"", ""School""]","[""Fiction""]","[""Geographical_Context / Place_Type / Institutional / School""]","[""Fiction / Literary Fiction / General Literary Fiction / Slice of Life Fiction""]","[""Geographical_Context / Place_Type / Institutional / School""]","[""Fiction"", ""Fiction / Literary Fiction / General Literary Fiction / Slice of Life Fiction""]","[""Geographical_Context / Place_Type / Institutional / School""]","[""Fiction""]","[""Geographical_Context / Place_Type / Institutional / School""]",2,0,1,NO
9780394827001,Soup.,"[""Fiction"", ""Friendship"", ""Juvenile Fiction"", ""Children's fiction"", ""Boys, fiction"", ""Amitié"", ""Romans, nouvelles, etc. pour la jeunesse"", ""Friendship -- Fiction."", ""Humor"", ""Middle Grade"", ""Young Adult"", ""Juvenile"", ""Childrens""]","[""Fiction"", ""Fiction / Literary Fiction / Family and Relationship Fiction / Friendship Fiction"", ""Fiction / Humor and Satire / Humorous Fiction / Humor Fiction""]","[""Thematic_Metadata / Relationship_and_Social_Themes / Friendship / Friendship"", ""Audience / Age_Group / Middle_Grade"", ""Audience / Age_Group / Young_Adult""]","[""Fiction / Literary Fiction / Family and Relationship Fiction / Friendship Fiction"", ""Fiction / Humor and Satire / Humorous Fiction / Humor Fiction""]","[""Thematic_Metadata / Relationship_and_Social_Themes / Friendship"", ""Audience / Age_Group / Middle_Grade"", ""Audience / Age_Group / Young_Adult""]","[""Fiction / Literary Fiction / Family and Relationship Fiction / Friendship Fiction"", ""Fiction / Humor and Satire / Humorous Fiction / Humor Fiction""]","[""Thematic_Metadata / Relationship_and_Social_Themes / Friendship"", ""Audience / Age_Group / Middle_Grade"", ""Audience / Age_Group / Young_Adult""]","[""Fiction"", ""Fiction / Humor and Satire / Humorous Fiction / Humor Fiction"", ""Fiction / Literary Fiction / Family and Relationship Fiction / Friendship Fiction""]","[""Audience / Age_Group / Middle_Grade"", ""Audience / Age_Group / Young_Adult"", ""Thematic_Metadata / Relationship_and_Social_Themes / Friendship"", ""Thematic_Metadata / Relationship_and_Social_Themes / Friendship / Friendship""]",7,0,0,NO
9780394852768,The bloodroot flower,"[""Family life"", ""Fiction"", ""Minnesota -- Fiction.""]","[""Fiction""]","[""Thematic_Metadata / Relationship_and_Social_Themes / Family""]","[""Fiction / Drama / Social Drama / Family Drama""]","[""Thematic_Metadata / Relationship_and_Social_Themes / Family"", ""Audience / Age_Group / All_Ages / Family Audience"", ""Geographical_Context / Place_Type / Domestic / Family Household"", ""Character_and_Representation_Metadata / Protagonist_Profile / Group_Profile / Family-Centered""]","[""Fiction""]","[""Thematic_Metadata / Relationship_and_Social_Themes / Family"", ""Character_and_Representation_Metadata / Protagonist_Profile / Group_Profile / Family-Centered""]","[""Fiction""]","[""Thematic_Metadata / Relationship_and_Social_Themes / Family""]",2,1,3,YES
9780394862859,Peterkin's wet walk,"[""Children's stories, English"", ""Rain and rainfall"", ""Fiction"", ""Children, fiction"", ""Children's fiction"", ""Children's stories, English."", ""Rain and rainfall -- Fiction."", ""Children's Books""]","[""Fiction""]","[""Language_and_Textual_Context / Language / Single_Language / English""]","[""Fiction""]","[""Language_and_Textual_Context / Language / Single_Language / English""]","[""Fiction""]","[""Language_and_Textual_Context / Language / Single_Language / English""]","[""Fiction""]","[""Language_and_Textual_Context / Language / Single_Language / English""]",2,0,0,NO
9780394932767,"Gudgekin, the thistle girl, and other tales","[""Fairy tales"", ""Fantasy"", ""Short Stories"", ""Childrens"", ""Fiction"", ""Childrens Fantasy"", ""Mythology""]","[""Fiction / Fantasy / Fairy Tales"", ""Fiction / Fantasy / Mythic and Folkloric Fantasy / Folkloric Fantasy""]","[""Book_Format_and_Form / Textual_Form / Short_Form / Short Story""]","[""Fiction / Fantasy / Fairy Tales""]","[""Book_Format_and_Form / Textual_Form / Short_Form / Short Story"", ""Book_Format_and_Form / Narrative_Length / Short""]","[""Fiction / Fantasy / Fairy Tales"", ""Fiction / Fantasy / Mythic and Folkloric Fantasy / Mythic Fantasy""]","[""Book_Format_and_Form / Narrative_Length / Short""]","[""Fiction / Fantasy / Fairy Tales""]","[""Book_Format_and_Form / Textual_Form / Short_Form / Short Story""]",2,1,2,YES
9780394933252,All it takes is practice,"[""Fiction"", ""Race relations"", ""Friendship"", ""Basketball stories""]","[""Fiction"", ""Fiction / Literary Fiction / Family and Relationship Fiction / Friendship Fiction""]","[""Thematic_Metadata / Relationship_and_Social_Themes / Friendship / Friendship""]","[""Fiction / Literary Fiction / Family and Relationship Fiction / Friendship Fiction""]","[""Thematic_Metadata / Relationship_and_Social_Themes / Friendship""]","[""Fiction / Literary Fiction / Family and Relationship Fiction / Friendship Fiction"", ""Fiction""]","[""Thematic_Metadata / Relationship_and_Social_Themes / Friendship""]","[""Fiction / Literary Fiction / Family and Relationship Fiction / Friendship Fiction""]","[""Thematic_Metadata / Relationship_and_Social_Themes / Friendship"", ""Thematic_Metadata / Relationship_and_Social_Themes / Friendship / Friendship""]",3,1,0,YES
9780394946719,Kermit and Cleopigtra,"[""Animals"", ""Juvenile fiction"", ""Muppets (Fictitious characters)"", ""Fiction"", ""Time travel -- Juvenile fiction."", ""Egypt -- Juvenile fiction.""]","[""Fiction""]","[""Thematic_Metadata / Nature_and_Environment_Themes / Animals""]","[""Fiction""]","[""Thematic_Metadata / Nature_and_Environment_Themes / Animals""]","[""Fiction""]","[""Thematic_Metadata / Nature_and_Environment_Themes / Animals""]","[""Fiction""]","[""Thematic_Metadata / Nature_and_Environment_Themes / Animals""]",2,0,0,NO
9780394953274,Spiders in the fruit cellar,"[""Fiction"", ""Spiders""]","[""Fiction""]",[],"[""Fiction""]",[],"[""Fiction""]",[],"[""Fiction""]",[],1,0,0,NO
9780394955353,Flyers,"[""Fiction"", ""Stunt flying"", ""Stunt flying -- Fiction."", ""Air pilots -- Fiction.""]","[""Fiction""]",[],"[""Fiction""]",[],"[""Fiction""]",[],"[""Fiction""]",[],1,0,0,NO
9780394955513,A Christmas book,"[""Christmas"", ""Literary collections""]","[""Fiction / Literary Fiction / Short Form Literary Fiction""]",[],"[""Fiction / Literary Fiction / Short Form Literary Fiction""]",[],"[""Fiction / Literary Fiction / General Literary Fiction""]",[],[],[],0,0,2,NO
9780394959535,"Is this good-bye, Charlie Brown?","[""Cartoons and comics"", ""Friendship"", ""Children's stories, American"", ""Fiction""]","[""Fiction / Comics and Sequential Fiction / Comics / Comics"", ""Fiction / Literary Fiction / Family and Relationship Fiction / Friendship Fiction""]","[""Thematic_Metadata / Relationship_and_Social_Themes / Friendship / Friendship"", ""Geographical_Context / Country_or_National_Context / Country_Based_Context / American Context""]","[""Fiction / Comics and Sequential Fiction"", ""Fiction / Literary Fiction / Family and Relationship Fiction / Friendship Fiction""]","[""Thematic_Metadata / Relationship_and_Social_Themes / Friendship"", ""Geographical_Context / Country_or_National_Context / Country_Based_Context / American Context""]","[""Fiction / Comics and Sequential Fiction"", ""Fiction / Literary Fiction / Family and Relationship Fiction / Friendship Fiction""]","[""Thematic_Metadata / Relationship_and_Social_Themes / Friendship / Friendship"", ""Geographical_Context / Country_or_National_Context / Country_Based_Context / American Context""]","[""Fiction / Comics and Sequential Fiction"", ""Fiction / Comics and Sequential Fiction / Comics / Comics"", ""Fiction / Literary Fiction / Family and Relationship Fiction / Friendship Fiction""]","[""Geographical_Context / Country_or_National_Context / Country_Based_Context / American Context"", ""Thematic_Metadata / Relationship_and_Social_Themes / Friendship"", ""Thematic_Metadata / Relationship_and_Social_Themes / Friendship / Friendship""]",6,0,0,NO
9780394966007,"I'll miss you, Mr. Hooper","[""Fiction"", ""Puppets"", ""Death"", ""Death -- Fiction."", ""Puppets -- Fiction."", ""Picture Books""]","[""Fiction""]",[],"[""Fiction""]",[],"[""Fiction""]",[],"[""Fiction""]",[],1,0,0,NO
9780394968179,The story of Mrs. Lovewright and Purrless her cat,"[""Cats"", ""Juvenile fiction"", ""Fiction"", ""Cats -- Fiction""]","[""Fiction""]",[],"[""Fiction""]",[],"[""Fiction""]",[],"[""Fiction""]",[],1,0,0,NO
9780394973333,The Berenstain Bears,"[""Fiction"", ""Behavior"", ""Children's stories, American"", ""Bears"", ""Behavior -- Fiction"", ""Bears -- Fiction"", ""Picture Books"", ""Animals"", ""Family"", ""Humor""]","[""Fiction"", ""Fiction / Humor and Satire / Humorous Fiction / Humor Fiction""]","[""Thematic_Metadata / Relationship_and_Social_Themes / Family"", ""Thematic_Metadata / Nature_and_Environment_Themes / Animals"", ""Character_and_Representation_Metadata / Protagonist_Profile / Group_Profile / Family-Centered""]","[""Fiction / Humor and Satire / Humorous Fiction / Humor Fiction"", ""Fiction / Literary Fiction / Family and Relationship Fiction""]","[""Thematic_Metadata / Nature_and_Environment_Themes / Animals"", ""Thematic_Metadata / Relationship_and_Social_Themes / Family"", ""Geographical_Context / Country_or_National_Context / Country_Based_Context / American Context""]","[""Fiction"", ""Fiction / Humor and Satire / Humorous Fiction / Humor Fiction"", ""Fiction / Literary Fiction / Family and Relationship Fiction / Family Saga""]","[""Thematic_Metadata / Relationship_and_Social_Themes / Family"", ""Thematic_Metadata / Nature_and_Environment_Themes / Animals"", ""Geographical_Context / Country_or_National_Context / Country_Based_Context / American Context""]","[""Fiction"", ""Fiction / Humor and Satire / Humorous Fiction / Humor Fiction""]","[""Geographical_Context / Country_or_National_Context / Country_Based_Context / American Context"", ""Thematic_Metadata / Nature_and_Environment_Themes / Animals"", ""Thematic_Metadata / Relationship_and_Social_Themes / Family""]",5,0,3,NO
9780395123645,Hotel for dogs.,"[""Dogs"", ""Fiction"", ""Pet adoption"", ""Brothers and sisters"", ""Juvenile fiction"", ""Children's fiction"", ""Dogs, fiction"", ""Dogs -- Fiction"", ""Animals"", ""Middle Grade"", ""Realistic Fiction""]","[""Fiction / Literary Fiction / General Literary Fiction / Realistic Fiction""]","[""Thematic_Metadata / Nature_and_Environment_Themes / Animals / Pet Relationship"", ""Audience / Age_Group / Middle_Grade""]","[""Fiction / Literary Fiction / General Literary Fiction / Realistic Fiction""]","[""Thematic_Metadata / Nature_and_Environment_Themes / Animals"", ""Thematic_Metadata / Nature_and_Environment_Themes / Animals / Pet Relationship"", ""Audience / Age_Group / Middle_Grade""]","[""Fiction / Literary Fiction / General Literary Fiction / Realistic Fiction""]","[""Audience / Age_Group / Middle_Grade"", ""Thematic_Metadata / Nature_and_Environment_Themes / Animals"", ""Thematic_Metadata / Nature_and_Environment_Themes / Animals / Pet Relationship""]","[""Fiction / Literary Fiction / General Literary Fiction / Realistic Fiction""]","[""Audience / Age_Group / Middle_Grade"", ""Thematic_Metadata / Nature_and_Environment_Themes / Animals"", ""Thematic_Metadata / Nature_and_Environment_Themes / Animals / Pet Relationship""]",4,0,0,NO
9780395150825,Paddle-to-the-Sea,"[""Juvenile fiction"", ""Fiction"", ""Canoes and canoeing"", ""Indians of North America"", ""Children's fiction"", ""Saint lawrence river, fiction"", ""Great lakes (north america), fiction"", ""Children's Books"", ""Literature & Fiction"", ""Historical Fiction""]","[""Fiction / Historical Fiction""]","[""Geographical_Context / World_Region / North_America""]","[""Fiction / Historical Fiction""]","[""Geographical_Context / World_Region / North_America""]","[""Fiction / Historical Fiction""]","[""Geographical_Context / World_Region / North_America""]","[""Fiction / Historical Fiction""]","[""Geographical_Context / World_Region / North_America""]",2,0,0,NO
9780395150849,Kermit the Hermit,"[""Stories in rhyme"", ""Juvenile fiction"", ""Fiction"", ""Children's fiction"", ""Picture books"", ""Children's Books"", ""Humor""]","[""Fiction"", ""Fiction / Humor and Satire / Humorous Fiction / Humor Fiction""]",[],"[""Fiction / Humor and Satire / Humorous Fiction / Humor Fiction""]",[],"[""Fiction / Humor and Satire / Humorous Fiction / Humor Fiction""]",[],"[""Fiction"", ""Fiction / Humor and Satire / Humorous Fiction / Humor Fiction""]",[],2,0,0,NO
9780395214060,Star mother's youngest child,"[""Children's stories"", ""Christmas"", ""Fiction"", ""Children's fiction"", ""Picture Books"", ""Holiday"", ""Fantasy""]","[""Fiction"", ""Fiction / Fantasy""]",[],"[""Fiction / Fantasy""]",[],"[""Fiction / Fantasy""]",[],"[""Fiction"", ""Fiction / Fantasy""]",[],2,0,0,NO
9780395251508,Big bad Bruce,"[""Fiction"", ""Bears"", ""Children's stories"", ""Witches"", ""Bullying"", ""Juvenile fiction"", ""Bullies"", ""Children's fiction"", ""Bears, fiction"", ""Witches, fiction"", ""Bears -- Fiction."", ""Witches -- Fiction."", ""Picture Books"", ""Animals"", ""Fantasy"", ""Children's Books"", ""Humor""]","[""Fiction"", ""Fiction / Humor and Satire / Humorous Fiction / Humor Fiction"", ""Fiction / Fantasy"", ""Fiction / Animal Fiction / Animal Fiction / Animal Fantasy""]","[""Thematic_Metadata / Nature_and_Environment_Themes / Animals""]","[""Fiction / Fantasy"", ""Fiction / Animal Fiction / Animal Fiction / Animal Fantasy"", ""Fiction / Humor and Satire / Humorous Fiction / Humor Fiction""]","[""Thematic_Metadata / Nature_and_Environment_Themes / Animals""]","[""Fiction / Fantasy"", ""Fiction / Humor and Satire / Humorous Fiction / Humor Fiction""]","[""Thematic_Metadata / Nature_and_Environment_Themes / Animals""]","[""Fiction"", ""Fiction / Fantasy"", ""Fiction / Humor and Satire / Humorous Fiction / Humor Fiction""]","[""Thematic_Metadata / Nature_and_Environment_Themes / Animals""]",4,0,1,NO
9780395278031,Rat stew,"[""Nonsense verses"", ""Poetry"", ""Juvenile literature"", ""Children's Books""]","[""Fiction""]",[],"[""Fiction""]",[],"[""Fiction""]",[],"[""Fiction""]",[],1,0,0,NO
9780395291016,The amazing pig,"[""Folklore"", ""Juvenile literature"", ""Children's fiction"", ""Pigs, fiction"", ""Picture Books"", ""Children's Books""]","[""Fiction""]",[],"[""Fiction""]",[],"[""Fiction""]",[],"[""Fiction""]",[],1,0,0,NO
9780395294345,The people therein,"[""Fiction"", ""Appalachian mountains, fiction"", ""Mountain life"", ""Literature & Fiction"", ""Teen & Young Adult""]","[""Fiction""]","[""Audience / Age_Group / Teen / Teen Audience"", ""Audience / Age_Group / Young_Adult / Young Adult Audience"", ""Geographical_Context / Place_Type / Natural / Mountain""]","[""Fiction""]","[""Audience / Age_Group / Young_Adult / Young Adult Audience"", ""Audience / Age_Group / Teen / Teen Audience"", ""Geographical_Context / Place_Type / Natural / Mountain""]","[""Fiction""]","[""Audience / Age_Group / Young_Adult / Young Adult Audience"", ""Audience / Age_Group / Teen / Teen Audience"", ""Geographical_Context / Place_Type / Natural / Mountain""]","[""Fiction""]","[""Audience / Age_Group / Teen / Teen Audience"", ""Audience / Age_Group / Young_Adult / Young Adult Audience"", ""Geographical_Context / Place_Type / Natural / Mountain""]",4,0,0,NO
9780395297421,The killer swan,"[""Fiction"", ""Swans"", ""Swans, fiction"", ""Swans -- Fiction."", ""Fathers and sons"", ""Fathers and sons -- Fiction."", ""Teen & Young Adult"", ""Literature & Fiction"", ""Social & Family Issues"", ""Death & Dying"", ""Stepfathers -- Fiction.""]","[""Fiction""]","[""Audience / Age_Group / Teen / Teen Audience"", ""Audience / Age_Group / Young_Adult / Young Adult Audience"", ""Thematic_Metadata / Relationship_and_Social_Themes / Social_Issues"", ""Thematic_Metadata / Relationship_and_Social_Themes / Family""]","[""Fiction / Literary Fiction / Social and Political Fiction / Social Fiction""]","[""Audience / Age_Group / Teen / Teen Audience"", ""Audience / Age_Group / Young_Adult / Young Adult Audience"", ""Thematic_Metadata / Relationship_and_Social_Themes / Social_Issues"", ""Thematic_Metadata / Relationship_and_Social_Themes / Family""]","[""Fiction"", ""Fiction / Literary Fiction / Social and Political Fiction / Social Fiction""]","[""Audience / Age_Group / Young_Adult / Young Adult Audience"", ""Audience / Age_Group / Teen / Teen Audience"", ""Thematic_Metadata / Relationship_and_Social_Themes / Social_Issues"", ""Thematic_Metadata / Relationship_and_Social_Themes / Family""]","[""Fiction""]","[""Audience / Age_Group / Teen / Teen Audience"", ""Audience / Age_Group / Young_Adult / Young Adult Audience"", ""Thematic_Metadata / Relationship_and_Social_Themes / Family"", ""Thematic_Metadata / Relationship_and_Social_Themes / Social_Issues""]",5,0,1,NO
9780395331606,The carbohydrate craver's diet,"[""Low-calorie diet"", ""Recipes"", ""Reducing diets"", ""Dietary Carbohydrates"", ""Cookbooks, Food & Wine"", ""Special Diet"", ""Reducing Diet""]","[""Nonfiction""]",[],"[""Nonfiction""]",[],"[""Nonfiction""]",[],"[""Nonfiction""]",[],1,0,0,NO
9780395338827,Fishman and Charly,"[""Fiction"", ""Manatees"", ""Wildlife conservation"", ""Fathers and sons"", ""Children's fiction"", ""Friendship, fiction"", ""Manatees -- Fiction."", ""Wildlife conservation -- Fiction."", ""Fathers and sons -- Fiction.""]","[""Fiction"", ""Fiction / Animal Fiction / Animal Fiction / Wildlife Fiction"", ""Fiction / Literary Fiction / Family and Relationship Fiction / Friendship Fiction""]","[""Thematic_Metadata / Nature_and_Environment_Themes / Environment / Conservation"", ""Thematic_Metadata / Nature_and_Environment_Themes / Animals / Wildlife"", ""Thematic_Metadata / Relationship_and_Social_Themes / Friendship / Friendship""]","[""Fiction / Literary Fiction / Family and Relationship Fiction / Friendship Fiction"", ""Fiction / Animal Fiction / Animal Fiction / Wildlife Fiction""]","[""Thematic_Metadata / Relationship_and_Social_Themes / Friendship"", ""Thematic_Metadata / Nature_and_Environment_Themes / Environment / Conservation"", ""Thematic_Metadata / Nature_and_Environment_Themes / Animals / Wildlife""]","[""Fiction"", ""Fiction / Animal Fiction / Animal Fiction / Wildlife Fiction"", ""Fiction / Literary Fiction / Family and Relationship Fiction / Friendship Fiction""]","[""Thematic_Metadata / Relationship_and_Social_Themes / Friendship / Friendship"", ""Thematic_Metadata / Nature_and_Environment_Themes / Environment / Conservation"", ""Thematic_Metadata / Nature_and_Environment_Themes / Animals / Wildlife""]","[""Fiction"", ""Fiction / Animal Fiction / Animal Fiction / Wildlife Fiction"", ""Fiction / Literary Fiction / Family and Relationship Fiction / Friendship Fiction""]","[""Thematic_Metadata / Nature_and_Environment_Themes / Animals / Wildlife"", ""Thematic_Metadata / Nature_and_Environment_Themes / Environment / Conservation"", ""Thematic_Metadata / Relationship_and_Social_Themes / Friendship"", ""Thematic_Metadata / Relationship_and_Social_Themes / Friendship / Friendship""]",7,0,0,NO
9780395393789,Timothy too!,"[""Brothers"", ""Juvenile fiction"", ""Fiction"", ""Children's fiction"", ""Boys, fiction"", ""Brothers -- Fiction.""]","[""Fiction""]",[],"[""Fiction""]",[],"[""Fiction""]",[],"[""Fiction""]",[],1,0,0,NO
9780395404201,I never wanted to be famous,"[""Fiction"", ""Heroes"", ""Mothers and sons"", ""Fame"", ""Children's fiction"", ""Mothers and sons, fiction"", ""Heroes, fiction"", ""Fame -- Fiction"", ""Mothers and sons -- Fiction"", ""Heroes -- Fiction""]","[""Fiction""]",[],"[""Fiction""]",[],"[""Fiction""]",[],"[""Fiction""]",[],1,0,0,NO
9780395419526,The foursome,"[""Fiction"", ""Golf"", ""Golfers"", ""Businesspeople"", ""Businesspeople -- Fiction"", ""Golfers -- Fiction"", ""Literature & Fiction"", ""United States""]","[""Fiction""]","[""Geographical_Context / World_Region / North_America / United States""]","[""Fiction""]","[""Geographical_Context / World_Region / North_America / United States""]","[""Fiction""]","[""Geographical_Context / World_Region / North_America / United States""]","[""Fiction""]","[""Geographical_Context / World_Region / North_America / United States""]",2,0,0,NO
9780395570388,Bob War & Poke,"[""Automobile travel"", ""Brothers"", ""Country life"", ""Fiction"", ""Robbers and outlaws"", ""Children's fiction"", ""Voyages and travels, fiction"", ""Brothers and sisters, fiction"", ""Country life, fiction"", ""Robbers and outlaws -- Fiction."", ""Automobile travel -- Fiction."", ""Brothers -- Fiction."", ""Children's Books""]","[""Fiction""]","[""Geographical_Context / Place_Type / Travel_Related""]","[""Fiction""]","[""Geographical_Context / Place_Type / Travel_Related""]","[""Fiction""]","[""Geographical_Context / Place_Type / Travel_Related"", ""Geographical_Context / Country_or_National_Context / Country_Based_Context""]","[""Fiction""]","[""Geographical_Context / Place_Type / Travel_Related""]",2,0,1,NO
9780395599662,Thunder rolling in the mountains,"[""Juvenile fiction"", ""Indians of North America"", ""Nez Percé Indians"", ""Fiction"", ""Nez Perce Indians"", ""Native Americans"", ""Children's fiction"", ""Historical Fiction"", ""Young Adult"", ""Historical"", ""Native American"", ""Middle Grade""]","[""Fiction / Historical Fiction""]","[""Audience / Age_Group / Middle_Grade"", ""Audience / Age_Group / Young_Adult"", ""Geographical_Context / World_Region / North_America""]","[""Fiction / Historical Fiction""]","[""Audience / Age_Group / Middle_Grade"", ""Audience / Age_Group / Young_Adult"", ""Geographical_Context / World_Region / North_America""]","[""Fiction / Historical Fiction""]","[""Audience / Age_Group / Middle_Grade"", ""Audience / Age_Group / Young_Adult / Young Adult Audience"", ""Geographical_Context / World_Region / North_America""]","[""Fiction / Historical Fiction""]","[""Audience / Age_Group / Middle_Grade"", ""Audience / Age_Group / Young_Adult"", ""Audience / Age_Group / Young_Adult / Young Adult Audience"", ""Geographical_Context / World_Region / North_America""]",5,0,0,NO
9780395669242,3 screenplays,"[""Motion picture plays"", ""American Motion picture plays"", ""Film"", ""Screenplays""]","[""Nonfiction""]",[],"[""Fiction""]",[],"[""Nonfiction""]",[],[],[],0,0,2,NO
9780395797600,The real high school handbook,"[""High schools"", ""Juvenile literature"", ""Handbooks, manuals"", ""Conduct of life"", ""Schools"", ""High school students"", ""High school"", ""Teen & Young Adult"", ""Education & Reference"", ""Reference""]","[""Nonfiction / Reference and Knowledge Organization / Reference"", ""Nonfiction / Education / Education / Education""]","[""Book_Format_and_Form / Textual_Form / Reference_Form"", ""Audience / Age_Group / Teen / Teen Audience"", ""Audience / Educational_Stage / School_Level / Secondary School""]","[""Nonfiction / Reference and Knowledge Organization / Reference"", ""Nonfiction / Education""]","[""Audience / Age_Group / Teen"", ""Audience / Age_Group / Young_Adult"", ""Audience / Educational_Stage / School_Level / Secondary School"", ""Geographical_Context / Place_Type / Institutional / School""]","[""Nonfiction / Reference and Knowledge Organization / Reference"", ""Nonfiction / Education""]","[""Audience / Age_Group / Teen / Teen Audience"", ""Audience / Age_Group / Young_Adult / Young Adult Audience"", ""Audience / Educational_Stage / School_Level / Secondary School"", ""Geographical_Context / Place_Type / Institutional / School"", ""Book_Format_and_Form / Textual_Form / Reference_Form""]","[""Nonfiction / Education / Education / Education"", ""Nonfiction / Reference and Knowledge Organization / Reference""]","[""Audience / Age_Group / Teen"", ""Audience / Age_Group / Teen / Teen Audience"", ""Audience / Age_Group / Young_Adult"", ""Audience / Age_Group / Young_Adult / Young Adult Audience"", ""Audience / Educational_Stage / School_Level / Secondary School"", ""Book_Format_and_Form / Textual_Form / Reference_Form""]",8,1,1,YES
9780395882764,1998 information please almanac,"[""American Almanacs"", ""Statistics"", ""Almanacs""]","[""Nonfiction"", ""Nonfiction / Mathematics / Mathematics / Statistics""]","[""Geographical_Context / Country_or_National_Context / Country_Based_Context / American Context""]","[""Nonfiction / Mathematics / Mathematics / Statistics""]","[""Geographical_Context / Country_or_National_Context / Country_Based_Context / American Context""]","[""Nonfiction / Mathematics / Mathematics / Statistics"", ""Nonfiction""]","[""Geographical_Context / Country_or_National_Context / Country_Based_Context / American Context""]","[""Nonfiction"", ""Nonfiction / Mathematics / Mathematics / Statistics""]","[""Geographical_Context / Country_or_National_Context / Country_Based_Context / American Context""]",3,0,0,NO
9780395900123,A coming evil,"[""Fiction"", ""Historical Fiction"", ""Historical"", ""Young Adult"", ""Children's Books"", ""Juvenile fiction"", ""Children's fiction"", ""World War, 1939-1945"", ""World war, 1939-1945, fiction"", ""World War, 1939-1945 -- France -- Fiction."", ""World War, 1939-1945 -- France -- Juvenile fiction."", ""France"", ""France -- History -- German occupation, 1940-1945 -- Fiction."", ""France -- History -- German occupation, 1940-1945 -- Juvenile fiction."", ""Ghosts"", ""Ghosts, fiction"", ""Ghosts -- Fiction."", ""Literature & Fiction"", ""Europe"", ""Children, fiction"", ""France, history, german occupation, 1940-1945, fiction""]","[""Fiction / Historical Fiction""]","[""Geographical_Context / World_Region / Europe"", ""Audience / Age_Group / Young_Adult""]","[""Fiction / Historical Fiction""]","[""Audience / Age_Group / Young_Adult / Young Adult Audience"", ""Geographical_Context / World_Region / Europe"", ""Temporal_Context / Historical_Period""]","[""Fiction / Historical Fiction""]","[""Geographical_Context / World_Region / Europe"", ""Geographical_Context / World_Region / Europe / Western Europe"", ""Temporal_Context / Historical_Period"", ""Audience / Age_Group / Young_Adult / Young Adult Audience""]","[""Fiction / Historical Fiction""]","[""Audience / Age_Group / Young_Adult"", ""Audience / Age_Group / Young_Adult / Young Adult Audience"", ""Geographical_Context / World_Region / Europe"", ""Temporal_Context / Historical_Period""]",5,0,1,NO
9780396083276,"Rachel Vellars, how could you?","[""Fiction"", ""Children's stories, American"", ""Single-parent families"", ""Divorce"", ""Friendship"", ""Children's fiction"", ""Girls, fiction"", ""Friendship -- Fiction"", ""Single-parent families -- Fiction"", ""Divorce -- Fiction""]","[""Fiction"", ""Fiction / Literary Fiction / Family and Relationship Fiction / Friendship Fiction""]","[""Thematic_Metadata / Relationship_and_Social_Themes / Friendship / Friendship""]","[""Fiction / Literary Fiction / Family and Relationship Fiction / Friendship Fiction""]","[""Thematic_Metadata / Relationship_and_Social_Themes / Friendship / Friendship"", ""Geographical_Context / Country_or_National_Context / Country_Based_Context / American Context""]","[""Fiction / Literary Fiction / Family and Relationship Fiction / Friendship Fiction""]","[""Thematic_Metadata / Relationship_and_Social_Themes / Friendship / Friendship"", ""Geographical_Context / Country_or_National_Context / Country_Based_Context / American Context""]","[""Fiction"", ""Fiction / Literary Fiction / Family and Relationship Fiction / Friendship Fiction""]","[""Geographical_Context / Country_or_National_Context / Country_Based_Context / American Context"", ""Thematic_Metadata / Relationship_and_Social_Themes / Friendship / Friendship""]",4,0,0,NO
9780396085034,Radio Robert,"[""Children's stories, American"", ""Divorce"", ""Fathers and sons"", ""Fiction"", ""Radio broadcasting"", ""Children's fiction"", ""Boys, fiction"", ""Radio broadcasting -- Fiction."", ""Divorce -- Fiction."", ""Fathers and sons -- Fiction."", ""Children's Books"", ""Children's stories, American.""]","[""Fiction""]","[""Geographical_Context / Country_or_National_Context / Country_Based_Context / American Context""]","[""Fiction""]","[""Geographical_Context / Country_or_National_Context / Country_Based_Context / American Context""]","[""Fiction""]","[""Geographical_Context / Country_or_National_Context / Country_Based_Context / American Context""]","[""Fiction""]","[""Geographical_Context / Country_or_National_Context / Country_Based_Context / American Context""]",2,0,0,NO
9780396085263,View from the seesaw,"[""Biography"", ""Poliomyelitis"", ""People with disabilities"", ""Health"", ""Disabled"", ""Poliomyelitis -- Patients -- United States -- Biography."", ""People with disabilities -- United States -- Biography.""]","[""Nonfiction / Biography / Biography / Biography"", ""Nonfiction / Medicine and Health / Health and Wellness / Health""]","[""Geographical_Context / World_Region / North_America / United States""]","[""Nonfiction / Biography / Biography"", ""Nonfiction / Medicine and Health / Health and Wellness / Health""]","[""Geographical_Context / World_Region / North_America / United States""]","[""Nonfiction / Biography / Biography"", ""Nonfiction / Medicine and Health / Health and Wellness / Health""]","[""Geographical_Context / World_Region / North_America / United States""]","[""Nonfiction / Medicine and Health / Health and Wellness / Health""]","[""Geographical_Context / World_Region / North_America / United States""]",2,2,0,YES
